1991  1  1  0     0.12526    -0.06945     0.14323
1991  1  2  0     0.18542    -0.04887     0.19175
1991  1  3  0     0.23960    -0.03933     0.24281
1991  1  4  0     0.27446     0.01990     0.27518
1991  1  5  0     0.27714     0.07555     0.28725
1991  1  6  0     0.37999     0.23959     0.44922
1991  1  7  0     0.42803     0.26655     0.50424
1991  1  8  0     0.49339     0.34553     0.60235
1991  1  9  0     0.50765     0.41978     0.65873
1991  1 10  0     0.46603     0.45432     0.65084
1991  1 11  0     0.43921     0.44696     0.62664
1991  1 12  0     0.38635     0.44401     0.58857
1991  1 13  0     0.36751     0.39319     0.53820
1991  1 14  0     0.41747     0.31856     0.52513
1991  1 15  0     0.42911     0.30929     0.52896
1991  1 16  0     0.38285     0.33681     0.50991
1991  1 17  0     0.30184     0.36904     0.47676
1991  1 18  0     0.20248     0.42847     0.47390
1991  1 19  0     0.18513     0.50673     0.53949
1991  1 20  0     0.18808     0.66463     0.69072
1991  1 21  0     0.16147     0.81402     0.82988
1991  1 22  0     0.09035     0.96613     0.97035
1991  1 23  0    -0.09186     1.09647     1.10031
1991  1 24  0    -0.25139     1.20131     1.22733
1991  1 25  0    -0.37571     1.24241     1.29798
1991  1 26  0    -0.56887     1.21328     1.34003
1991  1 27  0    -0.76543     1.21517     1.43615
1991  1 28  0    -0.87351     1.24032     1.51704
1991  1 29  0    -0.95656     1.20034     1.53487
1991  1 30  0    -1.05156     1.19385     1.59093
1991  1 31  0    -1.08804     1.21125     1.62817
1991  2  1  0    -1.03338     1.19500     1.57984
1991  2  2  0    -0.93034     1.13980     1.47129
1991  2  3  0    -0.80990     1.07896     1.34911
1991  2  4  0    -0.65591     1.01386     1.20753
1991  2  5  0    -0.49684     0.91302     1.03945
1991  2  6  0    -0.43945     0.85056     0.95738
1991  2  7  0    -0.43217     0.78449     0.89565
1991  2  8  0    -0.36631     0.67238     0.76569
1991  2  9  0    -0.35186     0.49555     0.60776
1991  2 10  0    -0.36040     0.38286     0.52580
1991  2 11  0    -0.33645     0.30136     0.45168
1991  2 12  0    -0.35614     0.21646     0.41676
1991  2 13  0    -0.44102     0.14469     0.46414
1991  2 14  0    -0.54109     0.13614     0.55795
1991  2 15  0    -0.65824     0.06173     0.66113
1991  2 16  0    -0.77693     0.05366     0.77878
1991  2 17  0    -0.93492     0.10671     0.94099
1991  2 18  0    -1.03946     0.22089     1.06267
1991  2 19  0    -1.13048     0.31662     1.17398
1991  2 20  0    -1.27092     0.32433     1.31165
1991  2 21  0    -1.40854     0.22089     1.42575
1991  2 22  0    -1.46235    -0.01438     1.46242
1991  2 23  0    -1.45142    -0.37633     1.49941
1991  2 24  0    -1.39516    -0.73093     1.57503
1991  2 25  0    -1.26362    -1.06761     1.65424
1991  2 26  0    -1.05959    -1.35338     1.71883
1991  2 27  0    -0.81016    -1.60026     1.79365
1991  2 28  0    -0.58165    -1.81418     1.90514
1991  3  1  0    -0.55452    -1.92333     2.00167
1991  3  2  0    -0.52128    -1.98603     2.05330
1991  3  3  0    -0.54025    -1.98011     2.05249
1991  3  4  0    -0.50153    -1.90456     1.96949
1991  3  5  0    -0.34674    -1.85927     1.89132
1991  3  6  0    -0.20055    -1.80562     1.81673
1991  3  7  0    -0.05430    -1.75698     1.75782
1991  3  8  0     0.05201    -1.66984     1.67065
1991  3  9  0     0.13738    -1.51100     1.51724
1991  3 10  0     0.21470    -1.37433     1.39100
1991  3 11  0     0.27692    -1.26201     1.29204
1991  3 12  0     0.37888    -1.11143     1.17424
1991  3 13  0     0.51666    -0.95100     1.08228
1991  3 14  0     0.64762    -0.76322     1.00096
1991  3 15  0     0.81565    -0.56306     0.99112
1991  3 16  0     0.97348    -0.33374     1.02910
1991  3 17  0     1.08924    -0.21192     1.10967
1991  3 18  0     1.19603    -0.19638     1.21204
1991  3 19  0     1.33177    -0.21759     1.34943
1991  3 20  0     1.45545    -0.22674     1.47301
1991  3 21  0     1.58408    -0.32073     1.61622
1991  3 22  0     1.63938    -0.49531     1.71257
1991  3 23  0     1.64463    -0.66851     1.77531
1991  3 24  0     1.59849    -0.75226     1.76665
1991  3 25  0     1.49085    -0.74149     1.66506
1991  3 26  0     1.36361    -0.65529     1.51289
1991  3 27  0     1.26646    -0.54175     1.37747
1991  3 28  0     1.22056    -0.39629     1.28328
1991  3 29  0     1.15872    -0.23477     1.18227
1991  3 30  0     1.12430    -0.05309     1.12555
1991  3 31  0     1.07125     0.16472     1.08384
1991  4  1  0     1.00618     0.40023     1.08286
1991  4  2  0     0.90006     0.63962     1.10419
1991  4  3  0     0.85395     0.78517     1.16005
1991  4  4  0     0.84347     0.85659     1.20216
1991  4  5  0     0.81304     0.92048     1.22814
1991  4  6  0     0.74947     0.98866     1.24063
1991  4  7  0     0.67535     0.99394     1.20167
1991  4  8  0     0.64446     0.98328     1.17566
1991  4  9  0     0.63292     0.97890     1.16569
1991  4 10  0     0.66075     0.97552     1.17823
1991  4 11  0     0.68701     0.94300     1.16672
1991  4 12  0     0.62461     0.90582     1.10030
1991  4 13  0     0.45742     0.93438     1.04034
1991  4 14  0     0.32852     0.95083     1.00598
1991  4 15  0     0.27053     0.89237     0.93248
1991  4 16  0     0.25043     0.88054     0.91546
1991  4 17  0     0.16036     0.91261     0.92659
1991  4 18  0     0.08746     1.00239     1.00620
1991  4 19  0    -0.04610     1.05202     1.05303
1991  4 20  0    -0.13376     1.02929     1.03795
1991  4 21  0    -0.19086     0.97532     0.99382
1991  4 22  0    -0.22272     0.90758     0.93451
1991  4 23  0    -0.39720     0.80013     0.89329
1991  4 24  0    -0.61164     0.72876     0.95142
1991  4 25  0    -0.78420     0.63006     1.00596
1991  4 26  0    -0.91664     0.48135     1.03534
1991  4 27  0    -1.03358     0.33284     1.08585
1991  4 28  0    -1.15833     0.18836     1.17355
1991  4 29  0    -1.23805     0.12155     1.24400
1991  4 30  0    -1.28637     0.07191     1.28838
1991  5  1  0    -1.25874    -0.02453     1.25897
1991  5  2  0    -1.14610    -0.12083     1.15245
1991  5  3  0    -1.11450    -0.22692     1.13737
1991  5  4  0    -1.13922    -0.33355     1.18704
1991  5  5  0    -1.16942    -0.45534     1.25494
1991  5  6  0    -1.13831    -0.69118     1.33172
1991  5  7  0    -1.01723    -0.91474     1.36803
1991  5  8  0    -0.94215    -1.15482     1.49039
1991  5  9  0    -0.90551    -1.40072     1.66792
1991  5 10  0    -0.92077    -1.64704     1.88694
1991  5 11  0    -0.85346    -1.87255     2.05787
1991  5 12  0    -0.66630    -2.05821     2.16337
1991  5 13  0    -0.44044    -2.19885     2.24253
1991  5 14  0    -0.17085    -2.27501     2.28142
1991  5 15  0     0.06489    -2.29126     2.29218
1991  5 16  0     0.28690    -2.15495     2.17397
1991  5 17  0     0.53374    -2.03022     2.09921
1991  5 18  0     0.77239    -1.90243     2.05325
1991  5 19  0     1.04660    -1.71672     2.01060
1991  5 20  0     1.27001    -1.46890     1.94180
1991  5 21  0     1.41010    -1.16381     1.82834
1991  5 22  0     1.52517    -0.93098     1.78686
1991  5 23  0     1.58607    -0.66315     1.71912
1991  5 24  0     1.65430    -0.45900     1.71679
1991  5 25  0     1.70073    -0.39332     1.74562
1991  5 26  0     1.73089    -0.27377     1.75241
1991  5 27  0     1.79189    -0.09446     1.79437
1991  5 28  0     1.81966     0.12995     1.82430
1991  5 29  0     1.83271     0.36549     1.86880
1991  5 30  0     1.78732     0.55444     1.87134
1991  5 31  0     1.68757     0.79838     1.86690
1991  6  1  0     1.48194     0.97162     1.77206
1991  6  2  0     1.23091     1.13924     1.67721
1991  6  3  0     0.90897     1.27028     1.56200
1991  6  4  0     0.50027     1.34201     1.43222
1991  6  5  0    -0.00741     1.35741     1.35743
1991  6  6  0    -0.54750     1.30394     1.41421
1991  6  7  0    -1.10713     1.14828     1.59508
1991  6  8  0    -1.60311     0.94549     1.86116
1991  6  9  0    -1.92430     0.66656     2.03647
1991  6 10  0    -2.08356     0.35240     2.11315
1991  6 11  0    -2.28936     0.19687     2.29781
1991  6 12  0    -2.42907     0.19424     2.43683
1991  6 13  0    -2.39530     0.20367     2.40394
1991  6 14  0    -2.21811     0.15456     2.22349
1991  6 15  0    -2.02958    -0.01031     2.02960
1991  6 16  0    -1.81317    -0.19524     1.82365
1991  6 17  0    -1.57285    -0.35431     1.61226
1991  6 18  0    -1.41520    -0.34492     1.45663
1991  6 19  0    -1.27523    -0.21939     1.29396
1991  6 20  0    -0.96275    -0.18089     0.97960
1991  6 21  0    -0.63283    -0.30958     0.70449
1991  6 22  0    -0.36965    -0.44370     0.57750
1991  6 23  0    -0.13488    -0.52606     0.54308
1991  6 24  0     0.13672    -0.51404     0.53191
1991  6 25  0     0.40364    -0.43118     0.59062
1991  6 26  0     0.57768    -0.34983     0.67535
1991  6 27  0     0.81103    -0.35165     0.88398
1991  6 28  0     1.04138    -0.36823     1.10456
1991  6 29  0     1.10650    -0.31453     1.15033
1991  6 30  0     1.14012    -0.14347     1.14911
1991  7  1  0     1.15172     0.01153     1.15178
1991  7  2  0     1.06132     0.16313     1.07378
1991  7  3  0     0.92164     0.37855     0.99635
1991  7  4  0     0.79420     0.54462     0.96300
1991  7  5  0     0.76914     0.62499     0.99106
1991  7  6  0     0.59429     0.64162     0.87456
1991  7  7  0     0.36632     0.69668     0.78712
1991  7  8  0     0.23601     0.67032     0.71066
1991  7  9  0     0.17637     0.51710     0.54635
1991  7 10  0     0.08823     0.40006     0.40967
1991  7 11  0     0.05599     0.33709     0.34171
1991  7 12  0     0.04531     0.16968     0.17563
1991  7 13  0    -0.00546    -0.03381     0.03425
1991  7 14  0    -0.11894    -0.14598     0.18830
1991  7 15  0    -0.16096    -0.16177     0.22821
1991  7 16  0    -0.11302    -0.21629     0.24404
1991  7 17  0    -0.04880    -0.22567     0.23089
1991  7 18  0    -0.14612    -0.19260     0.24175
1991  7 19  0    -0.25042    -0.11610     0.27603
1991  7 20  0    -0.35254    -0.10200     0.36700
1991  7 21  0    -0.43608    -0.08729     0.44473
1991  7 22  0    -0.42146    -0.02333     0.42211
1991  7 23  0    -0.35515     0.05097     0.35879
1991  7 24  0    -0.31837     0.06775     0.32550
1991  7 25  0    -0.35780    -0.02656     0.35878
1991  7 26  0    -0.36726    -0.16096     0.40098
1991  7 27  0    -0.20875    -0.17340     0.27137
1991  7 28  0    -0.03943    -0.20567     0.20941
1991  7 29  0     0.06634    -0.23995     0.24896
1991  7 30  0     0.17235    -0.26264     0.31414
1991  7 31  0     0.24437    -0.24368     0.34510
1991  8  1  0     0.22361    -0.19902     0.29935
1991  8  2  0     0.25058    -0.19879     0.31985
1991  8  3  0     0.30511    -0.10377     0.32227
1991  8  4  0     0.26226    -0.00020     0.26226
1991  8  5  0     0.11268    -0.01355     0.11349
1991  8  6  0    -0.07865    -0.08352     0.11473
1991  8  7  0    -0.20024    -0.08439     0.21730
1991  8  8  0    -0.32597    -0.03488     0.32783
1991  8  9  0    -0.45362     0.00827     0.45369
1991  8 10  0    -0.53118    -0.02838     0.53194
1991  8 11  0    -0.64040     0.02839     0.64103
1991  8 12  0    -0.71877     0.05375     0.72078
1991  8 13  0    -0.75255     0.12287     0.76252
1991  8 14  0    -0.70649     0.20621     0.73597
1991  8 15  0    -0.60382     0.30068     0.67454
1991  8 16  0    -0.52960     0.32805     0.62297
1991  8 17  0    -0.48057     0.30561     0.56951
1991  8 18  0    -0.39589     0.33324     0.51748
1991  8 19  0    -0.28731     0.42492     0.51294
1991  8 20  0    -0.23397     0.42457     0.48477
1991  8 21  0    -0.24507     0.42489     0.49050
1991  8 22  0    -0.24199     0.37276     0.44442
1991  8 23  0    -0.28634     0.38506     0.47986
1991  8 24  0    -0.24645     0.40496     0.47405
1991  8 25  0    -0.10535     0.45198     0.46410
1991  8 26  0     0.09684     0.46583     0.47579
1991  8 27  0     0.19673     0.37425     0.42280
1991  8 28  0     0.23517     0.31401     0.39231
1991  8 29  0     0.22401     0.28692     0.36401
1991  8 30  0     0.11640     0.28357     0.30654
1991  8 31  0     0.00742     0.23958     0.23970
1991  9  1  0    -0.04464     0.12750     0.13509
1991  9  2  0    -0.13197     0.03807     0.13736
1991  9  3  0    -0.26439    -0.06895     0.27323
1991  9  4  0    -0.45865    -0.10428     0.47035
1991  9  5  0    -0.58561    -0.09074     0.59260
1991  9  6  0    -0.71682    -0.19161     0.74199
1991  9  7  0    -0.78303    -0.29147     0.83552
1991  9  8  0    -0.75000    -0.36607     0.83457
1991  9  9  0    -0.73140    -0.39365     0.83061
1991  9 10  0    -0.73259    -0.45142     0.86051
1991  9 11  0    -0.73322    -0.53608     0.90829
1991  9 12  0    -0.74345    -0.58850     0.94819
1991  9 13  0    -0.65866    -0.65285     0.92738
1991  9 14  0    -0.53905    -0.70834     0.89012
1991  9 15  0    -0.39888    -0.65111     0.76357
1991  9 16  0    -0.18885    -0.52156     0.55469
1991  9 17  0     0.03270    -0.46380     0.46495
1991  9 18  0     0.28063    -0.45087     0.53107
1991  9 19  0     0.48853    -0.43104     0.65151
1991  9 20  0     0.64416    -0.34146     0.72907
1991  9 21  0     0.73373    -0.32252     0.80148
1991  9 22  0     0.74592    -0.28261     0.79766
1991  9 23  0     0.65694    -0.18118     0.68147
1991  9 24  0     0.51372    -0.11064     0.52550
1991  9 25  0     0.35969    -0.12703     0.38146
1991  9 26  0     0.29003    -0.13378     0.31939
1991  9 27  0     0.18927    -0.13815     0.23433
1991  9 28  0     0.07061    -0.14809     0.16406
1991  9 29  0    -0.04437    -0.20590     0.21062
1991  9 30  0    -0.08192    -0.24077     0.25433
1991 10  1  0    -0.04146    -0.31361     0.31634
1991 10  2  0     0.06529    -0.46719     0.47173
1991 10  3  0     0.24547    -0.67544     0.71866
1991 10  4  0     0.39793    -0.85988     0.94749
1991 10  5  0     0.53826    -0.93756     1.08109
1991 10  6  0     0.70233    -0.86539     1.11452
1991 10  7  0     0.95885    -0.64175     1.15380
1991 10  8  0     1.19643    -0.42308     1.26903
1991 10  9  0     1.38601    -0.10573     1.39004
1991 10 10  0     1.42957     0.19588     1.44293
1991 10 11  0     1.43932     0.41063     1.49675
1991 10 12  0     1.41388     0.60096     1.53630
1991 10 13  0     1.29727     0.77055     1.50886
1991 10 14  0     1.11438     0.82648     1.38741
1991 10 15  0     0.94879     0.81764     1.25249
1991 10 16  0     0.76022     0.69716     1.03148
1991 10 17  0     0.59386     0.61633     0.85588
1991 10 18  0     0.41751     0.49014     0.64386
1991 10 19  0     0.31964     0.40087     0.51271
1991 10 20  0     0.20364     0.39329     0.44288
1991 10 21  0     0.02590     0.45733     0.45806
1991 10 22  0    -0.05696     0.47972     0.48309
1991 10 23  0    -0.11247     0.49913     0.51165
1991 10 24  0    -0.13160     0.47488     0.49277
1991 10 25  0    -0.11359     0.42343     0.43840
1991 10 26  0    -0.06551     0.29454     0.30173
1991 10 27  0    -0.04306     0.11757     0.12520
1991 10 28  0    -0.10272    -0.10585     0.14750
1991 10 29  0    -0.14217    -0.36716     0.39373
1991 10 30  0    -0.13655    -0.59550     0.61096
1991 10 31  0    -0.21382    -0.73704     0.76743
1991 11  1  0    -0.27208    -0.87296     0.91438
1991 11  2  0    -0.36438    -1.00471     1.06875
1991 11  3  0    -0.45642    -1.05404     1.14862
1991 11  4  0    -0.55440    -1.00692     1.14946
1991 11  5  0    -0.62063    -0.89035     1.08531
1991 11  6  0    -0.65866    -0.69323     0.95624
1991 11  7  0    -0.68766    -0.50836     0.85517
1991 11  8  0    -0.72404    -0.38759     0.82126
1991 11  9  0    -0.69063    -0.31025     0.75712
1991 11 10  0    -0.61587    -0.27139     0.67302
1991 11 11  0    -0.50427    -0.22296     0.55136
1991 11 12  0    -0.46607    -0.25950     0.53344
1991 11 13  0    -0.41449    -0.30935     0.51720
1991 11 14  0    -0.28359    -0.37801     0.47256
1991 11 15  0    -0.13794    -0.47118     0.49096
1991 11 16  0     0.01943    -0.57553     0.57586
1991 11 17  0     0.20900    -0.67047     0.70229
1991 11 18  0     0.41429    -0.69735     0.81113
1991 11 19  0     0.57094    -0.60830     0.83427
1991 11 20  0     0.60984    -0.37016     0.71338
1991 11 21  0     0.63420    -0.10777     0.64329
1991 11 22  0     0.54324     0.07145     0.54792
1991 11 23  0     0.41021     0.19817     0.45557
1991 11 24  0     0.31427     0.28104     0.42161
1991 11 25  0     0.24147     0.36266     0.43569
1991 11 26  0     0.18611     0.38348     0.42626
1991 11 27  0     0.19345     0.32437     0.37768
1991 11 28  0     0.27307     0.27771     0.38947
1991 11 29  0     0.42248     0.20635     0.47018
1991 11 30  0     0.54948     0.09644     0.55788
1991 12  1  0     0.65963    -0.03077     0.66035
1991 12  2  0     0.67535    -0.14416     0.69056
1991 12  3  0     0.59319    -0.21000     0.62926
1991 12  4  0     0.43508    -0.21119     0.48363
1991 12  5  0     0.30548    -0.18034     0.35474
1991 12  6  0     0.14681    -0.13052     0.19644
1991 12  7  0     0.02218    -0.12631     0.12824
1991 12  8  0    -0.08461    -0.15384     0.17557
1991 12  9  0    -0.15597    -0.21010     0.26166
1991 12 10  0    -0.18687    -0.30643     0.35891
1991 12 11  0    -0.13283    -0.42303     0.44339
1991 12 12  0     0.05556    -0.60589     0.60843
1991 12 13  0     0.34292    -0.75603     0.83016
1991 12 14  0     0.66796    -0.83945     1.07278
1991 12 15  0     0.99538    -0.86981     1.32187
1991 12 16  0     1.27708    -0.82054     1.51796
1991 12 17  0     1.48117    -0.71655     1.64539
1991 12 18  0     1.68774    -0.51071     1.76332
1991 12 19  0     1.82967    -0.25479     1.84732
1991 12 20  0     1.87968    -0.04348     1.88018
1991 12 21  0     1.82201     0.15857     1.82890
1991 12 22  0     1.75201     0.38996     1.79488
1991 12 23  0     1.60349     0.56465     1.70001
1991 12 24  0     1.42793     0.69712     1.58901
1991 12 25  0     1.15354     0.81465     1.41220
1991 12 26  0     0.86921     0.84040     1.20905
1991 12 27  0     0.51649     0.76249     0.92095
1991 12 28  0     0.14051     0.70308     0.71698
1991 12 29  0    -0.24749     0.71134     0.75317
1991 12 30  0    -0.57340     0.66364     0.87704
1991 12 31  0    -0.85136     0.54125     1.00884
1992  1  1  0    -1.14801     0.42364     1.22368
1992  1  2  0    -1.46068     0.37069     1.50699
1992  1  3  0    -1.68850     0.27162     1.71021
1992  1  4  0    -1.84236     0.14576     1.84811
1992  1  5  0    -1.96952    -0.01003     1.96954
1992  1  6  0    -1.96644    -0.17400     1.97412
1992  1  7  0    -1.83037    -0.38482     1.87039
1992  1  8  0    -1.71831    -0.59152     1.81727
1992  1  9  0    -1.64410    -0.84151     1.84695
1992  1 10  0    -1.43497    -1.07006     1.79002
1992  1 11  0    -1.08604    -1.30859     1.70055
1992  1 12  0    -0.69321    -1.57630     1.72199
1992  1 13  0    -0.33412    -1.75230     1.78387
1992  1 14  0     0.03305    -1.82921     1.82951
1992  1 15  0     0.39811    -1.95201     1.99220
1992  1 16  0     0.67541    -2.09284     2.19912
1992  1 17  0     0.87926    -2.09836     2.27513
1992  1 18  0     1.09982    -1.93729     2.22771
1992  1 19  0     1.25688    -1.75140     2.15573
1992  1 20  0     1.34870    -1.60236     2.09441
1992  1 21  0     1.41820    -1.45330     2.03061
1992  1 22  0     1.48188    -1.35397     2.00729
1992  1 23  0     1.51362    -1.26998     1.97583
1992  1 24  0     1.47182    -1.10738     1.84189
1992  1 25  0     1.45670    -0.86768     1.69553
1992  1 26  0     1.51556    -0.78541     1.70698
1992  1 27  0     1.59349    -0.79971     1.78291
1992  1 28  0     1.60429    -0.75189     1.77175
1992  1 29  0     1.55892    -0.64605     1.68749
1992  1 30  0     1.55014    -0.50540     1.63045
1992  1 31  0     1.59224    -0.31632     1.62335
1992  2  1  0     1.63195    -0.05523     1.63289
1992  2  2  0     1.59199     0.26052     1.61316
1992  2  3  0     1.52124     0.55703     1.62002
1992  2  4  0     1.47181     0.94139     1.74712
1992  2  5  0     1.35474     1.28305     1.86589
1992  2  6  0     1.24624     1.46465     1.92310
1992  2  7  0     1.10146     1.59747     1.94039
1992  2  8  0     0.91980     1.77337     1.99771
1992  2  9  0     0.74838     1.93121     2.07114
1992  2 10  0     0.61866     1.89331     1.99183
1992  2 11  0     0.49697     1.67876     1.75077
1992  2 12  0     0.35490     1.47893     1.52092
1992  2 13  0     0.13586     1.35266     1.35947
1992  2 14  0    -0.18106     1.28498     1.29767
1992  2 15  0    -0.49586     1.30444     1.39551
1992  2 16  0    -0.71046     1.36427     1.53818
1992  2 17  0    -0.88330     1.37662     1.63563
1992  2 18  0    -1.05081     1.37115     1.72751
1992  2 19  0    -1.19253     1.50781     1.92241
1992  2 20  0    -1.25606     1.69859     2.11255
1992  2 21  0    -1.42046     1.87993     2.35624
1992  2 22  0    -1.63211     1.94254     2.53717
1992  2 23  0    -1.81464     1.85908     2.59791
1992  2 24  0    -2.01123     1.58541     2.56097
1992  2 25  0    -2.14460     1.24176     2.47816
1992  2 26  0    -2.15802     0.93415     2.35152
1992  2 27  0    -2.10958     0.67731     2.21564
1992  2 28  0    -2.02325     0.46905     2.07690
1992  2 29  0    -1.94297     0.33744     1.97205
1992  3  1  0    -1.82719     0.19433     1.83750
1992  3  2  0    -1.76966     0.01646     1.76973
1992  3  3  0    -1.80952    -0.16329     1.81687
1992  3  4  0    -1.84352    -0.19089     1.85338
1992  3  5  0    -1.81670    -0.15878     1.82362
1992  3  6  0    -1.76222    -0.10784     1.76552
1992  3  7  0    -1.72935    -0.08816     1.73160
1992  3  8  0    -1.63368    -0.16241     1.64173
1992  3  9  0    -1.50704    -0.32743     1.54220
1992  3 10  0    -1.39737    -0.55278     1.50273
1992  3 11  0    -1.26986    -0.83259     1.51847
1992  3 12  0    -1.02961    -1.06082     1.47833
1992  3 13  0    -0.68573    -1.31735     1.48514
1992  3 14  0    -0.30280    -1.62451     1.65249
1992  3 15  0     0.13779    -1.84439     1.84953
1992  3 16  0     0.61749    -1.86634     1.96584
1992  3 17  0     0.97954    -1.73740     1.99451
1992  3 18  0     1.19677    -1.58417     1.98542
1992  3 19  0     1.42314    -1.39097     1.99001
1992  3 20  0     1.61328    -1.19008     2.00474
1992  3 21  0     1.67397    -1.07289     1.98828
1992  3 22  0     1.67450    -0.95623     1.92830
1992  3 23  0     1.68831    -0.81408     1.87433
1992  3 24  0     1.74505    -0.63374     1.85657
1992  3 25  0     1.76656    -0.43278     1.81880
1992  3 26  0     1.75199    -0.25942     1.77109
1992  3 27  0     1.69928    -0.06404     1.70049
1992  3 28  0     1.63367     0.15397     1.64091
1992  3 29  0     1.55263     0.39111     1.60113
1992  3 30  0     1.54457     0.61775     1.66352
1992  3 31  0     1.48528     0.81124     1.69239
1992  4  1  0     1.36064     1.02503     1.70353
1992  4  2  0     1.16439     1.20191     1.67344
1992  4  3  0     0.90966     1.32836     1.60998
1992  4  4  0     0.69502     1.45287     1.61055
1992  4  5  0     0.46911     1.51596     1.58688
1992  4  6  0     0.14785     1.47117     1.47858
1992  4  7  0    -0.16649     1.40726     1.41708
1992  4  8  0    -0.47508     1.30809     1.39169
1992  4  9  0    -0.77609     1.16459     1.39949
1992  4 10  0    -1.05176     1.03195     1.47347
1992  4 11  0    -1.25829     0.89839     1.54609
1992  4 12  0    -1.34204     0.74255     1.53377
1992  4 13  0    -1.39549     0.53209     1.49349
1992  4 14  0    -1.39176     0.34874     1.43479
1992  4 15  0    -1.34825     0.24472     1.37028
1992  4 16  0    -1.28001     0.07315     1.28210
1992  4 17  0    -1.16637    -0.10039     1.17068
1992  4 18  0    -0.95332    -0.28529     0.99509
1992  4 19  0    -0.67981    -0.40488     0.79125
1992  4 20  0    -0.46182    -0.44700     0.64272
1992  4 21  0    -0.28144    -0.45275     0.53310
1992  4 22  0    -0.13723    -0.44447     0.46517
1992  4 23  0    -0.02866    -0.47590     0.47677
1992  4 24  0     0.04708    -0.47004     0.47239
1992  4 25  0     0.14583    -0.44330     0.46667
1992  4 26  0     0.23109    -0.39751     0.45980
1992  4 27  0     0.29799    -0.24781     0.38757
1992  4 28  0     0.30332    -0.14491     0.33615
1992  4 29  0     0.34511    -0.08366     0.35511
1992  4 30  0     0.40383     0.01173     0.40400
1992  5  1  0     0.42025     0.12391     0.43813
1992  5  2  0     0.46004     0.29700     0.54758
1992  5  3  0     0.49407     0.44806     0.66698
1992  5  4  0     0.47943     0.61100     0.77665
1992  5  5  0     0.45255     0.80983     0.92770
1992  5  6  0     0.39310     0.91618     0.99696
1992  5  7  0     0.37203     1.02391     1.08940
1992  5  8  0     0.32767     1.04657     1.09666
1992  5  9  0     0.27283     1.04781     1.08275
1992  5 10  0     0.22550     1.06038     1.08409
1992  5 11  0     0.18318     1.02622     1.04244
1992  5 12  0     0.12760     0.92561     0.93436
1992  5 13  0     0.08213     0.82265     0.82674
1992  5 14  0     0.02841     0.61155     0.61221
1992  5 15  0    -0.06912     0.42858     0.43412
1992  5 16  0    -0.11896     0.21811     0.24845
1992  5 17  0    -0.16482     0.07501     0.18109
1992  5 18  0    -0.19517    -0.07925     0.21064
1992  5 19  0    -0.19126    -0.23411     0.30231
1992  5 20  0    -0.20771    -0.33433     0.39360
1992  5 21  0    -0.21558    -0.41996     0.47206
1992  5 22  0    -0.19984    -0.45090     0.49320
1992  5 23  0    -0.22310    -0.39917     0.45729
1992  5 24  0    -0.18554    -0.31689     0.36721
1992  5 25  0    -0.19683    -0.21624     0.29241
1992  5 26  0    -0.16674    -0.19937     0.25990
1992  5 27  0    -0.10201    -0.20458     0.22860
1992  5 28  0    -0.00231    -0.23751     0.23752
1992  5 29  0     0.08723    -0.25073     0.26547
1992  5 30  0     0.24602    -0.12008     0.27376
1992  5 31  0     0.42929    -0.04783     0.43194
1992  6  1  0     0.62255     0.07033     0.62651
1992  6  2  0     0.76777     0.20648     0.79505
1992  6  3  0     0.87752     0.34068     0.94134
1992  6  4  0     0.92748     0.55565     1.08118
1992  6  5  0     0.91356     0.69082     1.14535
1992  6  6  0     0.85576     0.80666     1.17602
1992  6  7  0     0.79755     0.89729     1.20051
1992  6  8  0     0.71117     0.88374     1.13436
1992  6  9  0     0.57996     0.96951     1.12973
1992  6 10  0     0.48726     1.00603     1.11782
1992  6 11  0     0.42035     1.01977     1.10301
1992  6 12  0     0.31165     1.05091     1.09615
1992  6 13  0     0.16386     1.06034     1.07293
1992  6 14  0     0.01939     1.17960     1.17976
1992  6 15  0    -0.12481     1.29557     1.30157
1992  6 16  0    -0.27156     1.32172     1.34933
1992  6 17  0    -0.41128     1.32437     1.38676
1992  6 18  0    -0.60256     1.28057     1.41526
1992  6 19  0    -0.80991     1.21754     1.46231
1992  6 20  0    -1.08438     1.13673     1.57099
1992  6 21  0    -1.29452     1.05978     1.67299
1992  6 22  0    -1.44370     1.00856     1.76110
1992  6 23  0    -1.42747     0.85523     1.66406
1992  6 24  0    -1.41336     0.61226     1.54028
1992  6 25  0    -1.38829     0.37329     1.43760
1992  6 26  0    -1.36383     0.15173     1.37224
1992  6 27  0    -1.28988    -0.10130     1.29385
1992  6 28  0    -1.06427    -0.33605     1.11606
1992  6 29  0    -0.71433    -0.59132     0.92732
1992  6 30  0    -0.38053    -0.88883     0.96686
1992  7  1  0    -0.09497    -1.10689     1.11095
1992  7  2  0     0.06302    -1.25223     1.25381
1992  7  3  0     0.23443    -1.27258     1.29400
1992  7  4  0     0.49563    -1.21311     1.31045
1992  7  5  0     0.69052    -1.15122     1.34243
1992  7  6  0     0.80046    -1.03761     1.31049
1992  7  7  0     0.82275    -0.91003     1.22681
1992  7  8  0     0.77385    -0.74681     1.07544
1992  7  9  0     0.72470    -0.53717     0.90207
1992  7 10  0     0.74631    -0.36690     0.83163
1992  7 11  0     0.81550    -0.19196     0.83779
1992  7 12  0     0.80568    -0.07808     0.80945
1992  7 13  0     0.65244     0.01289     0.65256
1992  7 14  0     0.59402     0.13450     0.60905
1992  7 15  0     0.61075     0.20957     0.64571
1992  7 16  0     0.52802     0.27979     0.59757
1992  7 17  0     0.47552     0.40912     0.62730
1992  7 18  0     0.44512     0.55703     0.71304
1992  7 19  0     0.32559     0.70202     0.77385
1992  7 20  0     0.18652     0.77920     0.80121
1992  7 21  0     0.07527     0.85026     0.85359
1992  7 22  0    -0.00966     0.92835     0.92840
1992  7 23  0    -0.09974     0.95086     0.95607
1992  7 24  0    -0.12302     0.95892     0.96678
1992  7 25  0    -0.07984     0.94641     0.94977
1992  7 26  0    -0.03949     0.84986     0.85078
1992  7 27  0     0.03613     0.74587     0.74674
1992  7 28  0     0.16138     0.66579     0.68507
1992  7 29  0     0.22101     0.61209     0.65077
1992  7 30  0     0.33977     0.51150     0.61406
1992  7 31  0     0.47786     0.41230     0.63115
1992  8  1  0     0.51185     0.32753     0.60767
1992  8  2  0     0.46516     0.25984     0.53281
1992  8  3  0     0.36135     0.15225     0.39211
1992  8  4  0     0.15950     0.11780     0.19829
1992  8  5  0    -0.01714     0.09714     0.09864
1992  8  6  0    -0.17432     0.14959     0.22970
1992  8  7  0    -0.26056     0.16699     0.30948
1992  8  8  0    -0.40584     0.17768     0.44303
1992  8  9  0    -0.56867     0.25006     0.62122
1992  8 10  0    -0.62807     0.33200     0.71042
1992  8 11  0    -0.63792     0.35690     0.73097
1992  8 12  0    -0.55268     0.42192     0.69532
1992  8 13  0    -0.43577     0.40921     0.59779
1992  8 14  0    -0.37117     0.35268     0.51200
1992  8 15  0    -0.31545     0.17566     0.36106
1992  8 16  0    -0.33291     0.01468     0.33323
1992  8 17  0    -0.32525    -0.09995     0.34027
1992  8 18  0    -0.25854    -0.25618     0.36396
1992  8 19  0    -0.15243    -0.43452     0.46048
1992  8 20  0    -0.13841    -0.54015     0.55760
1992  8 21  0    -0.21824    -0.64821     0.68396
1992  8 22  0    -0.29606    -0.71069     0.76989
1992  8 23  0    -0.34743    -0.70320     0.78434
1992  8 24  0    -0.35540    -0.67602     0.76375
1992  8 25  0    -0.27561    -0.59940     0.65973
1992  8 26  0    -0.23595    -0.49732     0.55046
1992  8 27  0    -0.17874    -0.39205     0.43087
1992  8 28  0    -0.13270    -0.29279     0.32146
1992  8 29  0    -0.05938    -0.23872     0.24599
1992  8 30  0     0.07212    -0.14956     0.16604
1992  8 31  0     0.24818    -0.13888     0.28440
1992  9  1  0     0.29776    -0.13530     0.32706
1992  9  2  0     0.29675    -0.10282     0.31406
1992  9  3  0     0.23876    -0.05631     0.24531
1992  9  4  0     0.23954    -0.00769     0.23967
1992  9  5  0     0.13411    -0.04605     0.14180
1992  9  6  0     0.01881    -0.09809     0.09988
1992  9  7  0     0.00479    -0.13977     0.13985
1992  9  8  0    -0.00404    -0.25942     0.25945
1992  9  9  0    -0.05949    -0.31975     0.32524
1992  9 10  0    -0.01817    -0.43307     0.43345
1992  9 11  0     0.00115    -0.56034     0.56034
1992  9 12  0    -0.03436    -0.65604     0.65694
1992  9 13  0    -0.12341    -0.72795     0.73834
1992  9 14  0    -0.14594    -0.70525     0.72019
1992  9 15  0    -0.22581    -0.67528     0.71204
1992  9 16  0    -0.32717    -0.58714     0.67213
1992  9 17  0    -0.33181    -0.46042     0.56752
1992  9 18  0    -0.22859    -0.36972     0.43468
1992  9 19  0    -0.06915    -0.25201     0.26133
1992  9 20  0     0.12926    -0.07830     0.15112
1992  9 21  0     0.40880     0.07910     0.41638
1992  9 22  0     0.69108     0.22576     0.72702
1992  9 23  0     0.89031     0.33129     0.94995
1992  9 24  0     1.09784     0.46669     1.19292
1992  9 25  0     1.29379     0.49636     1.38574
1992  9 26  0     1.34834     0.53838     1.45185
1992  9 27  0     1.26970     0.58545     1.39817
1992  9 28  0     1.12871     0.59848     1.27757
1992  9 29  0     0.95717     0.59139     1.12513
1992  9 30  0     0.77576     0.59881     0.97999
1992 10  1  0     0.66294     0.63293     0.91656
1992 10  2  0     0.58604     0.62003     0.85316
1992 10  3  0     0.48585     0.56684     0.74656
1992 10  4  0     0.36441     0.60352     0.70500
1992 10  5  0     0.25923     0.64850     0.69839
1992 10  6  0     0.23611     0.72218     0.75980
1992 10  7  0     0.20443     0.79697     0.82277
1992 10  8  0     0.11850     0.83419     0.84256
1992 10  9  0    -0.03364     0.88236     0.88300
1992 10 10  0    -0.25893     0.81552     0.85564
1992 10 11  0    -0.46026     0.78761     0.91223
1992 10 12  0    -0.69408     0.75467     1.02531
1992 10 13  0    -0.92070     0.63514     1.11852
1992 10 14  0    -1.12089     0.49650     1.22593
1992 10 15  0    -1.28887     0.34978     1.33549
1992 10 16  0    -1.46568     0.20162     1.47948
1992 10 17  0    -1.60750     0.00227     1.60750
1992 10 18  0    -1.74034    -0.22117     1.75434
1992 10 19  0    -1.78682    -0.31074     1.81364
1992 10 20  0    -1.81004    -0.37878     1.84925
1992 10 21  0    -1.78921    -0.49543     1.85653
1992 10 22  0    -1.74634    -0.54812     1.83034
1992 10 23  0    -1.65167    -0.59690     1.75622
1992 10 24  0    -1.56739    -0.62941     1.68904
1992 10 25  0    -1.52437    -0.66957     1.66495
1992 10 26  0    -1.45117    -0.67446     1.60025
1992 10 27  0    -1.36451    -0.73611     1.55040
1992 10 28  0    -1.33608    -0.82741     1.57153
1992 10 29  0    -1.29759    -0.89456     1.57607
1992 10 30  0    -1.19676    -0.97074     1.54096
1992 10 31  0    -0.99922    -1.04899     1.44873
1992 11  1  0    -0.77990    -1.08703     1.33787
1992 11  2  0    -0.52721    -1.09147     1.21212
1992 11  3  0    -0.21489    -1.05169     1.07342
1992 11  4  0     0.07020    -0.91547     0.91816
1992 11  5  0     0.30382    -0.70902     0.77138
1992 11  6  0     0.48949    -0.55509     0.74009
1992 11  7  0     0.71194    -0.46385     0.84972
1992 11  8  0     0.93875    -0.38288     1.01383
1992 11  9  0     1.06126    -0.27529     1.09638
1992 11 10  0     1.13766    -0.21596     1.15798
1992 11 11  0     1.14944    -0.28729     1.18480
1992 11 12  0     1.16072    -0.37773     1.22063
1992 11 13  0     1.07444    -0.48328     1.17812
1992 11 14  0     0.99641    -0.59646     1.16129
1992 11 15  0     0.93761    -0.69663     1.16808
1992 11 16  0     0.84590    -0.70628     1.10199
1992 11 17  0     0.77231    -0.63781     1.00163
1992 11 18  0     0.65137    -0.57237     0.86711
1992 11 19  0     0.55190    -0.44634     0.70980
1992 11 20  0     0.53805    -0.26229     0.59858
1992 11 21  0     0.47791    -0.07448     0.48368
1992 11 22  0     0.51674     0.06150     0.52039
1992 11 23  0     0.57973     0.09494     0.58746
1992 11 24  0     0.66465     0.10948     0.67360
1992 11 25  0     0.74468     0.09557     0.75078
1992 11 26  0     0.89020     0.04057     0.89113
1992 11 27  0     1.09007     0.01652     1.09020
1992 11 28  0     1.22054     0.01012     1.22058
1992 11 29  0     1.25904    -0.03451     1.25951
1992 11 30  0     1.29910    -0.10327     1.30320
1992 12  1  0     1.23918    -0.08970     1.24242
1992 12  2  0     1.17828     0.03067     1.17867
1992 12  3  0     1.02645     0.07997     1.02956
1992 12  4  0     0.89284     0.13352     0.90277
1992 12  5  0     0.70279     0.24455     0.74412
1992 12  6  0     0.49853     0.35426     0.61158
1992 12  7  0     0.33898     0.33776     0.47853
1992 12  8  0     0.20165     0.26977     0.33681
1992 12  9  0     0.06791     0.26727     0.27576
1992 12 10  0    -0.07665     0.21848     0.23154
1992 12 11  0    -0.20961     0.16725     0.26816
1992 12 12  0    -0.23740     0.18483     0.30087
1992 12 13  0    -0.31779     0.17644     0.36349
1992 12 14  0    -0.38906     0.13219     0.41091
1992 12 15  0    -0.41832     0.09524     0.42902
1992 12 16  0    -0.47955     0.10593     0.49111
1992 12 17  0    -0.65293     0.10434     0.66121
1992 12 18  0    -0.85918     0.05870     0.86118
1992 12 19  0    -0.97911     0.01507     0.97923
1992 12 20  0    -1.10234    -0.06743     1.10440
1992 12 21  0    -1.24924    -0.21947     1.26837
1992 12 22  0    -1.28880    -0.36172     1.33859
1992 12 23  0    -1.37918    -0.49109     1.46400
1992 12 24  0    -1.46885    -0.63968     1.60209
1992 12 25  0    -1.48341    -0.80688     1.68866
1992 12 26  0    -1.37943    -0.97779     1.69083
1992 12 27  0    -1.27766    -1.17026     1.73261
1992 12 28  0    -1.24002    -1.38380     1.85810
1992 12 29  0    -1.17689    -1.60254     1.98826
1992 12 30  0    -1.02545    -1.79918     2.07089
1992 12 31  0    -0.94860    -1.93881     2.15843
1993  1  1  0    -0.71188    -2.04465     2.16503
1993  1  2  0    -0.35872    -2.10350     2.13387
1993  1  3  0     0.01555    -2.07686     2.07692
1993  1  4  0     0.33221    -2.01450     2.04171
1993  1  5  0     0.66325    -1.96590     2.07477
1993  1  6  0     1.11302    -1.91814     2.21768
1993  1  7  0     1.57665    -1.85799     2.43680
1993  1  8  0     1.98080    -1.62988     2.56516
1993  1  9  0     2.35147    -1.31942     2.69635
1993  1 10  0     2.66098    -0.96919     2.83199
1993  1 11  0     2.85265    -0.60124     2.91532
1993  1 12  0     2.94076    -0.26408     2.95259
1993  1 13  0     3.01455     0.09142     3.01594
1993  1 14  0     3.03276     0.50973     3.07530
1993  1 15  0     2.90726     1.02190     3.08162
1993  1 16  0     2.73482     1.56896     3.15292
1993  1 17  0     2.51611     1.99045     3.20822
1993  1 18  0     2.21111     2.28514     3.17976
1993  1 19  0     1.83219     2.48378     3.08643
1993  1 20  0     1.37368     2.59533     2.93645
1993  1 21  0     0.91977     2.65413     2.80898
1993  1 22  0     0.44102     2.67275     2.70890
1993  1 23  0     0.05502     2.64515     2.64573
1993  1 24  0    -0.29674     2.48633     2.50398
1993  1 25  0    -0.62654     2.23512     2.32128
1993  1 26  0    -0.89201     1.94565     2.14038
1993  1 27  0    -1.17160     1.64303     2.01797
1993  1 28  0    -1.48681     1.29850     1.97401
1993  1 29  0    -1.75512     0.97202     2.00630
1993  1 30  0    -1.93634     0.65149     2.04300
1993  1 31  0    -2.02397     0.31131     2.04778
1993  2  1  0    -2.03858    -0.01459     2.03863
1993  2  2  0    -1.98059    -0.33379     2.00852
1993  2  3  0    -1.89848    -0.66509     2.01161
1993  2  4  0    -1.76818    -0.90001     1.98406
1993  2  5  0    -1.55290    -1.09508     1.90019
1993  2  6  0    -1.29251    -1.16128     1.73757
1993  2  7  0    -1.10046    -1.14888     1.59089
1993  2  8  0    -0.96222    -1.09438     1.45724
1993  2  9  0    -0.86413    -1.00151     1.32278
1993  2 10  0    -0.82774    -0.95121     1.26093
1993  2 11  0    -0.81932    -0.87456     1.19839
1993  2 12  0    -0.78077    -0.71334     1.05757
1993  2 13  0    -0.75099    -0.64634     0.99083
1993  2 14  0    -0.72916    -0.61201     0.95196
1993  2 15  0    -0.71342    -0.56698     0.91129
1993  2 16  0    -0.65591    -0.50633     0.82861
1993  2 17  0    -0.65757    -0.45568     0.80003
1993  2 18  0    -0.64516    -0.37586     0.74666
1993  2 19  0    -0.57436    -0.27024     0.63476
1993  2 20  0    -0.51567    -0.17657     0.54506
1993  2 21  0    -0.48638    -0.08784     0.49425
1993  2 22  0    -0.41580     0.03688     0.41743
1993  2 23  0    -0.30367     0.23371     0.38319
1993  2 24  0    -0.26232     0.33241     0.42345
1993  2 25  0    -0.18940     0.37271     0.41807
1993  2 26  0    -0.01765     0.47213     0.47246
1993  2 27  0     0.11125     0.46302     0.47620
1993  2 28  0     0.19093     0.38876     0.43312
1993  3  1  0     0.30395     0.32535     0.44523
1993  3  2  0     0.37363     0.25442     0.45202
1993  3  3  0     0.41426     0.17465     0.44957
1993  3  4  0     0.42093     0.09195     0.43086
1993  3  5  0     0.50132     0.10702     0.51262
1993  3  6  0     0.56686     0.15098     0.58662
1993  3  7  0     0.56992     0.20702     0.60636
1993  3  8  0     0.67223     0.33309     0.75023
1993  3  9  0     0.83577     0.41693     0.93399
1993  3 10  0     0.95025     0.42592     1.04134
1993  3 11  0     1.00879     0.34309     1.06553
1993  3 12  0     0.93984     0.27830     0.98018
1993  3 13  0     0.79068     0.21970     0.82064
1993  3 14  0     0.61880     0.13927     0.63428
1993  3 15  0     0.41898     0.06613     0.42416
1993  3 16  0     0.23559    -0.06791     0.24519
1993  3 17  0     0.08962    -0.26538     0.28010
1993  3 18  0    -0.03315    -0.46485     0.46603
1993  3 19  0    -0.12505    -0.54271     0.55693
1993  3 20  0    -0.15066    -0.53049     0.55147
1993  3 21  0    -0.07338    -0.46940     0.47510
1993  3 22  0     0.01960    -0.33675     0.33732
1993  3 23  0     0.09135    -0.19108     0.21179
1993  3 24  0     0.23805    -0.08020     0.25120
1993  3 25  0     0.40329     0.02055     0.40381
1993  3 26  0     0.51808     0.07145     0.52298
1993  3 27  0     0.51554     0.11273     0.52772
1993  3 28  0     0.46286     0.08944     0.47142
1993  3 29  0     0.31121     0.14586     0.34369
1993  3 30  0     0.16404     0.22870     0.28144
1993  3 31  0     0.04166     0.23899     0.24259
1993  4  1  0    -0.07241     0.26200     0.27182
1993  4  2  0    -0.16555     0.25115     0.30081
1993  4  3  0    -0.27710     0.23503     0.36335
1993  4  4  0    -0.37991     0.29051     0.47826
1993  4  5  0    -0.46804     0.36608     0.59420
1993  4  6  0    -0.59708     0.46113     0.75441
1993  4  7  0    -0.66731     0.49832     0.83284
1993  4  8  0    -0.75737     0.49751     0.90616
1993  4  9  0    -0.85123     0.52878     1.00209
1993  4 10  0    -0.91112     0.49040     1.03471
1993  4 11  0    -1.02407     0.51856     1.14787
1993  4 12  0    -1.03489     0.46182     1.13326
1993  4 13  0    -0.99750     0.32384     1.04875
1993  4 14  0    -0.92430     0.19980     0.94565
1993  4 15  0    -0.75621     0.04698     0.75767
1993  4 16  0    -0.59486    -0.09596     0.60255
1993  4 17  0    -0.37693    -0.28784     0.47427
1993  4 18  0    -0.18482    -0.49726     0.53049
1993  4 19  0    -0.06580    -0.60543     0.60899
1993  4 20  0     0.04848    -0.72272     0.72435
1993  4 21  0     0.13663    -0.76170     0.77385
1993  4 22  0     0.28363    -0.77346     0.82383
1993  4 23  0     0.47165    -0.84052     0.96381
1993  4 24  0     0.59720    -0.89110     1.07271
1993  4 25  0     0.70765    -0.85910     1.11302
1993  4 26  0     0.70251    -0.74128     1.02128
1993  4 27  0     0.68145    -0.62727     0.92620
1993  4 28  0     0.67944    -0.61883     0.91901
1993  4 29  0     0.69295    -0.65577     0.95406
1993  4 30  0     0.69732    -0.70320     0.99032
1993  5  1  0     0.58593    -0.66004     0.88259
1993  5  2  0     0.39875    -0.61227     0.73067
1993  5  3  0     0.19744    -0.48942     0.52774
1993  5  4  0     0.01990    -0.44011     0.44056
1993  5  5  0    -0.12216    -0.46301     0.47885
1993  5  6  0    -0.24841    -0.43517     0.50108
1993  5  7  0    -0.34658    -0.36089     0.50035
1993  5  8  0    -0.50533    -0.24560     0.56185
1993  5  9  0    -0.68299    -0.17768     0.70573
1993  5 10  0    -0.76887    -0.10234     0.77565
1993  5 11  0    -0.78229     0.04018     0.78332
1993  5 12  0    -0.72156     0.02048     0.72185
1993  5 13  0    -0.66861     0.00014     0.66861
1993  5 14  0    -0.59164     0.03103     0.59245
1993  5 15  0    -0.43177     0.04648     0.43427
1993  5 16  0    -0.21871     0.11897     0.24897
1993  5 17  0     0.06462     0.12922     0.14448
1993  5 18  0     0.28697     0.20768     0.35424
1993  5 19  0     0.51299     0.20969     0.55420
1993  5 20  0     0.70853     0.17162     0.72902
1993  5 21  0     0.81521     0.26509     0.85723
1993  5 22  0     0.95088     0.35779     1.01596
1993  5 23  0     1.00570     0.41665     1.08859
1993  5 24  0     1.01630     0.45188     1.11223
1993  5 25  0     1.04149     0.45551     1.13674
1993  5 26  0     1.09470     0.54084     1.22102
1993  5 27  0     1.20560     0.64070     1.36527
1993  5 28  0     1.23828     0.71414     1.42945
1993  5 29  0     1.23972     0.80872     1.48019
1993  5 30  0     1.24454     0.86279     1.51436
1993  5 31  0     1.17711     0.88921     1.47522
1993  6  1  0     1.16916     0.92377     1.49006
1993  6  2  0     1.13734     0.92524     1.46616
1993  6  3  0     0.95524     0.88349     1.30117
1993  6  4  0     0.69872     0.80592     1.06664
1993  6  5  0     0.39497     0.72295     0.82380
1993  6  6  0     0.06083     0.68702     0.68970
1993  6  7  0    -0.27297     0.64116     0.69684
1993  6  8  0    -0.58516     0.58394     0.82668
1993  6  9  0    -0.88137     0.59048     1.06089
1993  6 10  0    -1.11484     0.58071     1.25702
1993  6 11  0    -1.36065     0.51054     1.45328
1993  6 12  0    -1.55128     0.46498     1.61946
1993  6 13  0    -1.64739     0.44101     1.70540
1993  6 14  0    -1.63111     0.33645     1.66544
1993  6 15  0    -1.58575     0.14278     1.59217
1993  6 16  0    -1.51106    -0.04317     1.51168
1993  6 17  0    -1.39166    -0.24003     1.41221
1993  6 18  0    -1.26747    -0.46377     1.34965
1993  6 19  0    -1.20280    -0.64446     1.36457
1993  6 20  0    -1.09391    -0.70790     1.30298
1993  6 21  0    -0.89969    -0.76001     1.17774
1993  6 22  0    -0.74507    -0.84686     1.12796
1993  6 23  0    -0.60152    -0.84992     1.04125
1993  6 24  0    -0.33072    -0.80836     0.87340
1993  6 25  0    -0.03688    -0.76466     0.76555
1993  6 26  0     0.19586    -0.66505     0.69329
1993  6 27  0     0.39532    -0.53324     0.66379
1993  6 28  0     0.62628    -0.35626     0.72052
1993  6 29  0     0.78189    -0.20640     0.80867
1993  6 30  0     0.88559    -0.08355     0.88952
1993  7  1  0     0.90639     0.05693     0.90818
1993  7  2  0     0.82535     0.18507     0.84585
1993  7  3  0     0.68303     0.34558     0.76547
1993  7  4  0     0.50176     0.45136     0.67490
1993  7  5  0     0.29264     0.49789     0.57752
1993  7  6  0     0.13024     0.53344     0.54911
1993  7  7  0     0.02255     0.48732     0.48784
1993  7  8  0    -0.00888     0.43661     0.43670
1993  7  9  0    -0.05331     0.36307     0.36696
1993  7 10  0    -0.03977     0.30795     0.31051
1993  7 11  0     0.00342     0.20997     0.21000
1993  7 12  0     0.03899     0.03672     0.05356
1993  7 13  0     0.10662    -0.17314     0.20334
1993  7 14  0     0.25748    -0.37122     0.45178
1993  7 15  0     0.39030    -0.55918     0.68192
1993  7 16  0     0.41069    -0.58732     0.71667
1993  7 17  0     0.38444    -0.56564     0.68392
1993  7 18  0     0.37478    -0.50622     0.62986
1993  7 19  0     0.33708    -0.37321     0.50290
1993  7 20  0     0.33632    -0.17364     0.37850
1993  7 21  0     0.26958     0.04362     0.27309
1993  7 22  0     0.21385     0.27495     0.34832
1993  7 23  0     0.05940     0.51087     0.51431
1993  7 24  0    -0.14650     0.70387     0.71895
1993  7 25  0    -0.29088     0.78538     0.83751
1993  7 26  0    -0.38222     0.84658     0.92886
1993  7 27  0    -0.53715     0.90990     1.05662
1993  7 28  0    -0.70026     0.89811     1.13884
1993  7 29  0    -0.82804     0.78218     1.13906
1993  7 30  0    -0.94747     0.61456     1.12933
1993  7 31  0    -1.13773     0.49037     1.23891
1993  8  1  0    -1.26956     0.38716     1.32728
1993  8  2  0    -1.29340     0.24540     1.31648
1993  8  3  0    -1.27314     0.02002     1.27329
1993  8  4  0    -1.26213    -0.17832     1.27466
1993  8  5  0    -1.26056    -0.36611     1.31265
1993  8  6  0    -1.22742    -0.54430     1.34269
1993  8  7  0    -1.19554    -0.65304     1.36227
1993  8  8  0    -1.12072    -0.68310     1.31249
1993  8  9  0    -1.04198    -0.72198     1.26767
1993  8 10  0    -0.86390    -0.77519     1.16071
1993  8 11  0    -0.70896    -0.80208     1.07050
1993  8 12  0    -0.54165    -0.71356     0.89586
1993  8 13  0    -0.46389    -0.67877     0.82215
1993  8 14  0    -0.40621    -0.63386     0.75285
1993  8 15  0    -0.27886    -0.60925     0.67003
1993  8 16  0    -0.15039    -0.61462     0.63275
1993  8 17  0    -0.05192    -0.65134     0.65341
1993  8 18  0     0.08185    -0.67632     0.68125
1993  8 19  0     0.19486    -0.66244     0.69050
1993  8 20  0     0.31431    -0.59545     0.67332
1993  8 21  0     0.36924    -0.49589     0.61826
1993  8 22  0     0.45225    -0.31431     0.55074
1993  8 23  0     0.58869    -0.16527     0.61145
1993  8 24  0     0.71202    -0.03405     0.71283
1993  8 25  0     0.78766     0.09163     0.79297
1993  8 26  0     0.79723     0.20740     0.82376
1993  8 27  0     0.79554     0.30181     0.85086
1993  8 28  0     0.80601     0.30367     0.86132
1993  8 29  0     0.77965     0.30852     0.83847
1993  8 30  0     0.81538     0.26511     0.85739
1993  8 31  0     0.82136     0.22167     0.85075
1993  9  1  0     0.88651     0.19801     0.90835
1993  9  2  0     0.85642     0.19900     0.87923
1993  9  3  0     0.73933     0.19760     0.76528
1993  9  4  0     0.67033     0.21283     0.70330
1993  9  5  0     0.63505     0.20922     0.66862
1993  9  6  0     0.55879     0.19930     0.59327
1993  9  7  0     0.40242     0.15395     0.43086
1993  9  8  0     0.21125     0.19313     0.28623
1993  9  9  0     0.14934     0.25002     0.29123
1993  9 10  0    -0.02433     0.26597     0.26708
1993  9 11  0    -0.19004     0.24827     0.31265
1993  9 12  0    -0.23575     0.24120     0.33728
1993  9 13  0    -0.18850     0.32300     0.37398
1993  9 14  0    -0.15386     0.43121     0.45783
1993  9 15  0    -0.18622     0.54986     0.58053
1993  9 16  0    -0.11922     0.59131     0.60320
1993  9 17  0    -0.04270     0.49341     0.49526
1993  9 18  0    -0.01727     0.33088     0.33133
1993  9 19  0     0.01776     0.19236     0.19318
1993  9 20  0     0.12906     0.12297     0.17826
1993  9 21  0     0.26568     0.09362     0.28170
1993  9 22  0     0.30471    -0.01160     0.30493
1993  9 23  0     0.29298    -0.07896     0.30343
1993  9 24  0     0.29374    -0.10514     0.31198
1993  9 25  0     0.25647    -0.10217     0.27607
1993  9 26  0     0.12205    -0.02300     0.12420
1993  9 27  0    -0.04079     0.03878     0.05628
1993  9 28  0    -0.17065     0.16943     0.24047
1993  9 29  0    -0.32522     0.27303     0.42463
1993  9 30  0    -0.48781     0.32704     0.58729
1993 10  1  0    -0.58651     0.37949     0.69858
1993 10  2  0    -0.67728     0.40552     0.78940
1993 10  3  0    -0.69033     0.44306     0.82027
1993 10  4  0    -0.72089     0.51993     0.88882
1993 10  5  0    -0.65306     0.50511     0.82560
1993 10  6  0    -0.55131     0.49548     0.74125
1993 10  7  0    -0.42375     0.47039     0.63311
1993 10  8  0    -0.33097     0.43477     0.54641
1993 10  9  0    -0.24595     0.38108     0.45356
1993 10 10  0    -0.19155     0.32302     0.37555
1993 10 11  0    -0.11620     0.24888     0.27467
1993 10 12  0    -0.07727     0.15671     0.17473
1993 10 13  0    -0.03793     0.03493     0.05156
1993 10 14  0    -0.05260    -0.05425     0.07556
1993 10 15  0    -0.04496    -0.16777     0.17369
1993 10 16  0    -0.06420    -0.36708     0.37265
1993 10 17  0    -0.09132    -0.52873     0.53656
1993 10 18  0    -0.15024    -0.62512     0.64292
1993 10 19  0    -0.28747    -0.65518     0.71547
1993 10 20  0    -0.43585    -0.70667     0.83027
1993 10 21  0    -0.46935    -0.83638     0.95907
1993 10 22  0    -0.37343    -0.95929     1.02941
1993 10 23  0    -0.25535    -1.08864     1.11819
1993 10 24  0    -0.12848    -1.19279     1.19969
1993 10 25  0     0.06153    -1.23347     1.23500
1993 10 26  0     0.25746    -1.19998     1.22729
1993 10 27  0     0.46587    -1.15784     1.24805
1993 10 28  0     0.80133    -1.16922     1.41747
1993 10 29  0     1.19981    -1.10158     1.62881
1993 10 30  0     1.52560    -0.92517     1.78420
1993 10 31  0     1.77166    -0.69354     1.90257
1993 11  1  0     1.98704    -0.40135     2.02717
1993 11  2  0     2.12152    -0.08857     2.12337
1993 11  3  0     2.17240     0.17308     2.17928
1993 11  4  0     2.20574     0.37060     2.23665
1993 11  5  0     2.16626     0.49615     2.22235
1993 11  6  0     2.00311     0.63600     2.10165
1993 11  7  0     1.69826     0.78113     1.86929
1993 11  8  0     1.33018     0.83269     1.56932
1993 11  9  0     0.89779     0.80156     1.20355
1993 11 10  0     0.46179     0.71492     0.85109
1993 11 11  0     0.09445     0.56939     0.57717
1993 11 12  0    -0.25575     0.53838     0.59604
1993 11 13  0    -0.58245     0.53273     0.78934
1993 11 14  0    -0.84001     0.56474     1.01220
1993 11 15  0    -1.00856     0.58482     1.16585
1993 11 16  0    -1.05916     0.53661     1.18734
1993 11 17  0    -1.05692     0.49386     1.16661
1993 11 18  0    -0.93400     0.43591     1.03071
1993 11 19  0    -0.75304     0.34956     0.83022
1993 11 20  0    -0.53206     0.32168     0.62175
1993 11 21  0    -0.35461     0.33930     0.49079
1993 11 22  0    -0.21866     0.46009     0.50941
1993 11 23  0    -0.13892     0.64311     0.65794
1993 11 24  0    -0.07136     0.82844     0.83150
1993 11 25  0    -0.04666     0.96946     0.97058
1993 11 26  0     0.03448     1.07878     1.07934
1993 11 27  0     0.04189     1.08726     1.08807
1993 11 28  0     0.03044     1.01114     1.01160
1993 11 29  0    -0.01796     0.93622     0.93639
1993 11 30  0    -0.08420     0.80757     0.81195
1993 12  1  0    -0.21254     0.68250     0.71483
1993 12  2  0    -0.25056     0.62436     0.67276
1993 12  3  0    -0.24027     0.57900     0.62688
1993 12  4  0    -0.22561     0.53468     0.58033
1993 12  5  0    -0.28131     0.50711     0.57991
1993 12  6  0    -0.28456     0.46919     0.54874
1993 12  7  0    -0.26740     0.47617     0.54612
1993 12  8  0    -0.28601     0.49364     0.57051
1993 12  9  0    -0.24340     0.53184     0.58490
1993 12 10  0    -0.21905     0.51754     0.56199
1993 12 11  0    -0.28727     0.44246     0.52754
1993 12 12  0    -0.47649     0.37070     0.60370
1993 12 13  0    -0.63642     0.29688     0.70225
1993 12 14  0    -0.74055     0.21430     0.77093
1993 12 15  0    -0.81165     0.16752     0.82875
1993 12 16  0    -0.85172     0.20417     0.87585
1993 12 17  0    -0.85549     0.23225     0.88646
1993 12 18  0    -0.90364     0.24492     0.93624
1993 12 19  0    -0.95616     0.23440     0.98447
1993 12 20  0    -0.99928     0.22816     1.02500
1993 12 21  0    -0.98892     0.20522     1.00999
1993 12 22  0    -0.98500     0.10259     0.99033
1993 12 23  0    -1.02118    -0.01496     1.02129
1993 12 24  0    -1.06553    -0.05571     1.06699
1993 12 25  0    -1.19842    -0.09998     1.20259
1993 12 26  0    -1.31102    -0.13590     1.31805
1993 12 27  0    -1.34147    -0.13591     1.34833
1993 12 28  0    -1.28414    -0.08375     1.28687
1993 12 29  0    -1.19926    -0.05774     1.20064
1993 12 30  0    -1.08077    -0.06298     1.08261
1993 12 31  0    -0.91753    -0.00451     0.91755
1994  1  1  0    -0.69679    -0.04291     0.69811
1994  1  2  0    -0.47575    -0.16886     0.50483
1994  1  3  0    -0.17948    -0.35915     0.40150
1994  1  4  0     0.08698    -0.54882     0.55567
1994  1  5  0     0.26651    -0.72573     0.77311
1994  1  6  0     0.40793    -0.83220     0.92680
1994  1  7  0     0.52901    -0.93480     1.07411
1994  1  8  0     0.66381    -1.02162     1.21834
1994  1  9  0     0.82781    -1.09145     1.36987
1994  1 10  0     0.94461    -1.00253     1.37745
1994  1 11  0     0.99787    -0.87069     1.32433
1994  1 12  0     0.99671    -0.73352     1.23753
1994  1 13  0     0.94662    -0.57589     1.10803
1994  1 14  0     0.87422    -0.41649     0.96837
1994  1 15  0     0.84724    -0.33856     0.91238
1994  1 16  0     0.81239    -0.20758     0.83849
1994  1 17  0     0.73519    -0.03403     0.73598
1994  1 18  0     0.59714     0.19724     0.62887
1994  1 19  0     0.41899     0.35116     0.54669
1994  1 20  0     0.32083     0.51122     0.60355
1994  1 21  0     0.24243     0.68252     0.72429
1994  1 22  0     0.24533     0.76748     0.80574
1994  1 23  0     0.30171     0.82512     0.87855
1994  1 24  0     0.30171     0.87659     0.92706
1994  1 25  0     0.29412     0.85440     0.90361
1994  1 26  0     0.24623     0.79234     0.82971
1994  1 27  0     0.20758     0.64808     0.68051
1994  1 28  0     0.25837     0.47918     0.54440
1994  1 29  0     0.32886     0.32002     0.45887
1994  1 30  0     0.43519     0.04825     0.43786
1994  1 31  0     0.55335    -0.12356     0.56698
1994  2  1  0     0.70646    -0.28336     0.76117
1994  2  2  0     0.85125    -0.41937     0.94895
1994  2  3  0     1.00246    -0.39563     1.07771
1994  2  4  0     1.22133    -0.29667     1.25685
1994  2  5  0     1.43199    -0.13869     1.43869
1994  2  6  0     1.55590     0.07498     1.55771
1994  2  7  0     1.56533     0.25962     1.58672
1994  2  8  0     1.45881     0.55912     1.56228
1994  2  9  0     1.34804     0.84035     1.58852
1994  2 10  0     1.18301     1.08253     1.60355
1994  2 11  0     1.10974     1.33711     1.73764
1994  2 12  0     1.06437     1.55064     1.88079
1994  2 13  0     1.01674     1.72950     2.00622
1994  2 14  0     0.89067     1.92432     2.12044
1994  2 15  0     0.77215     2.02061     2.16312
1994  2 16  0     0.66354     2.09772     2.20016
1994  2 17  0     0.58280     2.08805     2.16785
1994  2 18  0     0.43024     2.00371     2.04938
1994  2 19  0     0.23450     1.90033     1.91474
1994  2 20  0    -0.05173     1.77832     1.77907
1994  2 21  0    -0.36561     1.61850     1.65928
1994  2 22  0    -0.68355     1.38713     1.54640
1994  2 23  0    -0.90426     1.02325     1.36555
1994  2 24  0    -1.04073     0.70440     1.25671
1994  2 25  0    -1.00427     0.42255     1.08954
1994  2 26  0    -0.87769     0.25778     0.91476
1994  2 27  0    -0.68724     0.16354     0.70643
1994  2 28  0    -0.50060     0.08509     0.50778
1994  3  1  0    -0.33778     0.00981     0.33793
1994  3  2  0    -0.21961    -0.17814     0.28278
1994  3  3  0    -0.18855    -0.33524     0.38463
1994  3  4  0    -0.18230    -0.41381     0.45218
1994  3  5  0    -0.20727    -0.47754     0.52058
1994  3  6  0    -0.27945    -0.50088     0.57356
1994  3  7  0    -0.37558    -0.51471     0.63717
1994  3  8  0    -0.46994    -0.48778     0.67733
1994  3  9  0    -0.47109    -0.42339     0.63340
1994  3 10  0    -0.40064    -0.35772     0.53710
1994  3 11  0    -0.30531    -0.30699     0.43297
1994  3 12  0    -0.14447    -0.30254     0.33527
1994  3 13  0    -0.05588    -0.27801     0.28357
1994  3 14  0     0.00770    -0.25685     0.25697
1994  3 15  0     0.02755    -0.26846     0.26987
1994  3 16  0     0.02007    -0.32023     0.32086
1994  3 17  0    -0.02446    -0.44737     0.44804
1994  3 18  0    -0.16828    -0.56603     0.59051
1994  3 19  0    -0.34540    -0.56249     0.66007
1994  3 20  0    -0.50309    -0.50390     0.71205
1994  3 21  0    -0.70672    -0.43661     0.83071
1994  3 22  0    -0.86833    -0.33323     0.93007
1994  3 23  0    -1.00385    -0.22191     1.02809
1994  3 24  0    -1.08625    -0.10990     1.09179
1994  3 25  0    -1.07531    -0.03017     1.07573
1994  3 26  0    -1.05071     0.09635     1.05512
1994  3 27  0    -0.95938     0.09889     0.96446
1994  3 28  0    -0.91699    -0.00055     0.91699
1994  3 29  0    -0.88021    -0.12271     0.88872
1994  3 30  0    -0.84008    -0.28409     0.88681
1994  3 31  0    -0.80971    -0.48478     0.94374
1994  4  1  0    -0.68395    -0.67397     0.96022
1994  4  2  0    -0.52953    -0.80715     0.96535
1994  4  3  0    -0.47741    -0.89533     1.01466
1994  4  4  0    -0.38584    -0.98927     1.06185
1994  4  5  0    -0.33194    -0.98404     1.03852
1994  4  6  0    -0.26082    -0.97028     1.00472
1994  4  7  0    -0.17077    -0.96371     0.97873
1994  4  8  0    -0.10930    -0.93487     0.94124
1994  4  9  0    -0.04820    -0.93153     0.93278
1994  4 10  0    -0.02994    -0.94647     0.94694
1994  4 11  0    -0.04193    -0.93553     0.93647
1994  4 12  0    -0.02051    -0.93800     0.93823
1994  4 13  0    -0.01922    -0.91343     0.91363
1994  4 14  0     0.01672    -0.84568     0.84584
1994  4 15  0    -0.00548    -0.79433     0.79435
1994  4 16  0    -0.08044    -0.71583     0.72034
1994  4 17  0    -0.16804    -0.61483     0.63738
1994  4 18  0    -0.17547    -0.50468     0.53431
1994  4 19  0    -0.17231    -0.42806     0.46144
1994  4 20  0    -0.13327    -0.37511     0.39808
1994  4 21  0    -0.08217    -0.27444     0.28648
1994  4 22  0    -0.02682    -0.24283     0.24431
1994  4 23  0     0.07868    -0.24252     0.25497
1994  4 24  0     0.21328    -0.21933     0.30593
1994  4 25  0     0.30194    -0.14930     0.33684
1994  4 26  0     0.36549    -0.09440     0.37748
1994  4 27  0     0.35759    -0.03790     0.35959
1994  4 28  0     0.29759     0.01778     0.29812
1994  4 29  0     0.21249     0.04271     0.21674
1994  4 30  0     0.11630     0.11424     0.16302
1994  5  1  0     0.02834     0.31409     0.31536
1994  5  2  0    -0.15360     0.54447     0.56572
1994  5  3  0    -0.25177     0.71399     0.75708
1994  5  4  0    -0.30621     0.83496     0.88933
1994  5  5  0    -0.34177     0.95892     1.01800
1994  5  6  0    -0.46133     1.06241     1.15825
1994  5  7  0    -0.57871     1.12319     1.26351
1994  5  8  0    -0.75466     1.10130     1.33505
1994  5  9  0    -0.88345     0.96016     1.30476
1994  5 10  0    -0.97762     0.72635     1.21792
1994  5 11  0    -1.02128     0.39304     1.09430
1994  5 12  0    -1.07639     0.03999     1.07713
1994  5 13  0    -1.07351    -0.28396     1.11043
1994  5 14  0    -1.02171    -0.58011     1.17491
1994  5 15  0    -0.82878    -0.85918     1.19376
1994  5 16  0    -0.58477    -1.07187     1.22101
1994  5 17  0    -0.26745    -1.11632     1.14791
1994  5 18  0     0.00119    -1.07466     1.07466
1994  5 19  0     0.23705    -1.03627     1.06304
1994  5 20  0     0.40506    -0.93373     1.01781
1994  5 21  0     0.52774    -0.79027     0.95028
1994  5 22  0     0.65090    -0.62588     0.90300
1994  5 23  0     0.74199    -0.51605     0.90380
1994  5 24  0     0.83288    -0.43208     0.93829
1994  5 25  0     0.93826    -0.39928     1.01969
1994  5 26  0     0.98911    -0.44459     1.08443
1994  5 27  0     1.01909    -0.45561     1.11630
1994  5 28  0     1.08665    -0.40231     1.15873
1994  5 29  0     1.18593    -0.32556     1.22980
1994  5 30  0     1.29510    -0.22846     1.31509
1994  5 31  0     1.34933    -0.18854     1.36244
1994  6  1  0     1.35485    -0.09964     1.35851
1994  6  2  0     1.33442     0.03648     1.33491
1994  6  3  0     1.22625     0.23603     1.24876
1994  6  4  0     1.09008     0.45658     1.18184
1994  6  5  0     0.97119     0.70992     1.20299
1994  6  6  0     0.77531     0.82344     1.13100
1994  6  7  0     0.61188     0.81734     1.02100
1994  6  8  0     0.38533     0.75360     0.84640
1994  6  9  0     0.16861     0.73166     0.75084
1994  6 10  0     0.00316     0.69625     0.69626
1994  6 11  0    -0.20383     0.64933     0.68057
1994  6 12  0    -0.43194     0.52348     0.67868
1994  6 13  0    -0.61929     0.43522     0.75692
1994  6 14  0    -0.79015     0.32661     0.85499
1994  6 15  0    -0.92288     0.27257     0.96228
1994  6 16  0    -1.04742     0.26952     1.08154
1994  6 17  0    -1.07066     0.24901     1.09924
1994  6 18  0    -1.17121     0.18858     1.18629
1994  6 19  0    -1.21663     0.11637     1.22218
1994  6 20  0    -1.18465     0.04011     1.18532
1994  6 21  0    -1.04495     0.01579     1.04507
1994  6 22  0    -0.86012    -0.05717     0.86202
1994  6 23  0    -0.68297    -0.17779     0.70574
1994  6 24  0    -0.45054    -0.26462     0.52250
1994  6 25  0    -0.22958    -0.29825     0.37638
1994  6 26  0    -0.07464    -0.29752     0.30674
1994  6 27  0     0.11145    -0.25990     0.28279
1994  6 28  0     0.26267    -0.24493     0.35915
1994  6 29  0     0.32380    -0.19817     0.37962
1994  6 30  0     0.30427    -0.20039     0.36433
1994  7  1  0     0.21149    -0.19039     0.28457
1994  7  2  0     0.11090    -0.10158     0.15039
1994  7  3  0    -0.10306    -0.00793     0.10336
1994  7  4  0    -0.28621     0.04472     0.28969
1994  7  5  0    -0.39944     0.07424     0.40628
1994  7  6  0    -0.47241     0.11989     0.48739
1994  7  7  0    -0.55623     0.20962     0.59442
1994  7  8  0    -0.63337     0.28414     0.69419
1994  7  9  0    -0.65440     0.39192     0.76278
1994  7 10  0    -0.68044     0.45792     0.82017
1994  7 11  0    -0.69312     0.42490     0.81299
1994  7 12  0    -0.61557     0.27268     0.67326
1994  7 13  0    -0.57976     0.06021     0.58287
1994  7 14  0    -0.57004    -0.08437     0.57625
1994  7 15  0    -0.54888    -0.15560     0.57051
1994  7 16  0    -0.43354    -0.23167     0.49155
1994  7 17  0    -0.25443    -0.36429     0.44434
1994  7 18  0    -0.16749    -0.47644     0.50503
1994  7 19  0    -0.07753    -0.55292     0.55833
1994  7 20  0    -0.03033    -0.64503     0.64575
1994  7 21  0     0.02437    -0.71157     0.71199
1994  7 22  0     0.07448    -0.65472     0.65894
1994  7 23  0     0.06585    -0.56403     0.56786
1994  7 24  0     0.04146    -0.52220     0.52384
1994  7 25  0     0.02610    -0.48486     0.48557
1994  7 26  0    -0.07134    -0.42881     0.43471
1994  7 27  0    -0.07491    -0.37256     0.38002
1994  7 28  0    -0.03846    -0.36320     0.36523
1994  7 29  0     0.04969    -0.31228     0.31621
1994  7 30  0     0.08662    -0.24357     0.25851
1994  7 31  0     0.16028    -0.24171     0.29002
1994  8  1  0     0.31514    -0.32470     0.45248
1994  8  2  0     0.54548    -0.42002     0.68845
1994  8  3  0     0.63617    -0.52562     0.82522
1994  8  4  0     0.76575    -0.60555     0.97625
1994  8  5  0     0.94290    -0.65387     1.14743
1994  8  6  0     1.11847    -0.70816     1.32380
1994  8  7  0     1.27699    -0.78057     1.49666
1994  8  8  0     1.41507    -0.77444     1.61313
1994  8  9  0     1.49678    -0.71565     1.65907
1994  8 10  0     1.38500    -0.64895     1.52950
1994  8 11  0     1.20187    -0.56132     1.32649
1994  8 12  0     1.13203    -0.42362     1.20870
1994  8 13  0     1.05882    -0.29044     1.09794
1994  8 14  0     0.91297    -0.16213     0.92725
1994  8 15  0     0.71858    -0.03515     0.71944
1994  8 16  0     0.50728     0.14905     0.52873
1994  8 17  0     0.33017     0.30221     0.44759
1994  8 18  0     0.16168     0.43983     0.46861
1994  8 19  0     0.07143     0.60111     0.60534
1994  8 20  0    -0.02100     0.71666     0.71697
1994  8 21  0    -0.14167     0.79058     0.80318
1994  8 22  0    -0.25504     0.83007     0.86836
1994  8 23  0    -0.39633     0.84854     0.93654
1994  8 24  0    -0.51057     0.92381     1.05551
1994  8 25  0    -0.58739     1.00312     1.16245
1994  8 26  0    -0.63746     1.05546     1.23302
1994  8 27  0    -0.69816     1.10374     1.30601
1994  8 28  0    -0.74142     1.12820     1.35002
1994  8 29  0    -0.71779     1.16537     1.36869
1994  8 30  0    -0.70115     1.17628     1.36940
1994  8 31  0    -0.73454     1.14300     1.35868
1994  9  1  0    -0.76408     1.09216     1.33290
1994  9  2  0    -0.78670     1.00447     1.27588
1994  9  3  0    -0.79320     0.81383     1.13644
1994  9  4  0    -0.82255     0.61112     1.02473
1994  9  5  0    -0.86863     0.38718     0.95101
1994  9  6  0    -0.85530     0.15748     0.86967
1994  9  7  0    -0.85611    -0.06848     0.85885
1994  9  8  0    -0.92064    -0.28321     0.96321
1994  9  9  0    -0.93965    -0.44119     1.03808
1994  9 10  0    -0.94373    -0.61449     1.12616
1994  9 11  0    -0.92023    -0.72416     1.17099
1994  9 12  0    -0.98072    -0.70037     1.20512
1994  9 13  0    -1.06733    -0.67841     1.26469
1994  9 14  0    -1.02904    -0.62446     1.20369
1994  9 15  0    -1.01030    -0.62139     1.18610
1994  9 16  0    -0.96225    -0.70959     1.19559
1994  9 17  0    -0.85995    -0.84442     1.20523
1994  9 18  0    -0.78720    -0.92555     1.21504
1994  9 19  0    -0.70673    -1.01233     1.23461
1994  9 20  0    -0.60350    -1.13013     1.28117
1994  9 21  0    -0.45684    -1.26097     1.34117
1994  9 22  0    -0.22955    -1.33450     1.35410
1994  9 23  0    -0.04819    -1.35037     1.35123
1994  9 24  0     0.17505    -1.26670     1.27874
1994  9 25  0     0.32530    -1.12704     1.17305
1994  9 26  0     0.46909    -0.97771     1.08441
1994  9 27  0     0.63424    -0.84642     1.05768
1994  9 28  0     0.80615    -0.66906     1.04763
1994  9 29  0     0.96474    -0.48011     1.07760
1994  9 30  0     1.15663    -0.37444     1.21573
1994 10  1  0     1.30244    -0.35108     1.34893
1994 10  2  0     1.41524    -0.36555     1.46169
1994 10  3  0     1.44572    -0.46975     1.52013
1994 10  4  0     1.52174    -0.56199     1.62220
1994 10  5  0     1.62694    -0.58970     1.73052
1994 10  6  0     1.67673    -0.58506     1.77588
1994 10  7  0     1.68574    -0.51927     1.76390
1994 10  8  0     1.60422    -0.43436     1.66199
1994 10  9  0     1.48093    -0.28422     1.50796
1994 10 10  0     1.32755    -0.11842     1.33282
1994 10 11  0     1.18744     0.00832     1.18747
1994 10 12  0     1.03155     0.14977     1.04237
1994 10 13  0     0.88986     0.24062     0.92182
1994 10 14  0     0.73522     0.24656     0.77546
1994 10 15  0     0.58096     0.22674     0.62364
1994 10 16  0     0.42784     0.21789     0.48012
1994 10 17  0     0.33605     0.21611     0.39954
1994 10 18  0     0.27081     0.24105     0.36255
1994 10 19  0     0.26107     0.26715     0.37353
1994 10 20  0     0.20782     0.26945     0.34028
1994 10 21  0     0.18003     0.33451     0.37988
1994 10 22  0     0.12947     0.46628     0.48392
1994 10 23  0     0.08235     0.59071     0.59642
1994 10 24  0     0.08120     0.69433     0.69907
1994 10 25  0     0.06436     0.65737     0.66052
1994 10 26  0     0.06401     0.61648     0.61979
1994 10 27  0     0.11716     0.52826     0.54109
1994 10 28  0     0.14241     0.50515     0.52484
1994 10 29  0     0.18718     0.50891     0.54224
1994 10 30  0     0.22300     0.43374     0.48770
1994 10 31  0     0.25090     0.25423     0.35719
1994 11  1  0     0.32134     0.11081     0.33991
1994 11  2  0     0.38628    -0.03743     0.38809
1994 11  3  0     0.49191    -0.09703     0.50139
1994 11  4  0     0.61496    -0.17904     0.64050
1994 11  5  0     0.69231    -0.23700     0.73176
1994 11  6  0     0.82076    -0.33545     0.88667
1994 11  7  0     0.99328    -0.38540     1.06543
1994 11  8  0     1.15977    -0.38021     1.22050
1994 11  9  0     1.28769    -0.27833     1.31743
1994 11 10  0     1.37107    -0.13647     1.37785
1994 11 11  0     1.44123    -0.08047     1.44347
1994 11 12  0     1.50481    -0.11728     1.50938
1994 11 13  0     1.47798    -0.14755     1.48533
1994 11 14  0     1.44303    -0.13619     1.44944
1994 11 15  0     1.34348    -0.11825     1.34867
1994 11 16  0     1.25024    -0.15999     1.26044
1994 11 17  0     1.16062    -0.10169     1.16506
1994 11 18  0     1.10328     0.03663     1.10389
1994 11 19  0     0.99836     0.21495     1.02123
1994 11 20  0     0.80875     0.38526     0.89582
1994 11 21  0     0.52540     0.60830     0.80379
1994 11 22  0     0.29046     0.75712     0.81093
1994 11 23  0     0.19139     0.82540     0.84730
1994 11 24  0     0.05835     0.90354     0.90543
1994 11 25  0    -0.13695     1.06175     1.07055
1994 11 26  0    -0.31235     1.15321     1.19476
1994 11 27  0    -0.54508     1.20313     1.32084
1994 11 28  0    -0.79354     1.25910     1.48830
1994 11 29  0    -0.98278     1.39999     1.71050
1994 11 30  0    -1.17272     1.49491     1.90001
1994 12  1  0    -1.13674     1.51338     1.89275
1994 12  2  0    -1.18156     1.56774     1.96313
1994 12  3  0    -1.29092     1.55730     2.02278
1994 12  4  0    -1.46410     1.43161     2.04770
1994 12  5  0    -1.63380     1.30982     2.09402
1994 12  6  0    -1.68293     1.13803     2.03159
1994 12  7  0    -1.61047     0.95396     1.87181
1994 12  8  0    -1.61735     0.72843     1.77382
1994 12  9  0    -1.58807     0.46185     1.65387
1994 12 10  0    -1.74040     0.33185     1.77175
1994 12 11  0    -1.89452     0.21163     1.90631
1994 12 12  0    -1.96892     0.11935     1.97253
1994 12 13  0    -1.99075     0.06741     1.99190
1994 12 14  0    -2.05744    -0.05792     2.05825
1994 12 15  0    -2.15200    -0.24047     2.16540
1994 12 16  0    -2.28079    -0.51125     2.33739
1994 12 17  0    -2.26080    -0.83570     2.41031
1994 12 18  0    -2.13144    -1.18122     2.43687
1994 12 19  0    -1.85062    -1.50451     2.38502
1994 12 20  0    -1.50476    -1.79467     2.34204
1994 12 21  0    -1.05527    -2.09963     2.34990
1994 12 22  0    -0.66364    -2.38672     2.47727
1994 12 23  0    -0.22805    -2.59662     2.60662
1994 12 24  0     0.16292    -2.78193     2.78670
1994 12 25  0     0.59022    -2.89960     2.95906
1994 12 26  0     0.97520    -2.88138     3.04194
1994 12 27  0     1.29155    -2.72723     3.01759
1994 12 28  0     1.53205    -2.49152     2.92487
1994 12 29  0     1.68347    -2.26083     2.81877
1994 12 30  0     1.73223    -2.03035     2.66889
1994 12 31  0     1.75170    -1.85593     2.55204
1995  1  1  0     1.78457    -1.58876     2.38932
1995  1  2  0     1.83732    -1.28315     2.24103
1995  1  3  0     1.84388    -0.89894     2.05134
1995  1  4  0     1.75286    -0.50914     1.82530
1995  1  5  0     1.62622    -0.15834     1.63391
1995  1  6  0     1.47417     0.11256     1.47846
1995  1  7  0     1.38896     0.38376     1.44100
1995  1  8  0     1.22240     0.74351     1.43076
1995  1  9  0     1.08255     1.16433     1.58984
1995  1 10  0     0.94852     1.54202     1.81039
1995  1 11  0     0.79227     1.89621     2.05506
1995  1 12  0     0.61036     2.16503     2.24942
1995  1 13  0     0.51364     2.36508     2.42022
1995  1 14  0     0.47389     2.51422     2.55849
1995  1 15  0     0.44839     2.62672     2.66471
1995  1 16  0     0.35190     2.62111     2.64463
1995  1 17  0     0.30080     2.56326     2.58085
1995  1 18  0     0.22823     2.41668     2.42743
1995  1 19  0     0.14504     2.24888     2.25356
1995  1 20  0     0.05757     2.08905     2.08985
1995  1 21  0    -0.02261     1.98245     1.98258
1995  1 22  0    -0.17331     1.85881     1.86687
1995  1 23  0    -0.33304     1.76000     1.79123
1995  1 24  0    -0.50160     1.65516     1.72949
1995  1 25  0    -0.60612     1.58021     1.69247
1995  1 26  0    -0.65347     1.42204     1.56500
1995  1 27  0    -0.61374     1.31565     1.45176
1995  1 28  0    -0.56491     1.23123     1.35464
1995  1 29  0    -0.48848     1.05943     1.16662
1995  1 30  0    -0.35988     0.84227     0.91593
1995  1 31  0    -0.19575     0.69714     0.72410
1995  2  1  0    -0.08683     0.50045     0.50793
1995  2  2  0    -0.03714     0.33027     0.33235
1995  2  3  0    -0.02469     0.21272     0.21415
1995  2  4  0     0.09418     0.09110     0.13103
1995  2  5  0     0.19424     0.01546     0.19485
1995  2  6  0     0.35384     0.00307     0.35385
1995  2  7  0     0.45753     0.05141     0.46041
1995  2  8  0     0.44062     0.10563     0.45310
1995  2  9  0     0.45092     0.07555     0.45720
1995  2 10  0     0.44223     0.09204     0.45170
1995  2 11  0     0.49749     0.11627     0.51089
1995  2 12  0     0.52849     0.15797     0.55160
1995  2 13  0     0.49888     0.27995     0.57206
1995  2 14  0     0.45335     0.36259     0.58051
1995  2 15  0     0.41707     0.38415     0.56702
1995  2 16  0     0.39834     0.43161     0.58733
1995  2 17  0     0.40829     0.41488     0.58209
1995  2 18  0     0.39057     0.36171     0.53234
1995  2 19  0     0.35202     0.36766     0.50901
1995  2 20  0     0.31976     0.42947     0.53544
1995  2 21  0     0.35973     0.46498     0.58789
1995  2 22  0     0.33599     0.50921     0.61007
1995  2 23  0     0.25774     0.60795     0.66033
1995  2 24  0     0.09651     0.73983     0.74610
1995  2 25  0    -0.03257     0.88043     0.88103
1995  2 26  0    -0.14004     1.05782     1.06705
1995  2 27  0    -0.31008     1.28097     1.31796
1995  2 28  0    -0.41133     1.48481     1.54073
1995  3  1  0    -0.41628     1.70951     1.75946
1995  3  2  0    -0.54124     1.89198     1.96788
1995  3  3  0    -0.76096     1.95707     2.09981
1995  3  4  0    -0.95754     1.85376     2.08646
1995  3  5  0    -1.12977     1.66000     2.00798
1995  3  6  0    -1.33935     1.39390     1.93308
1995  3  7  0    -1.53172     1.10300     1.88753
1995  3  8  0    -1.70716     0.85072     1.90738
1995  3  9  0    -1.88346     0.57266     1.96859
1995  3 10  0    -2.01937     0.26516     2.03670
1995  3 11  0    -2.01126    -0.06712     2.01238
1995  3 12  0    -1.84756    -0.41943     1.89457
1995  3 13  0    -1.64381    -0.69311     1.78396
1995  3 14  0    -1.39441    -0.90568     1.66272
1995  3 15  0    -1.09279    -1.11137     1.55864
1995  3 16  0    -0.78245    -1.21717     1.44698
1995  3 17  0    -0.44747    -1.25284     1.33035
1995  3 18  0    -0.19205    -1.20854     1.22371
1995  3 19  0    -0.00806    -1.12975     1.12978
1995  3 20  0     0.07727    -1.08544     1.08819
1995  3 21  0     0.12924    -0.97781     0.98631
1995  3 22  0     0.23874    -0.84253     0.87570
1995  3 23  0     0.40584    -0.75158     0.85416
1995  3 24  0     0.47467    -0.66601     0.81785
1995  3 25  0     0.48990    -0.51871     0.71349
1995  3 26  0     0.49315    -0.29616     0.57525
1995  3 27  0     0.57125    -0.07583     0.57626
1995  3 28  0     0.59847     0.05063     0.60061
1995  3 29  0     0.59803     0.19459     0.62889
1995  3 30  0     0.57745     0.30131     0.65133
1995  3 31  0     0.47690     0.44524     0.65244
1995  4  1  0     0.36704     0.58670     0.69205
1995  4  2  0     0.37019     0.73140     0.81975
1995  4  3  0     0.31308     0.80450     0.86328
1995  4  4  0     0.15218     0.75064     0.76591
1995  4  5  0    -0.04874     0.64746     0.64929
1995  4  6  0    -0.22832     0.57083     0.61480
1995  4  7  0    -0.38948     0.47639     0.61534
1995  4  8  0    -0.51867     0.40430     0.65763
1995  4  9  0    -0.52936     0.23679     0.57990
1995  4 10  0    -0.53777     0.05783     0.54087
1995  4 11  0    -0.52806    -0.14689     0.54811
1995  4 12  0    -0.48078    -0.34190     0.58996
1995  4 13  0    -0.42836    -0.49535     0.65488
1995  4 14  0    -0.38344    -0.66266     0.76560
1995  4 15  0    -0.31191    -0.78224     0.84213
1995  4 16  0    -0.21592    -0.98406     1.00747
1995  4 17  0    -0.13575    -1.18157     1.18934
1995  4 18  0    -0.08503    -1.31178     1.31453
1995  4 19  0    -0.06439    -1.42512     1.42658
1995  4 20  0    -0.10125    -1.46891     1.47240
1995  4 21  0    -0.09459    -1.49259     1.49558
1995  4 22  0    -0.00990    -1.47461     1.47465
1995  4 23  0     0.09193    -1.40185     1.40486
1995  4 24  0     0.21141    -1.36133     1.37765
1995  4 25  0     0.38381    -1.28127     1.33752
1995  4 26  0     0.61592    -1.17034     1.32252
1995  4 27  0     0.77209    -1.08658     1.33295
1995  4 28  0     0.99029    -0.99031     1.40049
1995  4 29  0     1.28190    -0.96573     1.60496
1995  4 30  0     1.56685    -0.88105     1.79758
1995  5  1  0     1.75063    -0.80985     1.92888
1995  5  2  0     1.90330    -0.72053     2.03512
1995  5  3  0     2.01098    -0.60752     2.10074
1995  5  4  0     2.04274    -0.40213     2.08195
1995  5  5  0     1.94889    -0.20379     1.95952
1995  5  6  0     1.81113     0.06642     1.81235
1995  5  7  0     1.55563     0.31099     1.58641
1995  5  8  0     1.18723     0.56270     1.31383
1995  5  9  0     0.78964     0.78139     1.11090
1995  5 10  0     0.38974     0.95195     1.02864
1995  5 11  0    -0.00012     1.03208     1.03208
1995  5 12  0    -0.41861     1.03400     1.11553
1995  5 13  0    -0.85309     0.99650     1.31178
1995  5 14  0    -1.14458     0.87438     1.44034
1995  5 15  0    -1.31553     0.65128     1.46792
1995  5 16  0    -1.47654     0.33690     1.51449
1995  5 17  0    -1.50955    -0.00374     1.50956
1995  5 18  0    -1.53372    -0.36562     1.57670
1995  5 19  0    -1.48274    -0.59355     1.59713
1995  5 20  0    -1.42632    -0.79981     1.63526
1995  5 21  0    -1.36784    -0.95395     1.66764
1995  5 22  0    -1.23484    -1.12345     1.66942
1995  5 23  0    -1.12981    -1.19403     1.64383
1995  5 24  0    -0.97310    -1.17236     1.52360
1995  5 25  0    -0.76896    -1.00007     1.26152
1995  5 26  0    -0.63375    -0.78634     1.00993
1995  5 27  0    -0.46598    -0.55292     0.72309
1995  5 28  0    -0.26518    -0.44852     0.52104
1995  5 29  0    -0.07615    -0.29029     0.30011
1995  5 30  0     0.16530    -0.14740     0.22147
1995  5 31  0     0.37695     0.02424     0.37773
1995  6  1  0     0.52905     0.15529     0.55137
1995  6  2  0     0.58024     0.26948     0.63977
1995  6  3  0     0.61594     0.29869     0.68454
1995  6  4  0     0.65711     0.32546     0.73330
1995  6  5  0     0.67394     0.35151     0.76010
1995  6  6  0     0.63168     0.44839     0.77465
1995  6  7  0     0.57540     0.49810     0.76105
1995  6  8  0     0.48230     0.49828     0.69346
1995  6  9  0     0.45884     0.45162     0.64382
1995  6 10  0     0.44016     0.40399     0.59745
1995  6 11  0     0.40832     0.36802     0.54969
1995  6 12  0     0.34957     0.39585     0.52811
1995  6 13  0     0.29202     0.41273     0.50559
1995  6 14  0     0.31324     0.39220     0.50193
1995  6 15  0     0.31349     0.32878     0.45428
1995  6 16  0     0.41118     0.32982     0.52711
1995  6 17  0     0.51159     0.40461     0.65226
1995  6 18  0     0.47458     0.53482     0.71502
1995  6 19  0     0.39829     0.63816     0.75225
1995  6 20  0     0.33500     0.68089     0.75883
1995  6 21  0     0.26275     0.70320     0.75069
1995  6 22  0     0.23039     0.72696     0.76260
1995  6 23  0     0.20213     0.76845     0.79459
1995  6 24  0     0.20267     0.80275     0.82794
1995  6 25  0     0.10285     0.76700     0.77386
1995  6 26  0    -0.00815     0.69356     0.69361
1995  6 27  0    -0.07248     0.57879     0.58332
1995  6 28  0    -0.01816     0.40130     0.40172
1995  6 29  0     0.02658     0.30005     0.30122
1995  6 30  0     0.12537     0.23245     0.26410
1995  7  1  0     0.24921     0.22037     0.33267
1995  7  2  0     0.26863     0.18593     0.32670
1995  7  3  0     0.19426     0.11626     0.22639
1995  7  4  0     0.07370     0.10306     0.12670
1995  7  5  0    -0.05232     0.19265     0.19963
1995  7  6  0    -0.18425     0.30493     0.35627
1995  7  7  0    -0.35914     0.41270     0.54709
1995  7  8  0    -0.50290     0.42570     0.65889
1995  7  9  0    -0.65984     0.37480     0.75886
1995  7 10  0    -0.86518     0.31273     0.91996
1995  7 11  0    -0.94649     0.29260     0.99069
1995  7 12  0    -0.85943     0.33534     0.92253
1995  7 13  0    -0.70736     0.27694     0.75965
1995  7 14  0    -0.58984     0.16335     0.61204
1995  7 15  0    -0.49021     0.04440     0.49222
1995  7 16  0    -0.38232    -0.02559     0.38317
1995  7 17  0    -0.29350    -0.10059     0.31026
1995  7 18  0    -0.17263    -0.19277     0.25877
1995  7 19  0    -0.01052    -0.29497     0.29516
1995  7 20  0     0.12190    -0.38380     0.40270
1995  7 21  0     0.11444    -0.41024     0.42591
1995  7 22  0     0.09366    -0.39054     0.40162
1995  7 23  0     0.08487    -0.42574     0.43411
1995  7 24  0     0.04085    -0.45419     0.45602
1995  7 25  0    -0.02812    -0.45728     0.45815
1995  7 26  0    -0.02252    -0.34913     0.34985
1995  7 27  0     0.03899    -0.22587     0.22921
1995  7 28  0     0.05257    -0.16487     0.17305
1995  7 29  0     0.04114    -0.12203     0.12878
1995  7 30  0     0.12054    -0.15459     0.19603
1995  7 31  0     0.23945    -0.15986     0.28791
1995  8  1  0     0.34465    -0.10202     0.35943
1995  8  2  0     0.49217    -0.05547     0.49528
1995  8  3  0     0.57777    -0.06089     0.58097
1995  8  4  0     0.71787    -0.13686     0.73080
1995  8  5  0     0.74971    -0.24843     0.78980
1995  8  6  0     0.76805    -0.35646     0.84674
1995  8  7  0     0.71947    -0.40102     0.82368
1995  8  8  0     0.69554    -0.41611     0.81051
1995  8  9  0     0.64705    -0.41245     0.76733
1995  8 10  0     0.62393    -0.43372     0.75987
1995  8 11  0     0.60972    -0.40262     0.73065
1995  8 12  0     0.65239    -0.40623     0.76853
1995  8 13  0     0.60347    -0.41381     0.73172
1995  8 14  0     0.60382    -0.33144     0.68880
1995  8 15  0     0.62983    -0.16532     0.65116
1995  8 16  0     0.66234    -0.08473     0.66773
1995  8 17  0     0.68848     0.02772     0.68904
1995  8 18  0     0.64469     0.14407     0.66059
1995  8 19  0     0.49636     0.26158     0.56107
1995  8 20  0     0.32838     0.34670     0.47753
1995  8 21  0     0.16355     0.46584     0.49372
1995  8 22  0    -0.02039     0.61956     0.61990
1995  8 23  0    -0.22569     0.71548     0.75023
1995  8 24  0    -0.40987     0.76054     0.86396
1995  8 25  0    -0.53186     0.84221     0.99609
1995  8 26  0    -0.68963     0.86433     1.10574
1995  8 27  0    -0.84899     0.92944     1.25883
1995  8 28  0    -0.92035     0.99117     1.35257
1995  8 29  0    -0.97738     1.03889     1.42638
1995  8 30  0    -0.97182     1.10428     1.47101
1995  8 31  0    -0.92661     1.10481     1.44194
1995  9  1  0    -0.90206     1.05927     1.39132
1995  9  2  0    -0.91301     0.99446     1.35001
1995  9  3  0    -0.96350     0.89905     1.31782
1995  9  4  0    -1.00950     0.80183     1.28919
1995  9  5  0    -1.02799     0.65183     1.21723
1995  9  6  0    -1.04281     0.50529     1.15879
1995  9  7  0    -0.94050     0.32329     0.99451
1995  9  8  0    -0.87610     0.04594     0.87730
1995  9  9  0    -0.85295    -0.21816     0.88041
1995  9 10  0    -0.85128    -0.40608     0.94317
1995  9 11  0    -0.82854    -0.46236     0.94882
1995  9 12  0    -0.71598    -0.42676     0.83352
1995  9 13  0    -0.62594    -0.42525     0.75673
1995  9 14  0    -0.49183    -0.42453     0.64970
1995  9 15  0    -0.37288    -0.37688     0.53017
1995  9 16  0    -0.32014    -0.30048     0.43906
1995  9 17  0    -0.30024    -0.16065     0.34052
1995  9 18  0    -0.21861    -0.03534     0.22145
1995  9 19  0    -0.16564     0.07773     0.18297
1995  9 20  0    -0.07887     0.14675     0.16660
1995  9 21  0    -0.00049     0.12660     0.12660
1995  9 22  0     0.08693     0.11530     0.14440
1995  9 23  0     0.17582     0.07076     0.18952
1995  9 24  0     0.25355     0.00944     0.25373
1995  9 25  0     0.31072     0.00215     0.31072
1995  9 26  0     0.32247    -0.00163     0.32248
1995  9 27  0     0.24669     0.05411     0.25256
1995  9 28  0     0.27177     0.11348     0.29451
1995  9 29  0     0.31651     0.11915     0.33819
1995  9 30  0     0.25707     0.12857     0.28743
1995 10  1  0     0.13930     0.18205     0.22923
1995 10  2  0     0.01980     0.24935     0.25014
1995 10  3  0    -0.00310     0.27753     0.27755
1995 10  4  0    -0.05425     0.22456     0.23102
1995 10  5  0    -0.09764     0.12777     0.16081
1995 10  6  0    -0.16097    -0.01488     0.16166
1995 10  7  0    -0.18435    -0.15350     0.23988
1995 10  8  0    -0.18368    -0.29888     0.35081
1995 10  9  0    -0.08980    -0.48177     0.49007
1995 10 10  0     0.09948    -0.66857     0.67593
1995 10 11  0     0.22851    -0.78617     0.81871
1995 10 12  0     0.31090    -0.84343     0.89890
1995 10 13  0     0.44680    -0.86962     0.97769
1995 10 14  0     0.55982    -0.81226     0.98650
1995 10 15  0     0.72609    -0.68617     0.99902
1995 10 16  0     0.78566    -0.52967     0.94753
1995 10 17  0     0.81037    -0.42091     0.91316
1995 10 18  0     0.76457    -0.26619     0.80958
1995 10 19  0     0.68565    -0.10487     0.69362
1995 10 20  0     0.61416    -0.01026     0.61425
1995 10 21  0     0.52634     0.06116     0.52988
1995 10 22  0     0.39097     0.19772     0.43812
1995 10 23  0     0.33676     0.31102     0.45841
1995 10 24  0     0.26319     0.38740     0.46835
1995 10 25  0     0.27906     0.34687     0.44519
1995 10 26  0     0.26738     0.35338     0.44313
1995 10 27  0     0.28743     0.36331     0.46326
1995 10 28  0     0.33249     0.36254     0.49192
1995 10 29  0     0.38646     0.40362     0.55880
1995 10 30  0     0.43381     0.45660     0.62983
1995 10 31  0     0.42992     0.51821     0.67333
1995 11  1  0     0.41870     0.56890     0.70637
1995 11  2  0     0.43865     0.59511     0.73931
1995 11  3  0     0.33362     0.71105     0.78543
1995 11  4  0     0.17270     0.75208     0.77166
1995 11  5  0     0.05502     0.71625     0.71836
1995 11  6  0    -0.04085     0.65793     0.65920
1995 11  7  0    -0.01378     0.65561     0.65575
1995 11  8  0    -0.02685     0.65906     0.65960
1995 11  9  0    -0.02949     0.60216     0.60289
1995 11 10  0    -0.08212     0.52123     0.52766
1995 11 11  0    -0.15290     0.51647     0.53862
1995 11 12  0    -0.15618     0.47192     0.49709
1995 11 13  0    -0.05624     0.45712     0.46057
1995 11 14  0     0.00203     0.55675     0.55675
1995 11 15  0     0.06446     0.73872     0.74153
1995 11 16  0    -0.03597     0.80133     0.80214
1995 11 17  0    -0.17746     0.82690     0.84572
1995 11 18  0    -0.27473     0.88495     0.92661
1995 11 19  0    -0.44304     0.83876     0.94858
1995 11 20  0    -0.65093     0.65877     0.92612
1995 11 21  0    -0.83291     0.38594     0.91798
1995 11 22  0    -0.99702     0.16050     1.00986
1995 11 23  0    -1.09595    -0.02252     1.09618
1995 11 24  0    -1.11944    -0.23905     1.14468
1995 11 25  0    -1.13655    -0.35372     1.19032
1995 11 26  0    -1.12481    -0.41892     1.20029
1995 11 27  0    -1.19905    -0.50675     1.30173
1995 11 28  0    -1.26146    -0.48411     1.35117
1995 11 29  0    -1.29810    -0.43724     1.36977
1995 11 30  0    -1.34938    -0.33471     1.39027
1995 12  1  0    -1.35497    -0.30798     1.38953
1995 12  2  0    -1.38804    -0.29295     1.41861
1995 12  3  0    -1.38551    -0.21812     1.40257
1995 12  4  0    -1.36356    -0.16981     1.37410
1995 12  5  0    -1.31182    -0.16534     1.32220
1995 12  6  0    -1.28219    -0.21038     1.29933
1995 12  7  0    -1.30614    -0.31864     1.34444
1995 12  8  0    -1.37522    -0.40413     1.43337
1995 12  9  0    -1.42771    -0.51702     1.51845
1995 12 10  0    -1.42979    -0.60245     1.55153
1995 12 11  0    -1.37091    -0.76138     1.56815
1995 12 12  0    -1.30281    -0.99270     1.63791
1995 12 13  0    -1.19441    -1.17848     1.67792
1995 12 14  0    -1.11334    -1.22801     1.65757
1995 12 15  0    -0.93280    -1.20744     1.52578
1995 12 16  0    -0.76209    -1.18167     1.40611
1995 12 17  0    -0.57202    -1.18914     1.31957
1995 12 18  0    -0.36401    -1.16989     1.22521
1995 12 19  0    -0.24315    -1.14039     1.16603
1995 12 20  0    -0.16453    -1.00535     1.01872
1995 12 21  0    -0.12536    -0.80811     0.81777
1995 12 22  0    -0.06396    -0.66787     0.67092
1995 12 23  0     0.03304    -0.60310     0.60400
1995 12 24  0     0.08643    -0.58395     0.59032
1995 12 25  0     0.19558    -0.49926     0.53620
1995 12 26  0     0.37194    -0.36640     0.52209
1995 12 27  0     0.52833    -0.23422     0.57792
1995 12 28  0     0.66582    -0.11133     0.67506
1995 12 29  0     0.78869    -0.07222     0.79199
1995 12 30  0     0.86011    -0.02404     0.86045
1995 12 31  0     0.91831     0.06058     0.92031
1996  1  1  0     0.89704     0.13183     0.90668
1996  1  2  0     0.87997     0.15650     0.89378
1996  1  3  0     0.82565     0.18386     0.84587
1996  1  4  0     0.74735     0.14695     0.76166
1996  1  5  0     0.72327     0.03151     0.72396
1996  1  6  0     0.71379    -0.12088     0.72396
1996  1  7  0     0.65979    -0.27996     0.71673
1996  1  8  0     0.63856    -0.46050     0.78729
1996  1  9  0     0.62878    -0.67503     0.92252
1996  1 10  0     0.64364    -0.89974     1.10626
1996  1 11  0     0.58229    -1.04086     1.19267
1996  1 12  0     0.58994    -1.10800     1.25527
1996  1 13  0     0.63822    -1.02654     1.20876
1996  1 14  0     0.66305    -0.89474     1.11364
1996  1 15  0     0.69169    -0.71634     0.99578
1996  1 16  0     0.76716    -0.49218     0.91147
1996  1 17  0     0.83329    -0.20463     0.85805
1996  1 18  0     0.89330     0.10527     0.89948
1996  1 19  0     0.99960     0.48559     1.11130
1996  1 20  0     1.15334     0.83711     1.42511
1996  1 21  0     1.18337     1.15209     1.65157
1996  1 22  0     1.17559     1.39110     1.82131
1996  1 23  0     1.16497     1.60562     1.98373
1996  1 24  0     1.14491     1.75624     2.09647
1996  1 25  0     1.13784     1.88178     2.19904
1996  1 26  0     1.19851     1.91235     2.25688
1996  1 27  0     1.22642     1.92868     2.28559
1996  1 28  0     1.20739     1.92450     2.27189
1996  1 29  0     1.18136     1.88197     2.22203
1996  1 30  0     1.14490     1.75563     2.09596
1996  1 31  0     0.97284     1.61453     1.88497
1996  2  1  0     0.77313     1.53551     1.71916
1996  2  2  0     0.60032     1.46501     1.58323
1996  2  3  0     0.46135     1.37601     1.45129
1996  2  4  0     0.31997     1.31931     1.35756
1996  2  5  0     0.15826     1.21226     1.22255
1996  2  6  0     0.03214     1.05898     1.05947
1996  2  7  0    -0.07423     0.91235     0.91537
1996  2  8  0    -0.12421     0.79678     0.80640
1996  2  9  0    -0.06270     0.63526     0.63835
1996  2 10  0    -0.02780     0.41130     0.41224
1996  2 11  0     0.03780     0.19502     0.19865
1996  2 12  0     0.09424    -0.01198     0.09500
1996  2 13  0     0.07907    -0.26556     0.27708
1996  2 14  0     0.00695    -0.51912     0.51917
1996  2 15  0    -0.12768    -0.72536     0.73651
1996  2 16  0    -0.25079    -0.84725     0.88359
1996  2 17  0    -0.36076    -0.86503     0.93725
1996  2 18  0    -0.45365    -0.78326     0.90515
1996  2 19  0    -0.51889    -0.65731     0.83744
1996  2 20  0    -0.62206    -0.51760     0.80924
1996  2 21  0    -0.78289    -0.40939     0.88347
1996  2 22  0    -0.92624    -0.33078     0.98353
1996  2 23  0    -1.03001    -0.29828     1.07233
1996  2 24  0    -1.09216    -0.36308     1.15093
1996  2 25  0    -1.16153    -0.50048     1.26477
1996  2 26  0    -1.25276    -0.71094     1.44043
1996  2 27  0    -1.43663    -0.94162     1.71772
1996  2 28  0    -1.61504    -1.09267     1.94995
1996  2 29  0    -1.79180    -1.15803     2.13344
1996  3  1  0    -1.95361    -1.19279     2.28896
1996  3  2  0    -2.10147    -1.21856     2.42921
1996  3  3  0    -2.22982    -1.19462     2.52966
1996  3  4  0    -2.31890    -1.08807     2.56148
1996  3  5  0    -2.32687    -0.94290     2.51066
1996  3  6  0    -2.26860    -0.73657     2.38518
1996  3  7  0    -2.05511    -0.58437     2.13658
1996  3  8  0    -1.74629    -0.58092     1.84038
1996  3  9  0    -1.42173    -0.71154     1.58985
1996  3 10  0    -1.10975    -0.91172     1.43623
1996  3 11  0    -0.81971    -1.10151     1.37305
1996  3 12  0    -0.51580    -1.31947     1.41670
1996  3 13  0    -0.14142    -1.52191     1.52847
1996  3 14  0     0.32266    -1.66080     1.69185
1996  3 15  0     0.85511    -1.69467     1.89819
1996  3 16  0     1.30325    -1.56086     2.03341
1996  3 17  0     1.50481    -1.39202     2.04992
1996  3 18  0     1.53842    -1.20686     1.95532
1996  3 19  0     1.54084    -1.02668     1.85156
1996  3 20  0     1.55061    -0.85021     1.76841
1996  3 21  0     1.57572    -0.66964     1.71211
1996  3 22  0     1.60833    -0.50779     1.68658
1996  3 23  0     1.70228    -0.36290     1.74053
1996  3 24  0     1.76470    -0.25666     1.78326
1996  3 25  0     1.83578    -0.18510     1.84509
1996  3 26  0     1.93468    -0.15561     1.94093
1996  3 27  0     2.02575    -0.12420     2.02955
1996  3 28  0     2.05472     0.02897     2.05492
1996  3 29  0     2.04123     0.25720     2.05737
1996  3 30  0     1.92650     0.52001     1.99545
1996  3 31  0     1.76722     0.74143     1.91645
1996  4  1  0     1.43992     0.94306     1.72126
1996  4  2  0     1.06103     1.12779     1.54845
1996  4  3  0     0.66150     1.25365     1.41747
1996  4  4  0     0.37487     1.34532     1.39658
1996  4  5  0     0.11260     1.29344     1.29833
1996  4  6  0    -0.14548     1.11182     1.12130
1996  4  7  0    -0.37554     0.86970     0.94731
1996  4  8  0    -0.53242     0.60795     0.80813
1996  4  9  0    -0.71486     0.36314     0.80181
1996  4 10  0    -0.87645     0.12440     0.88523
1996  4 11  0    -0.90146    -0.08259     0.90523
1996  4 12  0    -0.86929    -0.23539     0.90060
1996  4 13  0    -0.89422    -0.33170     0.95376
1996  4 14  0    -0.91187    -0.34761     0.97588
1996  4 15  0    -0.88443    -0.30075     0.93416
1996  4 16  0    -0.82523    -0.25489     0.86370
1996  4 17  0    -0.71441    -0.18997     0.73924
1996  4 18  0    -0.59260    -0.11753     0.60414
1996  4 19  0    -0.48415     0.00302     0.48416
1996  4 20  0    -0.41990     0.15608     0.44797
1996  4 21  0    -0.35335     0.27729     0.44916
1996  4 22  0    -0.26021     0.37209     0.45404
1996  4 23  0    -0.19149     0.44559     0.48499
1996  4 24  0    -0.15982     0.45840     0.48546
1996  4 25  0    -0.13259     0.45001     0.46914
1996  4 26  0    -0.13585     0.38299     0.40637
1996  4 27  0    -0.07937     0.32235     0.33197
1996  4 28  0     0.05885     0.27009     0.27642
1996  4 29  0     0.11755     0.28148     0.30504
1996  4 30  0     0.09196     0.33775     0.35005
1996  5  1  0    -0.07447     0.32965     0.33796
1996  5  2  0    -0.27006     0.28794     0.39477
1996  5  3  0    -0.50911     0.24810     0.56635
1996  5  4  0    -0.72983     0.18218     0.75223
1996  5  5  0    -0.95189     0.09685     0.95681
1996  5  6  0    -1.22602    -0.02190     1.22622
1996  5  7  0    -1.54490    -0.16257     1.55343
1996  5  8  0    -1.74314    -0.36642     1.78124
1996  5  9  0    -1.90753    -0.56583     1.98969
1996  5 10  0    -1.97406    -0.68555     2.08971
1996  5 11  0    -1.96944    -0.72491     2.09862
1996  5 12  0    -1.92576    -0.76775     2.07316
1996  5 13  0    -1.88254    -0.86208     2.07054
1996  5 14  0    -1.81779    -0.94211     2.04742
1996  5 15  0    -1.62552    -1.00342     1.91028
1996  5 16  0    -1.34732    -1.02126     1.69063
1996  5 17  0    -1.05906    -0.96939     1.43573
1996  5 18  0    -0.73925    -0.85982     1.13392
1996  5 19  0    -0.44671    -0.74403     0.86784
1996  5 20  0    -0.24001    -0.73203     0.77037
1996  5 21  0    -0.06986    -0.72520     0.72856
1996  5 22  0     0.04511    -0.65556     0.65711
1996  5 23  0     0.24838    -0.54685     0.60061
1996  5 24  0     0.44806    -0.50022     0.67155
1996  5 25  0     0.59523    -0.53664     0.80142
1996  5 26  0     0.71206    -0.66716     0.97578
1996  5 27  0     0.81303    -0.86758     1.18900
1996  5 28  0     0.98361    -1.05682     1.44373
1996  5 29  0     1.22947    -1.07477     1.63301
1996  5 30  0     1.53226    -0.93964     1.79742
1996  5 31  0     1.86477    -0.79699     2.02794
1996  6  1  0     2.07963    -0.58459     2.16023
1996  6  2  0     2.19718    -0.35464     2.22561
1996  6  3  0     2.27192    -0.10243     2.27423
1996  6  4  0     2.33774     0.28154     2.35463
1996  6  5  0     2.35749     0.71582     2.46377
1996  6  6  0     2.26982     1.12034     2.53125
1996  6  7  0     2.13763     1.40119     2.55593
1996  6  8  0     1.95586     1.56715     2.50626
1996  6  9  0     1.73377     1.73468     2.45256
1996  6 10  0     1.52386     1.79260     2.35278
1996  6 11  0     1.30848     1.83301     2.25212
1996  6 12  0     1.08428     1.88807     2.17727
1996  6 13  0     0.84010     1.87181     2.05169
1996  6 14  0     0.54563     1.80837     1.88889
1996  6 15  0     0.25551     1.67161     1.69103
1996  6 16  0    -0.00204     1.48579     1.48579
1996  6 17  0    -0.19791     1.21684     1.23282
1996  6 18  0    -0.38246     0.92634     1.00219
1996  6 19  0    -0.56817     0.66043     0.87120
1996  6 20  0    -0.68769     0.45243     0.82317
1996  6 21  0    -0.76196     0.20845     0.78996
1996  6 22  0    -0.84308    -0.15301     0.85685
1996  6 23  0    -0.81051    -0.51562     0.96062
1996  6 24  0    -0.74557    -0.75976     1.06448
1996  6 25  0    -0.61781    -0.83497     1.03869
1996  6 26  0    -0.38640    -0.90616     0.98511
1996  6 27  0    -0.12957    -1.08864     1.09632
1996  6 28  0     0.16748    -1.18687     1.19863
1996  6 29  0     0.42365    -1.22335     1.29463
1996  6 30  0     0.65888    -1.15755     1.33193
1996  7  1  0     0.92390    -0.93014     1.31101
1996  7  2  0     1.11596    -0.66112     1.29709
1996  7  3  0     1.23571    -0.44344     1.31286
1996  7  4  0     1.29765    -0.33502     1.34020
1996  7  5  0     1.22142    -0.18957     1.23604
1996  7  6  0     1.09465     0.13010     1.10235
1996  7  7  0     0.95968     0.39778     1.03886
1996  7  8  0     0.87034     0.59301     1.05317
1996  7  9  0     0.78879     0.71868     1.06709
1996  7 10  0     0.62858     0.77260     0.99600
1996  7 11  0     0.43366     0.83605     0.94183
1996  7 12  0     0.24957     0.89341     0.92761
1996  7 13  0     0.01089     0.91873     0.91880
1996  7 14  0    -0.22487     0.94663     0.97297
1996  7 15  0    -0.45205     0.89201     1.00001
1996  7 16  0    -0.68164     0.84318     1.08424
1996  7 17  0    -0.97256     0.78372     1.24904
1996  7 18  0    -1.17833     0.72615     1.38411
1996  7 19  0    -1.32276     0.64406     1.47123
1996  7 20  0    -1.46387     0.47151     1.53793
1996  7 21  0    -1.52341     0.27518     1.54806
1996  7 22  0    -1.47815     0.11111     1.48232
1996  7 23  0    -1.41177    -0.07044     1.41352
1996  7 24  0    -1.31573    -0.25129     1.33951
1996  7 25  0    -1.21826    -0.41868     1.28820
1996  7 26  0    -1.01122    -0.54367     1.14811
1996  7 27  0    -0.78505    -0.64126     1.01366
1996  7 28  0    -0.65921    -0.70759     0.96708
1996  7 29  0    -0.57181    -0.71760     0.91756
1996  7 30  0    -0.51166    -0.66981     0.84288
1996  7 31  0    -0.45745    -0.62333     0.77318
1996  8  1  0    -0.31469    -0.57419     0.65478
1996  8  2  0    -0.17467    -0.54702     0.57423
1996  8  3  0     0.01294    -0.53548     0.53564
1996  8  4  0     0.16694    -0.57978     0.60334
1996  8  5  0     0.26562    -0.59970     0.65589
1996  8  6  0     0.43195    -0.57418     0.71852
1996  8  7  0     0.58551    -0.55769     0.80861
1996  8  8  0     0.75948    -0.52631     0.92402
1996  8  9  0     0.93356    -0.53989     1.07843
1996  8 10  0     0.99427    -0.52343     1.12364
1996  8 11  0     1.03748    -0.48232     1.14412
1996  8 12  0     1.14407    -0.39201     1.20937
1996  8 13  0     1.12838    -0.20949     1.14766
1996  8 14  0     1.01663    -0.02593     1.01696
1996  8 15  0     0.94566     0.14474     0.95668
1996  8 16  0     0.93102     0.31301     0.98223
1996  8 17  0     0.90218     0.45268     1.00938
1996  8 18  0     0.80121     0.60716     1.00528
1996  8 19  0     0.69746     0.76847     1.03779
1996  8 20  0     0.59683     0.90301     1.08242
1996  8 21  0     0.41336     0.99715     1.07943
1996  8 22  0     0.38493     1.04799     1.11645
1996  8 23  0     0.44978     1.05021     1.14247
1996  8 24  0     0.54873     1.00759     1.14732
1996  8 25  0     0.63725     0.97257     1.16275
1996  8 26  0     0.64041     0.94330     1.14015
1996  8 27  0     0.62913     0.96733     1.15392
1996  8 28  0     0.59662     0.92929     1.10433
1996  8 29  0     0.49380     0.91550     1.04018
1996  8 30  0     0.35944     0.89442     0.96394
1996  8 31  0     0.19710     0.86095     0.88323
1996  9  1  0     0.02916     0.86801     0.86850
1996  9  2  0    -0.29919     0.86493     0.91522
1996  9  3  0    -0.62542     0.89069     1.08834
1996  9  4  0    -0.81197     0.92818     1.23322
1996  9  5  0    -0.97404     0.85626     1.29689
1996  9  6  0    -1.11856     0.79650     1.37317
1996  9  7  0    -1.20791     0.74292     1.41809
1996  9  8  0    -1.31350     0.67714     1.47776
1996  9  9  0    -1.43572     0.54350     1.53515
1996  9 10  0    -1.52011     0.36303     1.56286
1996  9 11  0    -1.36901     0.18424     1.38135
1996  9 12  0    -1.19943     0.01054     1.19948
1996  9 13  0    -1.08172    -0.14867     1.09189
1996  9 14  0    -0.90215    -0.25409     0.93725
1996  9 15  0    -0.70438    -0.32949     0.77763
1996  9 16  0    -0.56690    -0.42235     0.70693
1996  9 17  0    -0.38859    -0.47488     0.61361
1996  9 18  0    -0.20767    -0.48522     0.52779
1996  9 19  0    -0.09482    -0.49004     0.49912
1996  9 20  0    -0.10541    -0.48530     0.49662
1996  9 21  0    -0.11334    -0.48297     0.49609
1996  9 22  0    -0.14468    -0.45198     0.47457
1996  9 23  0    -0.16859    -0.38481     0.42012
1996  9 24  0    -0.12264    -0.34320     0.36446
1996  9 25  0    -0.00511    -0.23613     0.23619
1996  9 26  0     0.04921    -0.20238     0.20828
1996  9 27  0     0.13651    -0.13958     0.19524
1996  9 28  0     0.31795    -0.01617     0.31836
1996  9 29  0     0.47863     0.03485     0.47989
1996  9 30  0     0.58140     0.09378     0.58892
1996 10  1  0     0.75354     0.05872     0.75582
1996 10  2  0     0.80022    -0.06109     0.80255
1996 10  3  0     0.75066    -0.12869     0.76161
1996 10  4  0     0.71073    -0.19112     0.73598
1996 10  5  0     0.74112    -0.25234     0.78290
1996 10  6  0     0.67008    -0.31500     0.74043
1996 10  7  0     0.55517    -0.38906     0.67792
1996 10  8  0     0.51292    -0.32543     0.60745
1996 10  9  0     0.51731    -0.22400     0.56372
1996 10 10  0     0.45554    -0.15795     0.48214
1996 10 11  0     0.40460    -0.03762     0.40634
1996 10 12  0     0.38956     0.03441     0.39108
1996 10 13  0     0.35353     0.09103     0.36506
1996 10 14  0     0.23503     0.19348     0.30443
1996 10 15  0     0.15153     0.29314     0.32999
1996 10 16  0     0.00860     0.38725     0.38734
1996 10 17  0    -0.17134     0.44931     0.48087
1996 10 18  0    -0.32376     0.55051     0.63866
1996 10 19  0    -0.48119     0.66920     0.82424
1996 10 20  0    -0.61432     0.78449     0.99640
1996 10 21  0    -0.81701     0.87172     1.19474
1996 10 22  0    -1.02677     0.92601     1.38266
1996 10 23  0    -1.15709     0.88818     1.45867
1996 10 24  0    -1.26451     0.78897     1.49045
1996 10 25  0    -1.32988     0.63108     1.47203
1996 10 26  0    -1.38374     0.53079     1.48206
1996 10 27  0    -1.43473     0.44336     1.50168
1996 10 28  0    -1.52714     0.33061     1.56251
1996 10 29  0    -1.61379     0.18769     1.62467
1996 10 30  0    -1.70659     0.07826     1.70839
1996 10 31  0    -1.78314    -0.01436     1.78320
1996 11  1  0    -1.85963    -0.06647     1.86082
1996 11  2  0    -1.92487    -0.10711     1.92785
1996 11  3  0    -1.95289    -0.16103     1.95952
1996 11  4  0    -1.98770    -0.35978     2.02000
1996 11  5  0    -2.04393    -0.65135     2.14521
1996 11  6  0    -1.96571    -0.87474     2.15156
1996 11  7  0    -1.82948    -1.05092     2.10984
1996 11  8  0    -1.57853    -1.20483     1.98579
1996 11  9  0    -1.29980    -1.38690     1.90078
1996 11 10  0    -1.03014    -1.59645     1.89996
1996 11 11  0    -0.86515    -1.72154     1.92671
1996 11 12  0    -0.65506    -1.83748     1.95075
1996 11 13  0    -0.42321    -1.84711     1.89497
1996 11 14  0    -0.18092    -1.77414     1.78334
1996 11 15  0    -0.04072    -1.72946     1.72994
1996 11 16  0     0.10411    -1.68555     1.68876
1996 11 17  0     0.22276    -1.59418     1.60967
1996 11 18  0     0.37347    -1.42877     1.47678
1996 11 19  0     0.60546    -1.24040     1.38028
1996 11 20  0     0.91957    -0.91663     1.29839
1996 11 21  0     1.11624    -0.49495     1.22105
1996 11 22  0     1.19640    -0.20564     1.21394
1996 11 23  0     1.28729    -0.09986     1.29116
1996 11 24  0     1.38081    -0.10293     1.38464
1996 11 25  0     1.43142    -0.09255     1.43441
1996 11 26  0     1.46540    -0.06564     1.46687
1996 11 27  0     1.56028    -0.08078     1.56237
1996 11 28  0     1.58474     0.04474     1.58538
1996 11 29  0     1.55110     0.13363     1.55685
1996 11 30  0     1.48025     0.24497     1.50038
1996 12  1  0     1.52256     0.40151     1.57461
1996 12  2  0     1.61014     0.58984     1.71478
1996 12  3  0     1.72524     0.78022     1.89346
1996 12  4  0     1.77599     0.91663     1.99859
1996 12  5  0     1.80628     0.96398     2.04741
1996 12  6  0     1.79587     1.05809     2.08440
1996 12  7  0     1.73264     1.05877     2.03053
1996 12  8  0     1.67736     1.11311     2.01309
1996 12  9  0     1.58365     1.13273     1.94706
1996 12 10  0     1.32751     1.17691     1.77409
1996 12 11  0     0.98014     1.22366     1.56781
1996 12 12  0     0.62136     1.29923     1.44017
1996 12 13  0     0.26317     1.36189     1.38709
1996 12 14  0    -0.12357     1.40217     1.40760
1996 12 15  0    -0.54203     1.37685     1.47970
1996 12 16  0    -0.95210     1.31579     1.62413
1996 12 17  0    -1.33239     1.20498     1.79646
1996 12 18  0    -1.70688     1.05157     2.00480
1996 12 19  0    -2.01741     0.83666     2.18402
1996 12 20  0    -2.22278     0.51876     2.28251
1996 12 21  0    -2.38466     0.19984     2.39302
1996 12 22  0    -2.49845    -0.12100     2.50137
1996 12 23  0    -2.52064    -0.41579     2.55470
1996 12 24  0    -2.35861    -0.71581     2.46484
1996 12 25  0    -2.11773    -0.98528     2.33571
1996 12 26  0    -1.93338    -1.24230     2.29810
1996 12 27  0    -1.72335    -1.52918     2.30398
1996 12 28  0    -1.49950    -1.73381     2.29230
1996 12 29  0    -1.28371    -1.81663     2.22442
1996 12 30  0    -1.06181    -1.86013     2.14185
1996 12 31  0    -0.84647    -1.87040     2.05302
1997  1  1  0    -0.65394    -1.91348     2.02214
1997  1  2  0    -0.58025    -1.90942     1.99564
1997  1  3  0    -0.56176    -1.92707     2.00728
1997  1  4  0    -0.48302    -1.97477     2.03298
1997  1  5  0    -0.41141    -1.97180     2.01426
1997  1  6  0    -0.27925    -1.98480     2.00435
1997  1  7  0    -0.12451    -1.97007     1.97400
1997  1  8  0     0.04573    -1.93880     1.93934
1997  1  9  0     0.20063    -1.91824     1.92870
1997  1 10  0     0.38631    -1.80579     1.84665
1997  1 11  0     0.52023    -1.65331     1.73323
1997  1 12  0     0.64581    -1.50207     1.63502
1997  1 13  0     0.75041    -1.28897     1.49150
1997  1 14  0     0.85295    -1.00518     1.31830
1997  1 15  0     0.87223    -0.66189     1.09493
1997  1 16  0     0.85347    -0.30387     0.90595
1997  1 17  0     0.84683    -0.02408     0.84717
1997  1 18  0     0.85852     0.26071     0.89723
1997  1 19  0     0.87698     0.45524     0.98810
1997  1 20  0     0.90670     0.62341     1.10034
1997  1 21  0     0.95220     0.78946     1.23690
1997  1 22  0     0.98684     0.94269     1.36474
1997  1 23  0     1.06104     1.04416     1.48865
1997  1 24  0     1.20655     1.02834     1.58532
1997  1 25  0     1.34800     1.00148     1.67930
1997  1 26  0     1.42915     1.02282     1.75745
1997  1 27  0     1.46328     1.02355     1.78573
1997  1 28  0     1.48394     0.93951     1.75635
1997  1 29  0     1.48348     0.90114     1.73573
1997  1 30  0     1.49180     0.90273     1.74367
1997  1 31  0     1.48930     0.85833     1.71894
1997  2  1  0     1.40709     0.80365     1.62042
1997  2  2  0     1.19599     0.84724     1.46568
1997  2  3  0     1.03501     0.94879     1.40408
1997  2  4  0     0.94112     1.04761     1.40826
1997  2  5  0     0.88346     1.15502     1.45415
1997  2  6  0     0.78190     1.30443     1.52083
1997  2  7  0     0.67973     1.37446     1.53335
1997  2  8  0     0.56469     1.43095     1.53834
1997  2  9  0     0.42973     1.50056     1.56088
1997  2 10  0     0.37990     1.60819     1.65245
1997  2 11  0     0.45830     1.74977     1.80879
1997  2 12  0     0.50384     1.80943     1.87827
1997  2 13  0     0.49680     1.84542     1.91112
1997  2 14  0     0.41796     1.90892     1.95414
1997  2 15  0     0.33797     1.99648     2.02488
1997  2 16  0     0.26661     2.12562     2.14228
1997  2 17  0     0.24628     2.23161     2.24515
1997  2 18  0     0.22235     2.27416     2.28500
1997  2 19  0     0.06389     2.28122     2.28211
1997  2 20  0    -0.21270     2.24685     2.25689
1997  2 21  0    -0.56505     2.15348     2.22638
1997  2 22  0    -0.97661     1.92629     2.15971
1997  2 23  0    -1.43781     1.47683     2.06114
1997  2 24  0    -1.86750     0.84453     2.04958
1997  2 25  0    -2.10748     0.16193     2.11370
1997  2 26  0    -2.24241    -0.49735     2.29690
1997  2 27  0    -2.33016    -1.02078     2.54394
1997  2 28  0    -2.36033    -1.44649     2.76830
1997  3  1  0    -2.41247    -1.69446     2.94808
1997  3  2  0    -2.42778    -1.93973     3.10752
1997  3  3  0    -2.49789    -2.06869     3.24329
1997  3  4  0    -2.56332    -2.10192     3.31492
1997  3  5  0    -2.59083    -2.04615     3.30138
1997  3  6  0    -2.66816    -1.93863     3.29808
1997  3  7  0    -2.72597    -1.81449     3.27465
1997  3  8  0    -2.75088    -1.79938     3.28711
1997  3  9  0    -2.78774    -1.85346     3.34765
1997  3 10  0    -2.87758    -1.93229     3.46615
1997  3 11  0    -2.92028    -2.04903     3.56743
1997  3 12  0    -2.83401    -2.28396     3.63979
1997  3 13  0    -2.61911    -2.56746     3.66764
1997  3 14  0    -2.25393    -2.93052     3.69705
1997  3 15  0    -1.69242    -3.32423     3.73025
1997  3 16  0    -1.04845    -3.59226     3.74214
1997  3 17  0    -0.47711    -3.66171     3.69267
1997  3 18  0     0.02383    -3.60054     3.60062
1997  3 19  0     0.44419    -3.54061     3.56836
1997  3 20  0     0.77255    -3.43631     3.52208
1997  3 21  0     1.06084    -3.33586     3.50048
1997  3 22  0     1.30196    -3.28434     3.53298
1997  3 23  0     1.58418    -3.29012     3.65165
1997  3 24  0     1.92843    -3.29021     3.81370
1997  3 25  0     2.29002    -3.26248     3.98597
1997  3 26  0     2.59455    -3.11366     4.05297
1997  3 27  0     2.80599    -2.83971     3.99218
1997  3 28  0     2.98034    -2.51928     3.90246
1997  3 29  0     3.00785    -2.21486     3.73534
1997  3 30  0     2.88967    -1.82659     3.41857
1997  3 31  0     2.83566    -1.41125     3.16743
1997  4  1  0     2.75102    -0.99571     2.92568
1997  4  2  0     2.64829    -0.52406     2.69965
1997  4  3  0     2.46321    -0.04311     2.46359
1997  4  4  0     2.17493     0.36566     2.20545
1997  4  5  0     1.82856     0.74274     1.97365
1997  4  6  0     1.44376     1.17605     1.86213
1997  4  7  0     1.14885     1.47855     1.87242
1997  4  8  0     0.91535     1.66233     1.89768
1997  4  9  0     0.61321     1.76846     1.87176
1997  4 10  0     0.24374     1.84234     1.85840
1997  4 11  0    -0.10302     1.77144     1.77444
1997  4 12  0    -0.38967     1.65561     1.70085
1997  4 13  0    -0.61069     1.47954     1.60062
1997  4 14  0    -0.78199     1.20835     1.43931
1997  4 15  0    -0.80188     0.80857     1.13877
1997  4 16  0    -0.78619     0.47243     0.91721
1997  4 17  0    -0.67935     0.15012     0.69574
1997  4 18  0    -0.52789    -0.10522     0.53827
1997  4 19  0    -0.33162    -0.27626     0.43161
1997  4 20  0    -0.13461    -0.39575     0.41802
1997  4 21  0     0.06546    -0.50627     0.51048
1997  4 22  0     0.26012    -0.54657     0.60531
1997  4 23  0     0.49102    -0.56365     0.74753
1997  4 24  0     0.66510    -0.49335     0.82810
1997  4 25  0     0.77973    -0.42946     0.89017
1997  4 26  0     0.81101    -0.30881     0.86782
1997  4 27  0     0.83321    -0.19956     0.85678
1997  4 28  0     0.86032    -0.18348     0.87967
1997  4 29  0     0.90807    -0.19833     0.92948
1997  4 30  0     0.92130    -0.25086     0.95484
1997  5  1  0     0.94814    -0.35466     1.01230
1997  5  2  0     0.95473    -0.43684     1.04992
1997  5  3  0     0.98853    -0.57505     1.14362
1997  5  4  0     1.06906    -0.69669     1.27603
1997  5  5  0     1.22087    -0.81301     1.46681
1997  5  6  0     1.38154    -0.81554     1.60430
1997  5  7  0     1.50823    -0.69131     1.65912
1997  5  8  0     1.56414    -0.51243     1.64594
1997  5  9  0     1.63367    -0.24186     1.65148
1997  5 10  0     1.65137     0.09304     1.65399
1997  5 11  0     1.68420     0.47581     1.75012
1997  5 12  0     1.64006     0.94031     1.89049
1997  5 13  0     1.51867     1.40102     2.06621
1997  5 14  0     1.20183     1.77094     2.14024
1997  5 15  0     0.75984     2.02752     2.16523
1997  5 16  0     0.29875     2.19416     2.21440
1997  5 17  0    -0.18174     2.24065     2.24801
1997  5 18  0    -0.69095     2.16128     2.26904
1997  5 19  0    -1.24561     1.97319     2.33346
1997  5 20  0    -1.79547     1.61791     2.41689
1997  5 21  0    -2.26369     1.18936     2.55713
1997  5 22  0    -2.59648     0.73293     2.69794
1997  5 23  0    -2.74640     0.31726     2.76467
1997  5 24  0    -2.83345    -0.14945     2.83739
1997  5 25  0    -2.88778    -0.51808     2.93388
1997  5 26  0    -2.83822    -0.79666     2.94791
1997  5 27  0    -2.72892    -0.98969     2.90284
1997  5 28  0    -2.51251    -1.13869     2.75850
1997  5 29  0    -2.32412    -1.21926     2.62452
1997  5 30  0    -2.10888    -1.30582     2.48044
1997  5 31  0    -1.89544    -1.37907     2.34404
1997  6  1  0    -1.72709    -1.40194     2.22447
1997  6  2  0    -1.53381    -1.30450     2.01352
1997  6  3  0    -1.27316    -1.28843     1.81135
1997  6  4  0    -1.04981    -1.28991     1.66312
1997  6  5  0    -0.84475    -1.30655     1.55585
1997  6  6  0    -0.63776    -1.30522     1.45270
1997  6  7  0    -0.43623    -1.27009     1.34291
1997  6  8  0    -0.26908    -1.19944     1.22925
1997  6  9  0    -0.06680    -1.11349     1.11549
1997  6 10  0     0.15635    -1.04244     1.05410
1997  6 11  0     0.34249    -0.97959     1.03773
1997  6 12  0     0.44764    -0.88977     0.99603
1997  6 13  0     0.53110    -0.77561     0.94002
1997  6 14  0     0.54238    -0.62663     0.82876
1997  6 15  0     0.56709    -0.50458     0.75907
1997  6 16  0     0.54569    -0.32586     0.63558
1997  6 17  0     0.49767    -0.21367     0.54160
1997  6 18  0     0.37740    -0.07953     0.38569
1997  6 19  0     0.29076     0.07938     0.30141
1997  6 20  0     0.22016     0.19594     0.29472
1997  6 21  0     0.18982     0.29578     0.35145
1997  6 22  0     0.18427     0.36159     0.40584
1997  6 23  0     0.24829     0.38483     0.45798
1997  6 24  0     0.30641     0.41991     0.51982
1997  6 25  0     0.45834     0.42343     0.62400
1997  6 26  0     0.60540     0.54646     0.81556
1997  6 27  0     0.78208     0.68558     1.04003
1997  6 28  0     0.89401     0.85211     1.23505
1997  6 29  0     0.91821     1.01085     1.36562
1997  6 30  0     0.87514     1.18742     1.47507
1997  7  1  0     0.78001     1.34189     1.55212
1997  7  2  0     0.65458     1.52262     1.65736
1997  7  3  0     0.57371     1.65643     1.75297
1997  7  4  0     0.44162     1.68259     1.73958
1997  7  5  0     0.30963     1.66840     1.69689
1997  7  6  0     0.13554     1.65698     1.66251
1997  7  7  0    -0.00825     1.63037     1.63039
1997  7  8  0    -0.10337     1.54430     1.54776
1997  7  9  0    -0.19503     1.44675     1.45984
1997  7 10  0    -0.29819     1.35438     1.38682
1997  7 11  0    -0.30043     1.21747     1.25399
1997  7 12  0    -0.31912     1.07807     1.12431
1997  7 13  0    -0.31508     0.94406     0.99525
1997  7 14  0    -0.31558     0.76442     0.82700
1997  7 15  0    -0.32612     0.55630     0.64485
1997  7 16  0    -0.34012     0.40710     0.53048
1997  7 17  0    -0.30746     0.36541     0.47756
1997  7 18  0    -0.25868     0.32845     0.41809
1997  7 19  0    -0.14799     0.34688     0.37713
1997  7 20  0    -0.03989     0.38958     0.39161
1997  7 21  0    -0.05839     0.43993     0.44379
1997  7 22  0    -0.17900     0.51470     0.54494
1997  7 23  0    -0.30432     0.57646     0.65185
1997  7 24  0    -0.36279     0.61000     0.70973
1997  7 25  0    -0.42037     0.54334     0.68697
1997  7 26  0    -0.49954     0.39820     0.63883
1997  7 27  0    -0.58236     0.21297     0.62008
1997  7 28  0    -0.70622    -0.07451     0.71013
1997  7 29  0    -0.87224    -0.35418     0.94140
1997  7 30  0    -0.93442    -0.53614     1.07731
1997  7 31  0    -0.87966    -0.66481     1.10262
1997  8  1  0    -0.74515    -0.77854     1.07767
1997  8  2  0    -0.64141    -0.87081     1.08154
1997  8  3  0    -0.58580    -0.92361     1.09372
1997  8  4  0    -0.51805    -0.94746     1.07984
1997  8  5  0    -0.40785    -0.92509     1.01100
1997  8  6  0    -0.31357    -0.83116     0.88834
1997  8  7  0    -0.22494    -0.85341     0.88256
1997  8  8  0    -0.16236    -0.98353     0.99684
1997  8  9  0    -0.10201    -1.06528     1.07015
1997  8 10  0    -0.05918    -1.12963     1.13118
1997  8 11  0    -0.03802    -1.25151     1.25209
1997  8 12  0    -0.01207    -1.32990     1.32995
1997  8 13  0     0.00884    -1.30359     1.30362
1997  8 14  0     0.04691    -1.31308     1.31391
1997  8 15  0     0.05937    -1.34198     1.34330
1997  8 16  0     0.03095    -1.18276     1.18316
1997  8 17  0     0.01077    -0.92897     0.92904
1997  8 18  0    -0.05803    -0.70884     0.71122
1997  8 19  0    -0.12944    -0.49977     0.51626
1997  8 20  0    -0.22490    -0.28729     0.36485
1997  8 21  0    -0.29683    -0.09681     0.31222
1997  8 22  0    -0.34372     0.00558     0.34376
1997  8 23  0    -0.38870     0.04741     0.39158
1997  8 24  0    -0.35149     0.07768     0.35997
1997  8 25  0    -0.25175     0.05457     0.25760
1997  8 26  0    -0.07429    -0.02846     0.07956
1997  8 27  0     0.16895    -0.16196     0.23404
1997  8 28  0     0.37189    -0.25295     0.44976
1997  8 29  0     0.61681    -0.29712     0.68465
1997  8 30  0     0.85069    -0.35605     0.92219
1997  8 31  0     1.01987    -0.41352     1.10052
1997  9  1  0     1.12602    -0.41557     1.20026
1997  9  2  0     1.16857    -0.35817     1.22223
1997  9  3  0     1.18257    -0.30319     1.22082
1997  9  4  0     1.07073    -0.21744     1.09259
1997  9  5  0     1.04045    -0.16256     1.05307
1997  9  6  0     1.01952    -0.21689     1.04234
1997  9  7  0     0.96806    -0.29580     1.01225
1997  9  8  0     0.94976    -0.38286     1.02403
1997  9  9  0     0.89740    -0.44557     1.00193
1997  9 10  0     0.76031    -0.39165     0.85525
1997  9 11  0     0.69171    -0.39176     0.79495
1997  9 12  0     0.60923    -0.39993     0.72877
1997  9 13  0     0.60071    -0.38687     0.71451
1997  9 14  0     0.41294    -0.27113     0.49400
1997  9 15  0     0.14268    -0.09070     0.16907
1997  9 16  0    -0.11871     0.11006     0.16187
1997  9 17  0    -0.39280     0.29250     0.48974
1997  9 18  0    -0.53358     0.41402     0.67537
1997  9 19  0    -0.61391     0.41174     0.73919
1997  9 20  0    -0.74706     0.40260     0.84863
1997  9 21  0    -0.82560     0.36916     0.90437
1997  9 22  0    -0.82695     0.29452     0.87783
1997  9 23  0    -0.69639     0.21498     0.72882
1997  9 24  0    -0.46800     0.12015     0.48318
1997  9 25  0    -0.28909     0.03072     0.29071
1997  9 26  0    -0.15115    -0.03179     0.15446
1997  9 27  0    -0.07625    -0.04947     0.09090
1997  9 28  0     0.04478    -0.06745     0.08096
1997  9 29  0     0.15419    -0.06161     0.16604
1997  9 30  0     0.27135    -0.05488     0.27684
1997 10  1  0     0.27548    -0.00660     0.27556
1997 10  2  0     0.25904     0.00650     0.25912
1997 10  3  0     0.22059    -0.01278     0.22096
1997 10  4  0     0.22790    -0.06194     0.23617
1997 10  5  0     0.27467    -0.15393     0.31487
1997 10  6  0     0.35311    -0.29172     0.45802
1997 10  7  0     0.42789    -0.37610     0.56969
1997 10  8  0     0.55247    -0.48515     0.73525
1997 10  9  0     0.70959    -0.56907     0.90959
1997 10 10  0     0.86336    -0.60108     1.05199
1997 10 11  0     0.95614    -0.59636     1.12688
1997 10 12  0     0.94096    -0.55557     1.09273
1997 10 13  0     0.89510    -0.58361     1.06855
1997 10 14  0     0.83186    -0.59800     1.02450
1997 10 15  0     0.76427    -0.51925     0.92397
1997 10 16  0     0.68531    -0.43200     0.81010
1997 10 17  0     0.58698    -0.30313     0.66063
1997 10 18  0     0.43163    -0.20238     0.47672
1997 10 19  0     0.32116    -0.12822     0.34581
1997 10 20  0     0.19921    -0.08186     0.21537
1997 10 21  0     0.12382    -0.04554     0.13193
1997 10 22  0     0.09009     0.06008     0.10829
1997 10 23  0    -0.02470     0.14389     0.14600
1997 10 24  0    -0.17399     0.21087     0.27338
1997 10 25  0    -0.28029     0.19311     0.34037
1997 10 26  0    -0.36364     0.13650     0.38841
1997 10 27  0    -0.41196     0.11979     0.42903
1997 10 28  0    -0.42805     0.08429     0.43627
1997 10 29  0    -0.36761     0.06780     0.37381
1997 10 30  0    -0.24869     0.03454     0.25107
1997 10 31  0    -0.15647     0.02025     0.15777
1997 11  1  0    -0.04358     0.03396     0.05525
1997 11  2  0     0.03747     0.02130     0.04310
1997 11  3  0     0.09992     0.03157     0.10479
1997 11  4  0     0.17090     0.04953     0.17794
1997 11  5  0     0.29095     0.06442     0.29799
1997 11  6  0     0.41140     0.08132     0.41936
1997 11  7  0     0.48392     0.11137     0.49657
1997 11  8  0     0.50316     0.20502     0.54332
1997 11  9  0     0.52469     0.25880     0.58504
1997 11 10  0     0.55142     0.27514     0.61625
1997 11 11  0     0.56746     0.24341     0.61746
1997 11 12  0     0.56616     0.23172     0.61175
1997 11 13  0     0.60353     0.23887     0.64908
1997 11 14  0     0.67796     0.26156     0.72667
1997 11 15  0     0.66289     0.29681     0.72631
1997 11 16  0     0.60624     0.38328     0.71724
1997 11 17  0     0.61199     0.52305     0.80505
1997 11 18  0     0.60567     0.64820     0.88714
1997 11 19  0     0.53010     0.73774     0.90844
1997 11 20  0     0.39276     0.75643     0.85232
1997 11 21  0     0.23119     0.70548     0.74240
1997 11 22  0     0.13475     0.59747     0.61248
1997 11 23  0     0.02917     0.40303     0.40408
1997 11 24  0     0.00821     0.21600     0.21616
1997 11 25  0     0.08873     0.02041     0.09105
1997 11 26  0     0.19806    -0.21603     0.29308
1997 11 27  0     0.25172    -0.42236     0.49168
1997 11 28  0     0.29829    -0.50171     0.58368
1997 11 29  0     0.38232    -0.44263     0.58488
1997 11 30  0     0.51262    -0.36063     0.62676
1997 12  1  0     0.61159    -0.26105     0.66497
1997 12  2  0     0.67042    -0.16501     0.69042
1997 12  3  0     0.71158    -0.04420     0.71295
1997 12  4  0     0.68399     0.07556     0.68815
1997 12  5  0     0.56112     0.18234     0.59001
1997 12  6  0     0.48173     0.26386     0.54926
1997 12  7  0     0.42135     0.30451     0.51987
1997 12  8  0     0.33571     0.25708     0.42284
1997 12  9  0     0.27499     0.18678     0.33243
1997 12 10  0     0.15786     0.07203     0.17352
1997 12 11  0     0.08799    -0.02353     0.09108
1997 12 12  0     0.01467    -0.07771     0.07908
1997 12 13  0    -0.00895    -0.12149     0.12182
1997 12 14  0     0.02724    -0.19642     0.19830
1997 12 15  0     0.03778    -0.22451     0.22766
1997 12 16  0    -0.01618    -0.19591     0.19658
1997 12 17  0    -0.15324    -0.10968     0.18845
1997 12 18  0    -0.37354     0.05684     0.37784
1997 12 19  0    -0.54881     0.26920     0.61128
1997 12 20  0    -0.69761     0.49069     0.85290
1997 12 21  0    -0.82423     0.67036     1.06242
1997 12 22  0    -0.97298     0.81223     1.26744
1997 12 23  0    -1.12646     0.91139     1.44898
1997 12 24  0    -1.31495     0.94133     1.61715
1997 12 25  0    -1.45549     0.85926     1.69020
1997 12 26  0    -1.53384     0.71336     1.69161
1997 12 27  0    -1.49873     0.50255     1.58074
1997 12 28  0    -1.45930     0.26652     1.48344
1997 12 29  0    -1.39348     0.03707     1.39397
1997 12 30  0    -1.29371    -0.16690     1.30443
1997 12 31  0    -1.27549    -0.28274     1.30645
1998  1  1  0    -1.31575    -0.34379     1.35992
1998  1  2  0    -1.29248    -0.35932     1.34150
1998  1  3  0    -1.19658    -0.37720     1.25463
1998  1  4  0    -1.03183    -0.41944     1.11383
1998  1  5  0    -0.79736    -0.54882     0.96798
1998  1  6  0    -0.48979    -0.73048     0.87948
1998  1  7  0    -0.17623    -0.89283     0.91006
1998  1  8  0     0.18963    -1.03545     1.05267
1998  1  9  0     0.64004    -1.15021     1.31629
1998  1 10  0     1.15813    -1.22579     1.68636
1998  1 11  0     1.56780    -1.28705     2.02842
1998  1 12  0     1.86974    -1.16265     2.20175
1998  1 13  0     1.99579    -0.93557     2.20419
1998  1 14  0     1.88072    -0.67156     1.99702
1998  1 15  0     1.68428    -0.39049     1.72896
1998  1 16  0     1.47150    -0.10953     1.47557
1998  1 17  0     1.22018     0.12542     1.22661
1998  1 18  0     0.99734     0.24327     1.02658
1998  1 19  0     0.75488     0.23440     0.79044
1998  1 20  0     0.57872     0.23787     0.62570
1998  1 21  0     0.34172     0.17646     0.38459
1998  1 22  0     0.17052     0.02344     0.17212
1998  1 23  0     0.12495    -0.15079     0.19583
1998  1 24  0     0.15783    -0.28898     0.32927
1998  1 25  0     0.19852    -0.45873     0.49984
1998  1 26  0     0.24586    -0.62762     0.67405
1998  1 27  0     0.27291    -0.72627     0.77585
1998  1 28  0     0.33520    -0.73476     0.80761
1998  1 29  0     0.48341    -0.74011     0.88399
1998  1 30  0     0.72409    -0.81954     1.09360
1998  1 31  0     0.98025    -0.79689     1.26330
1998  2  1  0     1.22521    -0.64662     1.38538
1998  2  2  0     1.34678    -0.43421     1.41504
1998  2  3  0     1.36381    -0.20296     1.37882
1998  2  4  0     1.27752     0.06452     1.27914
1998  2  5  0     1.20258     0.34112     1.25002
1998  2  6  0     1.14125     0.56783     1.27471
1998  2  7  0     0.96213     0.65540     1.16415
1998  2  8  0     0.72484     0.73316     1.03098
1998  2  9  0     0.56750     0.71029     0.90916
1998  2 10  0     0.48176     0.65435     0.81257
1998  2 11  0     0.46866     0.59543     0.75775
1998  2 12  0     0.53617     0.59301     0.79946
1998  2 13  0     0.66681     0.61252     0.90544
1998  2 14  0     0.72502     0.64227     0.96859
1998  2 15  0     0.72874     0.69733     1.00863
1998  2 16  0     0.72167     0.81094     1.08556
1998  2 17  0     0.70972     0.87111     1.12363
1998  2 18  0     0.63440     0.96337     1.15349
1998  2 19  0     0.46002     1.00833     1.10831
1998  2 20  0     0.25374     0.98870     1.02074
1998  2 21  0     0.01849     0.92806     0.92824
1998  2 22  0    -0.20318     0.83139     0.85585
1998  2 23  0    -0.38196     0.68628     0.78541
1998  2 24  0    -0.55390     0.52549     0.76351
1998  2 25  0    -0.60732     0.41434     0.73520
1998  2 26  0    -0.60624     0.34681     0.69843
1998  2 27  0    -0.59338     0.32206     0.67514
1998  2 28  0    -0.53848     0.32220     0.62752
1998  3  1  0    -0.47171     0.38109     0.60642
1998  3  2  0    -0.43307     0.36744     0.56794
1998  3  3  0    -0.46447     0.33001     0.56977
1998  3  4  0    -0.55737     0.29195     0.62920
1998  3  5  0    -0.61098     0.26959     0.66781
1998  3  6  0    -0.60304     0.23279     0.64641
1998  3  7  0    -0.58257     0.21164     0.61982
1998  3  8  0    -0.51668     0.19174     0.55111
1998  3  9  0    -0.42619     0.21142     0.47575
1998  3 10  0    -0.38304     0.20499     0.43444
1998  3 11  0    -0.37100     0.25568     0.45057
1998  3 12  0    -0.37933     0.29267     0.47911
1998  3 13  0    -0.37880     0.27614     0.46876
1998  3 14  0    -0.38636     0.22845     0.44884
1998  3 15  0    -0.44829     0.18426     0.48468
1998  3 16  0    -0.51532     0.06861     0.51987
1998  3 17  0    -0.53661    -0.09794     0.54548
1998  3 18  0    -0.52714    -0.22424     0.57285
1998  3 19  0    -0.50543    -0.24979     0.56379
1998  3 20  0    -0.44136    -0.27091     0.51787
1998  3 21  0    -0.39073    -0.30174     0.49368
1998  3 22  0    -0.32212    -0.30704     0.44501
1998  3 23  0    -0.25859    -0.31509     0.40761
1998  3 24  0    -0.12641    -0.38921     0.40922
1998  3 25  0     0.00573    -0.42164     0.42168
1998  3 26  0     0.13274    -0.34142     0.36632
1998  3 27  0     0.26644    -0.24192     0.35988
1998  3 28  0     0.37718    -0.17301     0.41497
1998  3 29  0     0.53892    -0.09076     0.54651
1998  3 30  0     0.75811    -0.00730     0.75814
1998  3 31  0     0.90298     0.04868     0.90429
1998  4  1  0     0.99073     0.05138     0.99206
1998  4  2  0     1.02496     0.12013     1.03198
1998  4  3  0     1.10899     0.23301     1.13321
1998  4  4  0     1.12133     0.26618     1.15249
1998  4  5  0     1.10207     0.27617     1.13615
1998  4  6  0     1.08126     0.30208     1.12266
1998  4  7  0     1.03191     0.38023     1.09974
1998  4  8  0     0.99374     0.44877     1.09038
1998  4  9  0     0.96504     0.52174     1.09705
1998  4 10  0     0.86699     0.59740     1.05288
1998  4 11  0     0.72259     0.63295     0.96060
1998  4 12  0     0.58649     0.66385     0.88581
1998  4 13  0     0.54403     0.73473     0.91422
1998  4 14  0     0.55905     0.77897     0.95882
1998  4 15  0     0.54801     0.79550     0.96599
1998  4 16  0     0.40627     0.73790     0.84235
1998  4 17  0     0.19843     0.72083     0.74764
1998  4 18  0    -0.01694     0.71600     0.71620
1998  4 19  0    -0.15882     0.67892     0.69725
1998  4 20  0    -0.26251     0.62029     0.67355
1998  4 21  0    -0.38920     0.51533     0.64579
1998  4 22  0    -0.49700     0.41217     0.64567
1998  4 23  0    -0.58489     0.34303     0.67805
1998  4 24  0    -0.59303     0.32304     0.67530
1998  4 25  0    -0.47706     0.35103     0.59229
1998  4 26  0    -0.40251     0.31630     0.51192
1998  4 27  0    -0.26805     0.23781     0.35834
1998  4 28  0    -0.12215     0.19352     0.22884
1998  4 29  0     0.01686     0.17490     0.17571
1998  4 30  0     0.15476     0.12478     0.19880
1998  5  1  0     0.23289     0.06622     0.24212
1998  5  2  0     0.28137     0.02422     0.28241
1998  5  3  0     0.31792    -0.04894     0.32166
1998  5  4  0     0.41317    -0.06090     0.41763
1998  5  5  0     0.68930     0.01689     0.68950
1998  5  6  0     0.91997     0.10528     0.92597
1998  5  7  0     1.15166     0.28063     1.18535
1998  5  8  0     1.38415     0.47148     1.46224
1998  5  9  0     1.57352     0.78017     1.75631
1998  5 10  0     1.71212     1.09606     2.03290
1998  5 11  0     1.73263     1.41491     2.23696
1998  5 12  0     1.61944     1.72560     2.36649
1998  5 13  0     1.32630     1.95359     2.36126
1998  5 14  0     0.88208     2.06102     2.24184
1998  5 15  0     0.43682     2.14182     2.18591
1998  5 16  0    -0.04266     2.07967     2.08010
1998  5 17  0    -0.48224     1.94241     2.00138
1998  5 18  0    -0.86028     1.71881     1.92208
1998  5 19  0    -1.20090     1.48425     1.90923
1998  5 20  0    -1.47124     1.23926     1.92362
1998  5 21  0    -1.67142     1.02810     1.96231
1998  5 22  0    -1.74432     0.83974     1.93593
1998  5 23  0    -1.80421     0.68154     1.92865
1998  5 24  0    -1.81342     0.60118     1.91048
1998  5 25  0    -1.77240     0.59228     1.86875
1998  5 26  0    -1.71423     0.58718     1.81201
1998  5 27  0    -1.62156     0.54613     1.71105
1998  5 28  0    -1.43833     0.50892     1.52571
1998  5 29  0    -1.19235     0.45528     1.27632
1998  5 30  0    -0.88579     0.39783     0.97102
1998  5 31  0    -0.62546     0.37064     0.72703
1998  6  1  0    -0.38738     0.40610     0.56123
1998  6  2  0    -0.21611     0.43781     0.48825
1998  6  3  0    -0.04920     0.39773     0.40076
1998  6  4  0     0.03303     0.38834     0.38974
1998  6  5  0    -0.00577     0.48642     0.48646
1998  6  6  0    -0.06253     0.60239     0.60562
1998  6  7  0    -0.12544     0.60728     0.62010
1998  6  8  0    -0.20143     0.56680     0.60153
1998  6  9  0    -0.22300     0.52506     0.57045
1998  6 10  0    -0.20283     0.44634     0.49026
1998  6 11  0    -0.10964     0.32811     0.34594
1998  6 12  0    -0.07818     0.28665     0.29712
1998  6 13  0    -0.05802     0.34013     0.34505
1998  6 14  0     0.02076     0.26982     0.27062
1998  6 15  0     0.05646     0.14038     0.15131
1998  6 16  0     0.10451     0.15130     0.18389
1998  6 17  0     0.12844     0.19737     0.23548
1998  6 18  0     0.15628     0.26055     0.30383
1998  6 19  0     0.27503     0.39575     0.48193
1998  6 20  0     0.29883     0.53754     0.61502
1998  6 21  0     0.35612     0.67509     0.76326
1998  6 22  0     0.47540     0.69697     0.84366
1998  6 23  0     0.58555     0.78292     0.97767
1998  6 24  0     0.58811     0.88156     1.05973
1998  6 25  0     0.56569     0.93184     1.09011
1998  6 26  0     0.54903     0.92056     1.07185
1998  6 27  0     0.50766     0.79738     0.94527
1998  6 28  0     0.40579     0.54088     0.67618
1998  6 29  0     0.35237     0.31442     0.47225
1998  6 30  0     0.26295     0.11628     0.28751
1998  7  1  0     0.15980    -0.08054     0.17895
1998  7  2  0     0.09324    -0.24523     0.26235
1998  7  3  0     0.08011    -0.38761     0.39581
1998  7  4  0     0.09464    -0.51039     0.51910
1998  7  5  0     0.15743    -0.65346     0.67216
1998  7  6  0     0.17169    -0.76540     0.78442
1998  7  7  0     0.12723    -0.78882     0.79902
1998  7  8  0     0.14819    -0.79047     0.80424
1998  7  9  0     0.25907    -0.78855     0.83002
1998  7 10  0     0.38460    -0.79272     0.88109
1998  7 11  0     0.54257    -0.91282     1.06189
1998  7 12  0     0.78449    -1.03513     1.29881
1998  7 13  0     0.97218    -1.09423     1.46372
1998  7 14  0     1.14841    -1.10048     1.59056
1998  7 15  0     1.38502    -1.09496     1.76556
1998  7 16  0     1.60779    -1.08263     1.93832
1998  7 17  0     1.71520    -1.08277     2.02838
1998  7 18  0     1.73691    -0.99749     2.00296
1998  7 19  0     1.68752    -0.87912     1.90278
1998  7 20  0     1.59074    -0.67750     1.72901
1998  7 21  0     1.46372    -0.48910     1.54328
1998  7 22  0     1.30040    -0.37708     1.35397
1998  7 23  0     1.06790    -0.19965     1.08640
1998  7 24  0     0.79075     0.02060     0.79102
1998  7 25  0     0.54658     0.20601     0.58412
1998  7 26  0     0.34276     0.31695     0.46684
1998  7 27  0     0.11972     0.27109     0.29635
1998  7 28  0    -0.05392     0.24727     0.25308
1998  7 29  0    -0.19069     0.15187     0.24378
1998  7 30  0    -0.35557     0.08453     0.36548
1998  7 31  0    -0.46195     0.08754     0.47017
1998  8  1  0    -0.51097     0.05680     0.51411
1998  8  2  0    -0.52536     0.03732     0.52668
1998  8  3  0    -0.50759    -0.00472     0.50761
1998  8  4  0    -0.50825     0.00761     0.50831
1998  8  5  0    -0.47507     0.05669     0.47844
1998  8  6  0    -0.48171     0.05027     0.48433
1998  8  7  0    -0.37049     0.13323     0.39372
1998  8  8  0    -0.26434     0.16667     0.31250
1998  8  9  0    -0.27748     0.07435     0.28727
1998  8 10  0    -0.25567     0.02531     0.25692
1998  8 11  0    -0.18910     0.04981     0.19555
1998  8 12  0    -0.17170     0.12923     0.21490
1998  8 13  0    -0.15148     0.15719     0.21829
1998  8 14  0    -0.11531     0.16710     0.20302
1998  8 15  0     0.04572     0.20983     0.21475
1998  8 16  0     0.06399     0.24100     0.24935
1998  8 17  0     0.00678     0.26514     0.26523
1998  8 18  0     0.07267     0.31765     0.32585
1998  8 19  0     0.09049     0.34488     0.35655
1998  8 20  0     0.07791     0.24723     0.25921
1998  8 21  0     0.07591     0.16649     0.18298
1998  8 22  0     0.09287     0.10460     0.13988
1998  8 23  0     0.15305     0.04620     0.15987
1998  8 24  0     0.15758    -0.09191     0.18242
1998  8 25  0     0.14605    -0.28948     0.32423
1998  8 26  0     0.13826    -0.41229     0.43485
1998  8 27  0     0.08887    -0.42328     0.43251
1998  8 28  0     0.05993    -0.42278     0.42700
1998  8 29  0     0.03482    -0.41574     0.41719
1998  8 30  0     0.02173    -0.52264     0.52309
1998  8 31  0    -0.01796    -0.59638     0.59666
1998  9  1  0    -0.11996    -0.61214     0.62378
1998  9  2  0    -0.16886    -0.59759     0.62099
1998  9  3  0    -0.15677    -0.50772     0.53137
1998  9  4  0    -0.10472    -0.42631     0.43899
1998  9  5  0    -0.12399    -0.43459     0.45193
1998  9  6  0    -0.16004    -0.47746     0.50357
1998  9  7  0    -0.27081    -0.47840     0.54973
1998  9  8  0    -0.38660    -0.37933     0.54162
1998  9  9  0    -0.46836    -0.24677     0.52939
1998  9 10  0    -0.50291    -0.14468     0.52331
1998  9 11  0    -0.61192    -0.01797     0.61218
1998  9 12  0    -0.71060     0.08690     0.71589
1998  9 13  0    -0.78007     0.17339     0.79911
1998  9 14  0    -0.80727     0.29362     0.85901
1998  9 15  0    -0.71122     0.46104     0.84758
1998  9 16  0    -0.56745     0.60509     0.82954
1998  9 17  0    -0.47404     0.69465     0.84098
1998  9 18  0    -0.38086     0.77886     0.86699
1998  9 19  0    -0.25009     0.88501     0.91966
1998  9 20  0    -0.19251     0.97677     0.99556
1998  9 21  0    -0.23984     1.10773     1.13340
1998  9 22  0    -0.29219     1.23600     1.27007
1998  9 23  0    -0.29995     1.28078     1.31544
1998  9 24  0    -0.44753     1.23152     1.31032
1998  9 25  0    -0.64834     1.21248     1.37494
1998  9 26  0    -0.78647     1.25051     1.47727
1998  9 27  0    -0.92542     1.25440     1.55882
1998  9 28  0    -1.09981     1.25158     1.66614
1998  9 29  0    -1.16293     1.24327     1.70239
1998  9 30  0    -1.07089     1.16798     1.58461
1998 10  1  0    -1.03971     1.09033     1.50659
1998 10  2  0    -1.06469     1.05344     1.49777
1998 10  3  0    -0.98693     1.05564     1.44513
1998 10  4  0    -0.86075     0.98743     1.30993
1998 10  5  0    -0.79478     0.80194     1.12906
1998 10  6  0    -0.74366     0.55787     0.92965
1998 10  7  0    -0.71515     0.33579     0.79006
1998 10  8  0    -0.74261     0.11774     0.75189
1998 10  9  0    -0.82447    -0.13009     0.83467
1998 10 10  0    -0.79078    -0.35600     0.86722
1998 10 11  0    -0.70535    -0.50609     0.86812
1998 10 12  0    -0.68178    -0.59889     0.90747
1998 10 13  0    -0.71174    -0.61017     0.93749
1998 10 14  0    -0.74518    -0.57353     0.94034
1998 10 15  0    -0.77651    -0.52556     0.93764
1998 10 16  0    -0.74662    -0.54713     0.92563
1998 10 17  0    -0.65392    -0.55247     0.85606
1998 10 18  0    -0.49966    -0.50536     0.71067
1998 10 19  0    -0.34211    -0.44802     0.56370
1998 10 20  0    -0.16116    -0.35609     0.39086
1998 10 21  0     0.05890    -0.32215     0.32749
1998 10 22  0     0.32426    -0.33703     0.46769
1998 10 23  0     0.55690    -0.25457     0.61232
1998 10 24  0     0.70913    -0.10467     0.71682
1998 10 25  0     0.82609     0.07572     0.82956
1998 10 26  0     0.90065     0.25238     0.93534
1998 10 27  0     0.93589     0.39430     1.01556
1998 10 28  0     0.87459     0.46244     0.98932
1998 10 29  0     0.79495     0.45881     0.91785
1998 10 30  0     0.69074     0.42053     0.80868
1998 10 31  0     0.55600     0.39400     0.68145
1998 11  1  0     0.44233     0.36456     0.57320
1998 11  2  0     0.38687     0.31587     0.49945
1998 11  3  0     0.27431     0.28198     0.39340
1998 11  4  0     0.16195     0.28012     0.32357
1998 11  5  0    -0.00869     0.30445     0.30458
1998 11  6  0    -0.14108     0.35562     0.38258
1998 11  7  0    -0.25267     0.36012     0.43992
1998 11  8  0    -0.32476     0.38416     0.50304
1998 11  9  0    -0.41947     0.42038     0.59387
1998 11 10  0    -0.53303     0.40308     0.66828
1998 11 11  0    -0.66037     0.42383     0.78468
1998 11 12  0    -0.80101     0.42130     0.90505
1998 11 13  0    -0.91929     0.38774     0.99772
1998 11 14  0    -1.06458     0.25905     1.09565
1998 11 15  0    -1.21029     0.12570     1.21680
1998 11 16  0    -1.34989     0.00270     1.34989
1998 11 17  0    -1.45220    -0.12197     1.45732
1998 11 18  0    -1.51759    -0.31366     1.54966
1998 11 19  0    -1.47801    -0.60305     1.59630
1998 11 20  0    -1.28580    -0.95487     1.60158
1998 11 21  0    -0.97536    -1.22609     1.56673
1998 11 22  0    -0.72439    -1.31726     1.50331
1998 11 23  0    -0.58203    -1.25162     1.38033
1998 11 24  0    -0.45192    -1.15754     1.24263
1998 11 25  0    -0.33217    -1.02923     1.08150
1998 11 26  0    -0.30950    -0.90379     0.95531
1998 11 27  0    -0.31037    -0.75551     0.81678
1998 11 28  0    -0.35799    -0.62467     0.71998
1998 11 29  0    -0.40905    -0.47447     0.62645
1998 11 30  0    -0.38611    -0.30974     0.49499
1998 12  1  0    -0.32143    -0.15249     0.35577
1998 12  2  0    -0.22324     0.03062     0.22533
1998 12  3  0    -0.14420     0.18280     0.23283
1998 12  4  0    -0.10738     0.30285     0.32132
1998 12  5  0    -0.08771     0.33777     0.34898
1998 12  6  0    -0.06028     0.35805     0.36309
1998 12  7  0     0.00849     0.42312     0.42321
1998 12  8  0     0.09148     0.45341     0.46254
1998 12  9  0     0.06849     0.47831     0.48319
1998 12 10  0    -0.06426     0.44166     0.44631
1998 12 11  0    -0.21391     0.32903     0.39245
1998 12 12  0    -0.28760     0.26316     0.38983
1998 12 13  0    -0.29312     0.16465     0.33620
1998 12 14  0    -0.21329     0.06618     0.22332
1998 12 15  0    -0.15681    -0.05974     0.16780
1998 12 16  0    -0.09220    -0.24068     0.25773
1998 12 17  0    -0.03991    -0.44305     0.44484
1998 12 18  0     0.01205    -0.57094     0.57106
1998 12 19  0     0.07525    -0.62310     0.62763
1998 12 20  0     0.11850    -0.56219     0.57454
1998 12 21  0     0.14571    -0.46545     0.48772
1998 12 22  0     0.14196    -0.33202     0.36110
1998 12 23  0     0.09406    -0.18718     0.20948
1998 12 24  0     0.01657    -0.00964     0.01917
1998 12 25  0    -0.02037     0.20296     0.20398
1998 12 26  0    -0.00656     0.42330     0.42335
1998 12 27  0     0.07535     0.61657     0.62116
1998 12 28  0     0.18188     0.75378     0.77541
1998 12 29  0     0.30783     0.79664     0.85405
1998 12 30  0     0.39838     0.70514     0.80990
1998 12 31  0     0.43353     0.49809     0.66034
1999  1  1  0     0.43914     0.27439     0.51782
1999  1  2  0     0.54508    -0.01919     0.54542
1999  1  3  0     0.65923    -0.29862     0.72371
1999  1  4  0     0.73571    -0.47740     0.87703
1999  1  5  0     0.82745    -0.68146     1.07194
1999  1  6  0     0.91800    -0.88517     1.27525
1999  1  7  0     0.97792    -1.09077     1.46496
1999  1  8  0     0.98940    -1.18746     1.54563
1999  1  9  0     1.09985    -1.21843     1.64141
1999  1 10  0     1.22810    -1.20428     1.72004
1999  1 11  0     1.23248    -1.09020     1.64546
1999  1 12  0     1.18393    -0.96996     1.53053
1999  1 13  0     1.13404    -0.91107     1.45468
1999  1 14  0     1.07199    -0.77872     1.32498
1999  1 15  0     1.00099    -0.53315     1.13412
1999  1 16  0     0.92726    -0.21937     0.95286
1999  1 17  0     0.92278     0.09004     0.92716
1999  1 18  0     0.92914     0.43627     1.02647
1999  1 19  0     0.96344     0.75921     1.22663
1999  1 20  0     1.06605     0.96901     1.44064
1999  1 21  0     1.07556     1.16492     1.58552
1999  1 22  0     1.03086     1.34900     1.69779
1999  1 23  0     0.92828     1.43786     1.71147
1999  1 24  0     0.80146     1.43523     1.64384
1999  1 25  0     0.63205     1.35076     1.49132
1999  1 26  0     0.46749     1.20262     1.29029
1999  1 27  0     0.21173     1.01650     1.03832
1999  1 28  0    -0.09884     0.85064     0.85637
1999  1 29  0    -0.39467     0.75145     0.84879
1999  1 30  0    -0.57741     0.66910     0.88380
1999  1 31  0    -0.75373     0.59175     0.95827
1999  2  1  0    -0.92134     0.50295     1.04967
1999  2  2  0    -1.08684     0.42145     1.16569
1999  2  3  0    -1.21015     0.33165     1.25477
1999  2  4  0    -1.36831     0.24818     1.39063
1999  2  5  0    -1.56610     0.18169     1.57660
1999  2  6  0    -1.72547     0.08271     1.72745
1999  2  7  0    -1.86250    -0.01508     1.86256
1999  2  8  0    -2.02003    -0.12536     2.02391
1999  2  9  0    -2.04802    -0.14620     2.05323
1999  2 10  0    -2.05804    -0.06503     2.05906
1999  2 11  0    -2.03962    -0.03438     2.03991
1999  2 12  0    -1.94686    -0.11837     1.95046
1999  2 13  0    -1.82876    -0.22014     1.84196
1999  2 14  0    -1.67708    -0.35287     1.71380
1999  2 15  0    -1.46889    -0.43819     1.53285
1999  2 16  0    -1.21929    -0.51950     1.32535
1999  2 17  0    -0.93947    -0.67426     1.15639
1999  2 18  0    -0.79217    -0.85663     1.16677
1999  2 19  0    -0.62416    -1.01411     1.19079
1999  2 20  0    -0.44783    -1.16529     1.24838
1999  2 21  0    -0.24077    -1.20746     1.23123
1999  2 22  0    -0.01134    -1.24627     1.24633
1999  2 23  0     0.35017    -1.19297     1.24330
1999  2 24  0     0.65633    -1.06015     1.24687
1999  2 25  0     0.81035    -0.87841     1.19510
1999  2 26  0     0.90750    -0.61182     1.09448
1999  2 27  0     1.05334    -0.32998     1.10382
1999  2 28  0     1.20623    -0.15566     1.21623
1999  3  1  0     1.31119    -0.11022     1.31582
1999  3  2  0     1.41835    -0.07501     1.42033
1999  3  3  0     1.49438    -0.07191     1.49611
1999  3  4  0     1.50611    -0.16027     1.51461
1999  3  5  0     1.52162    -0.25906     1.54352
1999  3  6  0     1.55821    -0.38322     1.60464
1999  3  7  0     1.52053    -0.52350     1.60813
1999  3  8  0     1.50594    -0.68186     1.65312
1999  3  9  0     1.53930    -0.79561     1.73275
1999  3 10  0     1.67747    -0.80530     1.86076
1999  3 11  0     1.79929    -0.75883     1.95275
1999  3 12  0     1.92453    -0.64350     2.02926
1999  3 13  0     2.12942    -0.41497     2.16948
1999  3 14  0     2.32794    -0.10855     2.33047
1999  3 15  0     2.47001     0.31830     2.49043
1999  3 16  0     2.44419     0.79310     2.56965
1999  3 17  0     2.21281     1.10120     2.47168
1999  3 18  0     1.94841     1.22660     2.30236
1999  3 19  0     1.65886     1.28104     2.09592
1999  3 20  0     1.38220     1.29432     1.89361
1999  3 21  0     1.05696     1.34576     1.71120
1999  3 22  0     0.74356     1.34307     1.53516
1999  3 23  0     0.39947     1.33009     1.38879
1999  3 24  0     0.08239     1.36430     1.36678
1999  3 25  0    -0.17626     1.31298     1.32475
1999  3 26  0    -0.37603     1.25381     1.30898
1999  3 27  0    -0.54895     1.25004     1.36526
1999  3 28  0    -0.65826     1.16876     1.34138
1999  3 29  0    -0.83254     1.07088     1.35643
1999  3 30  0    -0.90078     0.95629     1.31373
1999  3 31  0    -0.99785     0.92177     1.35844
1999  4  1  0    -1.02604     0.94182     1.39276
1999  4  2  0    -1.07195     0.88094     1.38749
1999  4  3  0    -1.02844     0.80950     1.30881
1999  4  4  0    -0.98454     0.74913     1.23714
1999  4  5  0    -1.01049     0.66513     1.20974
1999  4  6  0    -1.06863     0.65261     1.25214
1999  4  7  0    -0.98405     0.66189     1.18594
1999  4  8  0    -0.92805     0.68756     1.15500
1999  4  9  0    -0.84955     0.76822     1.14538
1999  4 10  0    -0.76544     0.80286     1.10927
1999  4 11  0    -0.68446     0.91182     1.14013
1999  4 12  0    -0.70943     1.01605     1.23922
1999  4 13  0    -0.68722     1.10114     1.29799
1999  4 14  0    -0.66537     1.13615     1.31664
1999  4 15  0    -0.67366     1.09011     1.28147
1999  4 16  0    -0.72982     0.98979     1.22976
1999  4 17  0    -0.75274     0.82455     1.11646
1999  4 18  0    -0.82906     0.59466     1.02028
1999  4 19  0    -0.93327     0.33754     0.99244
1999  4 20  0    -1.06571     0.00625     1.06573
1999  4 21  0    -1.16400    -0.33475     1.21118
1999  4 22  0    -1.29063    -0.68616     1.46169
1999  4 23  0    -1.34946    -0.96829     1.66092
1999  4 24  0    -1.33895    -1.14717     1.76318
1999  4 25  0    -1.25829    -1.24066     1.76707
1999  4 26  0    -1.21983    -1.33640     1.80941
1999  4 27  0    -1.14905    -1.45848     1.85674
1999  4 28  0    -1.02140    -1.52173     1.83274
1999  4 29  0    -0.85797    -1.52937     1.75359
1999  4 30  0    -0.59941    -1.50048     1.61578
1999  5  1  0    -0.35623    -1.45395     1.49696
1999  5  2  0    -0.13223    -1.42187     1.42801
1999  5  3  0     0.07754    -1.44315     1.44523
1999  5  4  0     0.22510    -1.51501     1.53165
1999  5  5  0     0.36358    -1.56773     1.60934
1999  5  6  0     0.50881    -1.50872     1.59221
1999  5  7  0     0.64497    -1.50936     1.64139
1999  5  8  0     0.72286    -1.52724     1.68968
1999  5  9  0     0.69862    -1.51255     1.66609
1999  5 10  0     0.70718    -1.44614     1.60979
1999  5 11  0     0.75849    -1.38889     1.58251
1999  5 12  0     0.77364    -1.37963     1.58174
1999  5 13  0     0.77425    -1.35144     1.55751
1999  5 14  0     0.82550    -1.22560     1.47769
1999  5 15  0     0.82390    -1.06519     1.34664
1999  5 16  0     0.78059    -0.88792     1.18225
1999  5 17  0     0.76290    -0.73431     1.05889
1999  5 18  0     0.74158    -0.61064     0.96064
1999  5 19  0     0.66458    -0.43479     0.79417
1999  5 20  0     0.55391    -0.17108     0.57973
1999  5 21  0     0.48148     0.06251     0.48552
1999  5 22  0     0.39204     0.23375     0.45644
1999  5 23  0     0.27239     0.32543     0.42438
1999  5 24  0     0.18647     0.33240     0.38114
1999  5 25  0     0.04607     0.30256     0.30604
1999  5 26  0    -0.12327     0.26935     0.29622
1999  5 27  0    -0.32980     0.29305     0.44119
1999  5 28  0    -0.57925     0.25731     0.63383
1999  5 29  0    -0.76958     0.12031     0.77893
1999  5 30  0    -0.97285     0.08128     0.97624
1999  5 31  0    -1.11856     0.06057     1.12020
1999  6  1  0    -1.21144     0.06480     1.21317
1999  6  2  0    -1.24976     0.07648     1.25209
1999  6  3  0    -1.25981     0.12242     1.26574
1999  6  4  0    -1.24586     0.21635     1.26451
1999  6  5  0    -1.13718     0.33242     1.18477
1999  6  6  0    -0.94252     0.41005     1.02786
1999  6  7  0    -0.79566     0.44565     0.91196
1999  6  8  0    -0.61849     0.43239     0.75465
1999  6  9  0    -0.53162     0.45217     0.69791
1999  6 10  0    -0.52805     0.44874     0.69297
1999  6 11  0    -0.48189     0.43821     0.65134
1999  6 12  0    -0.40515     0.40819     0.57513
1999  6 13  0    -0.38563     0.29393     0.48488
1999  6 14  0    -0.42471     0.08691     0.43351
1999  6 15  0    -0.44571    -0.10387     0.45765
1999  6 16  0    -0.49878    -0.27532     0.56972
1999  6 17  0    -0.59920    -0.41735     0.73022
1999  6 18  0    -0.59627    -0.59380     0.84151
1999  6 19  0    -0.45725    -0.79381     0.91608
1999  6 20  0    -0.32003    -0.99337     1.04365
1999  6 21  0    -0.18860    -1.14146     1.15693
1999  6 22  0    -0.08605    -1.25024     1.25320
1999  6 23  0     0.04042    -1.30452     1.30515
1999  6 24  0     0.25563    -1.38309     1.40652
1999  6 25  0     0.47622    -1.46032     1.53601
1999  6 26  0     0.70988    -1.50525     1.66424
1999  6 27  0     0.93716    -1.49758     1.76663
1999  6 28  0     1.12703    -1.47752     1.85829
1999  6 29  0     1.29550    -1.38067     1.89330
1999  6 30  0     1.41027    -1.24858     1.88356
1999  7  1  0     1.61121    -1.05598     1.92642
1999  7  2  0     1.82081    -0.89660     2.02959
1999  7  3  0     1.89070    -0.67608     2.00794
1999  7  4  0     1.87082    -0.48145     1.93177
1999  7  5  0     1.79545    -0.30970     1.82197
1999  7  6  0     1.64461    -0.15740     1.65212
1999  7  7  0     1.46089     0.00158     1.46089
1999  7  8  0     1.20030     0.11849     1.20613
1999  7  9  0     0.98972     0.19869     1.00946
1999  7 10  0     0.82319     0.24768     0.85964
1999  7 11  0     0.64011     0.30626     0.70961
1999  7 12  0     0.41788     0.30228     0.51575
1999  7 13  0     0.22545     0.37963     0.44153
1999  7 14  0     0.04592     0.45544     0.45775
1999  7 15  0    -0.12550     0.51247     0.52761
1999  7 16  0    -0.31881     0.58732     0.66827
1999  7 17  0    -0.45020     0.64786     0.78892
1999  7 18  0    -0.56861     0.69919     0.90122
1999  7 19  0    -0.76763     0.70246     1.04053
1999  7 20  0    -1.00442     0.67677     1.21115
1999  7 21  0    -1.13201     0.67988     1.32049
1999  7 22  0    -1.17191     0.61245     1.32230
1999  7 23  0    -1.26686     0.50471     1.36369
1999  7 24  0    -1.32712     0.42506     1.39353
1999  7 25  0    -1.31949     0.27663     1.34817
1999  7 26  0    -1.25405     0.10393     1.25835
1999  7 27  0    -1.20061    -0.06463     1.20235
1999  7 28  0    -1.15406    -0.12351     1.16065
1999  7 29  0    -1.07944    -0.14467     1.08909
1999  7 30  0    -1.04651    -0.19286     1.06413
1999  7 31  0    -1.04806    -0.25091     1.07768
1999  8  1  0    -0.91850    -0.26375     0.95561
1999  8  2  0    -0.68448    -0.29171     0.74405
1999  8  3  0    -0.48117    -0.32053     0.57815
1999  8  4  0    -0.34168    -0.38776     0.51682
1999  8  5  0    -0.30639    -0.41552     0.51627
1999  8  6  0    -0.22353    -0.43650     0.49040
1999  8  7  0    -0.13852    -0.43795     0.45933
1999  8  8  0    -0.01796    -0.45204     0.45240
1999  8  9  0     0.11372    -0.44890     0.46308
1999  8 10  0     0.19662    -0.41132     0.45590
1999  8 11  0     0.22970    -0.36205     0.42877
1999  8 12  0     0.27536    -0.25050     0.37226
1999  8 13  0     0.37027    -0.14337     0.39705
1999  8 14  0     0.51436    -0.08626     0.52154
1999  8 15  0     0.67218    -0.08255     0.67723
1999  8 16  0     0.83817    -0.09155     0.84316
1999  8 17  0     1.04688    -0.07564     1.04961
1999  8 18  0     1.18432     0.01176     1.18438
1999  8 19  0     1.23111     0.15716     1.24110
1999  8 20  0     1.22832     0.34109     1.27480
1999  8 21  0     1.22316     0.46633     1.30904
1999  8 22  0     1.12011     0.61452     1.27760
1999  8 23  0     1.01563     0.80014     1.29295
1999  8 24  0     0.84634     0.97325     1.28977
1999  8 25  0     0.62786     1.05841     1.23063
1999  8 26  0     0.35937     1.08096     1.13913
1999  8 27  0     0.10800     1.02497     1.03064
1999  8 28  0     0.00063     0.89028     0.89028
1999  8 29  0    -0.07189     0.71614     0.71974
1999  8 30  0    -0.12478     0.57930     0.59259
1999  8 31  0    -0.10336     0.43486     0.44697
1999  9  1  0    -0.13347     0.30056     0.32886
1999  9  2  0    -0.18324     0.17462     0.25312
1999  9  3  0    -0.20123     0.11686     0.23270
1999  9  4  0    -0.21658     0.04079     0.22039
1999  9  5  0    -0.17933    -0.03435     0.18259
1999  9  6  0    -0.22946    -0.10091     0.25067
1999  9  7  0    -0.31228    -0.15671     0.34940
1999  9  8  0    -0.36805    -0.27695     0.46061
1999  9  9  0    -0.41239    -0.38079     0.56131
1999  9 10  0    -0.41953    -0.50961     0.66009
1999  9 11  0    -0.41976    -0.65913     0.78145
1999  9 12  0    -0.29687    -0.82655     0.87825
1999  9 13  0    -0.16196    -0.92414     0.93822
1999  9 14  0    -0.04687    -0.99773     0.99883
1999  9 15  0     0.09772    -1.03500     1.03960
1999  9 16  0     0.29348    -0.99515     1.03752
1999  9 17  0     0.39047    -0.95733     1.03390
1999  9 18  0     0.41893    -1.00107     1.08519
1999  9 19  0     0.54136    -0.98013     1.11970
1999  9 20  0     0.72779    -0.87451     1.13774
1999  9 21  0     0.86672    -0.67362     1.09771
1999  9 22  0     0.96455    -0.43141     1.05664
1999  9 23  0     1.08367    -0.10890     1.08913
1999  9 24  0     1.19471     0.13974     1.20285
1999  9 25  0     1.26685     0.27696     1.29677
1999  9 26  0     1.37018     0.39475     1.42591
1999  9 27  0     1.46480     0.54737     1.56373
1999  9 28  0     1.49467     0.62723     1.62094
1999  9 29  0     1.50288     0.63530     1.63164
1999  9 30  0     1.49966     0.55953     1.60064
1999 10  1  0     1.43492     0.41540     1.49384
1999 10  2  0     1.33418     0.22900     1.35369
1999 10  3  0     1.25167     0.14383     1.25991
1999 10  4  0     1.20146     0.07721     1.20394
1999 10  5  0     1.09160     0.05411     1.09294
1999 10  6  0     1.00927     0.11757     1.01610
1999 10  7  0     0.87572     0.21389     0.90147
1999 10  8  0     0.73925     0.35949     0.82202
1999 10  9  0     0.50698     0.55349     0.75059
1999 10 10  0     0.21701     0.77561     0.80540
1999 10 11  0    -0.08553     0.89271     0.89680
1999 10 12  0    -0.35543     0.91088     0.97777
1999 10 13  0    -0.64483     0.89151     1.10027
1999 10 14  0    -0.87615     0.87342     1.23713
1999 10 15  0    -1.01133     0.84886     1.32036
1999 10 16  0    -1.02688     0.87011     1.34595
1999 10 17  0    -1.09770     0.90845     1.42486
1999 10 18  0    -1.20705     0.91014     1.51173
1999 10 19  0    -1.24196     0.91388     1.54196
1999 10 20  0    -1.25002     0.96912     1.58169
1999 10 21  0    -1.30952     0.95201     1.61900
1999 10 22  0    -1.40268     0.95774     1.69846
1999 10 23  0    -1.48451     0.99370     1.78639
1999 10 24  0    -1.62037     0.98883     1.89826
1999 10 25  0    -1.81781     0.93641     2.04483
1999 10 26  0    -1.94885     0.85542     2.12833
1999 10 27  0    -2.01437     0.79719     2.16638
1999 10 28  0    -2.10388     0.72148     2.22415
1999 10 29  0    -2.23368     0.61714     2.31737
1999 10 30  0    -2.33233     0.47755     2.38072
1999 10 31  0    -2.35466     0.36750     2.38317
1999 11  1  0    -2.31232     0.21455     2.32225
1999 11  2  0    -2.22765     0.03964     2.22800
1999 11  3  0    -2.13963    -0.06791     2.14071
1999 11  4  0    -2.09479    -0.21057     2.10535
1999 11  5  0    -2.00207    -0.40485     2.04259
1999 11  6  0    -1.83389    -0.56401     1.91866
1999 11  7  0    -1.63550    -0.66203     1.76441
1999 11  8  0    -1.42600    -0.64284     1.56420
1999 11  9  0    -1.16402    -0.66503     1.34060
1999 11 10  0    -0.92347    -0.65448     1.13187
1999 11 11  0    -0.74603    -0.59358     0.95336
1999 11 12  0    -0.59895    -0.56732     0.82498
1999 11 13  0    -0.43897    -0.52884     0.68729
1999 11 14  0    -0.25356    -0.52356     0.58173
1999 11 15  0    -0.09476    -0.52948     0.53790
1999 11 16  0     0.07174    -0.62550     0.62960
1999 11 17  0     0.17431    -0.69878     0.72019
1999 11 18  0     0.22609    -0.75517     0.78828
1999 11 19  0     0.34930    -0.83628     0.90630
1999 11 20  0     0.58602    -0.80580     0.99637
1999 11 21  0     0.85684    -0.66365     1.08379
1999 11 22  0     1.09650    -0.57414     1.23772
1999 11 23  0     1.22974    -0.50633     1.32990
1999 11 24  0     1.27928    -0.45959     1.35933
1999 11 25  0     1.28770    -0.42563     1.35622
1999 11 26  0     1.33672    -0.47292     1.41791
1999 11 27  0     1.37379    -0.49217     1.45930
1999 11 28  0     1.31060    -0.47839     1.39518
1999 11 29  0     1.15006    -0.39373     1.21559
1999 11 30  0     0.95700    -0.34553     1.01747
1999 12  1  0     0.75602    -0.19673     0.78119
1999 12  2  0     0.59366     0.04283     0.59521
1999 12  3  0     0.43398     0.29142     0.52274
1999 12  4  0     0.34698     0.57067     0.66787
1999 12  5  0     0.26275     0.88278     0.92105
1999 12  6  0     0.20468     1.20681     1.22405
1999 12  7  0     0.22457     1.48064     1.49757
1999 12  8  0     0.23588     1.62946     1.64644
1999 12  9  0     0.27460     1.77761     1.79869
1999 12 10  0     0.23422     1.82722     1.84217
1999 12 11  0     0.13571     1.76908     1.77428
1999 12 12  0     0.02827     1.61783     1.61807
1999 12 13  0    -0.15353     1.46988     1.47788
1999 12 14  0    -0.28583     1.30739     1.33827
1999 12 15  0    -0.40779     1.07958     1.15403
1999 12 16  0    -0.47581     0.80715     0.93696
1999 12 17  0    -0.45975     0.58812     0.74650
1999 12 18  0    -0.42692     0.34554     0.54924
1999 12 19  0    -0.33788     0.18627     0.38582
1999 12 20  0    -0.26430     0.03331     0.26639
1999 12 21  0    -0.15968    -0.11064     0.19427
1999 12 22  0    -0.02160    -0.27535     0.27619
1999 12 23  0     0.07464    -0.46087     0.46688
1999 12 24  0     0.16818    -0.63841     0.66019
1999 12 25  0     0.23084    -0.71163     0.74814
1999 12 26  0     0.35089    -0.74317     0.82184
1999 12 27  0     0.48378    -0.74333     0.88690
1999 12 28  0     0.63960    -0.79226     1.01822
1999 12 29  0     0.80775    -0.75734     1.10726
1999 12 30  0     0.94877    -0.67698     1.16553
1999 12 31  0     1.06132    -0.63318     1.23584
2000  1  1  0     1.16636    -0.61081     1.31662
2000  1  2  0     1.20948    -0.55713     1.33163
2000  1  3  0     1.18276    -0.57041     1.31312
2000  1  4  0     1.06812    -0.63009     1.24012
2000  1  5  0     0.88352    -0.60794     1.07247
2000  1  6  0     0.63487    -0.51178     0.81546
2000  1  7  0     0.39347    -0.44218     0.59190
2000  1  8  0     0.27937    -0.44670     0.52687
2000  1  9  0     0.20638    -0.45296     0.49776
2000  1 10  0     0.12755    -0.32460     0.34876
2000  1 11  0     0.12369    -0.19837     0.23377
2000  1 12  0     0.20050    -0.06398     0.21046
2000  1 13  0     0.30374     0.05578     0.30882
2000  1 14  0     0.34633     0.07052     0.35344
2000  1 15  0     0.39157     0.10290     0.40487
2000  1 16  0     0.47493     0.18199     0.50860
2000  1 17  0     0.50518     0.26460     0.57028
2000  1 18  0     0.44688     0.30274     0.53977
2000  1 19  0     0.39783     0.25386     0.47193
2000  1 20  0     0.31157     0.26204     0.40711
2000  1 21  0     0.16948     0.26501     0.31457
2000  1 22  0     0.02632     0.28866     0.28986
2000  1 23  0    -0.03317     0.31601     0.31774
2000  1 24  0    -0.07194     0.30496     0.31333
2000  1 25  0    -0.17198     0.26730     0.31784
2000  1 26  0    -0.30327     0.30960     0.43339
2000  1 27  0    -0.31660     0.40980     0.51785
2000  1 28  0    -0.27801     0.49933     0.57151
2000  1 29  0    -0.21629     0.53527     0.57731
2000  1 30  0    -0.09972     0.64061     0.64833
2000  1 31  0    -0.00024     0.70389     0.70389
2000  2  1  0     0.02703     0.71994     0.72044
2000  2  2  0     0.02498     0.68663     0.68709
2000  2  3  0     0.03479     0.69512     0.69599
2000  2  4  0     0.03342     0.73349     0.73425
2000  2  5  0     0.02830     0.78039     0.78090
2000  2  6  0     0.01041     0.77637     0.77644
2000  2  7  0    -0.00113     0.70274     0.70274
2000  2  8  0    -0.00076     0.60374     0.60374
2000  2  9  0     0.00137     0.52193     0.52193
2000  2 10  0     0.14816     0.45611     0.47957
2000  2 11  0     0.37462     0.39639     0.54540
2000  2 12  0     0.55150     0.26158     0.61039
2000  2 13  0     0.69152     0.05991     0.69411
2000  2 14  0     0.78083    -0.15722     0.79650
2000  2 15  0     0.88515    -0.32049     0.94139
2000  2 16  0     1.03127    -0.42662     1.11603
2000  2 17  0     1.05927    -0.51585     1.17820
2000  2 18  0     1.01713    -0.47299     1.12172
2000  2 19  0     0.96632    -0.35816     1.03056
2000  2 20  0     0.88871    -0.21357     0.91402
2000  2 21  0     0.84379    -0.07716     0.84731
2000  2 22  0     0.78899     0.10228     0.79559
2000  2 23  0     0.67314     0.34844     0.75797
2000  2 24  0     0.47528     0.55545     0.73104
2000  2 25  0     0.24147     0.70315     0.74346
2000  2 26  0     0.11741     0.80666     0.81516
2000  2 27  0     0.05813     0.78153     0.78369
2000  2 28  0     0.02579     0.78221     0.78264
2000  2 29  0     0.02949     0.75701     0.75758
2000  3  1  0    -0.03285     0.66828     0.66909
2000  3  2  0    -0.10311     0.54419     0.55387
2000  3  3  0    -0.17070     0.41542     0.44912
2000  3  4  0    -0.26946     0.31654     0.41570
2000  3  5  0    -0.46706     0.21532     0.51431
2000  3  6  0    -0.65614     0.20539     0.68754
2000  3  7  0    -0.79435     0.26393     0.83705
2000  3  8  0    -0.94752     0.32122     1.00049
2000  3  9  0    -1.12293     0.44071     1.20631
2000  3 10  0    -1.15343     0.57815     1.29021
2000  3 11  0    -1.15286     0.71226     1.35514
2000  3 12  0    -1.07007     0.76358     1.31457
2000  3 13  0    -0.98980     0.75022     1.24198
2000  3 14  0    -0.93701     0.71820     1.18060
2000  3 15  0    -0.92505     0.50583     1.05432
2000  3 16  0    -0.81838     0.24119     0.85318
2000  3 17  0    -0.70430    -0.00286     0.70430
2000  3 18  0    -0.58764    -0.19959     0.62061
2000  3 19  0    -0.50178    -0.35243     0.61318
2000  3 20  0    -0.45650    -0.52826     0.69818
2000  3 21  0    -0.52943    -0.70827     0.88427
2000  3 22  0    -0.62035    -0.80002     1.01236
2000  3 23  0    -0.65106    -0.87334     1.08931
2000  3 24  0    -0.67722    -0.89049     1.11875
2000  3 25  0    -0.74033    -0.86677     1.13990
2000  3 26  0    -0.73995    -0.81761     1.10273
2000  3 27  0    -0.71594    -0.78670     1.06370
2000  3 28  0    -0.67036    -0.74285     1.00060
2000  3 29  0    -0.55997    -0.70381     0.89939
2000  3 30  0    -0.46462    -0.62317     0.77731
2000  3 31  0    -0.40941    -0.58852     0.71692
2000  4  1  0    -0.31851    -0.58309     0.66441
2000  4  2  0    -0.17566    -0.54332     0.57102
2000  4  3  0    -0.02956    -0.47963     0.48054
2000  4  4  0     0.10474    -0.39872     0.41224
2000  4  5  0     0.22504    -0.31390     0.38623
2000  4  6  0     0.29163    -0.23505     0.37456
2000  4  7  0     0.27744    -0.12252     0.30328
2000  4  8  0     0.28173    -0.03026     0.28335
2000  4  9  0     0.29985     0.06735     0.30732
2000  4 10  0     0.23664     0.15447     0.28259
2000  4 11  0     0.11240     0.23040     0.25635
2000  4 12  0    -0.00978     0.27724     0.27741
2000  4 13  0    -0.12198     0.30188     0.32559
2000  4 14  0    -0.23845     0.33790     0.41357
2000  4 15  0    -0.31488     0.31689     0.44673
2000  4 16  0    -0.32544     0.27099     0.42349
2000  4 17  0    -0.33548     0.27127     0.43143
2000  4 18  0    -0.38356     0.23786     0.45133
2000  4 19  0    -0.36471     0.23827     0.43565
2000  4 20  0    -0.29299     0.17657     0.34208
2000  4 21  0    -0.19508     0.11813     0.22805
2000  4 22  0    -0.20540     0.09377     0.22579
2000  4 23  0    -0.20526     0.10024     0.22843
2000  4 24  0    -0.21243     0.14732     0.25851
2000  4 25  0    -0.24986     0.16128     0.29739
2000  4 26  0    -0.30345     0.12515     0.32824
2000  4 27  0    -0.36716     0.14250     0.39384
2000  4 28  0    -0.52261     0.16082     0.54680
2000  4 29  0    -0.71356     0.23134     0.75013
2000  4 30  0    -0.90276     0.26190     0.93998
2000  5  1  0    -1.04644     0.27453     1.08185
2000  5  2  0    -1.18812     0.25150     1.21445
2000  5  3  0    -1.33942     0.17984     1.35144
2000  5  4  0    -1.47522     0.12240     1.48029
2000  5  5  0    -1.53593    -0.03891     1.53642
2000  5  6  0    -1.55874    -0.21946     1.57411
2000  5  7  0    -1.49643    -0.35961     1.53903
2000  5  8  0    -1.44804    -0.51021     1.53530
2000  5  9  0    -1.39467    -0.65017     1.53877
2000  5 10  0    -1.24599    -0.82008     1.49165
2000  5 11  0    -1.11865    -0.94853     1.46665
2000  5 12  0    -0.90502    -0.98006     1.33401
2000  5 13  0    -0.71628    -0.95071     1.19034
2000  5 14  0    -0.61753    -0.82618     1.03147
2000  5 15  0    -0.51625    -0.75832     0.91737
2000  5 16  0    -0.44017    -0.77464     0.89097
2000  5 17  0    -0.39181    -0.84689     0.93313
2000  5 18  0    -0.31440    -0.88964     0.94356
2000  5 19  0    -0.29754    -0.87117     0.92058
2000  5 20  0    -0.20918    -0.84460     0.87012
2000  5 21  0    -0.12937    -0.83625     0.84619
2000  5 22  0     0.01558    -0.86213     0.86227
2000  5 23  0     0.23655    -0.83426     0.86715
2000  5 24  0     0.45083    -0.71265     0.84328
2000  5 25  0     0.63581    -0.55080     0.84121
2000  5 26  0     0.91698    -0.24169     0.94830
2000  5 27  0     1.13911     0.03963     1.13980
2000  5 28  0     1.42346     0.28186     1.45110
2000  5 29  0     1.67560     0.40599     1.72409
2000  5 30  0     1.79970     0.52918     1.87588
2000  5 31  0     1.84374     0.68524     1.96696
2000  6  1  0     1.82405     0.77333     1.98121
2000  6  2  0     1.77664     0.79134     1.94491
2000  6  3  0     1.73000     0.80627     1.90866
2000  6  4  0     1.57487     0.72297     1.73289
2000  6  5  0     1.34932     0.63815     1.49261
2000  6  6  0     1.12017     0.47559     1.21695
2000  6  7  0     0.94754     0.32174     1.00067
2000  6  8  0     0.75905     0.20130     0.78529
2000  6  9  0     0.55899     0.10621     0.56899
2000  6 10  0     0.29294     0.00199     0.29294
2000  6 11  0     0.04047    -0.05472     0.06806
2000  6 12  0    -0.10601    -0.12475     0.16372
2000  6 13  0    -0.20270    -0.18741     0.27606
2000  6 14  0    -0.10495    -0.21337     0.23778
2000  6 15  0    -0.07009    -0.22960     0.24006
2000  6 16  0    -0.16780    -0.21325     0.27135
2000  6 17  0    -0.20410    -0.17612     0.26958
2000  6 18  0    -0.15387    -0.18905     0.24376
2000  6 19  0    -0.02561    -0.17350     0.17538
2000  6 20  0     0.08292    -0.16697     0.18642
2000  6 21  0     0.07588    -0.07306     0.10534
2000  6 22  0     0.15238     0.09296     0.17850
2000  6 23  0     0.18110     0.23819     0.29922
2000  6 24  0     0.19781     0.43129     0.47449
2000  6 25  0     0.26175     0.57787     0.63438
2000  6 26  0     0.27375     0.62569     0.68295
2000  6 27  0     0.30507     0.66185     0.72878
2000  6 28  0     0.27361     0.67704     0.73024
2000  6 29  0     0.14730     0.70506     0.72028
2000  6 30  0     0.03475     0.68392     0.68480
2000  7  1  0    -0.11292     0.58515     0.59595
2000  7  2  0    -0.29453     0.49006     0.57176
2000  7  3  0    -0.48753     0.41715     0.64164
2000  7  4  0    -0.69001     0.30630     0.75493
2000  7  5  0    -0.82525     0.26711     0.86740
2000  7  6  0    -1.02407     0.27195     1.05956
2000  7  7  0    -1.16237     0.29594     1.19945
2000  7  8  0    -1.19551     0.27810     1.22743
2000  7  9  0    -1.23544     0.16628     1.24658
2000  7 10  0    -1.31993    -0.00414     1.31993
2000  7 11  0    -1.47354    -0.14988     1.48115
2000  7 12  0    -1.50768    -0.32486     1.54229
2000  7 13  0    -1.45110    -0.43473     1.51482
2000  7 14  0    -1.33823    -0.61478     1.47269
2000  7 15  0    -1.16470    -0.82352     1.42643
2000  7 16  0    -1.03066    -0.99268     1.43097
2000  7 17  0    -0.95192    -1.10524     1.45867
2000  7 18  0    -0.79360    -1.13331     1.38354
2000  7 19  0    -0.53968    -1.18225     1.29960
2000  7 20  0    -0.20448    -1.29773     1.31374
2000  7 21  0     0.06461    -1.36439     1.36591
2000  7 22  0     0.30552    -1.42028     1.45277
2000  7 23  0     0.50620    -1.43111     1.51799
2000  7 24  0     0.73010    -1.41123     1.58890
2000  7 25  0     1.00920    -1.42051     1.74251
2000  7 26  0     1.25684    -1.37528     1.86307
2000  7 27  0     1.50524    -1.36515     2.03209
2000  7 28  0     1.65527    -1.27062     2.08672
2000  7 29  0     1.74659    -1.09984     2.06403
2000  7 30  0     1.80959    -0.91662     2.02850
2000  7 31  0     1.79102    -0.72181     1.93100
2000  8  1  0     1.78476    -0.49012     1.85083
2000  8  2  0     1.66973    -0.29585     1.69574
2000  8  3  0     1.50380    -0.08091     1.50598
2000  8  4  0     1.39853     0.08972     1.40140
2000  8  5  0     1.30063     0.25976     1.32632
2000  8  6  0     1.21851     0.34786     1.26719
2000  8  7  0     1.14616     0.37952     1.20736
2000  8  8  0     1.03396     0.41964     1.11587
2000  8  9  0     0.99698     0.55127     1.13924
2000  8 10  0     0.90816     0.64434     1.11353
2000  8 11  0     0.78369     0.78343     1.10812
2000  8 12  0     0.59734     0.92183     1.09845
2000  8 13  0     0.34764     1.09607     1.14988
2000  8 14  0    -0.00239     1.26798     1.26798
2000  8 15  0    -0.30145     1.46015     1.49095
2000  8 16  0    -0.62229     1.71202     1.82161
2000  8 17  0    -0.92449     1.89881     2.11191
2000  8 18  0    -1.26315     1.88663     2.27045
2000  8 19  0    -1.52924     1.82748     2.38291
2000  8 20  0    -1.75860     1.71014     2.45301
2000  8 21  0    -1.89914     1.53878     2.44429
2000  8 22  0    -1.94863     1.28433     2.33381
2000  8 23  0    -1.93282     1.01419     2.18275
2000  8 24  0    -2.03447     0.73941     2.16467
2000  8 25  0    -2.09106     0.40591     2.13009
2000  8 26  0    -2.01543     0.06291     2.01641
2000  8 27  0    -1.91226    -0.17415     1.92018
2000  8 28  0    -1.88787    -0.47883     1.94765
2000  8 29  0    -1.81680    -0.75805     1.96860
2000  8 30  0    -1.74957    -0.99308     2.01177
2000  8 31  0    -1.66134    -1.11699     2.00193
2000  9  1  0    -1.55957    -1.23760     1.99096
2000  9  2  0    -1.33115    -1.35910     1.90240
2000  9  3  0    -1.09719    -1.46304     1.82874
2000  9  4  0    -0.96068    -1.53322     1.80933
2000  9  5  0    -0.85452    -1.57487     1.79176
2000  9  6  0    -0.68306    -1.48086     1.63080
2000  9  7  0    -0.52125    -1.33661     1.43465
2000  9  8  0    -0.32273    -1.19714     1.23988
2000  9  9  0    -0.11873    -1.14432     1.15046
2000  9 10  0     0.14566    -1.04858     1.05865
2000  9 11  0     0.46338    -0.89265     1.00576
2000  9 12  0     0.82265    -0.71182     1.08786
2000  9 13  0     1.25713    -0.51932     1.36018
2000  9 14  0     1.65291    -0.33735     1.68699
2000  9 15  0     1.99819    -0.19986     2.00816
2000  9 16  0     2.31347    -0.06045     2.31426
2000  9 17  0     2.45759     0.06302     2.45840
2000  9 18  0     2.49469     0.18466     2.50152
2000  9 19  0     2.48938     0.30951     2.50855
2000  9 20  0     2.41034     0.43560     2.44938
2000  9 21  0     2.27945     0.47252     2.32791
2000  9 22  0     2.11182     0.48573     2.16696
2000  9 23  0     1.99976     0.50641     2.06289
2000  9 24  0     1.78810     0.56598     1.87553
2000  9 25  0     1.53654     0.62038     1.65705
2000  9 26  0     1.39386     0.70659     1.56273
2000  9 27  0     1.32193     0.83118     1.56153
2000  9 28  0     1.20800     0.94981     1.53669
2000  9 29  0     1.07978     1.03711     1.49717
2000  9 30  0     0.90269     1.17826     1.48430
2000 10  1  0     0.60622     1.31316     1.44634
2000 10  2  0     0.27100     1.42405     1.44961
2000 10  3  0     0.02437     1.43818     1.43839
2000 10  4  0    -0.17535     1.43600     1.44667
2000 10  5  0    -0.43522     1.45185     1.51568
2000 10  6  0    -0.76381     1.40939     1.60306
2000 10  7  0    -1.04606     1.28800     1.65927
2000 10  8  0    -1.34328     1.16383     1.77733
2000 10  9  0    -1.61844     1.01516     1.91047
2000 10 10  0    -1.78350     0.83023     1.96727
2000 10 11  0    -1.90731     0.60061     1.99964
2000 10 12  0    -1.96507     0.50384     2.02864
2000 10 13  0    -1.95999     0.43825     2.00839
2000 10 14  0    -1.84848     0.42070     1.89575
2000 10 15  0    -1.69146     0.43989     1.74773
2000 10 16  0    -1.58924     0.49610     1.66487
2000 10 17  0    -1.47362     0.52190     1.56331
2000 10 18  0    -1.35213     0.55079     1.46001
2000 10 19  0    -1.25480     0.58227     1.38332
2000 10 20  0    -1.17135     0.62007     1.32535
2000 10 21  0    -1.19277     0.55471     1.31545
2000 10 22  0    -1.31293     0.45352     1.38905
2000 10 23  0    -1.47911     0.27677     1.50478
2000 10 24  0    -1.59231     0.14283     1.59870
2000 10 25  0    -1.64214    -0.02528     1.64233
2000 10 26  0    -1.68228    -0.23004     1.69793
2000 10 27  0    -1.60128    -0.48440     1.67295
2000 10 28  0    -1.47524    -0.69539     1.63092
2000 10 29  0    -1.31563    -0.84539     1.56383
2000 10 30  0    -1.11521    -1.07394     1.54824
2000 10 31  0    -0.81411    -1.28382     1.52019
2000 11  1  0    -0.44820    -1.43563     1.50396
2000 11  2  0    -0.10318    -1.57574     1.57911
2000 11  3  0     0.22087    -1.64018     1.65498
2000 11  4  0     0.56467    -1.64726     1.74135
2000 11  5  0     0.82050    -1.62474     1.82017
2000 11  6  0     1.06957    -1.59441     1.91993
2000 11  7  0     1.27474    -1.57257     2.02434
2000 11  8  0     1.39431    -1.43461     2.00056
2000 11  9  0     1.55037    -1.30000     2.02328
2000 11 10  0     1.68877    -1.17444     2.05700
2000 11 11  0     1.71981    -1.06642     2.02362
2000 11 12  0     1.73352    -0.87859     1.94345
2000 11 13  0     1.72644    -0.71835     1.86992
2000 11 14  0     1.78359    -0.59863     1.88137
2000 11 15  0     1.77247    -0.46504     1.83246
2000 11 16  0     1.77079    -0.25647     1.78926
2000 11 17  0     1.75793    -0.00334     1.75794
2000 11 18  0     1.65244     0.36409     1.69208
2000 11 19  0     1.44152     0.84203     1.66943
2000 11 20  0     1.04498     1.24801     1.62773
2000 11 21  0     0.57042     1.40170     1.51332
2000 11 22  0     0.12582     1.43514     1.44065
2000 11 23  0    -0.29410     1.39960     1.43017
2000 11 24  0    -0.60046     1.31571     1.44625
2000 11 25  0    -0.82235     1.16827     1.42868
2000 11 26  0    -0.98345     1.01471     1.41308
2000 11 27  0    -1.09197     0.85407     1.38630
2000 11 28  0    -1.19619     0.64841     1.36063
2000 11 29  0    -1.33923     0.40092     1.39796
2000 11 30  0    -1.47457     0.19760     1.48775
2000 12  1  0    -1.51702     0.00450     1.51703
2000 12  2  0    -1.53873    -0.13840     1.54494
2000 12  3  0    -1.51777    -0.29539     1.54624
2000 12  4  0    -1.47513    -0.45210     1.54286
2000 12  5  0    -1.47624    -0.58295     1.58717
2000 12  6  0    -1.47186    -0.66086     1.61341
2000 12  7  0    -1.38077    -0.63606     1.52022
2000 12  8  0    -1.22547    -0.58799     1.35923
2000 12  9  0    -1.08061    -0.63728     1.25453
2000 12 10  0    -0.97994    -0.68630     1.19637
2000 12 11  0    -0.88767    -0.70279     1.13220
2000 12 12  0    -0.87623    -0.66534     1.10021
2000 12 13  0    -0.81363    -0.66049     1.04797
2000 12 14  0    -0.66168    -0.70585     0.96749
2000 12 15  0    -0.49469    -0.72640     0.87885
2000 12 16  0    -0.37862    -0.79863     0.88383
2000 12 17  0    -0.30053    -0.80140     0.85590
2000 12 18  0    -0.21259    -0.67447     0.70718
2000 12 19  0    -0.10024    -0.53792     0.54718
2000 12 20  0    -0.00086    -0.41792     0.41792
2000 12 21  0     0.10708    -0.25535     0.27689
2000 12 22  0     0.15009    -0.10332     0.18222
2000 12 23  0     0.20046     0.00331     0.20048
2000 12 24  0     0.26774     0.02175     0.26862
2000 12 25  0     0.33285     0.04260     0.33556
2000 12 26  0     0.43346    -0.06627     0.43850
2000 12 27  0     0.54478    -0.25558     0.60175
2000 12 28  0     0.66656    -0.40425     0.77956
2000 12 29  0     0.75580    -0.56583     0.94414
2000 12 30  0     0.84245    -0.68829     1.08787
2000 12 31  0     0.92624    -0.76990     1.20444
2001  1  1  0     0.98876    -0.75850     1.24618
2001  1  2  0     1.04609    -0.70099     1.25924
2001  1  3  0     1.12999    -0.59336     1.27630
2001  1  4  0     1.19934    -0.39930     1.26407
2001  1  5  0     1.20783    -0.10023     1.21198
2001  1  6  0     1.21406     0.23845     1.23725
2001  1  7  0     1.24729     0.57907     1.37515
2001  1  8  0     1.23123     0.80389     1.47043
2001  1  9  0     1.15955     1.01157     1.53877
2001  1 10  0     1.11030     1.25662     1.67686
2001  1 11  0     1.11442     1.49008     1.86072
2001  1 12  0     1.16295     1.69135     2.05258
2001  1 13  0     1.18453     1.85830     2.20372
2001  1 14  0     1.21072     1.88841     2.24320
2001  1 15  0     1.24160     1.81187     2.19646
2001  1 16  0     1.27820     1.69731     2.12477
2001  1 17  0     1.35711     1.58778     2.08873
2001  1 18  0     1.45990     1.43034     2.04381
2001  1 19  0     1.55146     1.19283     1.95701
2001  1 20  0     1.55008     0.99087     1.83972
2001  1 21  0     1.47184     0.82458     1.68708
2001  1 22  0     1.49047     0.70011     1.64671
2001  1 23  0     1.54050     0.67620     1.68237
2001  1 24  0     1.54820     0.69432     1.69676
2001  1 25  0     1.56806     0.68617     1.71162
2001  1 26  0     1.60930     0.60103     1.71788
2001  1 27  0     1.61216     0.52765     1.69632
2001  1 28  0     1.49552     0.52820     1.58606
2001  1 29  0     1.28542     0.63503     1.43373
2001  1 30  0     0.99496     0.79632     1.27440
2001  1 31  0     0.68873     0.97116     1.19059
2001  2  1  0     0.47600     1.15980     1.25368
2001  2  2  0     0.20750     1.35375     1.36956
2001  2  3  0    -0.10701     1.55100     1.55469
2001  2  4  0    -0.50093     1.76066     1.83053
2001  2  5  0    -0.93878     1.87217     2.09436
2001  2  6  0    -1.28725     1.94905     2.33577
2001  2  7  0    -1.49990     1.99224     2.49373
2001  2  8  0    -1.59516     1.91273     2.49060
2001  2  9  0    -1.66071     1.74758     2.41081
2001  2 10  0    -1.82192     1.45323     2.33051
2001  2 11  0    -1.95259     1.13369     2.25785
2001  2 12  0    -2.10967     0.79435     2.25426
2001  2 13  0    -2.30566     0.48781     2.35670
2001  2 14  0    -2.50288     0.23318     2.51372
2001  2 15  0    -2.70797    -0.04757     2.70838
2001  2 16  0    -2.88721    -0.45687     2.92313
2001  2 17  0    -3.01986    -0.78662     3.12063
2001  2 18  0    -3.17743    -1.02430     3.33845
2001  2 19  0    -3.31218    -1.24536     3.53857
2001  2 20  0    -3.41897    -1.47217     3.72245
2001  2 21  0    -3.44148    -1.69920     3.83810
2001  2 22  0    -3.29742    -2.02162     3.86781
2001  2 23  0    -2.93095    -2.41490     3.79766
2001  2 24  0    -2.36461    -2.80671     3.67001
2001  2 25  0    -1.79506    -2.98894     3.48654
2001  2 26  0    -1.35107    -3.03924     3.32602
2001  2 27  0    -0.98213    -3.00556     3.16195
2001  2 28  0    -0.66647    -2.79260     2.87103
2001  3  1  0    -0.49745    -2.48701     2.53627
2001  3  2  0    -0.27013    -2.19467     2.21124
2001  3  3  0     0.01743    -1.89031     1.89039
2001  3  4  0     0.25379    -1.61510     1.63492
2001  3  5  0     0.35932    -1.37571     1.42186
2001  3  6  0     0.37118    -1.09723     1.15831
2001  3  7  0     0.37746    -0.78341     0.86960
2001  3  8  0     0.37948    -0.51638     0.64083
2001  3  9  0     0.36539    -0.38274     0.52915
2001  3 10  0     0.32990    -0.32451     0.46275
2001  3 11  0     0.32163    -0.21878     0.38898
2001  3 12  0     0.30090    -0.10431     0.31847
2001  3 13  0     0.26295    -0.05985     0.26967
2001  3 14  0     0.28785    -0.00268     0.28787
2001  3 15  0     0.35398    -0.01700     0.35439
2001  3 16  0     0.48147    -0.03867     0.48302
2001  3 17  0     0.64438     0.02561     0.64488
2001  3 18  0     0.72230     0.13630     0.73504
2001  3 19  0     0.73663     0.24687     0.77690
2001  3 20  0     0.79723     0.24723     0.83468
2001  3 21  0     0.82929     0.16711     0.84596
2001  3 22  0     0.89048     0.15213     0.90338
2001  3 23  0     0.97266     0.14500     0.98341
2001  3 24  0     1.02599     0.15740     1.03800
2001  3 25  0     0.95184     0.18268     0.96921
2001  3 26  0     0.85254     0.17777     0.87088
2001  3 27  0     0.83167     0.16606     0.84808
2001  3 28  0     0.89067     0.06617     0.89312
2001  3 29  0     0.89878    -0.09454     0.90374
2001  3 30  0     0.85548    -0.20910     0.88066
2001  3 31  0     0.78461    -0.27799     0.83240
2001  4  1  0     0.68890    -0.32414     0.76135
2001  4  2  0     0.57978    -0.31294     0.65885
2001  4  3  0     0.56834    -0.29211     0.63901
2001  4  4  0     0.54126    -0.22477     0.58608
2001  4  5  0     0.45184    -0.17116     0.48317
2001  4  6  0     0.36767    -0.09979     0.38098
2001  4  7  0     0.28584     0.06419     0.29296
2001  4  8  0     0.21795     0.25435     0.33496
2001  4  9  0     0.14983     0.31608     0.34980
2001  4 10  0     0.06865     0.32327     0.33048
2001  4 11  0     0.03097     0.31411     0.31563
2001  4 12  0     0.00679     0.21079     0.21090
2001  4 13  0     0.06499     0.06306     0.09056
2001  4 14  0     0.13380    -0.10806     0.17199
2001  4 15  0     0.12734    -0.22791     0.26107
2001  4 16  0     0.14133    -0.39434     0.41890
2001  4 17  0     0.19764    -0.55499     0.58913
2001  4 18  0     0.25620    -0.61738     0.66843
2001  4 19  0     0.37594    -0.57005     0.68285
2001  4 20  0     0.53103    -0.51280     0.73822
2001  4 21  0     0.69778    -0.40503     0.80681
2001  4 22  0     0.78761    -0.21805     0.81724
2001  4 23  0     0.90765     0.00166     0.90765
2001  4 24  0     1.02604     0.21173     1.04766
2001  4 25  0     1.12703     0.40881     1.19889
2001  4 26  0     1.11944     0.59721     1.26878
2001  4 27  0     1.07168     0.77571     1.32296
2001  4 28  0     0.88607     0.80736     1.19873
2001  4 29  0     0.67448     0.78450     1.03458
2001  4 30  0     0.39909     0.72162     0.82463
2001  5  1  0     0.11422     0.63080     0.64106
2001  5  2  0    -0.22895     0.52647     0.57410
2001  5  3  0    -0.48864     0.39906     0.63089
2001  5  4  0    -0.73304     0.29333     0.78955
2001  5  5  0    -0.89758     0.18771     0.91700
2001  5  6  0    -1.06604     0.12510     1.07335
2001  5  7  0    -1.15798     0.18825     1.17318
2001  5  8  0    -1.28249     0.21347     1.30014
2001  5  9  0    -1.42966     0.15153     1.43767
2001  5 10  0    -1.56903     0.00486     1.56904
2001  5 11  0    -1.65925    -0.11280     1.66308
2001  5 12  0    -1.72950    -0.20722     1.74187
2001  5 13  0    -1.70255    -0.30960     1.73047
2001  5 14  0    -1.56951    -0.48893     1.64390
2001  5 15  0    -1.38427    -0.71721     1.55904
2001  5 16  0    -1.20077    -1.01134     1.56992
2001  5 17  0    -1.02546    -1.20874     1.58513
2001  5 18  0    -0.81438    -1.16810     1.42396
2001  5 19  0    -0.61281    -1.04745     1.21355
2001  5 20  0    -0.41496    -0.93519     1.02312
2001  5 21  0    -0.17752    -0.87347     0.89132
2001  5 22  0    -0.00907    -0.80176     0.80181
2001  5 23  0     0.10111    -0.64374     0.65163
2001  5 24  0     0.21282    -0.47702     0.52234
2001  5 25  0     0.35495    -0.32163     0.47899
2001  5 26  0     0.48586    -0.18019     0.51820
2001  5 27  0     0.60433    -0.10337     0.61311
2001  5 28  0     0.73869    -0.05571     0.74079
2001  5 29  0     0.84690    -0.04395     0.84804
2001  5 30  0     0.86827     0.00758     0.86830
2001  5 31  0     0.84030     0.06639     0.84292
2001  6  1  0     0.84881     0.06971     0.85167
2001  6  2  0     0.92059     0.07748     0.92384
2001  6  3  0     0.92405     0.13081     0.93326
2001  6  4  0     0.90414     0.18650     0.92318
2001  6  5  0     0.87922     0.19412     0.90039
2001  6  6  0     0.82325     0.27909     0.86927
2001  6  7  0     0.77638     0.36541     0.85807
2001  6  8  0     0.64194     0.33202     0.72272
2001  6  9  0     0.49315     0.30573     0.58024
2001  6 10  0     0.23443     0.31851     0.39548
2001  6 11  0    -0.03941     0.35878     0.36094
2001  6 12  0    -0.19241     0.36348     0.41127
2001  6 13  0    -0.38026     0.33752     0.50845
2001  6 14  0    -0.53144     0.35902     0.64135
2001  6 15  0    -0.67422     0.32118     0.74681
2001  6 16  0    -0.79630     0.25595     0.83643
2001  6 17  0    -0.91390     0.32362     0.96951
2001  6 18  0    -0.98468     0.40839     1.06601
2001  6 19  0    -0.96083     0.40160     1.04138
2001  6 20  0    -0.98418     0.37008     1.05146
2001  6 21  0    -1.02556     0.38986     1.09716
2001  6 22  0    -0.97958     0.42984     1.06973
2001  6 23  0    -0.97953     0.43846     1.07318
2001  6 24  0    -0.94320     0.42803     1.03578
2001  6 25  0    -0.97227     0.45957     1.07542
2001  6 26  0    -0.93641     0.43984     1.03456
2001  6 27  0    -1.00738     0.37561     1.07512
2001  6 28  0    -1.16604     0.32218     1.20973
2001  6 29  0    -1.24724     0.29727     1.28218
2001  6 30  0    -1.28094     0.19221     1.29528
2001  7  1  0    -1.28322     0.01169     1.28327
2001  7  2  0    -1.20387    -0.25049     1.22966
2001  7  3  0    -1.18176    -0.47605     1.27404
2001  7  4  0    -1.05688    -0.62387     1.22728
2001  7  5  0    -0.86650    -0.76939     1.15879
2001  7  6  0    -0.60499    -0.93539     1.11399
2001  7  7  0    -0.32376    -1.04580     1.09477
2001  7  8  0    -0.11967    -1.23040     1.23620
2001  7  9  0    -0.00407    -1.33478     1.33478
2001  7 10  0     0.13329    -1.35432     1.36086
2001  7 11  0     0.26507    -1.26690     1.29433
2001  7 12  0     0.41196    -1.19578     1.26475
2001  7 13  0     0.48892    -1.23528     1.32851
2001  7 14  0     0.49791    -1.28733     1.38027
2001  7 15  0     0.50563    -1.26829     1.36537
2001  7 16  0     0.55053    -1.26653     1.38100
2001  7 17  0     0.60829    -1.20880     1.35322
2001  7 18  0     0.71309    -1.15084     1.35386
2001  7 19  0     0.84385    -1.10597     1.39113
2001  7 20  0     0.93529    -1.03301     1.39351
2001  7 21  0     1.07597    -0.97147     1.44964
2001  7 22  0     1.24602    -0.81924     1.49121
2001  7 23  0     1.42603    -0.61512     1.55304
2001  7 24  0     1.62554    -0.41476     1.67762
2001  7 25  0     1.73903    -0.19235     1.74963
2001  7 26  0     1.87450    -0.02958     1.87473
2001  7 27  0     1.94239     0.11763     1.94595
2001  7 28  0     1.74032     0.31962     1.76943
2001  7 29  0     1.46596     0.56430     1.57082
2001  7 30  0     1.21888     0.78629     1.45049
2001  7 31  0     0.95846     0.97227     1.36527
2001  8  1  0     0.68768     1.09493     1.29298
2001  8  2  0     0.39658     1.20861     1.27202
2001  8  3  0     0.18268     1.27240     1.28544
2001  8  4  0    -0.10991     1.32934     1.33388
2001  8  5  0    -0.45868     1.38965     1.46339
2001  8  6  0    -0.60147     1.43583     1.55672
2001  8  7  0    -0.71657     1.36762     1.54397
2001  8  8  0    -0.87719     1.26144     1.53646
2001  8  9  0    -1.06341     1.14557     1.56307
2001  8 10  0    -1.26193     1.05459     1.64457
2001  8 11  0    -1.46820     0.94416     1.74558
2001  8 12  0    -1.64612     0.85963     1.85706
2001  8 13  0    -1.76552     0.80389     1.93992
2001  8 14  0    -1.81213     0.68398     1.93692
2001  8 15  0    -1.82056     0.53518     1.89759
2001  8 16  0    -1.67431     0.39851     1.72109
2001  8 17  0    -1.47315     0.19288     1.48572
2001  8 18  0    -1.24507    -0.06471     1.24675
2001  8 19  0    -1.02032    -0.29921     1.06329
2001  8 20  0    -0.70798    -0.53714     0.88869
2001  8 21  0    -0.40974    -0.74978     0.85444
2001  8 22  0    -0.16874    -0.85282     0.86935
2001  8 23  0     0.07537    -0.85442     0.85774
2001  8 24  0     0.28823    -0.85227     0.89969
2001  8 25  0     0.44032    -0.86067     0.96676
2001  8 26  0     0.52252    -0.84622     0.99454
2001  8 27  0     0.67229    -0.79608     1.04197
2001  8 28  0     0.77563    -0.76065     1.08637
2001  8 29  0     0.80010    -0.74401     1.09257
2001  8 30  0     0.86307    -0.69107     1.10565
2001  8 31  0     0.93781    -0.75475     1.20380
2001  9  1  0     0.97194    -0.88066     1.31158
2001  9  2  0     1.01433    -1.01454     1.43463
2001  9  3  0     1.02342    -1.03809     1.45774
2001  9  4  0     1.03027    -0.96977     1.41489
2001  9  5  0     0.88092    -0.84926     1.22363
2001  9  6  0     0.88844    -0.78563     1.18597
2001  9  7  0     0.96395    -0.69395     1.18776
2001  9  8  0     1.00840    -0.62822     1.18808
2001  9  9  0     1.04665    -0.54246     1.17887
2001  9 10  0     1.07334    -0.49312     1.18120
2001  9 11  0     1.11283    -0.35543     1.16821
2001  9 12  0     1.14847    -0.25599     1.17666
2001  9 13  0     1.20898    -0.14476     1.21761
2001  9 14  0     1.31002    -0.13010     1.31647
2001  9 15  0     1.26748    -0.07810     1.26988
2001  9 16  0     1.16567     0.00442     1.16568
2001  9 17  0     1.05195     0.10342     1.05702
2001  9 18  0     0.92663     0.19828     0.94761
2001  9 19  0     0.80002     0.39881     0.89391
2001  9 20  0     0.65344     0.55935     0.86014
2001  9 21  0     0.51054     0.67488     0.84624
2001  9 22  0     0.36959     0.78462     0.86731
2001  9 23  0     0.30578     0.97766     1.02436
2001  9 24  0     0.30285     1.22857     1.26534
2001  9 25  0     0.28235     1.48292     1.50956
2001  9 26  0     0.22552     1.67266     1.68779
2001  9 27  0     0.22404     1.78164     1.79568
2001  9 28  0     0.22039     1.79349     1.80698
2001  9 29  0     0.13202     1.80489     1.80971
2001  9 30  0     0.06114     1.80748     1.80851
2001 10  1  0    -0.06086     1.79462     1.79566
2001 10  2  0    -0.24051     1.68711     1.70416
2001 10  3  0    -0.50891     1.54813     1.62963
2001 10  4  0    -0.86890     1.38657     1.63633
2001 10  5  0    -1.21841     1.16723     1.68729
2001 10  6  0    -1.52562     0.95521     1.79998
2001 10  7  0    -1.82351     0.75013     1.97177
2001 10  8  0    -2.03004     0.52168     2.09600
2001 10  9  0    -2.17649     0.14939     2.18161
2001 10 10  0    -2.14975    -0.27329     2.16705
2001 10 11  0    -2.03085    -0.55021     2.10407
2001 10 12  0    -1.76379    -0.73797     1.91195
2001 10 13  0    -1.37547    -0.79069     1.58655
2001 10 14  0    -1.07668    -0.66473     1.26535
2001 10 15  0    -0.90073    -0.53986     1.05013
2001 10 16  0    -0.73620    -0.39161     0.83387
2001 10 17  0    -0.51576    -0.29151     0.59244
2001 10 18  0    -0.26823    -0.14485     0.30484
2001 10 19  0    -0.03946    -0.01455     0.04206
2001 10 20  0     0.11045     0.01351     0.11127
2001 10 21  0     0.19447     0.03977     0.19849
2001 10 22  0     0.34644     0.04413     0.34924
2001 10 23  0     0.52360    -0.02087     0.52401
2001 10 24  0     0.71416    -0.05226     0.71607
2001 10 25  0     0.87206    -0.09592     0.87732
2001 10 26  0     0.89068    -0.12866     0.89993
2001 10 27  0     0.77392    -0.14979     0.78828
2001 10 28  0     0.63461    -0.16821     0.65653
2001 10 29  0     0.53163    -0.15883     0.55485
2001 10 30  0     0.45228    -0.11484     0.46663
2001 10 31  0     0.27164    -0.08857     0.28571
2001 11  1  0     0.15193    -0.03181     0.15522
2001 11  2  0     0.02845    -0.01532     0.03232
2001 11  3  0    -0.09152    -0.04775     0.10322
2001 11  4  0    -0.11042    -0.06721     0.12927
2001 11  5  0     0.00803    -0.03976     0.04056
2001 11  6  0     0.09174     0.02573     0.09528
2001 11  7  0     0.15981     0.06072     0.17096
2001 11  8  0     0.19114     0.00965     0.19139
2001 11  9  0     0.21686     0.01612     0.21746
2001 11 10  0     0.23572    -0.01657     0.23630
2001 11 11  0     0.25503    -0.03243     0.25708
2001 11 12  0     0.22453     0.00219     0.22454
2001 11 13  0     0.14991     0.05201     0.15868
2001 11 14  0     0.00364     0.13796     0.13801
2001 11 15  0    -0.19171     0.19548     0.27380
2001 11 16  0    -0.34682     0.27517     0.44272
2001 11 17  0    -0.49626     0.37756     0.62356
2001 11 18  0    -0.61981     0.42043     0.74895
2001 11 19  0    -0.72236     0.47834     0.86638
2001 11 20  0    -0.77932     0.41625     0.88352
2001 11 21  0    -0.75191     0.26189     0.79621
2001 11 22  0    -0.68270     0.13848     0.69660
2001 11 23  0    -0.58474     0.00401     0.58475
2001 11 24  0    -0.47818    -0.10652     0.48991
2001 11 25  0    -0.40495    -0.18644     0.44581
2001 11 26  0    -0.34396    -0.23688     0.41763
2001 11 27  0    -0.35549    -0.28834     0.45772
2001 11 28  0    -0.46763    -0.42486     0.63181
2001 11 29  0    -0.65554    -0.54735     0.85400
2001 11 30  0    -0.84948    -0.59822     1.03898
2001 12  1  0    -1.09931    -0.61104     1.25771
2001 12  2  0    -1.32746    -0.53782     1.43227
2001 12  3  0    -1.51753    -0.43657     1.57908
2001 12  4  0    -1.70556    -0.33792     1.73871
2001 12  5  0    -1.87411    -0.24656     1.89026
2001 12  6  0    -1.99487    -0.19664     2.00454
2001 12  7  0    -1.99946    -0.20721     2.01017
2001 12  8  0    -2.00169    -0.30278     2.02446
2001 12  9  0    -1.98884    -0.48744     2.04770
2001 12 10  0    -1.86080    -0.77634     2.01625
2001 12 11  0    -1.80025    -1.09585     2.10755
2001 12 12  0    -1.58134    -1.47075     2.15957
2001 12 13  0    -1.31841    -1.83705     2.26119
2001 12 14  0    -0.98220    -2.13337     2.34862
2001 12 15  0    -0.65656    -2.45809     2.54426
2001 12 16  0    -0.38514    -2.69701     2.72437
2001 12 17  0    -0.09165    -2.83270     2.83418
2001 12 18  0     0.16695    -2.80668     2.81164
2001 12 19  0     0.34468    -2.71049     2.73232
2001 12 20  0     0.57729    -2.59829     2.66165
2001 12 21  0     0.62904    -2.40510     2.48600
2001 12 22  0     0.64192    -2.17226     2.26513
2001 12 23  0     0.58660    -2.00253     2.08668
2001 12 24  0     0.56982    -1.72661     1.81820
2001 12 25  0     0.58875    -1.44585     1.56112
2001 12 26  0     0.56400    -1.15970     1.28957
2001 12 27  0     0.49830    -0.94036     1.06423
2001 12 28  0     0.38394    -0.76103     0.85239
2001 12 29  0     0.29007    -0.65150     0.71315
2001 12 30  0     0.29652    -0.57171     0.64403
2001 12 31  0     0.36803    -0.48733     0.61068
2002  1  1  0     0.50428    -0.40834     0.64888
2002  1  2  0     0.64879    -0.40265     0.76358
2002  1  3  0     0.70911    -0.38964     0.80911
2002  1  4  0     0.76865    -0.40525     0.86894
2002  1  5  0     0.86831    -0.49324     0.99862
2002  1  6  0     1.06008    -0.54805     1.19337
2002  1  7  0     1.21656    -0.59409     1.35387
2002  1  8  0     1.42162    -0.60195     1.54381
2002  1  9  0     1.68734    -0.53063     1.76881
2002  1 10  0     1.88225    -0.38869     1.92197
2002  1 11  0     1.98506    -0.22505     1.99778
2002  1 12  0     2.14447    -0.01451     2.14452
2002  1 13  0     2.35344     0.20870     2.36267
2002  1 14  0     2.56252     0.43895     2.59984
2002  1 15  0     2.72329     0.60498     2.78968
2002  1 16  0     2.91074     0.84252     3.03023
2002  1 17  0     2.97203     1.05405     3.15341
2002  1 18  0     2.89356     1.23965     3.14792
2002  1 19  0     2.77644     1.36964     3.09590
2002  1 20  0     2.67169     1.48895     3.05858
2002  1 21  0     2.57766     1.47095     2.96783
2002  1 22  0     2.44385     1.48254     2.85837
2002  1 23  0     2.30882     1.52515     2.76708
2002  1 24  0     2.15317     1.62964     2.70035
2002  1 25  0     1.98075     1.73345     2.63215
2002  1 26  0     1.77519     1.78774     2.51939
2002  1 27  0     1.54336     1.74312     2.32818
2002  1 28  0     1.26245     1.67942     2.10100
2002  1 29  0     0.94271     1.60998     1.86567
2002  1 30  0     0.63001     1.63598     1.75310
2002  1 31  0     0.31461     1.64654     1.67632
2002  2  1  0     0.05664     1.64921     1.65018
2002  2  2  0    -0.17720     1.59565     1.60546
2002  2  3  0    -0.47299     1.45955     1.53428
2002  2  4  0    -0.78917     1.31405     1.53281
2002  2  5  0    -1.05455     1.17413     1.57819
2002  2  6  0    -1.12990     1.04554     1.53943
2002  2  7  0    -1.15776     0.95203     1.49892
2002  2  8  0    -1.21657     0.82947     1.47244
2002  2  9  0    -1.26212     0.69012     1.43847
2002  2 10  0    -1.39893     0.51201     1.48969
2002  2 11  0    -1.53903     0.35594     1.57965
2002  2 12  0    -1.62105     0.25731     1.64134
2002  2 13  0    -1.66702     0.20555     1.67964
2002  2 14  0    -1.73371     0.18212     1.74325
2002  2 15  0    -1.90765     0.22987     1.92145
2002  2 16  0    -2.08235     0.32983     2.10831
2002  2 17  0    -2.21358     0.46627     2.26216
2002  2 18  0    -2.35673     0.57640     2.42619
2002  2 19  0    -2.53352     0.61179     2.60635
2002  2 20  0    -2.66235     0.59227     2.72744
2002  2 21  0    -2.74585     0.46615     2.78514
2002  2 22  0    -2.75315     0.18053     2.75906
2002  2 23  0    -2.61004    -0.24959     2.62195
2002  2 24  0    -2.30094    -0.75601     2.42195
2002  2 25  0    -1.89248    -1.15582     2.21752
2002  2 26  0    -1.47957    -1.40494     2.04034
2002  2 27  0    -1.06569    -1.52265     1.85854
2002  2 28  0    -0.64786    -1.46272     1.59977
2002  3  1  0    -0.40968    -1.30705     1.36975
2002  3  2  0    -0.20871    -1.10471     1.12425
2002  3  3  0    -0.04821    -0.89504     0.89634
2002  3  4  0     0.05137    -0.70266     0.70454
2002  3  5  0     0.07497    -0.61658     0.62112
2002  3  6  0     0.06313    -0.52686     0.53063
2002  3  7  0     0.08601    -0.46554     0.47342
2002  3  8  0     0.05626    -0.38267     0.38678
2002  3  9  0     0.06372    -0.30513     0.31172
2002  3 10  0     0.16280    -0.29051     0.33301
2002  3 11  0     0.29109    -0.31968     0.43236
2002  3 12  0     0.44932    -0.41877     0.61421
2002  3 13  0     0.61687    -0.56094     0.83378
2002  3 14  0     0.84514    -0.55679     1.01207
2002  3 15  0     1.14328    -0.46139     1.23287
2002  3 16  0     1.34155    -0.24893     1.36445
2002  3 17  0     1.49993    -0.05827     1.50107
2002  3 18  0     1.59089    -0.02377     1.59107
2002  3 19  0     1.63029    -0.05577     1.63125
2002  3 20  0     1.64082    -0.19672     1.65257
2002  3 21  0     1.54960    -0.25292     1.57010
2002  3 22  0     1.42409    -0.24916     1.44572
2002  3 23  0     1.28106    -0.29834     1.31534
2002  3 24  0     1.10108    -0.34119     1.15273
2002  3 25  0     0.96221    -0.36508     1.02914
2002  3 26  0     0.82569    -0.28221     0.87259
2002  3 27  0     0.72861    -0.12325     0.73896
2002  3 28  0     0.70376     0.02633     0.70425
2002  3 29  0     0.66528     0.19204     0.69244
2002  3 30  0     0.63034     0.23497     0.67271
2002  3 31  0     0.50907     0.21669     0.55327
2002  4  1  0     0.42918     0.23907     0.49127
2002  4  2  0     0.36197     0.26062     0.44603
2002  4  3  0     0.27482     0.20374     0.34211
2002  4  4  0     0.15086    -0.02179     0.15243
2002  4  5  0    -0.01216    -0.24950     0.24980
2002  4  6  0    -0.21136    -0.49790     0.54090
2002  4  7  0    -0.41039    -0.71373     0.82330
2002  4  8  0    -0.53824    -0.81208     0.97426
2002  4  9  0    -0.51261    -0.85551     0.99733
2002  4 10  0    -0.43998    -0.89161     0.99426
2002  4 11  0    -0.38591    -0.92094     0.99853
2002  4 12  0    -0.35965    -0.89050     0.96039
2002  4 13  0    -0.36204    -0.77869     0.85874
2002  4 14  0    -0.26872    -0.69747     0.74745
2002  4 15  0    -0.10959    -0.54679     0.55767
2002  4 16  0     0.12150    -0.40557     0.42338
2002  4 17  0     0.33483    -0.35690     0.48938
2002  4 18  0     0.39451    -0.30404     0.49808
2002  4 19  0     0.46260    -0.25080     0.52621
2002  4 20  0     0.54748    -0.19947     0.58269
2002  4 21  0     0.66862    -0.16271     0.68813
2002  4 22  0     0.85859    -0.16679     0.87464
2002  4 23  0     1.01879    -0.13164     1.02726
2002  4 24  0     1.06605    -0.12457     1.07330
2002  4 25  0     1.11070    -0.10741     1.11588
2002  4 26  0     1.19098    -0.07506     1.19334
2002  4 27  0     1.35855    -0.09823     1.36210
2002  4 28  0     1.52044    -0.13781     1.52667
2002  4 29  0     1.70432    -0.10237     1.70739
2002  4 30  0     1.85881    -0.01019     1.85883
2002  5  1  0     1.98564     0.08282     1.98736
2002  5  2  0     2.08671     0.19987     2.09626
2002  5  3  0     2.18930     0.39823     2.22522
2002  5  4  0     2.12109     0.68719     2.22963
2002  5  5  0     1.89809     0.98970     2.14062
2002  5  6  0     1.56684     1.38734     2.09278
2002  5  7  0     1.15386     1.76025     2.10473
2002  5  8  0     0.68304     1.98971     2.10368
2002  5  9  0     0.13702     2.12640     2.13081
2002  5 10  0    -0.45873     2.21830     2.26524
2002  5 11  0    -1.06786     2.21897     2.46255
2002  5 12  0    -1.65575     2.05389     2.63818
2002  5 13  0    -2.08650     1.74005     2.71684
2002  5 14  0    -2.41102     1.34353     2.76009
2002  5 15  0    -2.62668     0.81933     2.75150
2002  5 16  0    -2.73049     0.30212     2.74715
2002  5 17  0    -2.75525    -0.19140     2.76189
2002  5 18  0    -2.69549    -0.61271     2.76425
2002  5 19  0    -2.62081    -0.92636     2.77971
2002  5 20  0    -2.49877    -1.09667     2.72883
2002  5 21  0    -2.29769    -1.13882     2.56443
2002  5 22  0    -2.13723    -1.11835     2.41215
2002  5 23  0    -2.03576    -1.07497     2.30215
2002  5 24  0    -1.93525    -0.95759     2.15920
2002  5 25  0    -1.82080    -0.81535     1.99502
2002  5 26  0    -1.66209    -0.70009     1.80351
2002  5 27  0    -1.45302    -0.54804     1.55293
2002  5 28  0    -1.19722    -0.42473     1.27033
2002  5 29  0    -0.97662    -0.39544     1.05364
2002  5 30  0    -0.76007    -0.45994     0.88839
2002  5 31  0    -0.55113    -0.56414     0.78867
2002  6  1  0    -0.24947    -0.63880     0.68578
2002  6  2  0     0.11505    -0.68305     0.69267
2002  6  3  0     0.41036    -0.74490     0.85046
2002  6  4  0     0.68871    -0.73846     1.00977
2002  6  5  0     0.94177    -0.72812     1.19041
2002  6  6  0     1.18662    -0.63446     1.34559
2002  6  7  0     1.49273    -0.47339     1.56600
2002  6  8  0     1.69619    -0.32827     1.72766
2002  6  9  0     1.89016    -0.07620     1.89170
2002  6 10  0     1.90672     0.16806     1.91411
2002  6 11  0     1.82058     0.43456     1.87172
2002  6 12  0     1.73276     0.74041     1.88432
2002  6 13  0     1.56187     1.01368     1.86198
2002  6 14  0     1.37553     1.27375     1.87470
2002  6 15  0     1.17525     1.41125     1.83653
2002  6 16  0     0.89872     1.53922     1.78238
2002  6 17  0     0.59183     1.70879     1.80838
2002  6 18  0     0.26941     1.76745     1.78787
2002  6 19  0     0.08656     1.75122     1.75335
2002  6 20  0    -0.11157     1.66980     1.67353
2002  6 21  0    -0.33434     1.55412     1.58968
2002  6 22  0    -0.54493     1.40065     1.50292
2002  6 23  0    -0.72992     1.18357     1.39055
2002  6 24  0    -0.93383     0.99803     1.36679
2002  6 25  0    -1.15134     0.77746     1.38925
2002  6 26  0    -1.27804     0.54017     1.38750
2002  6 27  0    -1.38318     0.32099     1.41994
2002  6 28  0    -1.53622     0.13362     1.54202
2002  6 29  0    -1.63180    -0.11769     1.63604
2002  6 30  0    -1.63776    -0.39645     1.68506
2002  7  1  0    -1.64831    -0.62190     1.76172
2002  7  2  0    -1.64526    -0.80435     1.83135
2002  7  3  0    -1.56528    -0.95087     1.83146
2002  7  4  0    -1.41671    -1.07805     1.78024
2002  7  5  0    -1.24250    -1.23854     1.75436
2002  7  6  0    -1.02355    -1.38484     1.72204
2002  7  7  0    -0.76398    -1.44081     1.63083
2002  7  8  0    -0.54363    -1.43985     1.53906
2002  7  9  0    -0.41143    -1.42610     1.48426
2002  7 10  0    -0.27010    -1.34627     1.37309
2002  7 11  0    -0.08867    -1.23030     1.23349
2002  7 12  0     0.06430    -1.10764     1.10951
2002  7 13  0     0.20590    -1.02773     1.04815
2002  7 14  0     0.21414    -1.02327     1.04543
2002  7 15  0     0.11148    -1.05990     1.06574
2002  7 16  0     0.00797    -1.13631     1.13634
2002  7 17  0    -0.03559    -1.16190     1.16244
2002  7 18  0     0.01392    -1.11937     1.11946
2002  7 19  0     0.05672    -1.13954     1.14095
2002  7 20  0     0.03067    -1.13591     1.13632
2002  7 21  0     0.02640    -1.14984     1.15014
2002  7 22  0     0.00679    -1.14149     1.14151
2002  7 23  0     0.09664    -0.97662     0.98139
2002  7 24  0     0.27904    -0.74028     0.79113
2002  7 25  0     0.49930    -0.52255     0.72275
2002  7 26  0     0.69038    -0.31181     0.75753
2002  7 27  0     0.83659    -0.11779     0.84484
2002  7 28  0     0.92480     0.07609     0.92793
2002  7 29  0     0.96438     0.25638     0.99788
2002  7 30  0     0.94598     0.44856     1.04694
2002  7 31  0     0.82477     0.71969     1.09463
2002  8  1  0     0.67919     0.93302     1.15405
2002  8  2  0     0.58967     1.09490     1.24359
2002  8  3  0     0.42605     1.25789     1.32808
2002  8  4  0     0.19103     1.41567     1.42850
2002  8  5  0    -0.08176     1.54809     1.55025
2002  8  6  0    -0.28302     1.68321     1.70684
2002  8  7  0    -0.47204     1.81818     1.87845
2002  8  8  0    -0.67882     1.93222     2.04799
2002  8  9  0    -0.76886     1.89740     2.04726
2002  8 10  0    -0.85989     1.77883     1.97577
2002  8 11  0    -1.07568     1.65096     1.97047
2002  8 12  0    -1.25654     1.53632     1.98474
2002  8 13  0    -1.35071     1.37521     1.92760
2002  8 14  0    -1.33567     1.17338     1.77788
2002  8 15  0    -1.30025     0.94065     1.60483
2002  8 16  0    -1.24929     0.65955     1.41271
2002  8 17  0    -1.09098     0.30425     1.13261
2002  8 18  0    -0.89381     0.00330     0.89382
2002  8 19  0    -0.61354    -0.22893     0.65486
2002  8 20  0    -0.28665    -0.47223     0.55242
2002  8 21  0    -0.06966    -0.70009     0.70355
2002  8 22  0     0.20086    -0.89724     0.91945
2002  8 23  0     0.35010    -1.04795     1.10488
2002  8 24  0     0.43212    -1.12119     1.20158
2002  8 25  0     0.57992    -1.14028     1.27927
2002  8 26  0     0.67281    -1.04309     1.24125
2002  8 27  0     0.72764    -0.87060     1.13463
2002  8 28  0     0.74602    -0.68309     1.01151
2002  8 29  0     0.73047    -0.54094     0.90896
2002  8 30  0     0.70253    -0.43556     0.82660
2002  8 31  0     0.59748    -0.34552     0.69019
2002  9  1  0     0.46713    -0.25167     0.53061
2002  9  2  0     0.45821    -0.21095     0.50443
2002  9  3  0     0.42154    -0.18786     0.46150
2002  9  4  0     0.39586    -0.16184     0.42766
2002  9  5  0     0.31308    -0.13650     0.34154
2002  9  6  0     0.11194    -0.11865     0.16312
2002  9  7  0    -0.06098    -0.05209     0.08020
2002  9  8  0    -0.12440    -0.00781     0.12465
2002  9  9  0    -0.14831     0.00079     0.14831
2002  9 10  0    -0.14713    -0.02119     0.14865
2002  9 11  0    -0.20936    -0.02061     0.21038
2002  9 12  0    -0.30283    -0.05205     0.30727
2002  9 13  0    -0.39835    -0.10408     0.41172
2002  9 14  0    -0.45400    -0.19287     0.49327
2002  9 15  0    -0.40140    -0.27537     0.48677
2002  9 16  0    -0.32964    -0.32175     0.46064
2002  9 17  0    -0.20643    -0.27614     0.34477
2002  9 18  0    -0.10568    -0.21571     0.24021
2002  9 19  0     0.03909    -0.11987     0.12608
2002  9 20  0     0.20658    -0.03688     0.20985
2002  9 21  0     0.40316     0.04238     0.40538
2002  9 22  0     0.67093     0.13364     0.68412
2002  9 23  0     0.93115     0.25375     0.96511
2002  9 24  0     1.09589     0.37915     1.15962
2002  9 25  0     1.18316     0.44498     1.26407
2002  9 26  0     1.18560     0.43765     1.26380
2002  9 27  0     1.12823     0.38404     1.19180
2002  9 28  0     1.10354     0.36060     1.16096
2002  9 29  0     1.09718     0.33293     1.14658
2002  9 30  0     1.11847     0.33839     1.16854
2002 10  1  0     1.05943     0.32650     1.10860
2002 10  2  0     0.97056     0.28776     1.01232
2002 10  3  0     0.94064     0.28209     0.98203
2002 10  4  0     0.90012     0.30290     0.94971
2002 10  5  0     0.79833     0.30848     0.85586
2002 10  6  0     0.76232     0.38363     0.85341
2002 10  7  0     0.73281     0.41565     0.84248
2002 10  8  0     0.59188     0.46586     0.75322
2002 10  9  0     0.38966     0.37837     0.54314
2002 10 10  0     0.20483     0.23915     0.31488
2002 10 11  0     0.04748     0.10282     0.11325
2002 10 12  0    -0.00099    -0.03601     0.03602
2002 10 13  0     0.02068    -0.13964     0.14116
2002 10 14  0     0.11171    -0.23463     0.25987
2002 10 15  0     0.21113    -0.35854     0.41608
2002 10 16  0     0.23633    -0.41418     0.47686
2002 10 17  0     0.28320    -0.42785     0.51309
2002 10 18  0     0.25895    -0.37509     0.45579
2002 10 19  0     0.22955    -0.34612     0.41532
2002 10 20  0     0.24334    -0.34531     0.42244
2002 10 21  0     0.24507    -0.37053     0.44424
2002 10 22  0     0.22227    -0.34593     0.41118
2002 10 23  0     0.24816    -0.29362     0.38444
2002 10 24  0     0.26276    -0.23723     0.35400
2002 10 25  0     0.28238    -0.24411     0.37327
2002 10 26  0     0.26813    -0.33944     0.43257
2002 10 27  0     0.34366    -0.36381     0.50046
2002 10 28  0     0.48478    -0.27633     0.55801
2002 10 29  0     0.58054    -0.16554     0.60368
2002 10 30  0     0.60829    -0.03197     0.60913
2002 10 31  0     0.62717     0.04859     0.62905
2002 11  1  0     0.60264     0.19614     0.63376
2002 11  2  0     0.60673     0.37133     0.71134
2002 11  3  0     0.62691     0.56611     0.84469
2002 11  4  0     0.72665     0.80785     1.08657
2002 11  5  0     0.77936     0.99324     1.26251
2002 11  6  0     0.75305     1.08522     1.32090
2002 11  7  0     0.78299     1.14875     1.39021
2002 11  8  0     0.84844     1.18870     1.46043
2002 11  9  0     0.95940     1.20328     1.53894
2002 11 10  0     1.02141     1.16336     1.54813
2002 11 11  0     1.08848     1.03726     1.50356
2002 11 12  0     1.06925     0.94758     1.42871
2002 11 13  0     0.96996     0.86844     1.30193
2002 11 14  0     0.86356     0.83274     1.19966
2002 11 15  0     0.73763     0.83497     1.11412
2002 11 16  0     0.53024     0.93006     1.07059
2002 11 17  0     0.29456     1.10062     1.13935
2002 11 18  0    -0.02280     1.22669     1.22690
2002 11 19  0    -0.41501     1.24914     1.31628
2002 11 20  0    -0.88685     1.14151     1.44553
2002 11 21  0    -1.34418     0.82516     1.57725
2002 11 22  0    -1.69888     0.48206     1.76595
2002 11 23  0    -1.97617     0.18403     1.98472
2002 11 24  0    -2.16229    -0.13318     2.16639
2002 11 25  0    -2.23487    -0.49953     2.29001
2002 11 26  0    -2.22368    -0.89036     2.39531
2002 11 27  0    -2.20073    -1.17285     2.49375
2002 11 28  0    -2.12148    -1.40856     2.54651
2002 11 29  0    -2.01421    -1.59176     2.56725
2002 11 30  0    -1.73178    -1.68927     2.41924
2002 12  1  0    -1.37118    -1.80897     2.26991
2002 12  2  0    -1.03620    -1.96484     2.22133
2002 12  3  0    -0.69404    -2.15030     2.25953
2002 12  4  0    -0.30779    -2.24618     2.26717
2002 12  5  0     0.07724    -2.26180     2.26312
2002 12  6  0     0.37651    -2.21851     2.25023
2002 12  7  0     0.54275    -2.09221     2.16146
2002 12  8  0     0.71090    -1.99881     2.12147
2002 12  9  0     0.77875    -1.94674     2.09672
2002 12 10  0     0.85234    -1.86323     2.04893
2002 12 11  0     0.96331    -1.76724     2.01273
2002 12 12  0     1.09811    -1.61358     1.95180
2002 12 13  0     1.20938    -1.48657     1.91638
2002 12 14  0     1.37798    -1.38178     1.95145
2002 12 15  0     1.63905    -1.24033     2.05546
2002 12 16  0     1.95598    -1.08145     2.23504
2002 12 17  0     2.20917    -0.83613     2.36210
2002 12 18  0     2.39782    -0.52197     2.45397
2002 12 19  0     2.45489    -0.20613     2.46352
2002 12 20  0     2.49278     0.14218     2.49683
2002 12 21  0     2.49639     0.56874     2.56036
2002 12 22  0     2.40771     1.00532     2.60917
2002 12 23  0     2.15275     1.40794     2.57228
2002 12 24  0     1.77021     1.75669     2.49391
2002 12 25  0     1.40142     2.08710     2.51396
2002 12 26  0     1.05958     2.28719     2.52070
2002 12 27  0     0.72227     2.31739     2.42734
2002 12 28  0     0.40089     2.33126     2.36547
2002 12 29  0     0.13384     2.29873     2.30262
2002 12 30  0    -0.18752     2.17925     2.18731
2002 12 31  0    -0.47788     2.03521     2.09057
2003  1  1  0    -0.76923     1.88855     2.03920
2003  1  2  0    -0.96235     1.64569     1.90642
2003  1  3  0    -1.19300     1.36407     1.81216
2003  1  4  0    -1.36893     1.04332     1.72119
2003  1  5  0    -1.51505     0.84082     1.73272
2003  1  6  0    -1.60021     0.62348     1.71738
2003  1  7  0    -1.77978     0.44396     1.83432
2003  1  8  0    -1.90551     0.28359     1.92650
2003  1  9  0    -1.91711     0.15607     1.92345
2003  1 10  0    -1.86041     0.02617     1.86060
2003  1 11  0    -1.78831    -0.09065     1.79061
2003  1 12  0    -1.70123    -0.21940     1.71532
2003  1 13  0    -1.58682    -0.29421     1.61387
2003  1 14  0    -1.41284    -0.36840     1.46008
2003  1 15  0    -1.28464    -0.44745     1.36033
2003  1 16  0    -1.16726    -0.50927     1.27351
2003  1 17  0    -1.06241    -0.55853     1.20028
2003  1 18  0    -0.97717    -0.58767     1.14027
2003  1 19  0    -0.95338    -0.64725     1.15232
2003  1 20  0    -0.95284    -0.63314     1.14401
2003  1 21  0    -0.92909    -0.57636     1.09334
2003  1 22  0    -0.97291    -0.45192     1.07275
2003  1 23  0    -0.96365    -0.30786     1.01163
2003  1 24  0    -0.88389    -0.15151     0.89678
2003  1 25  0    -0.73149    -0.10911     0.73958
2003  1 26  0    -0.51007    -0.09798     0.51940
2003  1 27  0    -0.26231    -0.09058     0.27751
2003  1 28  0    -0.04137    -0.04717     0.06274
2003  1 29  0     0.19999    -0.01249     0.20037
2003  1 30  0     0.48819    -0.09224     0.49683
2003  1 31  0     0.76717    -0.15900     0.78347
2003  2  1  0     0.92060    -0.17313     0.93674
2003  2  2  0     1.00926    -0.14502     1.01963
2003  2  3  0     1.11674    -0.09472     1.12075
2003  2  4  0     1.15289    -0.11086     1.15820
2003  2  5  0     1.11966    -0.15029     1.12970
2003  2  6  0     1.13364    -0.27954     1.16760
2003  2  7  0     1.12123    -0.40062     1.19065
2003  2  8  0     1.08960    -0.42270     1.16872
2003  2  9  0     1.07177    -0.44929     1.16214
2003  2 10  0     1.06136    -0.54060     1.19110
2003  2 11  0     1.09464    -0.60891     1.25260
2003  2 12  0     1.04212    -0.58040     1.19284
2003  2 13  0     0.90409    -0.40339     0.99000
2003  2 14  0     0.75736    -0.11079     0.76542
2003  2 15  0     0.58044     0.28447     0.64640
2003  2 16  0     0.45004     0.62547     0.77055
2003  2 17  0     0.30818     0.95226     1.00089
2003  2 18  0     0.15018     1.21237     1.22164
2003  2 19  0    -0.01367     1.47910     1.47916
2003  2 20  0    -0.17038     1.70533     1.71382
2003  2 21  0    -0.28664     1.88653     1.90818
2003  2 22  0    -0.36250     2.00601     2.03851
2003  2 23  0    -0.43290     1.95358     2.00097
2003  2 24  0    -0.46500     1.83591     1.89388
2003  2 25  0    -0.44685     1.74605     1.80232
2003  2 26  0    -0.45160     1.59449     1.65721
2003  2 27  0    -0.43520     1.49065     1.55288
2003  2 28  0    -0.37618     1.37726     1.42771
2003  3  1  0    -0.29608     1.21827     1.25373
2003  3  2  0    -0.37073     1.00235     1.06871
2003  3  3  0    -0.52223     0.78911     0.94627
2003  3  4  0    -0.77397     0.66567     1.02085
2003  3  5  0    -1.04985     0.59952     1.20897
2003  3  6  0    -1.32016     0.57625     1.44044
2003  3  7  0    -1.46589     0.63663     1.59816
2003  3  8  0    -1.54069     0.61521     1.65898
2003  3  9  0    -1.58701     0.53889     1.67600
2003  3 10  0    -1.53914     0.42194     1.59593
2003  3 11  0    -1.41583     0.23818     1.43572
2003  3 12  0    -1.21596    -0.02594     1.21624
2003  3 13  0    -0.99468    -0.32493     1.04641
2003  3 14  0    -0.75000    -0.63244     0.98106
2003  3 15  0    -0.41481    -0.92992     1.01825
2003  3 16  0    -0.06362    -1.19771     1.19940
2003  3 17  0     0.20822    -1.30781     1.32428
2003  3 18  0     0.48982    -1.28147     1.37189
2003  3 19  0     0.67133    -1.21818     1.39092
2003  3 20  0     0.77314    -1.11889     1.36002
2003  3 21  0     0.75989    -1.02048     1.27232
2003  3 22  0     0.76574    -0.93850     1.21125
2003  3 23  0     0.78628    -0.75649     1.09110
2003  3 24  0     0.72558    -0.54422     0.90699
2003  3 25  0     0.68034    -0.31208     0.74850
2003  3 26  0     0.61109    -0.11152     0.62118
2003  3 27  0     0.50034     0.20025     0.53892
2003  3 28  0     0.38576     0.51805     0.64590
2003  3 29  0     0.25950     0.76130     0.80431
2003  3 30  0     0.15425     0.91154     0.92450
2003  3 31  0     0.00586     1.01541     1.01543
2003  4  1  0    -0.16011     1.01464     1.02720
2003  4  2  0    -0.32537     0.90138     0.95830
2003  4  3  0    -0.50296     0.76669     0.91694
2003  4  4  0    -0.53694     0.58979     0.79760
2003  4  5  0    -0.56591     0.28091     0.63179
2003  4  6  0    -0.54684    -0.07073     0.55140
2003  4  7  0    -0.45708    -0.42917     0.62698
2003  4  8  0    -0.29068    -0.76879     0.82191
2003  4  9  0    -0.08150    -1.02691     1.03014
2003  4 10  0     0.09973    -1.19857     1.20272
2003  4 11  0     0.28008    -1.23868     1.26995
2003  4 12  0     0.44127    -1.25363     1.32903
2003  4 13  0     0.52646    -1.25835     1.36404
2003  4 14  0     0.65850    -1.25181     1.41444
2003  4 15  0     0.74550    -1.19103     1.40510
2003  4 16  0     0.77032    -1.12778     1.36575
2003  4 17  0     0.76095    -0.95656     1.22232
2003  4 18  0     0.75849    -0.71937     1.04537
2003  4 19  0     0.85964    -0.49481     0.99188
2003  4 20  0     0.95748    -0.39337     1.03514
2003  4 21  0     1.14517    -0.35564     1.19913
2003  4 22  0     1.26528    -0.33561     1.30903
2003  4 23  0     1.25915    -0.29998     1.29439
2003  4 24  0     1.27406    -0.24419     1.29725
2003  4 25  0     1.37446    -0.03133     1.37482
2003  4 26  0     1.51389     0.13231     1.51966
2003  4 27  0     1.58051     0.16762     1.58937
2003  4 28  0     1.51409     0.15714     1.52222
2003  4 29  0     1.44938     0.15632     1.45779
2003  4 30  0     1.34583     0.22082     1.36383
2003  5  1  0     1.41893     0.27322     1.44499
2003  5  2  0     1.52217     0.39219     1.57188
2003  5  3  0     1.56525     0.57480     1.66746
2003  5  4  0     1.48512     0.68245     1.63442
2003  5  5  0     1.30926     0.84139     1.55631
2003  5  6  0     1.19636     1.09779     1.62370
2003  5  7  0     1.11099     1.35092     1.74908
2003  5  8  0     1.02905     1.63048     1.92806
2003  5  9  0     0.85620     1.91624     2.09882
2003  5 10  0     0.54670     2.21385     2.28036
2003  5 11  0     0.13521     2.40312     2.40692
2003  5 12  0    -0.20655     2.46058     2.46923
2003  5 13  0    -0.46128     2.40443     2.44827
2003  5 14  0    -0.78977     2.26092     2.39489
2003  5 15  0    -1.24476     1.95731     2.31959
2003  5 16  0    -1.66871     1.58368     2.30057
2003  5 17  0    -2.04365     1.14856     2.34429
2003  5 18  0    -2.28260     0.68513     2.38321
2003  5 19  0    -2.48269     0.27954     2.49838
2003  5 20  0    -2.54424    -0.09104     2.54587
2003  5 21  0    -2.63874    -0.50393     2.68643
2003  5 22  0    -2.71022    -0.88999     2.85261
2003  5 23  0    -2.65619    -1.27246     2.94524
2003  5 24  0    -2.42970    -1.53370     2.87327
2003  5 25  0    -2.17988    -1.70915     2.77003
2003  5 26  0    -1.93047    -1.79232     2.63422
2003  5 27  0    -1.72529    -1.84204     2.52383
2003  5 28  0    -1.48499    -2.00818     2.49760
2003  5 29  0    -1.23223    -2.18466     2.50821
2003  5 30  0    -0.91253    -2.27752     2.45352
2003  5 31  0    -0.59329    -2.27971     2.35565
2003  6  1  0    -0.31435    -2.25582     2.27762
2003  6  2  0    -0.10654    -2.23818     2.24071
2003  6  3  0     0.08138    -2.23334     2.23483
2003  6  4  0     0.23854    -2.23079     2.24351
2003  6  5  0     0.47769    -2.23343     2.28395
2003  6  6  0     0.62672    -2.16725     2.25605
2003  6  7  0     0.69914    -2.01754     2.13524
2003  6  8  0     0.69511    -1.88383     2.00798
2003  6  9  0     0.64740    -1.76460     1.87961
2003  6 10  0     0.61676    -1.62035     1.73376
2003  6 11  0     0.57396    -1.48586     1.59286
2003  6 12  0     0.49667    -1.30146     1.39302
2003  6 13  0     0.50961    -1.05903     1.17527
2003  6 14  0     0.53768    -0.80279     0.96622
2003  6 15  0     0.60947    -0.58156     0.84242
2003  6 16  0     0.69552    -0.45922     0.83345
2003  6 17  0     0.84265    -0.38926     0.92822
2003  6 18  0     1.01194    -0.30482     1.05685
2003  6 19  0     1.19165    -0.16970     1.20367
2003  6 20  0     1.46328    -0.05485     1.46431
2003  6 21  0     1.77712     0.00285     1.77712
2003  6 22  0     1.92858    -0.00238     1.92858
2003  6 23  0     1.90988     0.02428     1.91003
2003  6 24  0     1.89152     0.18259     1.90031
2003  6 25  0     1.95541     0.40026     1.99595
2003  6 26  0     1.95685     0.65116     2.06235
2003  6 27  0     1.92085     0.88156     2.11348
2003  6 28  0     1.82441     1.04059     2.10031
2003  6 29  0     1.62607     1.20233     2.02230
2003  6 30  0     1.35125     1.37639     1.92882
2003  7  1  0     1.09839     1.54379     1.89467
2003  7  2  0     0.93358     1.63474     1.88253
2003  7  3  0     0.78726     1.58489     1.76965
2003  7  4  0     0.58280     1.47177     1.58296
2003  7  5  0     0.43934     1.33481     1.40525
2003  7  6  0     0.35226     1.24265     1.29161
2003  7  7  0     0.28087     1.19142     1.22408
2003  7  8  0     0.22813     1.15805     1.18030
2003  7  9  0     0.19106     1.12936     1.14541
2003  7 10  0     0.15931     1.13524     1.14636
2003  7 11  0     0.13289     1.11864     1.12651
2003  7 12  0     0.09622     1.10656     1.11074
2003  7 13  0     0.04137     1.07312     1.07391
2003  7 14  0    -0.04593     1.09189     1.09285
2003  7 15  0    -0.22246     1.03135     1.05507
2003  7 16  0    -0.41758     0.92792     1.01755
2003  7 17  0    -0.62289     0.83792     1.04408
2003  7 18  0    -0.79479     0.78934     1.12015
2003  7 19  0    -0.94751     0.71993     1.18999
2003  7 20  0    -1.02239     0.65858     1.21615
2003  7 21  0    -0.98767     0.57030     1.14049
2003  7 22  0    -1.06328     0.49950     1.17476
2003  7 23  0    -1.12738     0.35601     1.18225
2003  7 24  0    -1.11260     0.24665     1.13961
2003  7 25  0    -1.09525     0.17434     1.10904
2003  7 26  0    -1.08114     0.07570     1.08378
2003  7 27  0    -1.02074    -0.10134     1.02576
2003  7 28  0    -0.92561    -0.23502     0.95498
2003  7 29  0    -0.95794    -0.33042     1.01333
2003  7 30  0    -1.04855    -0.44983     1.14097
2003  7 31  0    -0.93179    -0.51612     1.06518
2003  8  1  0    -0.80375    -0.53688     0.96657
2003  8  2  0    -0.72330    -0.57745     0.92554
2003  8  3  0    -0.57971    -0.67742     0.89161
2003  8  4  0    -0.37700    -0.79975     0.88416
2003  8  5  0    -0.25738    -0.98301     1.01615
2003  8  6  0    -0.21700    -1.15308     1.17333
2003  8  7  0    -0.05036    -1.20205     1.20311
2003  8  8  0     0.12079    -1.12981     1.13624
2003  8  9  0     0.21285    -1.09356     1.11409
2003  8 10  0     0.31962    -1.06094     1.10804
2003  8 11  0     0.43759    -1.01092     1.10156
2003  8 12  0     0.47167    -0.82745     0.95245
2003  8 13  0     0.43792    -0.56873     0.71779
2003  8 14  0     0.36537    -0.20445     0.41869
2003  8 15  0     0.44816     0.13083     0.46687
2003  8 16  0     0.48907     0.26339     0.55549
2003  8 17  0     0.44976     0.30710     0.54461
2003  8 18  0     0.33658     0.42029     0.53845
2003  8 19  0     0.16923     0.51657     0.54358
2003  8 20  0    -0.00746     0.54942     0.54947
2003  8 21  0    -0.14496     0.57084     0.58896
2003  8 22  0    -0.18352     0.48305     0.51674
2003  8 23  0    -0.14118     0.35193     0.37919
2003  8 24  0    -0.15045     0.18217     0.23626
2003  8 25  0    -0.17929     0.08846     0.19993
2003  8 26  0    -0.22241     0.05430     0.22895
2003  8 27  0    -0.23294     0.00706     0.23305
2003  8 28  0    -0.28801    -0.03489     0.29011
2003  8 29  0    -0.30435    -0.01638     0.30479
2003  8 30  0    -0.28169    -0.05629     0.28726
2003  8 31  0    -0.32850     0.00099     0.32850
2003  9  1  0    -0.41786     0.09579     0.42870
2003  9  2  0    -0.49068     0.21398     0.53531
2003  9  3  0    -0.52325     0.35015     0.62960
2003  9  4  0    -0.53054     0.42424     0.67931
2003  9  5  0    -0.54192     0.49597     0.73462
2003  9  6  0    -0.47806     0.54027     0.72141
2003  9  7  0    -0.44371     0.58691     0.73576
2003  9  8  0    -0.44364     0.58772     0.73637
2003  9  9  0    -0.45165     0.58881     0.74207
2003  9 10  0    -0.39643     0.58243     0.70455
2003  9 11  0    -0.35989     0.56357     0.66868
2003  9 12  0    -0.45345     0.45182     0.64013
2003  9 13  0    -0.53062     0.36601     0.64461
2003  9 14  0    -0.47149     0.27952     0.54812
2003  9 15  0    -0.31360     0.28502     0.42377
2003  9 16  0    -0.15545     0.23524     0.28196
2003  9 17  0    -0.04886     0.22559     0.23082
2003  9 18  0     0.05744     0.16621     0.17586
2003  9 19  0     0.16376     0.11200     0.19839
2003  9 20  0     0.23723    -0.01312     0.23759
2003  9 21  0     0.36576    -0.13417     0.38959
2003  9 22  0     0.53708    -0.17924     0.56619
2003  9 23  0     0.68409    -0.18809     0.70948
2003  9 24  0     0.68420    -0.31030     0.75128
2003  9 25  0     0.64026    -0.31910     0.71537
2003  9 26  0     0.77020    -0.29332     0.82416
2003  9 27  0     0.92615    -0.25009     0.95932
2003  9 28  0     0.98358    -0.20856     1.00544
2003  9 29  0     1.05801    -0.07050     1.06035
2003  9 30  0     1.17550     0.15978     1.18631
2003 10  1  0     1.24108     0.29234     1.27505
2003 10  2  0     1.20284     0.42339     1.27518
2003 10  3  0     1.17192     0.55518     1.29678
2003 10  4  0     1.14126     0.52793     1.25745
2003 10  5  0     0.96201     0.46487     1.06845
2003 10  6  0     0.76643     0.42620     0.87696
2003 10  7  0     0.56731     0.42958     0.71160
2003 10  8  0     0.36178     0.40260     0.54127
2003 10  9  0     0.05407     0.34918     0.35334
2003 10 10  0    -0.28569     0.29646     0.41171
2003 10 11  0    -0.55577     0.12851     0.57043
2003 10 12  0    -0.78146    -0.04456     0.78273
2003 10 13  0    -0.97709    -0.13285     0.98608
2003 10 14  0    -1.14012    -0.18898     1.15567
2003 10 15  0    -1.27153    -0.18028     1.28425
2003 10 16  0    -1.29467    -0.17373     1.30627
2003 10 17  0    -1.27729    -0.20601     1.29379
2003 10 18  0    -1.23450    -0.31000     1.27283
2003 10 19  0    -1.12620    -0.44777     1.21195
2003 10 20  0    -0.98338    -0.50230     1.10424
2003 10 21  0    -0.77295    -0.62303     0.99279
2003 10 22  0    -0.52132    -0.76332     0.92436
2003 10 23  0    -0.21184    -0.91151     0.93580
2003 10 24  0     0.01642    -1.07685     1.07697
2003 10 25  0     0.15312    -1.12523     1.13560
2003 10 26  0     0.26703    -1.13901     1.16990
2003 10 27  0     0.44594    -1.12942     1.21427
2003 10 28  0     0.58710    -1.07620     1.22593
2003 10 29  0     0.67303    -1.01530     1.21811
2003 10 30  0     0.76898    -0.88771     1.17446
2003 10 31  0     0.84612    -0.75901     1.13667
2003 11  1  0     0.78959    -0.61143     0.99865
2003 11  2  0     0.78195    -0.51005     0.93359
2003 11  3  0     0.89392    -0.50899     1.02867
2003 11  4  0     1.06954    -0.47990     1.17227
2003 11  5  0     1.16998    -0.43236     1.24731
2003 11  6  0     1.17341    -0.43827     1.25259
2003 11  7  0     1.13810    -0.44476     1.22191
2003 11  8  0     1.04658    -0.40853     1.12349
2003 11  9  0     0.94016    -0.35058     1.00340
2003 11 10  0     0.84989    -0.21045     0.87555
2003 11 11  0     0.71419    -0.04491     0.71560
2003 11 12  0     0.56416     0.10061     0.57306
2003 11 13  0     0.42930     0.20610     0.47621
2003 11 14  0     0.33550     0.27783     0.43560
2003 11 15  0     0.35410     0.34356     0.49337
2003 11 16  0     0.40922     0.34313     0.53404
2003 11 17  0     0.38804     0.29629     0.48822
2003 11 18  0     0.29247     0.29974     0.41879
2003 11 19  0     0.19738     0.24907     0.31780
2003 11 20  0     0.08295     0.11207     0.13943
2003 11 21  0     0.01680     0.00860     0.01888
2003 11 22  0    -0.02859    -0.06295     0.06914
2003 11 23  0    -0.03783    -0.05991     0.07085
2003 11 24  0    -0.05945     0.01074     0.06041
2003 11 25  0    -0.08311     0.12682     0.15163
2003 11 26  0    -0.05558     0.22096     0.22785
2003 11 27  0    -0.00084     0.30777     0.30777
2003 11 28  0     0.04550     0.37837     0.38110
2003 11 29  0     0.13165     0.42616     0.44603
2003 11 30  0     0.22159     0.43185     0.48538
2003 12  1  0     0.27429     0.42685     0.50739
2003 12  2  0     0.30333     0.44716     0.54033
2003 12  3  0     0.37339     0.46581     0.59699
2003 12  4  0     0.40711     0.52783     0.66659
2003 12  5  0     0.41097     0.62594     0.74880
2003 12  6  0     0.42142     0.74471     0.85568
2003 12  7  0     0.43194     0.87308     0.97408
2003 12  8  0     0.42725     1.01413     1.10046
2003 12  9  0     0.33188     1.14076     1.18806
2003 12 10  0     0.16991     1.27013     1.28144
2003 12 11  0    -0.05416     1.32798     1.32909
2003 12 12  0    -0.38369     1.40408     1.45556
2003 12 13  0    -0.68646     1.30930     1.47834
2003 12 14  0    -0.91966     1.24995     1.55182
2003 12 15  0    -1.20609     1.22478     1.71894
2003 12 16  0    -1.50332     1.17101     1.90558
2003 12 17  0    -1.75280     1.07255     2.05491
2003 12 18  0    -1.90205     0.94641     2.12450
2003 12 19  0    -1.98458     0.73027     2.11468
2003 12 20  0    -1.99451     0.54860     2.06858
2003 12 21  0    -1.92505     0.25256     1.94155
2003 12 22  0    -1.86659     0.02598     1.86677
2003 12 23  0    -1.82340    -0.23729     1.83877
2003 12 24  0    -1.76876    -0.59639     1.86660
2003 12 25  0    -1.68722    -1.02182     1.97252
2003 12 26  0    -1.61176    -1.37151     2.11632
2003 12 27  0    -1.52456    -1.67010     2.26131
2003 12 28  0    -1.40632    -1.86085     2.33249
2003 12 29  0    -1.27996    -2.01258     2.38511
2003 12 30  0    -1.13906    -2.07579     2.36778
2003 12 31  0    -1.06502    -2.12335     2.37548
2004  1  1  0    -0.97916    -2.25799     2.46115
2004  1  2  0    -0.80525    -2.40305     2.53438
2004  1  3  0    -0.60363    -2.53002     2.60104
2004  1  4  0    -0.40487    -2.67290     2.70339
2004  1  5  0    -0.19573    -2.76236     2.76928
2004  1  6  0     0.00006    -2.80436     2.80436
2004  1  7  0     0.23514    -2.79427     2.80415
2004  1  8  0     0.41331    -2.80632     2.83659
2004  1  9  0     0.62617    -2.81548     2.88427
2004  1 10  0     0.91570    -2.75561     2.90377
2004  1 11  0     1.16613    -2.61125     2.85980
2004  1 12  0     1.35514    -2.41436     2.76867
2004  1 13  0     1.48196    -2.22324     2.67189
2004  1 14  0     1.59118    -1.99250     2.54988
2004  1 15  0     1.69276    -1.76705     2.44702
2004  1 16  0     1.74483    -1.60130     2.36825
2004  1 17  0     1.82342    -1.47986     2.34837
2004  1 18  0     1.85711    -1.34901     2.29536
2004  1 19  0     1.91550    -1.19278     2.25652
2004  1 20  0     1.99059    -1.00985     2.23209
2004  1 21  0     2.09252    -0.81545     2.24580
2004  1 22  0     2.26859    -0.61595     2.35073
2004  1 23  0     2.45510    -0.40996     2.48910
2004  1 24  0     2.53439    -0.10962     2.53676
2004  1 25  0     2.50663     0.18562     2.51349
2004  1 26  0     2.43559     0.50333     2.48706
2004  1 27  0     2.45431     0.88192     2.60796
2004  1 28  0     2.44288     1.25313     2.74554
2004  1 29  0     2.32583     1.54853     2.79418
2004  1 30  0     2.13590     1.90231     2.86021
2004  1 31  0     1.86461     2.28805     2.95160
2004  2  1  0     1.51857     2.67739     3.07806
2004  2  2  0     1.10372     2.96900     3.16752
2004  2  3  0     0.65225     3.29468     3.35862
2004  2  4  0     0.19581     3.59820     3.60353
2004  2  5  0    -0.38455     3.70837     3.72825
2004  2  6  0    -1.02712     3.55599     3.70135
2004  2  7  0    -1.50290     3.34569     3.66774
2004  2  8  0    -1.77484     3.08582     3.55983
2004  2  9  0    -1.91897     2.90671     3.48301
2004  2 10  0    -1.94380     2.61096     3.25507
2004  2 11  0    -1.81124     2.25281     2.89063
2004  2 12  0    -1.57518     1.90063     2.46852
2004  2 13  0    -1.35560     1.51796     2.03516
2004  2 14  0    -1.10760     1.14627     1.59396
2004  2 15  0    -0.88510     0.89001     1.25520
2004  2 16  0    -0.72995     0.64075     0.97127
2004  2 17  0    -0.61056     0.39287     0.72604
2004  2 18  0    -0.51448     0.04073     0.51609
2004  2 19  0    -0.51510    -0.18506     0.54733
2004  2 20  0    -0.57700    -0.25932     0.63259
2004  2 21  0    -0.61827    -0.32446     0.69823
2004  2 22  0    -0.63249    -0.37352     0.73455
2004  2 23  0    -0.62254    -0.33918     0.70895
2004  2 24  0    -0.54263    -0.32120     0.63057
2004  2 25  0    -0.42627    -0.20940     0.47493
2004  2 26  0    -0.39314    -0.08476     0.40217
2004  2 27  0    -0.37847     0.06534     0.38407
2004  2 28  0    -0.27434     0.26102     0.37867
2004  2 29  0    -0.02702     0.35814     0.35916
2004  3  1  0     0.14080     0.30783     0.33850
2004  3  2  0     0.19527     0.23891     0.30856
2004  3  3  0     0.23077     0.15436     0.27764
2004  3  4  0     0.25675     0.12635     0.28615
2004  3  5  0     0.25918     0.03117     0.26105
2004  3  6  0     0.26527    -0.03767     0.26793
2004  3  7  0     0.25502    -0.01667     0.25557
2004  3  8  0     0.14714     0.01907     0.14837
2004  3  9  0     0.01046     0.22644     0.22668
2004  3 10  0     0.00984     0.52544     0.52553
2004  3 11  0     0.01785     0.78252     0.78272
2004  3 12  0    -0.00052     1.00998     1.00998
2004  3 13  0    -0.13334     1.19433     1.20175
2004  3 14  0    -0.33138     1.43831     1.47599
2004  3 15  0    -0.63716     1.58512     1.70838
2004  3 16  0    -0.98713     1.51066     1.80458
2004  3 17  0    -1.17336     1.33071     1.77414
2004  3 18  0    -1.22248     1.07282     1.62647
2004  3 19  0    -1.26594     0.73683     1.46476
2004  3 20  0    -1.25216     0.40388     1.31569
2004  3 21  0    -1.22369    -0.01168     1.22375
2004  3 22  0    -1.14957    -0.40558     1.21901
2004  3 23  0    -1.13833    -0.88888     1.44427
2004  3 24  0    -1.13187    -1.33049     1.74681
2004  3 25  0    -1.08725    -1.72063     2.03536
2004  3 26  0    -1.08664    -2.01022     2.28512
2004  3 27  0    -1.14594    -2.31233     2.58071
2004  3 28  0    -1.14098    -2.54677     2.79067
2004  3 29  0    -1.01978    -2.69947     2.88567
2004  3 30  0    -0.86303    -2.70799     2.84219
2004  3 31  0    -0.75183    -2.63325     2.73848
2004  4  1  0    -0.61565    -2.50420     2.57877
2004  4  2  0    -0.46960    -2.38067     2.42654
2004  4  3  0    -0.33274    -2.16700     2.19240
2004  4  4  0    -0.14365    -1.93346     1.93879
2004  4  5  0     0.03949    -1.72901     1.72946
2004  4  6  0     0.05683    -1.49675     1.49783
2004  4  7  0    -0.09454    -1.28303     1.28651
2004  4  8  0    -0.19268    -1.16905     1.18482
2004  4  9  0    -0.18241    -1.13987     1.15437
2004  4 10  0    -0.14310    -1.17917     1.18782
2004  4 11  0    -0.09914    -1.21994     1.22396
2004  4 12  0    -0.04365    -1.32902     1.32974
2004  4 13  0    -0.06985    -1.50517     1.50679
2004  4 14  0    -0.04936    -1.54585     1.54664
2004  4 15  0     0.14303    -1.54093     1.54755
2004  4 16  0     0.42492    -1.49452     1.55376
2004  4 17  0     0.67557    -1.42545     1.57743
2004  4 18  0     0.86571    -1.36502     1.61640
2004  4 19  0     0.97718    -1.19580     1.54429
2004  4 20  0     1.07555    -0.96587     1.44558
2004  4 21  0     1.08113    -0.67268     1.27332
2004  4 22  0     1.23177    -0.38336     1.29004
2004  4 23  0     1.31937    -0.12856     1.32562
2004  4 24  0     1.33898     0.13408     1.34567
2004  4 25  0     1.41545     0.31226     1.44948
2004  4 26  0     1.48237     0.54837     1.58054
2004  4 27  0     1.55794     0.84625     1.77294
2004  4 28  0     1.78561     1.09943     2.09693
2004  4 29  0     2.02236     1.31552     2.41257
2004  4 30  0     2.22845     1.55272     2.71605
2004  5  1  0     2.30672     1.80355     2.92809
2004  5  2  0     2.35557     2.00805     3.09532
2004  5  3  0     2.33533     2.22601     3.22628
2004  5  4  0     2.11603     2.41777     3.21297
2004  5  5  0     1.79323     2.54063     3.10974
2004  5  6  0     1.44557     2.68203     3.04680
2004  5  7  0     0.99787     2.78899     2.96213
2004  5  8  0     0.56037     2.82745     2.88244
2004  5  9  0     0.19955     2.76012     2.76732
2004  5 10  0    -0.17734     2.63303     2.63899
2004  5 11  0    -0.54386     2.51958     2.57760
2004  5 12  0    -0.81913     2.30066     2.44214
2004  5 13  0    -0.98461     2.03421     2.25997
2004  5 14  0    -1.12591     1.67166     2.01547
2004  5 15  0    -1.25572     1.19741     1.73512
2004  5 16  0    -1.33779     0.66714     1.49492
2004  5 17  0    -1.41918     0.22709     1.43723
2004  5 18  0    -1.45158    -0.13344     1.45770
2004  5 19  0    -1.33476    -0.37707     1.38700
2004  5 20  0    -1.19105    -0.48893     1.28750
2004  5 21  0    -1.05422    -0.56602     1.19656
2004  5 22  0    -0.92743    -0.55926     1.08301
2004  5 23  0    -0.74036    -0.45975     0.87150
2004  5 24  0    -0.59258    -0.34654     0.68647
2004  5 25  0    -0.46725    -0.16725     0.49628
2004  5 26  0    -0.34186    -0.04608     0.34495
2004  5 27  0    -0.24417     0.10426     0.26550
2004  5 28  0    -0.30360     0.18233     0.35415
2004  5 29  0    -0.29061     0.12958     0.31820
2004  5 30  0    -0.25934     0.07420     0.26975
2004  5 31  0    -0.23672     0.03808     0.23976
2004  6  1  0    -0.23680     0.01856     0.23753
2004  6  2  0    -0.25404     0.03942     0.25708
2004  6  3  0    -0.23870     0.03643     0.24147
2004  6  4  0    -0.22767     0.05515     0.23425
2004  6  5  0    -0.11997     0.03301     0.12443
2004  6  6  0    -0.01626     0.12390     0.12497
2004  6  7  0    -0.07163     0.23933     0.24982
2004  6  8  0    -0.19151     0.28755     0.34549
2004  6  9  0    -0.26609     0.28123     0.38716
2004  6 10  0    -0.36635     0.24942     0.44320
2004  6 11  0    -0.41332     0.17548     0.44902
2004  6 12  0    -0.45017     0.04638     0.45255
2004  6 13  0    -0.50362    -0.15011     0.52552
2004  6 14  0    -0.65099    -0.36461     0.74614
2004  6 15  0    -0.78865    -0.64494     1.01878
2004  6 16  0    -0.85149    -0.89568     1.23583
2004  6 17  0    -0.88254    -1.09532     1.40663
2004  6 18  0    -0.95559    -1.23372     1.56052
2004  6 19  0    -0.99043    -1.31417     1.64560
2004  6 20  0    -0.99436    -1.41640     1.73059
2004  6 21  0    -0.95666    -1.43707     1.72637
2004  6 22  0    -0.89877    -1.41533     1.67659
2004  6 23  0    -0.77052    -1.34669     1.55154
2004  6 24  0    -0.61413    -1.28292     1.42233
2004  6 25  0    -0.48471    -1.32564     1.41148
2004  6 26  0    -0.35911    -1.36113     1.40770
2004  6 27  0    -0.11938    -1.32902     1.33438
2004  6 28  0     0.13030    -1.32583     1.33222
2004  6 29  0     0.42952    -1.29376     1.36320
2004  6 30  0     0.73606    -1.27777     1.47461
2004  7  1  0     1.04245    -1.25591     1.63218
2004  7  2  0     1.29832    -1.23624     1.79274
2004  7  3  0     1.51051    -1.11760     1.87901
2004  7  4  0     1.68400    -0.93405     1.92569
2004  7  5  0     1.81145    -0.74664     1.95930
2004  7  6  0     1.85787    -0.62134     1.95902
2004  7  7  0     1.82229    -0.53626     1.89955
2004  7  8  0     1.70798    -0.41452     1.75756
2004  7  9  0     1.50398    -0.30591     1.53478
2004  7 10  0     1.31275    -0.19799     1.32759
2004  7 11  0     1.15622    -0.13466     1.16404
2004  7 12  0     1.07365    -0.13989     1.08272
2004  7 13  0     0.97540    -0.07496     0.97828
2004  7 14  0     0.83381    -0.03863     0.83470
2004  7 15  0     0.70828     0.00066     0.70829
2004  7 16  0     0.56654     0.05585     0.56929
2004  7 17  0     0.45201     0.14371     0.47431
2004  7 18  0     0.46332     0.28244     0.54262
2004  7 19  0     0.46188     0.41395     0.62024
2004  7 20  0     0.37939     0.53936     0.65943
2004  7 21  0     0.23277     0.71308     0.75011
2004  7 22  0     0.14275     0.85694     0.86875
2004  7 23  0     0.09492     0.98638     0.99094
2004  7 24  0     0.02525     1.13611     1.13639
2004  7 25  0    -0.00640     1.33703     1.33705
2004  7 26  0    -0.02542     1.52041     1.52063
2004  7 27  0    -0.15001     1.57833     1.58544
2004  7 28  0    -0.34216     1.63992     1.67523
2004  7 29  0    -0.55458     1.72693     1.81380
2004  7 30  0    -0.76827     1.73776     1.90002
2004  7 31  0    -0.96750     1.62589     1.89197
2004  8  1  0    -1.13931     1.51889     1.89870
2004  8  2  0    -1.29545     1.37469     1.88890
2004  8  3  0    -1.42090     1.20130     1.86067
2004  8  4  0    -1.48747     1.00664     1.79608
2004  8  5  0    -1.49731     0.80078     1.69800
2004  8  6  0    -1.49257     0.58544     1.60328
2004  8  7  0    -1.46002     0.38843     1.51081
2004  8  8  0    -1.34313     0.17658     1.35469
2004  8  9  0    -1.24758     0.11258     1.25265
2004  8 10  0    -1.16218     0.08401     1.16521
2004  8 11  0    -1.10917    -0.03519     1.10973
2004  8 12  0    -1.04646    -0.19125     1.06379
2004  8 13  0    -0.99574    -0.35934     1.05860
2004  8 14  0    -0.97088    -0.41431     1.05558
2004  8 15  0    -0.92158    -0.46341     1.03154
2004  8 16  0    -0.80445    -0.58947     0.99730
2004  8 17  0    -0.71876    -0.70544     1.00711
2004  8 18  0    -0.60078    -0.92164     1.10016
2004  8 19  0    -0.40817    -1.17312     1.24210
2004  8 20  0    -0.13058    -1.33247     1.33886
2004  8 21  0     0.16568    -1.45297     1.46238
2004  8 22  0     0.40128    -1.56722     1.61778
2004  8 23  0     0.65288    -1.63081     1.75664
2004  8 24  0     0.95743    -1.64031     1.89929
2004  8 25  0     1.25744    -1.58857     2.02601
2004  8 26  0     1.49738    -1.51444     2.12971
2004  8 27  0     1.68814    -1.40314     2.19514
2004  8 28  0     1.82370    -1.31299     2.24718
2004  8 29  0     1.89786    -1.17708     2.23325
2004  8 30  0     1.94451    -0.98963     2.18185
2004  8 31  0     1.97838    -0.78488     2.12839
2004  9  1  0     1.99068    -0.62183     2.08554
2004  9  2  0     1.87959    -0.40541     1.92282
2004  9  3  0     1.66785    -0.16436     1.67593
2004  9  4  0     1.47663     0.04565     1.47733
2004  9  5  0     1.28931     0.22808     1.30933
2004  9  6  0     1.14720     0.48769     1.24656
2004  9  7  0     1.00091     0.58694     1.16031
2004  9  8  0     0.78108     0.60802     0.98984
2004  9  9  0     0.61959     0.68775     0.92568
2004  9 10  0     0.49079     0.72345     0.87421
2004  9 11  0     0.43400     0.67334     0.80109
2004  9 12  0     0.42208     0.57669     0.71465
2004  9 13  0     0.44433     0.57228     0.72452
2004  9 14  0     0.50768     0.60869     0.79262
2004  9 15  0     0.56882     0.57825     0.81113
2004  9 16  0     0.65194     0.62262     0.90148
2004  9 17  0     0.85309     0.63159     1.06145
2004  9 18  0     0.99014     0.55443     1.13480
2004  9 19  0     1.05718     0.49528     1.16745
2004  9 20  0     1.11826     0.47775     1.21604
2004  9 21  0     1.22209     0.52665     1.33074
2004  9 22  0     1.31762     0.51560     1.41491
2004  9 23  0     1.28737     0.48248     1.37481
2004  9 24  0     1.11560     0.49476     1.22039
2004  9 25  0     0.91424     0.55483     1.06943
2004  9 26  0     0.60770     0.64981     0.88969
2004  9 27  0     0.21550     0.72491     0.75627
2004  9 28  0    -0.15339     0.76748     0.78266
2004  9 29  0    -0.44117     0.77699     0.89350
2004  9 30  0    -0.84512     0.74246     1.12493
2004 10  1  0    -1.31893     0.66522     1.47719
2004 10  2  0    -1.66772     0.55674     1.75819
2004 10  3  0    -1.84653     0.40234     1.88986
2004 10  4  0    -1.96039     0.21932     1.97262
2004 10  5  0    -2.03347     0.03210     2.03373
2004 10  6  0    -2.01048    -0.18884     2.01933
2004 10  7  0    -1.93905    -0.39926     1.97973
2004 10  8  0    -1.88808    -0.65509     1.99849
2004 10  9  0    -1.70588    -0.94163     1.94851
2004 10 10  0    -1.39850    -1.19846     1.84177
2004 10 11  0    -1.08052    -1.38896     1.75975
2004 10 12  0    -0.81215    -1.60763     1.80113
2004 10 13  0    -0.57241    -1.79547     1.88451
2004 10 14  0    -0.29939    -1.90326     1.92666
2004 10 15  0     0.02542    -1.93372     1.93388
2004 10 16  0     0.36857    -1.96855     2.00276
2004 10 17  0     0.70230    -1.95826     2.08039
2004 10 18  0     0.95717    -1.89886     2.12646
2004 10 19  0     1.15016    -1.73976     2.08558
2004 10 20  0     1.30629    -1.63596     2.09351
2004 10 21  0     1.58578    -1.36319     2.09116
2004 10 22  0     1.81894    -1.03163     2.09113
2004 10 23  0     1.98707    -0.69882     2.10637
2004 10 24  0     2.09272    -0.39323     2.12935
2004 10 25  0     2.09758    -0.08317     2.09922
2004 10 26  0     2.02464     0.21809     2.03635
2004 10 27  0     1.99079     0.44103     2.03906
2004 10 28  0     1.95016     0.57426     2.03295
2004 10 29  0     1.89247     0.76718     2.04205
2004 10 30  0     1.79443     0.89113     2.00352
2004 10 31  0     1.72857     0.94024     1.96774
2004 11  1  0     1.59424     0.92368     1.84249
2004 11  2  0     1.40588     0.91249     1.67605
2004 11  3  0     1.19314     0.79826     1.43555
2004 11  4  0     1.02489     0.59785     1.18651
2004 11  5  0     0.84898     0.42442     0.94916
2004 11  6  0     0.67131     0.23389     0.71089
2004 11  7  0     0.49848     0.07478     0.50406
2004 11  8  0     0.37983    -0.00593     0.37988
2004 11  9  0     0.24224    -0.02912     0.24398
2004 11 10  0     0.16318     0.00326     0.16321
2004 11 11  0     0.11520     0.00517     0.11532
2004 11 12  0     0.14429     0.09618     0.17341
2004 11 13  0     0.18546     0.16519     0.24836
2004 11 14  0     0.22454     0.19431     0.29694
2004 11 15  0     0.27351     0.26315     0.37955
2004 11 16  0     0.31445     0.36424     0.48119
2004 11 17  0     0.27136     0.47968     0.55112
2004 11 18  0     0.15266     0.51837     0.54038
2004 11 19  0    -0.04274     0.48772     0.48959
2004 11 20  0    -0.29783     0.38870     0.48968
2004 11 21  0    -0.56389     0.17796     0.59131
2004 11 22  0    -0.78240     0.01651     0.78258
2004 11 23  0    -1.02903    -0.03043     1.02948
2004 11 24  0    -1.22089    -0.07688     1.22330
2004 11 25  0    -1.36362    -0.13714     1.37050
2004 11 26  0    -1.49626    -0.18263     1.50737
2004 11 27  0    -1.62985    -0.17425     1.63914
2004 11 28  0    -1.74079    -0.02557     1.74098
2004 11 29  0    -1.70158     0.15543     1.70867
2004 11 30  0    -1.55368     0.28773     1.58010
2004 12  1  0    -1.46720     0.42415     1.52727
2004 12  2  0    -1.43330     0.47480     1.50990
2004 12  3  0    -1.36852     0.47574     1.44885
2004 12  4  0    -1.28171     0.41669     1.34774
2004 12  5  0    -1.16412     0.27556     1.19629
2004 12  6  0    -1.02165     0.12808     1.02965
2004 12  7  0    -0.86488    -0.09383     0.86995
2004 12  8  0    -0.77959    -0.27845     0.82783
2004 12  9  0    -0.73390    -0.37456     0.82395
2004 12 10  0    -0.62239    -0.55661     0.83497
2004 12 11  0    -0.40661    -0.73492     0.83990
2004 12 12  0    -0.18222    -0.86725     0.88619
2004 12 13  0     0.00459    -0.91402     0.91403
2004 12 14  0     0.24309    -0.88194     0.91483
2004 12 15  0     0.45883    -0.83623     0.95384
2004 12 16  0     0.55965    -0.70552     0.90054
2004 12 17  0     0.65211    -0.46486     0.80084
2004 12 18  0     0.80432    -0.19048     0.82657
2004 12 19  0     0.97253     0.07476     0.97540
2004 12 20  0     1.05725     0.31893     1.10431
2004 12 21  0     1.04182     0.62860     1.21677
2004 12 22  0     1.06437     0.90315     1.39591
2004 12 23  0     0.96454     1.10732     1.46850
2004 12 24  0     0.86842     1.31956     1.57968
2004 12 25  0     0.78239     1.43703     1.63621
2004 12 26  0     0.68440     1.39657     1.55525
2004 12 27  0     0.55537     1.34236     1.45271
2004 12 28  0     0.36270     1.32617     1.37487
2004 12 29  0     0.22915     1.27545     1.29587
2004 12 30  0     0.10084     1.17751     1.18182
2004 12 31  0    -0.01788     1.16479     1.16492
2005  1  1  0    -0.05999     1.17129     1.17282
2005  1  2  0    -0.10156     1.12192     1.12650
2005  1  3  0    -0.16461     1.05075     1.06356
2005  1  4  0    -0.29649     0.99237     1.03571
2005  1  5  0    -0.47486     0.91929     1.03469
2005  1  6  0    -0.62879     0.80322     1.02007
2005  1  7  0    -0.81589     0.64170     1.03800
2005  1  8  0    -0.91206     0.44550     1.01505
2005  1  9  0    -0.94185     0.17122     0.95729
2005  1 10  0    -0.95669    -0.10920     0.96290
2005  1 11  0    -0.93944    -0.30376     0.98733
2005  1 12  0    -0.96247    -0.44841     1.06180
2005  1 13  0    -0.96481    -0.52519     1.09849
2005  1 14  0    -0.95583    -0.55333     1.10444
2005  1 15  0    -0.93693    -0.49853     1.06130
2005  1 16  0    -0.89023    -0.42931     0.98834
2005  1 17  0    -0.84898    -0.41011     0.94285
2005  1 18  0    -0.82954    -0.42469     0.93193
2005  1 19  0    -0.85258    -0.47231     0.97466
2005  1 20  0    -0.91628    -0.57391     1.08118
2005  1 21  0    -0.83500    -0.72131     1.10341
2005  1 22  0    -0.60294    -0.92337     1.10279
2005  1 23  0    -0.39382    -1.18194     1.24582
2005  1 24  0    -0.29101    -1.42657     1.45595
2005  1 25  0    -0.22272    -1.62962     1.64477
2005  1 26  0    -0.18474    -1.63896     1.64933
2005  1 27  0    -0.21262    -1.58085     1.59508
2005  1 28  0    -0.29053    -1.41875     1.44819
2005  1 29  0    -0.36623    -1.21052     1.26471
2005  1 30  0    -0.42631    -0.95190     1.04300
2005  1 31  0    -0.54871    -0.69519     0.88565
2005  2  1  0    -0.62932    -0.49793     0.80249
2005  2  2  0    -0.65392    -0.38304     0.75784
2005  2  3  0    -0.64584    -0.29028     0.70808
2005  2  4  0    -0.59463    -0.36959     0.70013
2005  2  5  0    -0.45815    -0.50160     0.67935
2005  2  6  0    -0.19616    -0.65880     0.68738
2005  2  7  0     0.09960    -0.81256     0.81864
2005  2  8  0     0.31666    -1.01517     1.06341
2005  2  9  0     0.44627    -1.21375     1.29320
2005  2 10  0     0.47964    -1.40217     1.48194
2005  2 11  0     0.56161    -1.57887     1.67578
2005  2 12  0     0.65645    -1.76011     1.87854
2005  2 13  0     0.72853    -1.87733     2.01373
2005  2 14  0     0.71121    -1.86314     1.99427
2005  2 15  0     0.57596    -1.80875     1.89824
2005  2 16  0     0.43424    -1.74888     1.80198
2005  2 17  0     0.39119    -1.63016     1.67644
2005  2 18  0     0.42161    -1.52147     1.57881
2005  2 19  0     0.45290    -1.41859     1.48913
2005  2 20  0     0.43715    -1.29234     1.36427
2005  2 21  0     0.43946    -1.15518     1.23595
2005  2 22  0     0.45125    -0.97912     1.07810
2005  2 23  0     0.47442    -0.79337     0.92440
2005  2 24  0     0.49700    -0.64425     0.81368
2005  2 25  0     0.44266    -0.51123     0.67624
2005  2 26  0     0.27621    -0.40991     0.49428
2005  2 27  0     0.02438    -0.32235     0.32327
2005  2 28  0    -0.19704    -0.21733     0.29336
2005  3  1  0    -0.43539    -0.05917     0.43939
2005  3  2  0    -0.63762     0.16958     0.65978
2005  3  3  0    -0.82195     0.41554     0.92102
2005  3  4  0    -0.91924     0.55786     1.07527
2005  3  5  0    -0.85843     0.69976     1.10751
2005  3  6  0    -0.69222     0.85073     1.09677
2005  3  7  0    -0.55436     0.90817     1.06400
2005  3  8  0    -0.37841     0.91735     0.99233
2005  3  9  0    -0.14304     0.93805     0.94889
2005  3 10  0     0.15909     0.88986     0.90397
2005  3 11  0     0.37975     0.80701     0.89189
2005  3 12  0     0.52030     0.69588     0.86888
2005  3 13  0     0.64956     0.66977     0.93302
2005  3 14  0     0.70333     0.71481     1.00281
2005  3 15  0     0.74267     0.83120     1.11465
2005  3 16  0     0.77906     0.99636     1.26478
2005  3 17  0     0.79173     1.25454     1.48348
2005  3 18  0     0.82240     1.40716     1.62986
2005  3 19  0     0.84475     1.53593     1.75291
2005  3 20  0     0.91544     1.65666     1.89277
2005  3 21  0     1.01427     1.85090     2.11059
2005  3 22  0     1.19502     2.00698     2.33582
2005  3 23  0     1.39851     2.15438     2.56849
2005  3 24  0     1.57633     2.26698     2.76116
2005  3 25  0     1.73784     2.40154     2.96437
2005  3 26  0     1.95459     2.40327     3.09776
2005  3 27  0     2.20421     2.43355     3.28340
2005  3 28  0     2.39100     2.40978     3.39469
2005  3 29  0     2.46885     2.40219     3.44467
2005  3 30  0     2.53049     2.33942     3.44620
2005  3 31  0     2.51501     2.24781     3.37312
2005  4  1  0     2.30501     2.17802     3.17126
2005  4  2  0     1.98786     2.12106     2.90697
2005  4  3  0     1.62755     2.09353     2.65175
2005  4  4  0     1.19360     2.11737     2.43063
2005  4  5  0     0.60671     2.13838     2.22278
2005  4  6  0    -0.01297     2.14802     2.14806
2005  4  7  0    -0.55923     2.05663     2.13131
2005  4  8  0    -1.09000     1.89344     2.18476
2005  4  9  0    -1.55355     1.71972     2.31753
2005  4 10  0    -1.86597     1.50584     2.39779
2005  4 11  0    -2.15035     1.25854     2.49157
2005  4 12  0    -2.34967     0.91918     2.52306
2005  4 13  0    -2.53948     0.51220     2.59062
2005  4 14  0    -2.60920     0.08453     2.61057
2005  4 15  0    -2.54571    -0.37375     2.57300
2005  4 16  0    -2.38508    -0.73662     2.49624
2005  4 17  0    -2.16777    -1.14216     2.45025
2005  4 18  0    -1.93862    -1.53795     2.47458
2005  4 19  0    -1.74676    -1.88428     2.56937
2005  4 20  0    -1.53622    -2.15943     2.65012
2005  4 21  0    -1.26677    -2.37568     2.69232
2005  4 22  0    -0.92378    -2.48460     2.65078
2005  4 23  0    -0.55186    -2.51028     2.57022
2005  4 24  0    -0.23910    -2.48403     2.49551
2005  4 25  0     0.08133    -2.57001     2.57130
2005  4 26  0     0.40331    -2.62285     2.65367
2005  4 27  0     0.71217    -2.53855     2.63656
2005  4 28  0     1.07806    -2.45758     2.68364
2005  4 29  0     1.45507    -2.34306     2.75810
2005  4 30  0     1.85194    -2.08059     2.78542
2005  5  1  0     2.08517    -1.78710     2.74621
2005  5  2  0     2.14828    -1.42772     2.57943
2005  5  3  0     2.17729    -1.03472     2.41065
2005  5  4  0     2.10798    -0.58337     2.18722
2005  5  5  0     1.94583    -0.09704     1.94825
2005  5  6  0     1.66413     0.27784     1.68716
2005  5  7  0     1.31025     0.63419     1.45566
2005  5  8  0     0.95119     0.90758     1.31471
2005  5  9  0     0.51351     0.99425     1.11903
2005  5 10  0     0.17752     1.00374     1.01932
2005  5 11  0    -0.09811     0.89379     0.89916
2005  5 12  0    -0.41519     0.62380     0.74934
2005  5 13  0    -0.72008     0.27913     0.77229
2005  5 14  0    -0.97889    -0.06440     0.98100
2005  5 15  0    -1.14182    -0.37824     1.20283
2005  5 16  0    -1.25417    -0.69540     1.43406
2005  5 17  0    -1.24774    -0.98358     1.58880
2005  5 18  0    -1.13858    -1.19381     1.64971
2005  5 19  0    -1.03494    -1.31568     1.67395
2005  5 20  0    -0.88427    -1.26313     1.54189
2005  5 21  0    -0.74017    -1.04010     1.27658
2005  5 22  0    -0.60925    -0.77298     0.98421
2005  5 23  0    -0.46720    -0.55065     0.72214
2005  5 24  0    -0.38216    -0.33769     0.50998
2005  5 25  0    -0.31174    -0.07726     0.32117
2005  5 26  0    -0.31033     0.07874     0.32017
2005  5 27  0    -0.31261     0.19584     0.36889
2005  5 28  0    -0.30925     0.30907     0.43722
2005  5 29  0    -0.34385     0.27967     0.44323
2005  5 30  0    -0.41268     0.27039     0.49337
2005  5 31  0    -0.45980     0.26099     0.52871
2005  6  1  0    -0.46670     0.21573     0.51415
2005  6  2  0    -0.44735     0.17538     0.48050
2005  6  3  0    -0.39957     0.14853     0.42628
2005  6  4  0    -0.33405     0.20038     0.38954
2005  6  5  0    -0.27963     0.34663     0.44536
2005  6  6  0    -0.11922     0.38117     0.39938
2005  6  7  0     0.09705     0.37759     0.38986
2005  6  8  0     0.31551     0.40693     0.51491
2005  6  9  0     0.43538     0.52453     0.68168
2005  6 10  0     0.51516     0.69748     0.86711
2005  6 11  0     0.67999     0.81680     1.06281
2005  6 12  0     0.81321     0.89064     1.20605
2005  6 13  0     0.96160     0.93242     1.33943
2005  6 14  0     1.05336     0.85451     1.35637
2005  6 15  0     1.04377     0.84212     1.34112
2005  6 16  0     1.00593     0.95896     1.38978
2005  6 17  0     0.97745     0.98920     1.39066
2005  6 18  0     0.94874     0.85734     1.27873
2005  6 19  0     0.85149     0.65792     1.07606
2005  6 20  0     0.64379     0.53629     0.83790
2005  6 21  0     0.50649     0.43952     0.67060
2005  6 22  0     0.29814     0.33879     0.45129
2005  6 23  0     0.08224     0.27612     0.28811
2005  6 24  0    -0.11429     0.21576     0.24416
2005  6 25  0    -0.33153     0.11633     0.35134
2005  6 26  0    -0.50166    -0.00356     0.50167
2005  6 27  0    -0.59425    -0.06252     0.59753
2005  6 28  0    -0.61069    -0.10781     0.62013
2005  6 29  0    -0.48270    -0.13431     0.50104
2005  6 30  0    -0.37971    -0.08676     0.38950
2005  7  1  0    -0.23087    -0.04068     0.23443
2005  7  2  0    -0.08183     0.01447     0.08310
2005  7  3  0     0.06468     0.06490     0.09163
2005  7  4  0     0.24629     0.11340     0.27114
2005  7  5  0     0.44934     0.17192     0.48110
2005  7  6  0     0.70694     0.13479     0.71968
2005  7  7  0     0.90152     0.07056     0.90428
2005  7  8  0     0.98478     0.01620     0.98492
2005  7  9  0     1.05499    -0.11239     1.06096
2005  7 10  0     1.10243    -0.27217     1.13553
2005  7 11  0     1.07344    -0.37416     1.13678
2005  7 12  0     1.05014    -0.46493     1.14846
2005  7 13  0     1.01819    -0.56066     1.16235
2005  7 14  0     0.90525    -0.71394     1.15290
2005  7 15  0     0.64759    -0.68430     0.94215
2005  7 16  0     0.41977    -0.50267     0.65489
2005  7 17  0     0.16394    -0.37669     0.41081
2005  7 18  0    -0.03996    -0.21828     0.22191
2005  7 19  0    -0.21975     0.03629     0.22272
2005  7 20  0    -0.35018     0.24956     0.43001
2005  7 21  0    -0.48544     0.50013     0.69698
2005  7 22  0    -0.72118     0.76362     1.05034
2005  7 23  0    -1.00815     1.03107     1.44204
2005  7 24  0    -1.20061     1.14871     1.66163
2005  7 25  0    -1.34050     1.11487     1.74352
2005  7 26  0    -1.38229     1.05669     1.73992
2005  7 27  0    -1.46600     0.93049     1.73637
2005  7 28  0    -1.55885     0.73380     1.72292
2005  7 29  0    -1.62399     0.48995     1.69629
2005  7 30  0    -1.68928     0.21650     1.70310
2005  7 31  0    -1.61645    -0.03759     1.61689
2005  8  1  0    -1.40263    -0.21954     1.41970
2005  8  2  0    -1.28562    -0.42666     1.35457
2005  8  3  0    -1.33061    -0.59157     1.45619
2005  8  4  0    -1.32107    -0.71460     1.50196
2005  8  5  0    -1.26290    -0.83998     1.51674
2005  8  6  0    -1.19572    -0.95914     1.53288
2005  8  7  0    -1.11609    -1.00839     1.50416
2005  8  8  0    -0.98459    -1.01141     1.41151
2005  8  9  0    -0.81333    -0.98677     1.27875
2005  8 10  0    -0.70993    -0.95755     1.19201
2005  8 11  0    -0.56240    -0.90496     1.06548
2005  8 12  0    -0.26648    -0.84938     0.89020
2005  8 13  0     0.02977    -0.81299     0.81353
2005  8 14  0     0.24349    -0.74253     0.78144
2005  8 15  0     0.48720    -0.59115     0.76604
2005  8 16  0     0.74658    -0.49427     0.89537
2005  8 17  0     0.91958    -0.49013     1.04205
2005  8 18  0     0.94209    -0.42569     1.03380
2005  8 19  0     0.97768    -0.31576     1.02741
2005  8 20  0     1.08229    -0.19651     1.09998
2005  8 21  0     1.11747    -0.09451     1.12146
2005  8 22  0     1.03032    -0.00277     1.03032
2005  8 23  0     0.99021     0.10916     0.99621
2005  8 24  0     0.95550     0.13264     0.96466
2005  8 25  0     0.92011     0.11303     0.92703
2005  8 26  0     0.88400     0.10249     0.88993
2005  8 27  0     0.94597     0.04575     0.94708
2005  8 28  0     1.07680    -0.04279     1.07765
2005  8 29  0     1.06692    -0.00654     1.06694
2005  8 30  0     1.05790     0.05054     1.05911
2005  8 31  0     1.09223     0.10859     1.09761
2005  9  1  0     1.11876     0.16902     1.13146
2005  9  2  0     0.99769     0.23160     1.02422
2005  9  3  0     0.72061     0.42269     0.83544
2005  9  4  0     0.40468     0.67724     0.78894
2005  9  5  0     0.06262     0.88377     0.88599
2005  9  6  0    -0.29828     1.05306     1.09449
2005  9  7  0    -0.61541     1.14154     1.29686
2005  9  8  0    -0.95921     1.15309     1.49990
2005  9  9  0    -1.33484     1.10284     1.73149
2005  9 10  0    -1.66730     0.99847     1.94341
2005  9 11  0    -1.87459     0.90022     2.07954
2005  9 12  0    -1.95318     0.70618     2.07692
2005  9 13  0    -2.00090     0.44017     2.04875
2005  9 14  0    -2.00720     0.17440     2.01476
2005  9 15  0    -1.97494    -0.05281     1.97564
2005  9 16  0    -1.85849    -0.28243     1.87983
2005  9 17  0    -1.69630    -0.51511     1.77279
2005  9 18  0    -1.51453    -0.71984     1.67689
2005  9 19  0    -1.31381    -0.85432     1.56715
2005  9 20  0    -1.06459    -0.98968     1.45356
2005  9 21  0    -0.85214    -0.99237     1.30803
2005  9 22  0    -0.60551    -0.89089     1.07718
2005  9 23  0    -0.38865    -0.79759     0.88724
2005  9 24  0    -0.18518    -0.73110     0.75419
2005  9 25  0     0.01931    -0.67380     0.67407
2005  9 26  0     0.18002    -0.55962     0.58786
2005  9 27  0     0.34888    -0.40730     0.53629
2005  9 28  0     0.47036    -0.35346     0.58837
2005  9 29  0     0.58808    -0.24467     0.63695
2005  9 30  0     0.70934    -0.22382     0.74381
2005 10  1  0     0.82498    -0.26075     0.86521
2005 10  2  0     0.96633    -0.33023     1.02120
2005 10  3  0     1.02988    -0.34692     1.08674
2005 10  4  0     1.05804    -0.30164     1.10020
2005 10  5  0     1.15698    -0.26131     1.18612
2005 10  6  0     1.33235    -0.21892     1.35021
2005 10  7  0     1.48516    -0.07591     1.48710
2005 10  8  0     1.53455     0.13958     1.54088
2005 10  9  0     1.60256     0.41605     1.65568
2005 10 10  0     1.63143     0.70510     1.77728
2005 10 11  0     1.51335     0.94280     1.78301
2005 10 12  0     1.41634     1.15520     1.82771
2005 10 13  0     1.26325     1.26087     1.78482
2005 10 14  0     1.09416     1.35088     1.73841
2005 10 15  0     0.92514     1.40728     1.68414
2005 10 16  0     0.80409     1.44191     1.65096
2005 10 17  0     0.72665     1.41753     1.59292
2005 10 18  0     0.68035     1.33537     1.49869
2005 10 19  0     0.61049     1.24344     1.38522
2005 10 20  0     0.58625     1.19641     1.33232
2005 10 21  0     0.40755     1.17490     1.24358
2005 10 22  0     0.24040     1.13991     1.16499
2005 10 23  0     0.04040     1.06495     1.06572
2005 10 24  0    -0.13732     0.95821     0.96800
2005 10 25  0    -0.27310     0.78080     0.82718
2005 10 26  0    -0.38500     0.67111     0.77370
2005 10 27  0    -0.49189     0.68994     0.84733
2005 10 28  0    -0.61022     0.76547     0.97893
2005 10 29  0    -0.63483     0.86144     1.07009
2005 10 30  0    -0.60902     0.89634     1.08367
2005 10 31  0    -0.61573     0.91446     1.10244
2005 11  1  0    -0.63830     0.86389     1.07411
2005 11  2  0    -0.65468     0.76421     1.00629
2005 11  3  0    -0.71268     0.68672     0.98969
2005 11  4  0    -0.82715     0.54062     0.98815
2005 11  5  0    -0.98477     0.23719     1.01293
2005 11  6  0    -1.08203    -0.01160     1.08209
2005 11  7  0    -1.26959    -0.27357     1.29873
2005 11  8  0    -1.46791    -0.50100     1.55105
2005 11  9  0    -1.54317    -0.71425     1.70045
2005 11 10  0    -1.49344    -0.78500     1.68718
2005 11 11  0    -1.47923    -0.71054     1.64103
2005 11 12  0    -1.46296    -0.63477     1.59474
2005 11 13  0    -1.40577    -0.54342     1.50715
2005 11 14  0    -1.23483    -0.44171     1.31146
2005 11 15  0    -1.08436    -0.42370     1.16419
2005 11 16  0    -0.91521    -0.38096     0.99133
2005 11 17  0    -0.75480    -0.37421     0.84247
2005 11 18  0    -0.61862    -0.40298     0.73830
2005 11 19  0    -0.54495    -0.49188     0.73411
2005 11 20  0    -0.49562    -0.62326     0.79630
2005 11 21  0    -0.36372    -0.70675     0.79485
2005 11 22  0    -0.21074    -0.76127     0.78990
2005 11 23  0    -0.20744    -0.74439     0.77276
2005 11 24  0    -0.22682    -0.69145     0.72770
2005 11 25  0    -0.20289    -0.71156     0.73992
2005 11 26  0    -0.11371    -0.70870     0.71776
2005 11 27  0    -0.02063    -0.65791     0.65823
2005 11 28  0     0.05250    -0.55484     0.55732
2005 11 29  0     0.17682    -0.45619     0.48926
2005 11 30  0     0.21633    -0.32634     0.39153
2005 12  1  0     0.23515    -0.16753     0.28872
2005 12  2  0     0.24970    -0.07081     0.25955
2005 12  3  0     0.24380     0.02842     0.24545
2005 12  4  0     0.25549     0.10256     0.27531
2005 12  5  0     0.23233     0.22396     0.32270
2005 12  6  0     0.24528     0.39974     0.46899
2005 12  7  0     0.36172     0.51091     0.62600
2005 12  8  0     0.47659     0.64847     0.80477
2005 12  9  0     0.53536     0.75976     0.92944
2005 12 10  0     0.52907     0.83272     0.98658
2005 12 11  0     0.54801     0.84505     1.00719
2005 12 12  0     0.52311     0.80230     0.95777
2005 12 13  0     0.45715     0.88289     0.99423
2005 12 14  0     0.37676     0.93926     1.01201
2005 12 15  0     0.25796     0.96143     0.99544
2005 12 16  0     0.10040     0.92693     0.93235
2005 12 17  0    -0.09788     0.87165     0.87713
2005 12 18  0    -0.25669     0.78781     0.82857
2005 12 19  0    -0.31236     0.68262     0.75069
2005 12 20  0    -0.38623     0.58542     0.70135
2005 12 21  0    -0.44859     0.49844     0.67058
2005 12 22  0    -0.45921     0.32571     0.56299
2005 12 23  0    -0.45861     0.19788     0.49948
2005 12 24  0    -0.46496     0.04652     0.46728
2005 12 25  0    -0.54456    -0.07918     0.55029
2005 12 26  0    -0.56046    -0.19122     0.59219
2005 12 27  0    -0.47148    -0.29817     0.55786
2005 12 28  0    -0.43929    -0.35631     0.56563
2005 12 29  0    -0.39284    -0.30968     0.50023
2005 12 30  0    -0.27523    -0.30025     0.40730
2005 12 31  0    -0.12516    -0.35863     0.37984
2006  1  1  0    -0.03636    -0.46865     0.47006
2006  1  2  0     0.08114    -0.50963     0.51605
2006  1  3  0     0.28816    -0.56216     0.63171
2006  1  4  0     0.56759    -0.63102     0.84873
2006  1  5  0     0.73427    -0.72394     1.03113
2006  1  6  0     0.85689    -0.84264     1.20179
2006  1  7  0     0.97133    -1.02223     1.41012
2006  1  8  0     1.03440    -1.13764     1.53760
2006  1  9  0     1.01664    -1.08946     1.49012
2006  1 10  0     1.01957    -0.97254     1.40902
2006  1 11  0     0.85886    -0.82430     1.19043
2006  1 12  0     0.65220    -0.59543     0.88312
2006  1 13  0     0.32925    -0.29107     0.43946
2006  1 14  0     0.03381     0.02759     0.04364
2006  1 15  0    -0.21368     0.37186     0.42888
2006  1 16  0    -0.46228     0.76846     0.89679
2006  1 17  0    -0.65920     1.09110     1.27477
2006  1 18  0    -0.81817     1.27234     1.51269
2006  1 19  0    -0.91267     1.40442     1.67492
2006  1 20  0    -0.92193     1.42268     1.69528
2006  1 21  0    -0.90000     1.35126     1.62355
2006  1 22  0    -0.94784     1.23989     1.56068
2006  1 23  0    -1.09389     1.08441     1.54030
2006  1 24  0    -1.27645     0.89925     1.56140
2006  1 25  0    -1.46231     0.64757     1.59928
2006  1 26  0    -1.63374     0.45324     1.69544
2006  1 27  0    -1.77743     0.30180     1.80287
2006  1 28  0    -2.00677     0.09863     2.00920
2006  1 29  0    -2.20076    -0.17605     2.20779
2006  1 30  0    -2.35537    -0.44605     2.39723
2006  1 31  0    -2.36793    -0.74358     2.48194
2006  2  1  0    -2.26840    -1.03215     2.49218
2006  2  2  0    -2.07894    -1.34756     2.47748
2006  2  3  0    -1.77498    -1.68585     2.44799
2006  2  4  0    -1.43289    -2.01209     2.47016
2006  2  5  0    -1.07997    -2.29635     2.53763
2006  2  6  0    -0.66076    -2.46734     2.55429
2006  2  7  0    -0.18221    -2.51322     2.51982
2006  2  8  0     0.13897    -2.51688     2.52071
2006  2  9  0     0.36288    -2.42346     2.45048
2006  2 10  0     0.56644    -2.26561     2.33535
2006  2 11  0     0.72840    -2.05150     2.17697
2006  2 12  0     0.76620    -1.82860     1.98263
2006  2 13  0     0.76143    -1.59543     1.76781
2006  2 14  0     0.86595    -1.35385     1.60710
2006  2 15  0     1.03808    -1.14826     1.54794
2006  2 16  0     1.10281    -0.96362     1.46450
2006  2 17  0     1.22297    -0.80023     1.46152
2006  2 18  0     1.39103    -0.70595     1.55991
2006  2 19  0     1.56754    -0.62777     1.68857
2006  2 20  0     1.79425    -0.56837     1.88212
2006  2 21  0     2.11647    -0.42874     2.15946
2006  2 22  0     2.40683    -0.25096     2.41988
2006  2 23  0     2.54276     0.06420     2.54357
2006  2 24  0     2.52931     0.44278     2.56777
2006  2 25  0     2.43550     0.84603     2.57826
2006  2 26  0     2.26915     1.16902     2.55258
2006  2 27  0     2.08553     1.27912     2.44655
2006  2 28  0     1.94756     1.27170     2.32598
2006  3  1  0     1.71194     1.17192     2.07464
2006  3  2  0     1.39386     1.12114     1.78880
2006  3  3  0     1.09516     1.04541     1.51402
2006  3  4  0     0.86112     0.91599     1.25721
2006  3  5  0     0.57950     0.82420     1.00753
2006  3  6  0     0.28325     0.77491     0.82506
2006  3  7  0     0.03444     0.74789     0.74868
2006  3  8  0    -0.07295     0.82034     0.82358
2006  3  9  0    -0.13472     0.85463     0.86518
2006  3 10  0    -0.10649     0.84374     0.85043
2006  3 11  0    -0.03031     0.83805     0.83860
2006  3 12  0     0.08105     0.87913     0.88286
2006  3 13  0     0.16321     0.98496     0.99839
2006  3 14  0     0.25866     1.07082     1.10162
2006  3 15  0     0.34827     1.10545     1.15901
2006  3 16  0     0.42268     1.21404     1.28551
2006  3 17  0     0.50936     1.27991     1.37754
2006  3 18  0     0.59462     1.33846     1.46460
2006  3 19  0     0.66784     1.35742     1.51281
2006  3 20  0     0.68197     1.27569     1.44654
2006  3 21  0     0.63855     1.17539     1.33765
2006  3 22  0     0.63562     1.15360     1.31712
2006  3 23  0     0.60556     1.13037     1.28236
2006  3 24  0     0.51428     1.14470     1.25492
2006  3 25  0     0.42332     1.14909     1.22458
2006  3 26  0     0.20283     1.17588     1.19325
2006  3 27  0     0.04256     1.29248     1.29319
2006  3 28  0    -0.05817     1.39078     1.39200
2006  3 29  0    -0.17133     1.49959     1.50935
2006  3 30  0    -0.27355     1.53908     1.56320
2006  3 31  0    -0.43824     1.50349     1.56606
2006  4  1  0    -0.55293     1.36328     1.47115
2006  4  2  0    -0.65094     1.12926     1.30344
2006  4  3  0    -0.72286     0.87953     1.13846
2006  4  4  0    -0.71440     0.66100     0.97329
2006  4  5  0    -0.76523     0.38271     0.85559
2006  4  6  0    -0.83841     0.06507     0.84093
2006  4  7  0    -0.78609    -0.28781     0.83713
2006  4  8  0    -0.65113    -0.56870     0.86452
2006  4  9  0    -0.52352    -0.77281     0.93344
2006  4 10  0    -0.42710    -0.82444     0.92850
2006  4 11  0    -0.30230    -0.80207     0.85714
2006  4 12  0    -0.19977    -0.77525     0.80058
2006  4 13  0    -0.15985    -0.77011     0.78653
2006  4 14  0    -0.10773    -0.66395     0.67264
2006  4 15  0     0.00177    -0.48269     0.48270
2006  4 16  0     0.15831    -0.23911     0.28676
2006  4 17  0     0.31121    -0.02801     0.31246
2006  4 18  0     0.44939     0.13710     0.46984
2006  4 19  0     0.55362     0.26802     0.61508
2006  4 20  0     0.59078     0.41692     0.72308
2006  4 21  0     0.59451     0.53833     0.80202
2006  4 22  0     0.53178     0.57677     0.78451
2006  4 23  0     0.38345     0.54016     0.66242
2006  4 24  0     0.14414     0.44333     0.46618
2006  4 25  0    -0.13989     0.31426     0.34399
2006  4 26  0    -0.43379     0.22781     0.48997
2006  4 27  0    -0.69204     0.13607     0.70529
2006  4 28  0    -0.93379    -0.01049     0.93385
2006  4 29  0    -1.14071    -0.17054     1.15338
2006  4 30  0    -1.33090    -0.34695     1.37538
2006  5  1  0    -1.44056    -0.42969     1.50328
2006  5  2  0    -1.43536    -0.51061     1.52348
2006  5  3  0    -1.38768    -0.63992     1.52812
2006  5  4  0    -1.40633    -0.77975     1.60803
2006  5  5  0    -1.40336    -0.94718     1.69309
2006  5  6  0    -1.38816    -1.11614     1.78122
2006  5  7  0    -1.34799    -1.28186     1.86017
2006  5  8  0    -1.30096    -1.42678     1.93085
2006  5  9  0    -1.22280    -1.57113     1.99090
2006  5 10  0    -1.05091    -1.70694     2.00451
2006  5 11  0    -0.86088    -1.80127     1.99642
2006  5 12  0    -0.61120    -1.71688     1.82243
2006  5 13  0    -0.21838    -1.58275     1.59775
2006  5 14  0     0.13873    -1.40229     1.40914
2006  5 15  0     0.47018    -1.17072     1.26160
2006  5 16  0     0.69192    -0.89310     1.12977
2006  5 17  0     0.83443    -0.59729     1.02617
2006  5 18  0     0.97244    -0.29971     1.01758
2006  5 19  0     1.05840    -0.03258     1.05891
2006  5 20  0     1.07799     0.15865     1.08960
2006  5 21  0     1.08354     0.21334     1.10435
2006  5 22  0     1.01514     0.25265     1.04611
2006  5 23  0     0.92839     0.22841     0.95607
2006  5 24  0     0.87007     0.13618     0.88066
2006  5 25  0     0.86737    -0.01820     0.86756
2006  5 26  0     0.88345    -0.18371     0.90235
2006  5 27  0     0.80550    -0.38543     0.89297
2006  5 28  0     0.67313    -0.62254     0.91687
2006  5 29  0     0.53949    -0.75612     0.92885
2006  5 30  0     0.39831    -0.80149     0.89501
2006  5 31  0     0.28369    -0.84635     0.89263
2006  6  1  0     0.29529    -0.83173     0.88259
2006  6  2  0     0.24777    -0.83282     0.86889
2006  6  3  0     0.19402    -0.81233     0.83518
2006  6  4  0     0.21157    -0.76183     0.79066
2006  6  5  0     0.30771    -0.64692     0.71637
2006  6  6  0     0.36653    -0.50893     0.62718
2006  6  7  0     0.41847    -0.48057     0.63723
2006  6  8  0     0.43586    -0.47349     0.64356
2006  6  9  0     0.44845    -0.52366     0.68944
2006  6 10  0     0.37813    -0.55857     0.67453
2006  6 11  0     0.42066    -0.48892     0.64498
2006  6 12  0     0.50661    -0.27577     0.57681
2006  6 13  0     0.56918    -0.08078     0.57489
2006  6 14  0     0.55613     0.07306     0.56091
2006  6 15  0     0.65731     0.20544     0.68867
2006  6 16  0     0.79374     0.37685     0.87866
2006  6 17  0     0.93585     0.49274     1.05764
2006  6 18  0     1.07946     0.61963     1.24466
2006  6 19  0     1.15042     0.73692     1.36620
2006  6 20  0     1.04222     0.90814     1.38237
2006  6 21  0     0.86775     1.00254     1.32592
2006  6 22  0     0.63873     1.11972     1.28909
2006  6 23  0     0.39040     1.20185     1.26367
2006  6 24  0     0.03243     1.28410     1.28451
2006  6 25  0    -0.31559     1.36907     1.40497
2006  6 26  0    -0.67431     1.38954     1.54451
2006  6 27  0    -1.11399     1.40004     1.78916
2006  6 28  0    -1.48627     1.36448     2.01762
2006  6 29  0    -1.75937     1.13679     2.09468
2006  6 30  0    -1.90647     0.79049     2.06385
2006  7  1  0    -1.98644     0.38512     2.02342
2006  7  2  0    -1.97691    -0.03607     1.97724
2006  7  3  0    -1.88521    -0.44336     1.93664
2006  7  4  0    -1.74411    -0.80315     1.92015
2006  7  5  0    -1.53058    -1.04180     1.85149
2006  7  6  0    -1.28918    -1.20995     1.76804
2006  7  7  0    -1.04866    -1.31974     1.68564
2006  7  8  0    -0.83424    -1.30175     1.54613
2006  7  9  0    -0.74238    -1.17622     1.39090
2006  7 10  0    -0.62310    -1.06201     1.23131
2006  7 11  0    -0.51177    -0.89975     1.03511
2006  7 12  0    -0.39560    -0.72533     0.82620
2006  7 13  0    -0.25859    -0.61217     0.66454
2006  7 14  0    -0.12532    -0.60957     0.62232
2006  7 15  0    -0.07902    -0.61152     0.61660
2006  7 16  0    -0.15737    -0.57827     0.59930
2006  7 17  0    -0.23562    -0.51566     0.56694
2006  7 18  0    -0.14425    -0.52817     0.54752
2006  7 19  0    -0.06970    -0.59158     0.59567
2006  7 20  0    -0.00399    -0.65444     0.65445
2006  7 21  0    -0.01144    -0.69274     0.69283
2006  7 22  0    -0.03073    -0.65105     0.65177
2006  7 23  0    -0.02729    -0.48161     0.48238
2006  7 24  0    -0.00131    -0.32862     0.32862
2006  7 25  0     0.12927    -0.22926     0.26320
2006  7 26  0     0.29890    -0.15196     0.33531
2006  7 27  0     0.29439    -0.06077     0.30059
2006  7 28  0     0.22148     0.12447     0.25406
2006  7 29  0     0.18830     0.34094     0.38949
2006  7 30  0     0.23145     0.54225     0.58958
2006  7 31  0     0.17857     0.68975     0.71249
2006  8  1  0     0.04834     0.74499     0.74656
2006  8  2  0    -0.01383     0.77346     0.77358
2006  8  3  0    -0.09036     0.81726     0.82224
2006  8  4  0    -0.32199     0.81911     0.88013
2006  8  5  0    -0.51202     0.80058     0.95031
2006  8  6  0    -0.66406     0.77992     1.02433
2006  8  7  0    -0.84665     0.70778     1.10353
2006  8  8  0    -0.97153     0.58177     1.13240
2006  8  9  0    -0.96876     0.47120     1.07728
2006  8 10  0    -0.87188     0.36227     0.94414
2006  8 11  0    -0.80084     0.27457     0.84660
2006  8 12  0    -0.68874     0.09495     0.69525
2006  8 13  0    -0.43137    -0.13353     0.45156
2006  8 14  0    -0.16676    -0.28703     0.33196
2006  8 15  0     0.02838    -0.47170     0.47256
2006  8 16  0     0.17140    -0.60910     0.63275
2006  8 17  0     0.32343    -0.68294     0.75566
2006  8 18  0     0.45992    -0.72934     0.86224
2006  8 19  0     0.61132    -0.81319     1.01734
2006  8 20  0     0.72370    -0.88427     1.14266
2006  8 21  0     0.79541    -0.83941     1.15641
2006  8 22  0     0.79552    -0.67792     1.04519
2006  8 23  0     0.77399    -0.57587     0.96473
2006  8 24  0     0.82393    -0.40480     0.91800
2006  8 25  0     0.96243    -0.25043     0.99448
2006  8 26  0     1.05887    -0.12111     1.06578
2006  8 27  0     1.11741    -0.07351     1.11982
2006  8 28  0     1.08837     0.04086     1.08914
2006  8 29  0     1.08129     0.15847     1.09284
2006  8 30  0     1.06350     0.15524     1.07477
2006  8 31  0     1.13196     0.07762     1.13462
2006  9  1  0     1.26375     0.02602     1.26402
2006  9  2  0     1.41650    -0.11378     1.42106
2006  9  3  0     1.53100    -0.24931     1.55116
2006  9  4  0     1.56369    -0.34565     1.60144
2006  9  5  0     1.51512    -0.36060     1.55744
2006  9  6  0     1.47521    -0.34680     1.51542
2006  9  7  0     1.52623    -0.33070     1.56165
2006  9  8  0     1.52747    -0.23424     1.54533
2006  9  9  0     1.43364    -0.05511     1.43470
2006  9 10  0     1.23595     0.11628     1.24141
2006  9 11  0     0.97578     0.30989     1.02380
2006  9 12  0     0.74734     0.49717     0.89760
2006  9 13  0     0.48135     0.68233     0.83503
2006  9 14  0     0.21583     0.84018     0.86746
2006  9 15  0    -0.04549     0.99013     0.99118
2006  9 16  0    -0.32646     1.12814     1.17443
2006  9 17  0    -0.56284     1.20067     1.32605
2006  9 18  0    -0.90023     1.15489     1.46430
2006  9 19  0    -1.18561     1.07002     1.59707
2006  9 20  0    -1.39993     1.04552     1.74726
2006  9 21  0    -1.64302     0.97197     1.90899
2006  9 22  0    -1.75661     0.86653     1.95872
2006  9 23  0    -1.81360     0.78960     1.97803
2006  9 24  0    -1.82856     0.66339     1.94518
2006  9 25  0    -1.89831     0.52941     1.97075
2006  9 26  0    -1.97207     0.37599     2.00759
2006  9 27  0    -1.95244     0.21583     1.96433
2006  9 28  0    -1.98254     0.07979     1.98414
2006  9 29  0    -2.07942    -0.11272     2.08247
2006  9 30  0    -2.13709    -0.24308     2.15087
2006 10  1  0    -2.17702    -0.35618     2.20597
2006 10  2  0    -2.20125    -0.49275     2.25572
2006 10  3  0    -2.24488    -0.56136     2.31400
2006 10  4  0    -2.26127    -0.70132     2.36753
2006 10  5  0    -2.17215    -0.85220     2.33334
2006 10  6  0    -2.00266    -0.98423     2.23145
2006 10  7  0    -1.77690    -1.17785     2.13183
2006 10  8  0    -1.44327    -1.41615     2.02201
2006 10  9  0    -1.05749    -1.67462     1.98056
2006 10 10  0    -0.62558    -1.88685     1.98785
2006 10 11  0    -0.12483    -2.02599     2.02983
2006 10 12  0     0.36402    -2.09942     2.13075
2006 10 13  0     0.77040    -2.04341     2.18381
2006 10 14  0     1.12263    -1.98513     2.28058
2006 10 15  0     1.43152    -1.90426     2.38232
2006 10 16  0     1.66735    -1.74706     2.41501
2006 10 17  0     1.81241    -1.61218     2.42569
2006 10 18  0     1.92502    -1.51527     2.44985
2006 10 19  0     2.01127    -1.38044     2.43943
2006 10 20  0     2.04156    -1.22338     2.38005
2006 10 21  0     2.07714    -0.96125     2.28878
2006 10 22  0     2.02973    -0.71831     2.15309
2006 10 23  0     1.87956    -0.45635     1.93417
2006 10 24  0     1.70801    -0.25573     1.72705
2006 10 25  0     1.53783    -0.12940     1.54326
2006 10 26  0     1.38162     0.04868     1.38248
2006 10 27  0     1.28730     0.18348     1.30031
2006 10 28  0     1.11583     0.23314     1.13993
2006 10 29  0     0.97227     0.23653     1.00063
2006 10 30  0     0.82272     0.24863     0.85947
2006 10 31  0     0.71689     0.20695     0.74617
2006 11  1  0     0.63230     0.12911     0.64535
2006 11  2  0     0.59352     0.13712     0.60916
2006 11  3  0     0.62027     0.15538     0.63944
2006 11  4  0     0.72601     0.10275     0.73324
2006 11  5  0     0.76702     0.07311     0.77050
2006 11  6  0     0.83195     0.09357     0.83719
2006 11  7  0     0.89826     0.14807     0.91039
2006 11  8  0     1.00655     0.18303     1.02305
2006 11  9  0     1.10331     0.25112     1.13153
2006 11 10  0     1.23168     0.39235     1.29267
2006 11 11  0     1.38688     0.41765     1.44840
2006 11 12  0     1.51039     0.31781     1.54346
2006 11 13  0     1.58143     0.19528     1.59344
2006 11 14  0     1.65854     0.15219     1.66551
2006 11 15  0     1.78764     0.10337     1.79063
2006 11 16  0     1.87420    -0.01115     1.87423
2006 11 17  0     1.87914    -0.06721     1.88034
2006 11 18  0     1.85984    -0.05052     1.86053
2006 11 19  0     1.77388     0.05133     1.77462
2006 11 20  0     1.65036     0.23482     1.66699
2006 11 21  0     1.46924     0.44214     1.53432
2006 11 22  0     1.22750     0.54786     1.34421
2006 11 23  0     1.00795     0.51563     1.13218
2006 11 24  0     0.78656     0.36919     0.86889
2006 11 25  0     0.50084     0.33176     0.60075
2006 11 26  0     0.31702     0.35826     0.47839
2006 11 27  0     0.21521     0.40244     0.45637
2006 11 28  0     0.17071     0.47931     0.50880
2006 11 29  0     0.08765     0.47845     0.48642
2006 11 30  0    -0.03318     0.50807     0.50916
2006 12  1  0    -0.07297     0.48650     0.49194
2006 12  2  0    -0.13462     0.46245     0.48165
2006 12  3  0    -0.13185     0.48453     0.50215
2006 12  4  0    -0.14737     0.43734     0.46150
2006 12  5  0    -0.15612     0.39560     0.42529
2006 12  6  0    -0.20444     0.32002     0.37975
2006 12  7  0    -0.24629     0.25558     0.35493
2006 12  8  0    -0.24965     0.21114     0.32696
2006 12  9  0    -0.21321     0.18716     0.28371
2006 12 10  0    -0.20008     0.20333     0.28526
2006 12 11  0    -0.16583     0.15975     0.23026
2006 12 12  0    -0.16265     0.20470     0.26145
2006 12 13  0    -0.07269     0.32540     0.33342
2006 12 14  0    -0.04851     0.34598     0.34937
2006 12 15  0     0.00151     0.38179     0.38179
2006 12 16  0     0.11648     0.41225     0.42839
2006 12 17  0     0.26939     0.50940     0.57625
2006 12 18  0     0.46554     0.61208     0.76900
2006 12 19  0     0.66856     0.78946     1.03451
2006 12 20  0     0.86444     1.02385     1.33997
2006 12 21  0     0.98199     1.13773     1.50290
2006 12 22  0     1.02756     1.16583     1.55404
2006 12 23  0     1.08764     1.33323     1.72060
2006 12 24  0     0.99030     1.59541     1.87777
2006 12 25  0     0.75429     1.87044     2.01681
2006 12 26  0     0.44865     2.12931     2.17606
2006 12 27  0     0.10190     2.35885     2.36105
2006 12 28  0    -0.22773     2.56425     2.57434
2006 12 29  0    -0.58828     2.69355     2.75705
2006 12 30  0    -0.86213     2.77935     2.91000
2006 12 31  0    -1.06532     2.84950     3.04213
2007  1  1  0    -1.37055     2.76511     3.08613
2007  1  2  0    -1.61919     2.48655     2.96727
2007  1  3  0    -1.77843     2.17643     2.81063
2007  1  4  0    -1.83928     1.78773     2.56494
2007  1  5  0    -1.85222     1.35241     2.29342
2007  1  6  0    -1.86666     0.83375     2.04440
2007  1  7  0    -1.85382     0.39234     1.89488
2007  1  8  0    -1.84439     0.03850     1.84479
2007  1  9  0    -1.76033    -0.28532     1.78330
2007  1 10  0    -1.64698    -0.53764     1.73252
2007  1 11  0    -1.46881    -0.69126     1.62334
2007  1 12  0    -1.32655    -0.89644     1.60105
2007  1 13  0    -1.20805    -1.04030     1.59425
2007  1 14  0    -1.09322    -1.13871     1.57854
2007  1 15  0    -1.05892    -1.16352     1.57324
2007  1 16  0    -0.98730    -1.21582     1.56620
2007  1 17  0    -0.87173    -1.27947     1.54821
2007  1 18  0    -0.73378    -1.30603     1.49805
2007  1 19  0    -0.58838    -1.30308     1.42976
2007  1 20  0    -0.47751    -1.28382     1.36975
2007  1 21  0    -0.44329    -1.29542     1.36916
2007  1 22  0    -0.51634    -1.27661     1.37708
2007  1 23  0    -0.60582    -1.15694     1.30596
2007  1 24  0    -0.59375    -1.06637     1.22053
2007  1 25  0    -0.57307    -1.00832     1.15979
2007  1 26  0    -0.58012    -0.90801     1.07751
2007  1 27  0    -0.66922    -0.82073     1.05898
2007  1 28  0    -0.83026    -0.78956     1.14575
2007  1 29  0    -1.02278    -0.77749     1.28475
2007  1 30  0    -1.07038    -0.68306     1.26976
2007  1 31  0    -0.98538    -0.59743     1.15234
2007  2  1  0    -0.85956    -0.55681     1.02415
2007  2  2  0    -0.81654    -0.48215     0.94826
2007  2  3  0    -0.82971    -0.44182     0.94001
2007  2  4  0    -0.79183    -0.49932     0.93612
2007  2  5  0    -0.66233    -0.55658     0.86513
2007  2  6  0    -0.50601    -0.56661     0.75967
2007  2  7  0    -0.28611    -0.54468     0.61525
2007  2  8  0    -0.06352    -0.52355     0.52739
2007  2  9  0     0.07559    -0.58183     0.58672
2007  2 10  0     0.14996    -0.67937     0.69572
2007  2 11  0     0.33299    -0.72318     0.79616
2007  2 12  0     0.62159    -0.66629     0.91122
2007  2 13  0     0.88313    -0.50269     1.01618
2007  2 14  0     1.09113    -0.32392     1.13819
2007  2 15  0     1.22195    -0.18233     1.23547
2007  2 16  0     1.28300    -0.04014     1.28362
2007  2 17  0     1.36484     0.09106     1.36788
2007  2 18  0     1.46631     0.30547     1.49779
2007  2 19  0     1.54453     0.47553     1.61608
2007  2 20  0     1.55153     0.65096     1.68256
2007  2 21  0     1.42319     0.90383     1.68594
2007  2 22  0     1.19405     1.15775     1.66317
2007  2 23  0     0.89441     1.41778     1.67633
2007  2 24  0     0.55230     1.69820     1.78575
2007  2 25  0     0.24879     1.91841     1.93447
2007  2 26  0    -0.02804     2.10575     2.10593
2007  2 27  0    -0.18869     2.18241     2.19055
2007  2 28  0    -0.25629     2.24427     2.25886
2007  3  1  0    -0.17840     2.22622     2.23335
2007  3  2  0    -0.05703     2.16380     2.16455
2007  3  3  0     0.12341     2.04780     2.05152
2007  3  4  0     0.28807     1.80837     1.83117
2007  3  5  0     0.40119     1.55820     1.60902
2007  3  6  0     0.50673     1.27672     1.37361
2007  3  7  0     0.56424     1.02978     1.17423
2007  3  8  0     0.57625     0.82709     1.00804
2007  3  9  0     0.57555     0.66151     0.87684
2007  3 10  0     0.53220     0.49533     0.72704
2007  3 11  0     0.37824     0.34867     0.51443
2007  3 12  0     0.18522     0.19336     0.26776
2007  3 13  0     0.02782     0.16159     0.16397
2007  3 14  0    -0.07669     0.08708     0.11604
2007  3 15  0    -0.17726     0.02125     0.17853
2007  3 16  0    -0.34693     0.02793     0.34805
2007  3 17  0    -0.50482     0.06902     0.50952
2007  3 18  0    -0.68833     0.11058     0.69716
2007  3 19  0    -0.86557     0.18373     0.88485
2007  3 20  0    -0.99129     0.24142     1.02026
2007  3 21  0    -1.16333     0.39337     1.22804
2007  3 22  0    -1.29672     0.47167     1.37984
2007  3 23  0    -1.41255     0.52523     1.50704
2007  3 24  0    -1.49389     0.60150     1.61043
2007  3 25  0    -1.43377     0.53158     1.52914
2007  3 26  0    -1.35767     0.38799     1.41202
2007  3 27  0    -1.25481     0.25328     1.28012
2007  3 28  0    -1.09497     0.05174     1.09619
2007  3 29  0    -0.96549    -0.14060     0.97567
2007  3 30  0    -0.85753    -0.38274     0.93907
2007  3 31  0    -0.73051    -0.57081     0.92707
2007  4  1  0    -0.55404    -0.65235     0.85587
2007  4  2  0    -0.33556    -0.79566     0.86352
2007  4  3  0    -0.16538    -0.93758     0.95205
2007  4  4  0    -0.04044    -1.07511     1.07587
2007  4  5  0     0.04896    -1.09666     1.09775
2007  4  6  0     0.15259    -0.96144     0.97348
2007  4  7  0     0.29562    -0.74912     0.80534
2007  4  8  0     0.41182    -0.52384     0.66633
2007  4  9  0     0.42961    -0.36046     0.56080
2007  4 10  0     0.39126    -0.31285     0.50096
2007  4 11  0     0.22761    -0.26280     0.34766
2007  4 12  0     0.08210    -0.24275     0.25625
2007  4 13  0     0.03626    -0.19261     0.19599
2007  4 14  0     0.04206    -0.20726     0.21148
2007  4 15  0    -0.02887    -0.23692     0.23867
2007  4 16  0    -0.18231    -0.32960     0.37666
2007  4 17  0    -0.30337    -0.42061     0.51860
2007  4 18  0    -0.30278    -0.47263     0.56130
2007  4 19  0    -0.24626    -0.51739     0.57301
2007  4 20  0    -0.13909    -0.52056     0.53882
2007  4 21  0    -0.08876    -0.48204     0.49014
2007  4 22  0    -0.03725    -0.41200     0.41368
2007  4 23  0     0.05671    -0.35701     0.36149
2007  4 24  0     0.23126    -0.29974     0.37858
2007  4 25  0     0.47489    -0.22705     0.52638
2007  4 26  0     0.67752    -0.15606     0.69526
2007  4 27  0     0.76123    -0.04629     0.76264
2007  4 28  0     0.75146     0.13090     0.76278
2007  4 29  0     0.77841     0.34772     0.85255
2007  4 30  0     0.78740     0.51269     0.93960
2007  5  1  0     0.69088     0.58848     0.90754
2007  5  2  0     0.52311     0.59544     0.79259
2007  5  3  0     0.26461     0.58772     0.64454
2007  5  4  0     0.03715     0.67088     0.67191
2007  5  5  0    -0.08760     0.76244     0.76746
2007  5  6  0    -0.16155     0.79016     0.80650
2007  5  7  0    -0.19353     0.70450     0.73060
2007  5  8  0    -0.30751     0.56565     0.64383
2007  5  9  0    -0.37970     0.44654     0.58615
2007  5 10  0    -0.38876     0.35085     0.52367
2007  5 11  0    -0.35311     0.29549     0.46044
2007  5 12  0    -0.29906     0.18451     0.35140
2007  5 13  0    -0.29074     0.01743     0.29126
2007  5 14  0    -0.33918    -0.18511     0.38641
2007  5 15  0    -0.44570    -0.36802     0.57800
2007  5 16  0    -0.56474    -0.54020     0.78151
2007  5 17  0    -0.62136    -0.72847     0.95748
2007  5 18  0    -0.63371    -0.90428     1.10423
2007  5 19  0    -0.63367    -1.07237     1.24560
2007  5 20  0    -0.66015    -1.21689     1.38442
2007  5 21  0    -0.59170    -1.34988     1.47387
2007  5 22  0    -0.45553    -1.44975     1.51964
2007  5 23  0    -0.29445    -1.46422     1.49353
2007  5 24  0    -0.06464    -1.40036     1.40185
2007  5 25  0     0.18655    -1.26540     1.27908
2007  5 26  0     0.36352    -1.14034     1.19688
2007  5 27  0     0.48733    -1.01117     1.12248
2007  5 28  0     0.63115    -0.88855     1.08989
2007  5 29  0     0.84686    -0.83759     1.19111
2007  5 30  0     0.95250    -0.77056     1.22516
2007  5 31  0     0.96049    -0.70867     1.19363
2007  6  1  0     0.93193    -0.69302     1.16136
2007  6  2  0     0.98928    -0.73680     1.23351
2007  6  3  0     1.04403    -0.70895     1.26198
2007  6  4  0     1.18610    -0.64173     1.34857
2007  6  5  0     1.36766    -0.62158     1.50229
2007  6  6  0     1.48606    -0.59788     1.60183
2007  6  7  0     1.54028    -0.45643     1.60648
2007  6  8  0     1.60900    -0.25019     1.62833
2007  6  9  0     1.76890    -0.07523     1.77050
2007  6 10  0     1.93474     0.08971     1.93682
2007  6 11  0     2.02550     0.29765     2.04725
2007  6 12  0     2.05109     0.45748     2.10149
2007  6 13  0     2.05163     0.61540     2.14194
2007  6 14  0     2.01505     0.88271     2.19991
2007  6 15  0     1.94812     1.17392     2.27447
2007  6 16  0     1.88523     1.37470     2.33322
2007  6 17  0     1.73764     1.50716     2.30020
2007  6 18  0     1.44455     1.63289     2.18015
2007  6 19  0     1.02717     1.73466     2.01596
2007  6 20  0     0.54333     1.78267     1.86363
2007  6 21  0     0.16792     1.82303     1.83074
2007  6 22  0    -0.14601     1.83074     1.83656
2007  6 23  0    -0.42145     1.72494     1.77568
2007  6 24  0    -0.59923     1.60197     1.71037
2007  6 25  0    -0.84044     1.56122     1.77306
2007  6 26  0    -1.08160     1.50187     1.85080
2007  6 27  0    -1.23233     1.36727     1.84067
2007  6 28  0    -1.23986     1.24447     1.75668
2007  6 29  0    -1.19163     1.12345     1.63772
2007  6 30  0    -1.17679     0.97009     1.52509
2007  7  1  0    -1.16656     0.75822     1.39132
2007  7  2  0    -1.19442     0.63837     1.35431
2007  7  3  0    -1.23660     0.53468     1.34724
2007  7  4  0    -1.17558     0.29236     1.21139
2007  7  5  0    -1.13661     0.09721     1.14076
2007  7  6  0    -1.18658    -0.01324     1.18666
2007  7  7  0    -1.21430    -0.16079     1.22490
2007  7  8  0    -1.18643    -0.24152     1.21077
2007  7  9  0    -1.05050    -0.29588     1.09137
2007  7 10  0    -0.96256    -0.34074     1.02109
2007  7 11  0    -0.75709    -0.42926     0.87032
2007  7 12  0    -0.46531    -0.57245     0.73771
2007  7 13  0    -0.14917    -0.66747     0.68394
2007  7 14  0     0.28243    -0.86197     0.90706
2007  7 15  0     0.74734    -1.06511     1.30115
2007  7 16  0     1.18611    -1.13999     1.64513
2007  7 17  0     1.59591    -1.22155     2.00975
2007  7 18  0     1.91579    -1.27925     2.30364
2007  7 19  0     2.16589    -1.23789     2.49469
2007  7 20  0     2.29607    -1.11745     2.55355
2007  7 21  0     2.29056    -0.92105     2.46880
2007  7 22  0     2.16067    -0.62008     2.24789
2007  7 23  0     1.93185    -0.21537     1.94382
2007  7 24  0     1.69692     0.12852     1.70178
2007  7 25  0     1.44129     0.37196     1.48851
2007  7 26  0     1.08423     0.58585     1.23239
2007  7 27  0     0.62996     0.77427     0.99817
2007  7 28  0     0.22037     0.95415     0.97927
2007  7 29  0    -0.14731     1.05093     1.06121
2007  7 30  0    -0.51998     1.01793     1.14305
2007  7 31  0    -0.82751     0.89701     1.22041
2007  8  1  0    -1.06853     0.77052     1.31736
2007  8  2  0    -1.29298     0.54929     1.40482
2007  8  3  0    -1.50609     0.29963     1.53561
2007  8  4  0    -1.58524     0.00717     1.58525
2007  8  5  0    -1.50762    -0.21868     1.52340
2007  8  6  0    -1.31743    -0.49574     1.40762
2007  8  7  0    -1.13181    -0.77032     1.36909
2007  8  8  0    -0.85255    -0.91073     1.24751
2007  8  9  0    -0.59436    -1.06660     1.22103
2007  8 10  0    -0.42497    -1.22264     1.29439
2007  8 11  0    -0.28340    -1.23991     1.27189
2007  8 12  0    -0.15864    -1.17927     1.18990
2007  8 13  0    -0.04036    -1.08152     1.08227
2007  8 14  0     0.02814    -1.00274     1.00313
2007  8 15  0     0.07935    -0.88583     0.88937
2007  8 16  0     0.19245    -0.66528     0.69255
2007  8 17  0     0.15545    -0.44215     0.46868
2007  8 18  0     0.12054    -0.23281     0.26217
2007  8 19  0     0.21890    -0.04687     0.22387
2007  8 20  0     0.31645     0.09012     0.32903
2007  8 21  0     0.39627     0.15479     0.42543
2007  8 22  0     0.39674     0.20835     0.44812
2007  8 23  0     0.41180     0.22830     0.47085
2007  8 24  0     0.40419     0.23310     0.46659
2007  8 25  0     0.33466     0.17708     0.37862
2007  8 26  0     0.40822     0.12022     0.42556
2007  8 27  0     0.57066     0.09479     0.57848
2007  8 28  0     0.72896     0.03072     0.72961
2007  8 29  0     0.85637     0.01009     0.85643
2007  8 30  0     0.97645    -0.02817     0.97686
2007  8 31  0     1.15567    -0.03632     1.15624
2007  9  1  0     1.23167    -0.03787     1.23225
2007  9  2  0     1.22463    -0.01172     1.22469
2007  9  3  0     1.24844    -0.01037     1.24848
2007  9  4  0     1.18411     0.01875     1.18426
2007  9  5  0     0.95542     0.06874     0.95789
2007  9  6  0     0.64918     0.12605     0.66130
2007  9  7  0     0.35636     0.15455     0.38843
2007  9  8  0     0.10143     0.25564     0.27503
2007  9  9  0    -0.10711     0.33065     0.34757
2007  9 10  0    -0.29034     0.44832     0.53413
2007  9 11  0    -0.48626     0.52265     0.71387
2007  9 12  0    -0.78729     0.60519     0.99301
2007  9 13  0    -1.05042     0.65726     1.23911
2007  9 14  0    -1.16716     0.72268     1.37278
2007  9 15  0    -1.29864     0.73941     1.49438
2007  9 16  0    -1.36595     0.74338     1.55513
2007  9 17  0    -1.44943     0.69305     1.60660
2007  9 18  0    -1.60681     0.61557     1.72069
2007  9 19  0    -1.67354     0.47700     1.74019
2007  9 20  0    -1.64984     0.32198     1.68096
2007  9 21  0    -1.60327     0.25968     1.62416
2007  9 22  0    -1.61645     0.19450     1.62811
2007  9 23  0    -1.69527     0.09145     1.69773
2007  9 24  0    -1.66401     0.00553     1.66402
2007  9 25  0    -1.62607    -0.07009     1.62758
2007  9 26  0    -1.56252    -0.13782     1.56858
2007  9 27  0    -1.52735    -0.17918     1.53783
2007  9 28  0    -1.50855    -0.26839     1.53224
2007  9 29  0    -1.38085    -0.33780     1.42157
2007  9 30  0    -1.11269    -0.49695     1.21862
2007 10  1  0    -0.84741    -0.63190     1.05707
2007 10  2  0    -0.54242    -0.66944     0.86161
2007 10  3  0    -0.24884    -0.62442     0.67218
2007 10  4  0     0.05697    -0.62260     0.62520
2007 10  5  0     0.24474    -0.68115     0.72378
2007 10  6  0     0.39472    -0.74130     0.83984
2007 10  7  0     0.55055    -0.71177     0.89985
2007 10  8  0     0.59786    -0.60017     0.84714
2007 10  9  0     0.55337    -0.45099     0.71386
2007 10 10  0     0.54824    -0.31150     0.63056
2007 10 11  0     0.57993    -0.29092     0.64881
2007 10 12  0     0.62802    -0.32857     0.70878
2007 10 13  0     0.64567    -0.35328     0.73600
2007 10 14  0     0.67033    -0.29897     0.73398
2007 10 15  0     0.77033    -0.12637     0.78063
2007 10 16  0     0.80337     0.06033     0.80563
2007 10 17  0     0.81183     0.18977     0.83372
2007 10 18  0     0.81227     0.31683     0.87187
2007 10 19  0     0.78712     0.39629     0.88126
2007 10 20  0     0.71573     0.51809     0.88357
2007 10 21  0     0.62127     0.66203     0.90789
2007 10 22  0     0.52644     0.81377     0.96921
2007 10 23  0     0.47465     0.94677     1.05909
2007 10 24  0     0.37988     1.04670     1.11350
2007 10 25  0     0.39690     1.06283     1.13452
2007 10 26  0     0.41504     1.04122     1.12089
2007 10 27  0     0.41585     0.97581     1.06072
2007 10 28  0     0.36999     0.91386     0.98591
2007 10 29  0     0.27925     0.80169     0.84893
2007 10 30  0     0.11469     0.68204     0.69162
2007 10 31  0    -0.08863     0.50044     0.50823
2007 11  1  0    -0.28670     0.36657     0.46537
2007 11  2  0    -0.38136     0.27456     0.46991
2007 11  3  0    -0.47662     0.22237     0.52594
2007 11  4  0    -0.51728     0.18874     0.55064
2007 11  5  0    -0.60852     0.17451     0.63305
2007 11  6  0    -0.67831     0.16699     0.69856
2007 11  7  0    -0.79174     0.17582     0.81103
2007 11  8  0    -0.93100     0.18324     0.94886
2007 11  9  0    -1.04484     0.19231     1.06239
2007 11 10  0    -1.13749     0.15862     1.14850
2007 11 11  0    -1.34303     0.11807     1.34821
2007 11 12  0    -1.57196     0.14396     1.57854
2007 11 13  0    -1.74885     0.21497     1.76201
2007 11 14  0    -1.83125     0.24875     1.84807
2007 11 15  0    -1.88746     0.30783     1.91240
2007 11 16  0    -1.87369     0.29960     1.89749
2007 11 17  0    -1.85808     0.20844     1.86973
2007 11 18  0    -1.87382     0.11465     1.87732
2007 11 19  0    -1.87817    -0.14051     1.88342
2007 11 20  0    -1.76190    -0.54454     1.84413
2007 11 21  0    -1.50719    -0.99630     1.80672
2007 11 22  0    -1.27983    -1.28272     1.81200
2007 11 23  0    -1.08148    -1.49502     1.84518
2007 11 24  0    -0.88131    -1.67490     1.89262
2007 11 25  0    -0.65253    -1.84943     1.96117
2007 11 26  0    -0.41505    -1.92662     1.97082
2007 11 27  0    -0.11624    -1.99361     1.99700
2007 11 28  0     0.17398    -2.05567     2.06302
2007 11 29  0     0.43937    -2.07632     2.12230
2007 11 30  0     0.65948    -2.03476     2.13896
2007 12  1  0     0.86232    -2.04942     2.22345
2007 12  2  0     1.04737    -1.98778     2.24683
2007 12  3  0     1.26155    -1.91003     2.28904
2007 12  4  0     1.52546    -1.72114     2.29986
2007 12  5  0     1.83518    -1.48417     2.36022
2007 12  6  0     2.13533    -1.26525     2.48203
2007 12  7  0     2.38312    -0.99321     2.58180
2007 12  8  0     2.63683    -0.75695     2.74333
2007 12  9  0     2.80821    -0.54009     2.85968
2007 12 10  0     3.00404    -0.28409     3.01744
2007 12 11  0     3.16926     0.02928     3.16939
2007 12 12  0     3.16807     0.33577     3.18582
2007 12 13  0     3.01751     0.62446     3.08145
2007 12 14  0     2.75690     0.83048     2.87927
2007 12 15  0     2.31115     1.02514     2.52830
2007 12 16  0     1.88171     1.20979     2.23706
2007 12 17  0     1.38422     1.42951     1.98987
2007 12 18  0     0.96939     1.64118     1.90609
2007 12 19  0     0.55049     1.78881     1.87160
2007 12 20  0     0.20205     1.89608     1.90681
2007 12 21  0    -0.01749     1.99580     1.99588
2007 12 22  0    -0.23272     2.08423     2.09718
2007 12 23  0    -0.41005     2.17022     2.20862
2007 12 24  0    -0.46129     2.23494     2.28204
2007 12 25  0    -0.51016     2.26243     2.31923
2007 12 26  0    -0.53589     2.20670     2.27084
2007 12 27  0    -0.66488     2.11891     2.22078
2007 12 28  0    -0.83622     2.06389     2.22686
2007 12 29  0    -1.10666     1.99235     2.27907
2007 12 30  0    -1.43864     1.94624     2.42024
2007 12 31  0    -1.66524     1.84624     2.48629
2008  1  1  0    -1.94368     1.57625     2.50249
2008  1  2  0    -2.17657     1.24316     2.50657
2008  1  3  0    -2.40847     0.90258     2.57204
2008  1  4  0    -2.61875     0.59099     2.68461
2008  1  5  0    -2.73294     0.22187     2.74193
2008  1  6  0    -2.78775    -0.24864     2.79882
2008  1  7  0    -2.71986    -0.79311     2.83314
2008  1  8  0    -2.62804    -1.28806     2.92672
2008  1  9  0    -2.49708    -1.63271     2.98348
2008  1 10  0    -2.33932    -1.80901     2.95718
2008  1 11  0    -2.24890    -1.87061     2.92519
2008  1 12  0    -2.12878    -1.93129     2.87430
2008  1 13  0    -1.99768    -2.03828     2.85400
2008  1 14  0    -1.83225    -2.11356     2.79719
2008  1 15  0    -1.71317    -2.14556     2.74561
2008  1 16  0    -1.60271    -2.20434     2.72540
2008  1 17  0    -1.40604    -2.29011     2.68729
2008  1 18  0    -1.11509    -2.36604     2.61564
2008  1 19  0    -0.80546    -2.42972     2.55974
2008  1 20  0    -0.42358    -2.50621     2.54175
2008  1 21  0    -0.02643    -2.57977     2.57990
2008  1 22  0     0.42565    -2.61810     2.65247
2008  1 23  0     0.86485    -2.52591     2.66987
2008  1 24  0     1.34815    -2.33989     2.70048
2008  1 25  0     1.85562    -2.08722     2.79282
2008  1 26  0     2.31448    -1.86095     2.96984
2008  1 27  0     2.62363    -1.60645     3.07638
2008  1 28  0     2.86062    -1.34695     3.16187
2008  1 29  0     3.02917    -1.02642     3.19834
2008  1 30  0     3.12522    -0.70819     3.20446
2008  1 31  0     3.15580    -0.35765     3.17600
2008  2  1  0     3.08678    -0.00679     3.08679
2008  2  2  0     3.02096     0.38407     3.04528
2008  2  3  0     2.88297     0.86417     3.00970
2008  2  4  0     2.67548     1.38225     3.01144
2008  2  5  0     2.38397     1.88672     3.04023
2008  2  6  0     2.13721     2.29148     3.13345
2008  2  7  0     1.96092     2.55926     3.22413
2008  2  8  0     1.80033     2.78566     3.31679
2008  2  9  0     1.61708     2.94447     3.35930
2008  2 10  0     1.50535     3.05191     3.40297
2008  2 11  0     1.36185     3.05640     3.34607
2008  2 12  0     1.19755     2.97097     3.20325
2008  2 13  0     1.00391     2.86729     3.03796
2008  2 14  0     0.84496     2.67757     2.80773
2008  2 15  0     0.63894     2.53374     2.61306
2008  2 16  0     0.42390     2.43630     2.47291
2008  2 17  0     0.24313     2.34482     2.35739
2008  2 18  0     0.10353     2.20981     2.21223
2008  2 19  0    -0.07422     2.04583     2.04718
2008  2 20  0    -0.19832     1.84675     1.85737
2008  2 21  0    -0.22751     1.65646     1.67201
2008  2 22  0    -0.18871     1.44586     1.45812
2008  2 23  0    -0.20237     1.27238     1.28838
2008  2 24  0    -0.28906     1.05208     1.09107
2008  2 25  0    -0.34656     0.82687     0.89656
2008  2 26  0    -0.33472     0.65490     0.73548
2008  2 27  0    -0.22221     0.50737     0.55390
2008  2 28  0    -0.05459     0.32198     0.32658
2008  2 29  0     0.03022     0.14785     0.15090
2008  3  1  0     0.02242    -0.02425     0.03303
2008  3  2  0    -0.06114    -0.20125     0.21033
2008  3  3  0    -0.12068    -0.43360     0.45008
2008  3  4  0    -0.16570    -0.65863     0.67916
2008  3  5  0    -0.19861    -0.94545     0.96609
2008  3  6  0    -0.23544    -1.28414     1.30554
2008  3  7  0    -0.33111    -1.50872     1.54462
2008  3  8  0    -0.42970    -1.66448     1.71905
2008  3  9  0    -0.52291    -1.74557     1.82221
2008  3 10  0    -0.55307    -1.87748     1.95724
2008  3 11  0    -0.52870    -2.00444     2.07299
2008  3 12  0    -0.42033    -2.06969     2.11194
2008  3 13  0    -0.13038    -2.10163     2.10567
2008  3 14  0     0.23420    -1.97260     1.98645
2008  3 15  0     0.57902    -1.70517     1.80079
2008  3 16  0     0.83104    -1.41791     1.64350
2008  3 17  0     0.86158    -1.04186     1.35196
2008  3 18  0     0.81707    -0.70975     1.08228
2008  3 19  0     0.65569    -0.45888     0.80031
2008  3 20  0     0.46684    -0.22169     0.51681
2008  3 21  0     0.28969    -0.00310     0.28971
2008  3 22  0     0.01971     0.19619     0.19717
2008  3 23  0    -0.26906     0.35695     0.44700
2008  3 24  0    -0.53791     0.50229     0.73597
2008  3 25  0    -0.72454     0.66579     0.98399
2008  3 26  0    -0.75271     0.75564     1.06657
2008  3 27  0    -0.79243     0.71236     1.06555
2008  3 28  0    -0.87278     0.67089     1.10084
2008  3 29  0    -1.05764     0.57544     1.20405
2008  3 30  0    -1.31179     0.48098     1.39719
2008  3 31  0    -1.55641     0.32681     1.59035
2008  4  1  0    -1.73292     0.11925     1.73702
2008  4  2  0    -1.78394    -0.13440     1.78899
2008  4  3  0    -1.78051    -0.39971     1.82482
2008  4  4  0    -1.79148    -0.68210     1.91694
2008  4  5  0    -1.67915    -0.91118     1.91044
2008  4  6  0    -1.46051    -1.01940     1.78108
2008  4  7  0    -1.17839    -1.03445     1.56802
2008  4  8  0    -0.87648    -0.96714     1.30521
2008  4  9  0    -0.65106    -0.81753     1.04510
2008  4 10  0    -0.39773    -0.61639     0.73357
2008  4 11  0    -0.21418    -0.41060     0.46310
2008  4 12  0    -0.07458    -0.21179     0.22454
2008  4 13  0     0.09008    -0.05202     0.10403
2008  4 14  0     0.27725     0.08591     0.29025
2008  4 15  0     0.47336     0.16186     0.50027
2008  4 16  0     0.56183     0.24538     0.61308
2008  4 17  0     0.65403     0.35265     0.74304
2008  4 18  0     0.80729     0.42763     0.91356
2008  4 19  0     0.89456     0.52938     1.03946
2008  4 20  0     0.91128     0.62747     1.10641
2008  4 21  0     0.75813     0.63474     0.98877
2008  4 22  0     0.50681     0.62048     0.80116
2008  4 23  0     0.24555     0.58730     0.63657
2008  4 24  0     0.04812     0.52607     0.52827
2008  4 25  0    -0.07232     0.42148     0.42764
2008  4 26  0    -0.23382     0.30615     0.38522
2008  4 27  0    -0.40750     0.20314     0.45532
2008  4 28  0    -0.58346     0.06889     0.58751
2008  4 29  0    -0.75636    -0.06539     0.75918
2008  4 30  0    -0.86133    -0.14254     0.87305
2008  5  1  0    -0.87976    -0.16055     0.89429
2008  5  2  0    -0.92086    -0.13048     0.93006
2008  5  3  0    -0.98766    -0.10053     0.99277
2008  5  4  0    -0.98684    -0.05410     0.98833
2008  5  5  0    -0.98726     0.00526     0.98728
2008  5  6  0    -1.02674     0.12516     1.03434
2008  5  7  0    -1.07869     0.24203     1.10551
2008  5  8  0    -1.11277     0.38020     1.17593
2008  5  9  0    -1.09135     0.48287     1.19340
2008  5 10  0    -1.11660     0.51294     1.22878
2008  5 11  0    -1.15344     0.45013     1.23816
2008  5 12  0    -1.27333     0.30047     1.30831
2008  5 13  0    -1.47818     0.06089     1.47943
2008  5 14  0    -1.57405    -0.28270     1.59924
2008  5 15  0    -1.55487    -0.69197     1.70190
2008  5 16  0    -1.50514    -1.05521     1.83818
2008  5 17  0    -1.41755    -1.45473     2.03118
2008  5 18  0    -1.24072    -1.81851     2.20144
2008  5 19  0    -0.99851    -2.03447     2.26630
2008  5 20  0    -0.78797    -2.17629     2.31455
2008  5 21  0    -0.51509    -2.24184     2.30026
2008  5 22  0    -0.19740    -2.23062     2.23934
2008  5 23  0     0.10743    -2.19318     2.19581
2008  5 24  0     0.37544    -2.16185     2.19421
2008  5 25  0     0.70566    -2.14286     2.25606
2008  5 26  0     1.00660    -2.06879     2.30068
2008  5 27  0     1.22423    -1.93313     2.28818
2008  5 28  0     1.40111    -1.76460     2.25320
2008  5 29  0     1.56588    -1.62350     2.25560
2008  5 30  0     1.73145    -1.41661     2.23712
2008  5 31  0     1.88687    -1.19327     2.23252
2008  6  1  0     1.97570    -0.82349     2.14045
2008  6  2  0     1.99207    -0.37410     2.02689
2008  6  3  0     1.97683     0.04529     1.97734
2008  6  4  0     1.92881     0.37396     1.96473
2008  6  5  0     1.87459     0.60806     1.97074
2008  6  6  0     1.75691     0.74938     1.91005
2008  6  7  0     1.61570     0.95952     1.87914
2008  6  8  0     1.42393     1.11916     1.81111
2008  6  9  0     1.23310     1.24674     1.75354
2008  6 10  0     1.03968     1.24349     1.62087
2008  6 11  0     0.92296     1.11989     1.45121
2008  6 12  0     0.67667     0.94525     1.16249
2008  6 13  0     0.44338     0.80477     0.91883
2008  6 14  0     0.28334     0.70600     0.76074
2008  6 15  0     0.11550     0.54662     0.55868
2008  6 16  0    -0.09326     0.36955     0.38114
2008  6 17  0    -0.28831     0.24690     0.37958
2008  6 18  0    -0.41604     0.14195     0.43959
2008  6 19  0    -0.53399     0.07582     0.53935
2008  6 20  0    -0.61221     0.03206     0.61305
2008  6 21  0    -0.67420     0.08452     0.67948
2008  6 22  0    -0.74366     0.07605     0.74754
2008  6 23  0    -0.89220     0.02798     0.89263
2008  6 24  0    -0.96872     0.07554     0.97166
2008  6 25  0    -0.89148     0.07928     0.89500
2008  6 26  0    -0.80397     0.00305     0.80397
2008  6 27  0    -0.80655    -0.08968     0.81152
2008  6 28  0    -0.77905    -0.20228     0.80489
2008  6 29  0    -0.71663    -0.24775     0.75825
2008  6 30  0    -0.61502    -0.35676     0.71101
2008  7  1  0    -0.53863    -0.42543     0.68638
2008  7  2  0    -0.48603    -0.45515     0.66587
2008  7  3  0    -0.38478    -0.58655     0.70149
2008  7  4  0    -0.29142    -0.72280     0.77934
2008  7  5  0    -0.11510    -0.84864     0.85641
2008  7  6  0     0.09839    -0.95452     0.95958
2008  7  7  0     0.28125    -1.07881     1.11487
2008  7  8  0     0.32191    -1.23351     1.27482
2008  7  9  0     0.43008    -1.34717     1.41416
2008  7 10  0     0.60231    -1.35455     1.48242
2008  7 11  0     0.75086    -1.30677     1.50713
2008  7 12  0     0.90123    -1.20231     1.50258
2008  7 13  0     1.05910    -1.09081     1.52038
2008  7 14  0     1.13354    -0.90391     1.44981
2008  7 15  0     1.19001    -0.62545     1.34437
2008  7 16  0     1.27685    -0.38812     1.33453
2008  7 17  0     1.43831    -0.20793     1.45327
2008  7 18  0     1.40896    -0.03488     1.40939
2008  7 19  0     1.33310     0.13401     1.33982
2008  7 20  0     1.29079     0.28621     1.32213
2008  7 21  0     1.16245     0.43930     1.24269
2008  7 22  0     0.87139     0.60386     1.06017
2008  7 23  0     0.53793     0.73788     0.91315
2008  7 24  0     0.23190     0.80021     0.83314
2008  7 25  0    -0.08008     0.87599     0.87964
2008  7 26  0    -0.46986     0.94927     1.05919
2008  7 27  0    -0.72307     1.00397     1.23725
2008  7 28  0    -0.90654     1.00142     1.35079
2008  7 29  0    -1.07240     0.94659     1.43041
2008  7 30  0    -1.17050     0.85407     1.44897
2008  7 31  0    -1.21903     0.67547     1.39367
2008  8  1  0    -1.20655     0.43917     1.28399
2008  8  2  0    -1.20447     0.28510     1.23775
2008  8  3  0    -1.21983     0.16395     1.23080
2008  8  4  0    -1.11078     0.11481     1.11669
2008  8  5  0    -1.00221     0.06402     1.00425
2008  8  6  0    -0.97343     0.00442     0.97344
2008  8  7  0    -0.92935     0.01904     0.92954
2008  8  8  0    -0.84696     0.08486     0.85120
2008  8  9  0    -0.71078     0.16340     0.72932
2008  8 10  0    -0.57753     0.23173     0.62229
2008  8 11  0    -0.48469     0.22484     0.53430
2008  8 12  0    -0.41955     0.23182     0.47934
2008  8 13  0    -0.42377     0.17105     0.45699
2008  8 14  0    -0.39259     0.09193     0.40321
2008  8 15  0    -0.29667     0.03816     0.29911
2008  8 16  0    -0.14239    -0.05996     0.15450
2008  8 17  0    -0.01665    -0.17000     0.17082
2008  8 18  0     0.15609    -0.22809     0.27638
2008  8 19  0     0.37710    -0.19081     0.42262
2008  8 20  0     0.58754    -0.15365     0.60730
2008  8 21  0     0.79885    -0.10796     0.80611
2008  8 22  0     1.02432    -0.01058     1.02438
2008  8 23  0     1.24335     0.11909     1.24904
2008  8 24  0     1.43278     0.23831     1.45246
2008  8 25  0     1.55972     0.34996     1.59850
2008  8 26  0     1.63772     0.43088     1.69346
2008  8 27  0     1.65336     0.54441     1.74069
2008  8 28  0     1.58804     0.58662     1.69293
2008  8 29  0     1.55860     0.60871     1.67325
2008  8 30  0     1.53602     0.64719     1.66680
2008  8 31  0     1.42953     0.69208     1.58825
2008  9  1  0     1.18320     0.72896     1.38973
2008  9  2  0     0.89325     0.80490     1.20240
2008  9  3  0     0.56334     0.92216     1.08061
2008  9  4  0     0.27040     1.04732     1.08166
2008  9  5  0    -0.03888     1.13313     1.13379
2008  9  6  0    -0.28155     1.24522     1.27666
2008  9  7  0    -0.52823     1.38256     1.48004
2008  9  8  0    -0.76617     1.49005     1.67549
2008  9  9  0    -0.87882     1.49447     1.73372
2008  9 10  0    -0.86360     1.41372     1.65663
2008  9 11  0    -0.85361     1.25216     1.51544
2008  9 12  0    -0.86769     1.02149     1.34027
2008  9 13  0    -0.89732     0.76786     1.18102
2008  9 14  0    -0.94883     0.52846     1.08607
2008  9 15  0    -1.07210     0.23918     1.09845
2008  9 16  0    -1.20122    -0.05458     1.20246
2008  9 17  0    -1.29478    -0.37335     1.34754
2008  9 18  0    -1.41893    -0.69703     1.58089
2008  9 19  0    -1.55186    -0.96497     1.82741
2008  9 20  0    -1.64059    -1.14093     1.99831
2008  9 21  0    -1.62382    -1.24102     2.04375
2008  9 22  0    -1.54787    -1.35405     2.05654
2008  9 23  0    -1.46874    -1.46054     2.07132
2008  9 24  0    -1.30647    -1.48571     1.97843
2008  9 25  0    -1.08467    -1.53119     1.87645
2008  9 26  0    -0.88516    -1.58852     1.81849
2008  9 27  0    -0.65899    -1.58487     1.71642
2008  9 28  0    -0.45658    -1.53766     1.60402
2008  9 29  0    -0.27111    -1.52868     1.55254
2008  9 30  0    -0.10833    -1.50496     1.50885
2008 10  1  0     0.00252    -1.42337     1.42337
2008 10  2  0     0.14329    -1.36526     1.37276
2008 10  3  0     0.27083    -1.36032     1.38702
2008 10  4  0     0.39383    -1.31141     1.36927
2008 10  5  0     0.54705    -1.21691     1.33421
2008 10  6  0     0.66023    -1.04375     1.23504
2008 10  7  0     0.84664    -0.85437     1.20280
2008 10  8  0     1.13262    -0.60547     1.28429
2008 10  9  0     1.35886    -0.41371     1.42044
2008 10 10  0     1.57137    -0.21304     1.58574
2008 10 11  0     1.70282     0.04795     1.70350
2008 10 12  0     1.78584     0.29447     1.80996
2008 10 13  0     1.81976     0.50335     1.88809
2008 10 14  0     1.79606     0.67385     1.91831
2008 10 15  0     1.74318     0.80888     1.92171
2008 10 16  0     1.63285     0.92750     1.87789
2008 10 17  0     1.47087     0.98302     1.76912
2008 10 18  0     1.23810     1.10809     1.66155
2008 10 19  0     0.92320     1.30997     1.60260
2008 10 20  0     0.60953     1.53995     1.65620
2008 10 21  0     0.17702     1.76848     1.77731
2008 10 22  0    -0.18765     1.94745     1.95647
2008 10 23  0    -0.47518     2.07433     2.12806
2008 10 24  0    -0.69999     2.02215     2.13988
2008 10 25  0    -0.92693     1.85919     2.07744
2008 10 26  0    -1.17272     1.66069     2.03302
2008 10 27  0    -1.27444     1.41043     1.90093
2008 10 28  0    -1.20706     1.07054     1.61339
2008 10 29  0    -1.12168     0.65376     1.29829
2008 10 30  0    -1.07114     0.27290     1.10536
2008 10 31  0    -1.04187    -0.08816     1.04559
2008 11  1  0    -1.00975    -0.40817     1.08912
2008 11  2  0    -1.00737    -0.57829     1.16156
2008 11  3  0    -0.97695    -0.61363     1.15368
2008 11  4  0    -0.91396    -0.54083     1.06199
2008 11  5  0    -0.86242    -0.42553     0.96168
2008 11  6  0    -0.80636    -0.25816     0.84668
2008 11  7  0    -0.65571    -0.05146     0.65772
2008 11  8  0    -0.43303     0.17094     0.46555
2008 11  9  0    -0.21155     0.37221     0.42812
2008 11 10  0    -0.03634     0.56400     0.56517
2008 11 11  0     0.23590     0.70115     0.73977
2008 11 12  0     0.46463     0.70313     0.84278
2008 11 13  0     0.70494     0.60286     0.92757
2008 11 14  0     0.83100     0.42012     0.93116
2008 11 15  0     0.79487     0.33457     0.86241
2008 11 16  0     0.75006     0.30115     0.80826
2008 11 17  0     0.68073     0.30407     0.74555
2008 11 18  0     0.54555     0.38588     0.66823
2008 11 19  0     0.39330     0.53705     0.66566
2008 11 20  0     0.14525     0.67996     0.69531
2008 11 21  0    -0.08873     0.75892     0.76409
2008 11 22  0    -0.31218     0.75483     0.81684
2008 11 23  0    -0.40530     0.70288     0.81137
2008 11 24  0    -0.43527     0.59855     0.74008
2008 11 25  0    -0.52129     0.45206     0.69000
2008 11 26  0    -0.60573     0.27750     0.66627
2008 11 27  0    -0.64463     0.11289     0.65444
2008 11 28  0    -0.64067    -0.08543     0.64634
2008 11 29  0    -0.63672    -0.28825     0.69893
2008 11 30  0    -0.65460    -0.41181     0.77336
2008 12  1  0    -0.66027    -0.43911     0.79295
2008 12  2  0    -0.63620    -0.37399     0.73799
2008 12  3  0    -0.54469    -0.34688     0.64577
2008 12  4  0    -0.37877    -0.26226     0.46071
2008 12  5  0    -0.27165    -0.16133     0.31595
2008 12  6  0    -0.18347    -0.04100     0.18799
2008 12  7  0    -0.09046     0.06358     0.11057
2008 12  8  0     0.06172     0.14755     0.15994
2008 12  9  0     0.13382     0.19054     0.23284
2008 12 10  0     0.11513     0.15856     0.19595
2008 12 11  0     0.10244     0.09513     0.13980
2008 12 12  0     0.10497     0.06411     0.12300
2008 12 13  0     0.02676    -0.01423     0.03031
2008 12 14  0    -0.09280    -0.10902     0.14317
2008 12 15  0    -0.19952    -0.30139     0.36145
2008 12 16  0    -0.29538    -0.47574     0.55998
2008 12 17  0    -0.39437    -0.61074     0.72700
2008 12 18  0    -0.40361    -0.69844     0.80667
2008 12 19  0    -0.32195    -0.71592     0.78498
2008 12 20  0    -0.33477    -0.64354     0.72541
2008 12 21  0    -0.38801    -0.54258     0.66704
2008 12 22  0    -0.45487    -0.45301     0.64197
2008 12 23  0    -0.47193    -0.32517     0.57311
2008 12 24  0    -0.49294    -0.08172     0.49966
2008 12 25  0    -0.54911     0.13864     0.56634
2008 12 26  0    -0.66832     0.31179     0.73747
2008 12 27  0    -0.77541     0.46555     0.90444
2008 12 28  0    -0.88091     0.56010     1.04390
2008 12 29  0    -0.94414     0.58248     1.10936
2008 12 30  0    -0.99228     0.47279     1.09916
2008 12 31  0    -0.96099     0.38922     1.03682
2009  1  1  0    -0.92316     0.26664     0.96090
2009  1  2  0    -0.88059     0.09518     0.88571
2009  1  3  0    -0.87255    -0.06963     0.87532
2009  1  4  0    -0.85404    -0.12812     0.86359
2009  1  5  0    -0.88374    -0.18578     0.90305
2009  1  6  0    -0.94694    -0.20828     0.96958
2009  1  7  0    -1.04069    -0.30128     1.08342
2009  1  8  0    -1.12729    -0.31307     1.16996
2009  1  9  0    -1.32749    -0.27448     1.35557
2009  1 10  0    -1.52630    -0.22574     1.54291
2009  1 11  0    -1.57833    -0.22924     1.59489
2009  1 12  0    -1.47061    -0.34210     1.50988
2009  1 13  0    -1.38126    -0.61623     1.51249
2009  1 14  0    -1.26637    -0.88392     1.54435
2009  1 15  0    -1.05173    -1.15298     1.56061
2009  1 16  0    -0.74213    -1.28082     1.48029
2009  1 17  0    -0.39363    -1.40288     1.45706
2009  1 18  0     0.10045    -1.53067     1.53396
2009  1 19  0     0.62837    -1.70173     1.81404
2009  1 20  0     1.01273    -1.81102     2.07495
2009  1 21  0     1.27136    -1.76876     2.17827
2009  1 22  0     1.51920    -1.61331     2.21601
2009  1 23  0     1.82474    -1.41188     2.30718
2009  1 24  0     1.99928    -1.17069     2.31682
2009  1 25  0     1.99936    -0.92665     2.20367
2009  1 26  0     1.91413    -0.64005     2.01830
2009  1 27  0     1.70859    -0.37041     1.74828
2009  1 28  0     1.42650    -0.10524     1.43037
2009  1 29  0     1.17171     0.16723     1.18359
2009  1 30  0     0.95160     0.48300     1.06716
2009  1 31  0     0.81372     0.82512     1.15886
2009  2  1  0     0.58900     1.14670     1.28912
2009  2  2  0     0.39182     1.43198     1.48462
2009  2  3  0     0.20161     1.58400     1.59677
2009  2  4  0     0.00948     1.66272     1.66275
2009  2  5  0    -0.16886     1.65456     1.66315
2009  2  6  0    -0.24740     1.69380     1.71177
2009  2  7  0    -0.27307     1.72320     1.74470
2009  2  8  0    -0.27171     1.64977     1.67199
2009  2  9  0    -0.25562     1.45144     1.47378
2009  2 10  0    -0.26168     1.18104     1.20969
2009  2 11  0    -0.25465     0.92447     0.95890
2009  2 12  0    -0.18188     0.69256     0.71604
2009  2 13  0    -0.09046     0.46247     0.47123
2009  2 14  0     0.02520     0.23337     0.23473
2009  2 15  0     0.06274    -0.04718     0.07850
2009  2 16  0     0.03678    -0.30360     0.30582
2009  2 17  0     0.02640    -0.52116     0.52183
2009  2 18  0     0.04275    -0.63804     0.63947
2009  2 19  0     0.15536    -0.67261     0.69032
2009  2 20  0     0.22153    -0.64288     0.67998
2009  2 21  0     0.28866    -0.59730     0.66340
2009  2 22  0     0.38270    -0.45788     0.59675
2009  2 23  0     0.48368    -0.16642     0.51151
2009  2 24  0     0.52763     0.16546     0.55296
2009  2 25  0     0.50587     0.40413     0.64747
2009  2 26  0     0.46639     0.54093     0.71423
2009  2 27  0     0.36288     0.60607     0.70641
2009  2 28  0     0.24946     0.65074     0.69692
2009  3  1  0     0.21068     0.60796     0.64343
2009  3  2  0     0.15132     0.59494     0.61388
2009  3  3  0     0.12628     0.44658     0.46410
2009  3  4  0     0.06057     0.22098     0.22913
2009  3  5  0     0.00478    -0.00825     0.00953
2009  3  6  0    -0.02582    -0.24384     0.24520
2009  3  7  0    -0.08224    -0.44100     0.44861
2009  3  8  0    -0.13119    -0.63170     0.64518
2009  3  9  0    -0.26385    -0.82381     0.86503
2009  3 10  0    -0.35063    -0.96420     1.02598
2009  3 11  0    -0.42493    -1.04752     1.13043
2009  3 12  0    -0.45882    -1.02107     1.11942
2009  3 13  0    -0.47548    -0.93121     1.04558
2009  3 14  0    -0.49495    -0.90504     1.03154
2009  3 15  0    -0.40587    -0.88763     0.97602
2009  3 16  0    -0.32523    -0.83188     0.89320
2009  3 17  0    -0.31213    -0.73561     0.79909
2009  3 18  0    -0.29863    -0.69960     0.76067
2009  3 19  0    -0.38606    -0.71909     0.81617
2009  3 20  0    -0.52375    -0.71940     0.88986
2009  3 21  0    -0.62574    -0.71343     0.94896
2009  3 22  0    -0.58875    -0.82107     1.01034
2009  3 23  0    -0.57369    -0.89301     1.06141
2009  3 24  0    -0.66136    -0.95071     1.15812
2009  3 25  0    -0.71302    -1.06920     1.28514
2009  3 26  0    -0.71624    -1.22553     1.41948
2009  3 27  0    -0.72576    -1.35888     1.54055
2009  3 28  0    -0.60553    -1.56591     1.67891
2009  3 29  0    -0.35209    -1.82468     1.85833
2009  3 30  0    -0.15259    -2.02497     2.03072
2009  3 31  0     0.07645    -2.08698     2.08838
2009  4  1  0     0.35304    -2.11673     2.14597
2009  4  2  0     0.61119    -2.09612     2.18341
2009  4  3  0     0.83802    -2.03290     2.19885
2009  4  4  0     1.10226    -1.89381     2.19123
2009  4  5  0     1.44172    -1.63955     2.18328
2009  4  6  0     1.71549    -1.25443     2.12521
2009  4  7  0     1.86375    -0.81913     2.03581
2009  4  8  0     2.02029    -0.36011     2.05214
2009  4  9  0     2.09593    -0.00999     2.09595
2009  4 10  0     2.09770     0.28708     2.11725
2009  4 11  0     2.04754     0.50371     2.10859
2009  4 12  0     1.88036     0.71566     2.01194
2009  4 13  0     1.57815     0.84027     1.78791
2009  4 14  0     1.21605     0.94353     1.53916
2009  4 15  0     0.83026     1.03064     1.32346
2009  4 16  0     0.46388     1.12048     1.21271
2009  4 17  0     0.02730     1.11888     1.11922
2009  4 18  0    -0.45694     1.11293     1.20308
2009  4 19  0    -0.90984     1.09087     1.42050
2009  4 20  0    -1.31443     1.03565     1.67341
2009  4 21  0    -1.59528     0.96431     1.86409
2009  4 22  0    -1.73065     0.87750     1.94040
2009  4 23  0    -1.82848     0.66010     1.94398
2009  4 24  0    -1.87550     0.36820     1.91130
2009  4 25  0    -1.94505     0.03969     1.94545
2009  4 26  0    -1.95328    -0.23383     1.96722
2009  4 27  0    -1.94156    -0.41500     1.98542
2009  4 28  0    -1.81010    -0.55167     1.89230
2009  4 29  0    -1.64451    -0.62602     1.75964
2009  4 30  0    -1.46592    -0.65655     1.60623
2009  5  1  0    -1.34532    -0.72882     1.53005
2009  5  2  0    -1.22124    -0.70477     1.41001
2009  5  3  0    -1.14780    -0.63821     1.31330
2009  5  4  0    -1.09643    -0.56544     1.23364
2009  5  5  0    -1.01768    -0.50227     1.13488
2009  5  6  0    -0.86973    -0.50188     1.00415
2009  5  7  0    -0.76594    -0.44084     0.88375
2009  5  8  0    -0.56654    -0.32567     0.65348
2009  5  9  0    -0.32934    -0.24808     0.41232
2009  5 10  0    -0.11128    -0.18957     0.21982
2009  5 11  0     0.11641    -0.11008     0.16021
2009  5 12  0     0.29619     0.11880     0.31913
2009  5 13  0     0.45060     0.40203     0.60387
2009  5 14  0     0.57045     0.61704     0.84033
2009  5 15  0     0.64523     0.72948     0.97389
2009  5 16  0     0.72596     0.79749     1.07843
2009  5 17  0     0.74160     0.82953     1.11269
2009  5 18  0     0.64326     0.81607     1.03911
2009  5 19  0     0.61930     0.85291     1.05403
2009  5 20  0     0.62559     0.79487     1.01153
2009  5 21  0     0.73949     0.64088     0.97855
2009  5 22  0     0.89231     0.42599     0.98878
2009  5 23  0     0.88877     0.21861     0.91526
2009  5 24  0     0.79316     0.15383     0.80794
2009  5 25  0     0.64555     0.12762     0.65805
2009  5 26  0     0.45656     0.16731     0.48625
2009  5 27  0     0.36070     0.26560     0.44793
2009  5 28  0     0.23576     0.33679     0.41111
2009  5 29  0     0.04728     0.46517     0.46756
2009  5 30  0    -0.19170     0.58760     0.61808
2009  5 31  0    -0.42070     0.68376     0.80282
2009  6  1  0    -0.52195     0.79254     0.94897
2009  6  2  0    -0.62720     0.86517     1.06860
2009  6  3  0    -0.70285     0.84280     1.09741
2009  6  4  0    -0.75573     0.72283     1.04576
2009  6  5  0    -0.81789     0.58818     1.00742
2009  6  6  0    -0.87686     0.47083     0.99527
2009  6  7  0    -0.82130     0.34995     0.89275
2009  6  8  0    -0.73136     0.19037     0.75573
2009  6  9  0    -0.62493    -0.01742     0.62517
2009  6 10  0    -0.57009    -0.24876     0.62200
2009  6 11  0    -0.49211    -0.40485     0.63724
2009  6 12  0    -0.48280    -0.48187     0.68213
2009  6 13  0    -0.46250    -0.57024     0.73422
2009  6 14  0    -0.33509    -0.68209     0.75995
2009  6 15  0    -0.18217    -0.76973     0.79100
2009  6 16  0    -0.13884    -0.82493     0.83653
2009  6 17  0    -0.09034    -0.80551     0.81056
2009  6 18  0    -0.00330    -0.70382     0.70383
2009  6 19  0     0.07541    -0.54554     0.55072
2009  6 20  0     0.24230    -0.46688     0.52601
2009  6 21  0     0.46095    -0.47303     0.66048
2009  6 22  0     0.74313    -0.44200     0.86464
2009  6 23  0     0.92540    -0.44451     1.02662
2009  6 24  0     1.00306    -0.38065     1.07286
2009  6 25  0     1.14256    -0.29535     1.18011
2009  6 26  0     1.24326    -0.23824     1.26588
2009  6 27  0     1.30026    -0.15963     1.31002
2009  6 28  0     1.42952    -0.15155     1.43753
2009  6 29  0     1.41597    -0.14645     1.42352
2009  6 30  0     1.32734    -0.08376     1.32998
2009  7  1  0     1.18440    -0.02283     1.18462
2009  7  2  0     1.01810     0.10867     1.02388
2009  7  3  0     0.87717     0.14463     0.88901
2009  7  4  0     0.72798     0.10470     0.73547
2009  7  5  0     0.61274     0.06397     0.61607
2009  7  6  0     0.48903    -0.03641     0.49038
2009  7  7  0     0.23260    -0.00432     0.23264
2009  7  8  0    -0.00550     0.13211     0.13222
2009  7  9  0    -0.18389     0.27682     0.33233
2009  7 10  0    -0.30588     0.40560     0.50801
2009  7 11  0    -0.47676     0.48173     0.67776
2009  7 12  0    -0.68670     0.63004     0.93194
2009  7 13  0    -0.79304     0.80231     1.12810
2009  7 14  0    -0.87645     0.89341     1.25154
2009  7 15  0    -0.96677     0.98811     1.38239
2009  7 16  0    -1.03672     1.00651     1.44494
2009  7 17  0    -0.98578     0.93338     1.35756
2009  7 18  0    -0.92119     0.89079     1.28145
2009  7 19  0    -0.89804     0.82371     1.21859
2009  7 20  0    -0.82573     0.72177     1.09671
2009  7 21  0    -0.67601     0.58777     0.89581
2009  7 22  0    -0.66695     0.44401     0.80122
2009  7 23  0    -0.77292     0.34209     0.84525
2009  7 24  0    -0.89155     0.27019     0.93160
2009  7 25  0    -0.97525     0.17953     0.99163
2009  7 26  0    -1.18947     0.08710     1.19265
2009  7 27  0    -1.36771    -0.08134     1.37013
2009  7 28  0    -1.46084    -0.29538     1.49041
2009  7 29  0    -1.56967    -0.52709     1.65580
2009  7 30  0    -1.60652    -0.84029     1.81301
2009  7 31  0    -1.58077    -1.13635     1.94682
2009  8  1  0    -1.41595    -1.36703     1.96816
2009  8  2  0    -1.22043    -1.56307     1.98309
2009  8  3  0    -0.92841    -1.68833     1.92676
2009  8  4  0    -0.58325    -1.76478     1.85866
2009  8  5  0    -0.24891    -1.80824     1.82529
2009  8  6  0     0.02748    -1.77142     1.77163
2009  8  7  0     0.38451    -1.67143     1.71508
2009  8  8  0     0.72101    -1.46647     1.63413
2009  8  9  0     1.03050    -1.29819     1.65748
2009  8 10  0     1.29672    -1.04367     1.66455
2009  8 11  0     1.55872    -0.84970     1.77527
2009  8 12  0     1.79674    -0.74227     1.94402
2009  8 13  0     2.02300    -0.63374     2.11994
2009  8 14  0     2.24519    -0.55107     2.31183
2009  8 15  0     2.34113    -0.44579     2.38319
2009  8 16  0     2.30469    -0.31631     2.32629
2009  8 17  0     2.18442    -0.22297     2.19577
2009  8 18  0     2.01241    -0.07647     2.01386
2009  8 19  0     1.73063     0.01052     1.73066
2009  8 20  0     1.40413     0.11580     1.40889
2009  8 21  0     1.15546     0.22968     1.17807
2009  8 22  0     0.97648     0.27346     1.01405
2009  8 23  0     0.71029     0.31571     0.77729
2009  8 24  0     0.48641     0.38892     0.62278
2009  8 25  0     0.36219     0.45749     0.58351
2009  8 26  0     0.26867     0.54007     0.60321
2009  8 27  0     0.20781     0.64848     0.68096
2009  8 28  0     0.15551     0.76750     0.78309
2009  8 29  0     0.05936     0.84933     0.85140
2009  8 30  0    -0.10711     0.91038     0.91666
2009  8 31  0    -0.26859     1.00600     1.04124
2009  9  1  0    -0.39518     1.11948     1.18719
2009  9  2  0    -0.50957     1.11460     1.22555
2009  9  3  0    -0.62616     1.11530     1.27905
2009  9  4  0    -0.68108     1.07377     1.27156
2009  9  5  0    -0.75063     0.90093     1.17265
2009  9  6  0    -0.76761     0.68156     1.02652
2009  9  7  0    -0.63217     0.44148     0.77106
2009  9  8  0    -0.52343     0.18064     0.55373
2009  9  9  0    -0.45856    -0.00255     0.45857
2009  9 10  0    -0.32913    -0.18098     0.37561
2009  9 11  0    -0.15741    -0.28750     0.32777
2009  9 12  0    -0.04320    -0.37556     0.37804
2009  9 13  0     0.03318    -0.41083     0.41217
2009  9 14  0     0.08537    -0.34270     0.35317
2009  9 15  0     0.05906    -0.29082     0.29675
2009  9 16  0    -0.09561    -0.21118     0.23181
2009  9 17  0    -0.33087    -0.08877     0.34257
2009  9 18  0    -0.60292    -0.03321     0.60384
2009  9 19  0    -0.92058    -0.01593     0.92071
2009  9 20  0    -1.21977     0.00095     1.21977
2009  9 21  0    -1.48273     0.02352     1.48291
2009  9 22  0    -1.77766     0.00789     1.77768
2009  9 23  0    -1.97643    -0.05815     1.97729
2009  9 24  0    -2.00308    -0.02921     2.00329
2009  9 25  0    -1.98048     0.03657     1.98082
2009  9 26  0    -1.85699     0.07162     1.85837
2009  9 27  0    -1.61884     0.08279     1.62096
2009  9 28  0    -1.35106     0.15388     1.35980
2009  9 29  0    -1.10766     0.24006     1.13337
2009  9 30  0    -0.85011     0.26841     0.89148
2009 10  1  0    -0.54861     0.28650     0.61891
2009 10  2  0    -0.33578     0.33843     0.47674
2009 10  3  0    -0.19479     0.29179     0.35083
2009 10  4  0    -0.04114     0.13802     0.14402
2009 10  5  0     0.06715     0.04985     0.08363
2009 10  6  0     0.14993     0.04121     0.15549
2009 10  7  0     0.19369     0.00542     0.19376
2009 10  8  0     0.20285    -0.00903     0.20305
2009 10  9  0     0.13011    -0.02587     0.13266
2009 10 10  0     0.00071    -0.11546     0.11546
2009 10 11  0     0.01144    -0.27312     0.27336
2009 10 12  0     0.05961    -0.40192     0.40632
2009 10 13  0     0.10765    -0.45422     0.46680
2009 10 14  0     0.18148    -0.53572     0.56562
2009 10 15  0     0.24998    -0.66372     0.70923
2009 10 16  0     0.36777    -0.74326     0.82927
2009 10 17  0     0.46402    -0.90017     1.01273
2009 10 18  0     0.53654    -0.97450     1.11244
2009 10 19  0     0.61638    -1.01624     1.18856
2009 10 20  0     0.64067    -0.96040     1.15448
2009 10 21  0     0.68611    -0.86809     1.10650
2009 10 22  0     0.73030    -0.82785     1.10394
2009 10 23  0     0.79735    -0.79067     1.12291
2009 10 24  0     0.89321    -0.79113     1.19319
2009 10 25  0     0.95200    -0.81381     1.25243
2009 10 26  0     1.12494    -0.82762     1.39658
2009 10 27  0     1.41969    -0.87725     1.66885
2009 10 28  0     1.67258    -0.91876     1.90831
2009 10 29  0     1.90434    -0.94870     2.12757
2009 10 30  0     2.12754    -0.92207     2.31876
2009 10 31  0     2.31282    -0.70873     2.41897
2009 11  1  0     2.49708    -0.45915     2.53895
2009 11  2  0     2.55278    -0.13549     2.55637
2009 11  3  0     2.55699     0.13101     2.56034
2009 11  4  0     2.48266     0.39077     2.51323
2009 11  5  0     2.34792     0.63959     2.43348
2009 11  6  0     2.27092     0.91167     2.44708
2009 11  7  0     2.17216     1.11765     2.44283
2009 11  8  0     2.01139     1.27395     2.38089
2009 11  9  0     1.73856     1.36068     2.20772
2009 11 10  0     1.39162     1.39187     1.96822
2009 11 11  0     1.15732     1.29831     1.73925
2009 11 12  0     0.88893     1.25507     1.53799
2009 11 13  0     0.60762     1.23966     1.38056
2009 11 14  0     0.33911     1.27084     1.31531
2009 11 15  0     0.04243     1.28311     1.28381
2009 11 16  0    -0.25895     1.37634     1.40049
2009 11 17  0    -0.52432     1.49856     1.58764
2009 11 18  0    -0.81040     1.46882     1.67755
2009 11 19  0    -1.14900     1.21581     1.67284
2009 11 20  0    -1.43694     0.75581     1.62359
2009 11 21  0    -1.57214     0.26775     1.59478
2009 11 22  0    -1.57962    -0.13040     1.58499
2009 11 23  0    -1.56020    -0.46891     1.62914
2009 11 24  0    -1.58111    -0.68035     1.72127
2009 11 25  0    -1.61112    -0.86039     1.82646
2009 11 26  0    -1.60838    -1.06358     1.92823
2009 11 27  0    -1.54588    -1.19909     1.95641
2009 11 28  0    -1.46649    -1.19467     1.89151
2009 11 29  0    -1.35895    -1.17237     1.79477
2009 11 30  0    -1.20469    -1.16966     1.67910
2009 12  1  0    -1.03021    -1.12895     1.52835
2009 12  2  0    -0.91031    -1.07698     1.41016
2009 12  3  0    -0.81315    -1.09318     1.36244
2009 12  4  0    -0.69808    -1.19394     1.38305
2009 12  5  0    -0.56664    -1.25410     1.37618
2009 12  6  0    -0.48979    -1.29151     1.38127
2009 12  7  0    -0.42145    -1.32203     1.38758
2009 12  8  0    -0.34892    -1.27474     1.32163
2009 12  9  0    -0.22279    -1.20091     1.22140
2009 12 10  0    -0.10569    -1.11038     1.11540
2009 12 11  0     0.10617    -0.99930     1.00492
2009 12 12  0     0.24563    -0.82233     0.85823
2009 12 13  0     0.34681    -0.48039     0.59249
2009 12 14  0     0.39146    -0.21259     0.44546
2009 12 15  0     0.39824     0.04909     0.40125
2009 12 16  0     0.41922     0.22910     0.47774
2009 12 17  0     0.50767     0.26954     0.57479
2009 12 18  0     0.61576     0.26565     0.67062
2009 12 19  0     0.79000     0.22004     0.82007
2009 12 20  0     0.89102     0.21432     0.91643
2009 12 21  0     1.03816     0.24761     1.06729
2009 12 22  0     1.25996     0.16444     1.27065
2009 12 23  0     1.52307     0.22720     1.53993
2009 12 24  0     1.78417     0.32232     1.81305
2009 12 25  0     1.92828     0.50027     1.99212
2009 12 26  0     1.97851     0.75607     2.11805
2009 12 27  0     1.93389     0.99228     2.17361
2009 12 28  0     1.81506     1.23442     2.19505
2009 12 29  0     1.68057     1.38828     2.17983
2009 12 30  0     1.49558     1.48217     2.10561
2009 12 31  0     1.26337     1.55804     2.00589
2010  1  1  0     0.94317     1.57758     1.83803
2010  1  2  0     0.71012     1.53488     1.69119
2010  1  3  0     0.46932     1.42157     1.49704
2010  1  4  0     0.17544     1.35100     1.36234
2010  1  5  0    -0.10591     1.33267     1.33687
2010  1  6  0    -0.43669     1.24698     1.32124
2010  1  7  0    -0.75360     1.09034     1.32543
2010  1  8  0    -0.93337     0.97420     1.34917
2010  1  9  0    -1.00766     0.90968     1.35753
2010  1 10  0    -1.16028     0.79480     1.40640
2010  1 11  0    -1.41056     0.67264     1.56273
2010  1 12  0    -1.58001     0.61416     1.69517
2010  1 13  0    -1.63014     0.60390     1.73841
2010  1 14  0    -1.66307     0.55981     1.75476
2010  1 15  0    -1.64604     0.49666     1.71934
2010  1 16  0    -1.58895     0.43520     1.64748
2010  1 17  0    -1.54139     0.32607     1.57550
2010  1 18  0    -1.51224     0.12000     1.51700
2010  1 19  0    -1.40343    -0.05873     1.40466
2010  1 20  0    -1.28899    -0.29257     1.32177
2010  1 21  0    -1.20253    -0.54623     1.32077
2010  1 22  0    -1.19251    -0.83663     1.45672
2010  1 23  0    -1.17214    -1.11398     1.61705
2010  1 24  0    -1.11529    -1.37418     1.76981
2010  1 25  0    -1.02418    -1.60164     1.90111
2010  1 26  0    -0.99528    -1.80823     2.06404
2010  1 27  0    -0.97228    -1.95497     2.18340
2010  1 28  0    -0.94707    -2.06229     2.26936
2010  1 29  0    -0.89657    -2.13712     2.31757
2010  1 30  0    -0.84210    -2.17096     2.32856
2010  1 31  0    -0.71597    -2.24321     2.35470
2010  2  1  0    -0.50297    -2.31967     2.37357
2010  2  2  0    -0.26890    -2.36038     2.37565
2010  2  3  0    -0.10034    -2.39551     2.39761
2010  2  4  0     0.14541    -2.44479     2.44911
2010  2  5  0     0.43970    -2.46108     2.50005
2010  2  6  0     0.75438    -2.46642     2.57921
2010  2  7  0     1.07639    -2.38987     2.62109
2010  2  8  0     1.39425    -2.28119     2.67353
2010  2  9  0     1.62804    -2.14970     2.69662
2010  2 10  0     1.75589    -2.06778     2.71272
2010  2 11  0     1.80599    -2.01044     2.70249
2010  2 12  0     1.87152    -1.92116     2.68206
2010  2 13  0     1.93235    -1.78292     2.62921
2010  2 14  0     1.98423    -1.62221     2.56296
2010  2 15  0     2.01436    -1.43985     2.47605
2010  2 16  0     1.96112    -1.19455     2.29629
2010  2 17  0     1.76810    -0.87487     1.97271
2010  2 18  0     1.57285    -0.61594     1.68915
2010  2 19  0     1.37305    -0.40126     1.43048
2010  2 20  0     1.17955    -0.17401     1.19232
2010  2 21  0     0.93910     0.11832     0.94652
2010  2 22  0     0.61755     0.41498     0.74403
2010  2 23  0     0.26972     0.62653     0.68212
2010  2 24  0    -0.04327     0.68800     0.68936
2010  2 25  0    -0.29660     0.61682     0.68442
2010  2 26  0    -0.39353     0.47348     0.61567
2010  2 27  0    -0.44497     0.44494     0.62926
2010  2 28  0    -0.51237     0.45611     0.68597
2010  3  1  0    -0.47373     0.49668     0.68637
2010  3  2  0    -0.35627     0.51250     0.62417
2010  3  3  0    -0.22428     0.57249     0.61485
2010  3  4  0    -0.10935     0.63650     0.64582
2010  3  5  0    -0.07835     0.71514     0.71942
2010  3  6  0    -0.10051     0.75361     0.76029
2010  3  7  0    -0.14887     0.73632     0.75122
2010  3  8  0    -0.25711     0.65735     0.70585
2010  3  9  0    -0.32880     0.66808     0.74461
2010  3 10  0    -0.40709     0.72817     0.83424
2010  3 11  0    -0.43370     0.73455     0.85303
2010  3 12  0    -0.37833     0.66734     0.76712
2010  3 13  0    -0.31184     0.63892     0.71096
2010  3 14  0    -0.27549     0.69497     0.74758
2010  3 15  0    -0.20595     0.77848     0.80526
2010  3 16  0    -0.11916     0.91843     0.92613
2010  3 17  0    -0.00610     1.08282     1.08284
2010  3 18  0     0.14886     1.22737     1.23636
2010  3 19  0     0.28867     1.37984     1.40971
2010  3 20  0     0.34240     1.47179     1.51109
2010  3 21  0     0.36208     1.52867     1.57097
2010  3 22  0     0.31631     1.53116     1.56349
2010  3 23  0     0.30702     1.52956     1.56007
2010  3 24  0     0.28571     1.60036     1.62566
2010  3 25  0     0.21561     1.77223     1.78529
2010  3 26  0     0.17406     1.94445     1.95222
2010  3 27  0     0.15731     2.08259     2.08852
2010  3 28  0     0.19045     2.12585     2.13437
2010  3 29  0     0.19569     2.14584     2.15474
2010  3 30  0     0.14777     2.13751     2.14261
2010  3 31  0     0.07552     2.00498     2.00640
2010  4  1  0    -0.02432     1.83001     1.83018
2010  4  2  0    -0.12078     1.55125     1.55595
2010  4  3  0    -0.17219     1.25703     1.26877
2010  4  4  0    -0.19733     0.99712     1.01646
2010  4  5  0    -0.23537     0.77366     0.80867
2010  4  6  0    -0.31674     0.55769     0.64136
2010  4  7  0    -0.28662     0.37803     0.47440
2010  4  8  0    -0.25667     0.19825     0.32432
2010  4  9  0    -0.17649     0.15069     0.23207
2010  4 10  0    -0.12521     0.12282     0.17539
2010  4 11  0    -0.09003     0.14303     0.16901
2010  4 12  0    -0.11094     0.12911     0.17022
2010  4 13  0    -0.19040     0.15349     0.24456
2010  4 14  0    -0.25209     0.18841     0.31472
2010  4 15  0    -0.24118     0.31161     0.39405
2010  4 16  0    -0.18355     0.40441     0.44411
2010  4 17  0    -0.12768     0.43190     0.45038
2010  4 18  0    -0.11387     0.45447     0.46852
2010  4 19  0    -0.09291     0.43218     0.44205
2010  4 20  0    -0.03642     0.35896     0.36080
2010  4 21  0     0.06175     0.22341     0.23179
2010  4 22  0     0.14641     0.07737     0.16560
2010  4 23  0     0.16548    -0.08059     0.18406
2010  4 24  0     0.08747    -0.34363     0.35459
2010  4 25  0    -0.03199    -0.57479     0.57568
2010  4 26  0    -0.06861    -0.70360     0.70694
2010  4 27  0    -0.03136    -0.84558     0.84616
2010  4 28  0     0.10033    -1.01718     1.02211
2010  4 29  0     0.14863    -1.09693     1.10696
2010  4 30  0     0.19392    -1.14410     1.16041
2010  5  1  0     0.26068    -1.20950     1.23727
2010  5  2  0     0.40016    -1.23493     1.29814
2010  5  3  0     0.65584    -1.17632     1.34679
2010  5  4  0     0.91554    -1.03079     1.37867
2010  5  5  0     1.18676    -0.88304     1.47924
2010  5  6  0     1.30840    -0.72145     1.49412
2010  5  7  0     1.38782    -0.38194     1.43941
2010  5  8  0     1.50419    -0.07625     1.50613
2010  5  9  0     1.62668     0.17684     1.63626
2010  5 10  0     1.71624     0.42168     1.76728
2010  5 11  0     1.67171     0.67259     1.80194
2010  5 12  0     1.52279     0.92641     1.78245
2010  5 13  0     1.28800     1.16775     1.73856
2010  5 14  0     0.88762     1.30225     1.57598
2010  5 15  0     0.56199     1.33304     1.44666
2010  5 16  0     0.22596     1.15615     1.17802
2010  5 17  0    -0.06794     0.98327     0.98561
2010  5 18  0    -0.28316     0.82617     0.87335
2010  5 19  0    -0.53477     0.66592     0.85407
2010  5 20  0    -0.70061     0.52206     0.87373
2010  5 21  0    -0.78895     0.34062     0.85933
2010  5 22  0    -0.83405     0.11378     0.84178
2010  5 23  0    -0.78167    -0.05695     0.78374
2010  5 24  0    -0.73766    -0.18604     0.76076
2010  5 25  0    -0.67570    -0.23135     0.71420
2010  5 26  0    -0.59446    -0.33158     0.68069
2010  5 27  0    -0.61579    -0.44687     0.76085
2010  5 28  0    -0.60524    -0.59331     0.84755
2010  5 29  0    -0.54888    -0.72657     0.91059
2010  5 30  0    -0.48900    -0.68665     0.84298
2010  5 31  0    -0.34642    -0.56651     0.66404
2010  6  1  0    -0.19215    -0.43594     0.47641
2010  6  2  0    -0.06811    -0.23243     0.24220
2010  6  3  0    -0.02346    -0.00737     0.02459
2010  6  4  0     0.00595     0.20701     0.20710
2010  6  5  0     0.04369     0.40656     0.40891
2010  6  6  0     0.14677     0.61756     0.63476
2010  6  7  0     0.20848     0.71145     0.74137
2010  6  8  0     0.28762     0.61464     0.67860
2010  6  9  0     0.29060     0.46205     0.54584
2010  6 10  0     0.18276     0.34557     0.39092
2010  6 11  0     0.05672     0.27258     0.27842
2010  6 12  0     0.02252     0.14605     0.14777
2010  6 13  0    -0.03394    -0.00850     0.03499
2010  6 14  0    -0.12798    -0.11391     0.17134
2010  6 15  0    -0.30192    -0.21928     0.37315
2010  6 16  0    -0.38168    -0.27508     0.47047
2010  6 17  0    -0.45635    -0.15078     0.48062
2010  6 18  0    -0.48224    -0.00770     0.48230
2010  6 19  0    -0.31623     0.03392     0.31805
2010  6 20  0    -0.09603    -0.07591     0.12241
2010  6 21  0    -0.00044    -0.16922     0.16922
2010  6 22  0     0.00706    -0.18592     0.18605
2010  6 23  0     0.17780    -0.15613     0.23663
2010  6 24  0     0.39576    -0.14292     0.42078
2010  6 25  0     0.53256    -0.13425     0.54922
2010  6 26  0     0.61207    -0.15582     0.63160
2010  6 27  0     0.72665    -0.21640     0.75819
2010  6 28  0     0.75830    -0.25803     0.80100
2010  6 29  0     0.74265    -0.19558     0.76797
2010  6 30  0     0.74317    -0.00299     0.74318
2010  7  1  0     0.78950     0.17171     0.80795
2010  7  2  0     0.69336     0.26685     0.74294
2010  7  3  0     0.62477     0.29428     0.69061
2010  7  4  0     0.59561     0.28478     0.66019
2010  7  5  0     0.58488     0.19857     0.61767
2010  7  6  0     0.52892     0.08665     0.53597
2010  7  7  0     0.46687     0.00302     0.46688
2010  7  8  0     0.42048    -0.06449     0.42540
2010  7  9  0     0.38951    -0.20508     0.44020
2010  7 10  0     0.41665    -0.34121     0.53853
2010  7 11  0     0.46618    -0.42568     0.63129
2010  7 12  0     0.49684    -0.41710     0.64871
2010  7 13  0     0.53160    -0.25387     0.58911
2010  7 14  0     0.62059    -0.06771     0.62428
2010  7 15  0     0.66294     0.17740     0.68626
2010  7 16  0     0.60335     0.41175     0.73046
2010  7 17  0     0.51770     0.57732     0.77544
2010  7 18  0     0.45748     0.70588     0.84116
2010  7 19  0     0.28950     0.87271     0.91947
2010  7 20  0     0.09002     1.02758     1.03151
2010  7 21  0    -0.04839     1.10324     1.10431
2010  7 22  0    -0.18652     1.06636     1.08255
2010  7 23  0    -0.28269     1.02784     1.06600
2010  7 24  0    -0.30186     0.95031     0.99710
2010  7 25  0    -0.32436     0.88112     0.93892
2010  7 26  0    -0.37332     0.81664     0.89792
2010  7 27  0    -0.48164     0.72689     0.87198
2010  7 28  0    -0.51914     0.62356     0.81138
2010  7 29  0    -0.54699     0.51795     0.75331
2010  7 30  0    -0.64931     0.45479     0.79274
2010  7 31  0    -0.76733     0.35810     0.84678
2010  8  1  0    -0.93759     0.21099     0.96104
2010  8  2  0    -1.09607     0.11230     1.10181
2010  8  3  0    -1.07105     0.05612     1.07252
2010  8  4  0    -0.96985    -0.01489     0.96996
2010  8  5  0    -0.84709    -0.03052     0.84764
2010  8  6  0    -0.68768    -0.04261     0.68900
2010  8  7  0    -0.45807    -0.12685     0.47531
2010  8  8  0    -0.18162    -0.20163     0.27137
2010  8  9  0     0.13333    -0.19922     0.23972
2010  8 10  0     0.45923    -0.23817     0.51732
2010  8 11  0     0.69230    -0.30395     0.75609
2010  8 12  0     0.82129    -0.38260     0.90603
2010  8 13  0     0.96774    -0.42263     1.05599
2010  8 14  0     1.04120    -0.45406     1.13590
2010  8 15  0     1.01693    -0.43211     1.10493
2010  8 16  0     0.91690    -0.30281     0.96561
2010  8 17  0     0.79309    -0.17594     0.81237
2010  8 18  0     0.57636    -0.14570     0.59449
2010  8 19  0     0.31705    -0.12483     0.34074
2010  8 20  0     0.13397    -0.12480     0.18310
2010  8 21  0     0.00184    -0.13841     0.13843
2010  8 22  0    -0.24063    -0.20094     0.31350
2010  8 23  0    -0.42873    -0.26805     0.50563
2010  8 24  0    -0.54802    -0.31439     0.63180
2010  8 25  0    -0.51692    -0.38725     0.64589
2010  8 26  0    -0.49438    -0.52897     0.72403
2010  8 27  0    -0.43202    -0.71071     0.83171
2010  8 28  0    -0.33038    -0.79877     0.86439
2010  8 29  0    -0.26433    -0.78371     0.82709
2010  8 30  0    -0.23092    -0.67303     0.71155
2010  8 31  0    -0.14540    -0.52857     0.54821
2010  9  1  0    -0.00006    -0.36890     0.36890
2010  9  2  0     0.13152    -0.24536     0.27839
2010  9  3  0     0.16930    -0.11611     0.20528
2010  9  4  0     0.16842     0.07258     0.18339
2010  9  5  0     0.09668     0.33881     0.35233
2010  9  6  0     0.02460     0.60085     0.60136
2010  9  7  0    -0.08269     0.66839     0.67348
2010  9  8  0    -0.19041     0.58647     0.61661
2010  9  9  0    -0.28207     0.53633     0.60598
2010  9 10  0    -0.37427     0.47639     0.60583
2010  9 11  0    -0.37465     0.32150     0.49369
2010  9 12  0    -0.39778     0.13985     0.42165
2010  9 13  0    -0.39701     0.01763     0.39740
2010  9 14  0    -0.21937    -0.13055     0.25528
2010  9 15  0    -0.00412    -0.37335     0.37337
2010  9 16  0     0.17072    -0.51258     0.54026
2010  9 17  0     0.36881    -0.52408     0.64085
2010  9 18  0     0.54422    -0.56442     0.78406
2010  9 19  0     0.74663    -0.58606     0.94917
2010  9 20  0     0.86878    -0.49280     0.99882
2010  9 21  0     0.96137    -0.41200     1.04593
2010  9 22  0     1.06201    -0.35668     1.12031
2010  9 23  0     1.04485    -0.23274     1.07045
2010  9 24  0     0.95426     0.00784     0.95429
2010  9 25  0     0.89041     0.18472     0.90937
2010  9 26  0     0.80275     0.29097     0.85385
2010  9 27  0     0.78457     0.44674     0.90284
2010  9 28  0     0.69113     0.63416     0.93798
2010  9 29  0     0.67444     0.81955     1.06138
2010  9 30  0     0.65942     0.99282     1.19185
2010 10  1  0     0.55586     1.11514     1.24600
2010 10  2  0     0.39678     1.21605     1.27915
2010 10  3  0     0.18714     1.21722     1.23152
2010 10  4  0    -0.05291     1.22162     1.22276
2010 10  5  0    -0.35466     1.28080     1.32900
2010 10  6  0    -0.69896     1.27147     1.45093
2010 10  7  0    -1.04042     1.11486     1.52492
2010 10  8  0    -1.46703     0.85379     1.69739
2010 10  9  0    -1.85771     0.49854     1.92345
2010 10 10  0    -2.12588     0.08681     2.12765
2010 10 11  0    -2.27186    -0.36916     2.30166
2010 10 12  0    -2.27715    -0.72892     2.39097
2010 10 13  0    -2.19292    -0.96595     2.39624
2010 10 14  0    -2.06235    -1.14292     2.35787
2010 10 15  0    -1.95386    -1.25279     2.32100
2010 10 16  0    -1.83203    -1.23358     2.20863
2010 10 17  0    -1.65290    -1.15160     2.01451
2010 10 18  0    -1.49944    -1.05500     1.83340
2010 10 19  0    -1.31909    -0.96017     1.63154
2010 10 20  0    -1.09850    -0.79386     1.35533
2010 10 21  0    -0.86354    -0.66370     1.08913
2010 10 22  0    -0.70544    -0.45937     0.84182
2010 10 23  0    -0.52441    -0.18590     0.55639
2010 10 24  0    -0.35996     0.08345     0.36950
2010 10 25  0    -0.31786     0.26342     0.41282
2010 10 26  0    -0.30552     0.32886     0.44888
2010 10 27  0    -0.24207     0.44760     0.50886
2010 10 28  0    -0.17920     0.59717     0.62348
2010 10 29  0    -0.19884     0.67172     0.70053
2010 10 30  0    -0.26984     0.72708     0.77554
2010 10 31  0    -0.30524     0.74079     0.80121
2010 11  1  0    -0.31660     0.59055     0.67007
2010 11  2  0    -0.27347     0.42940     0.50908
2010 11  3  0    -0.08534     0.28287     0.29546
2010 11  4  0     0.03799     0.14854     0.15332
2010 11  5  0     0.07962     0.02322     0.08294
2010 11  6  0     0.08762    -0.15410     0.17727
2010 11  7  0     0.20868    -0.31515     0.37797
2010 11  8  0     0.38785    -0.50019     0.63294
2010 11  9  0     0.53666    -0.73111     0.90693
2010 11 10  0     0.63928    -0.82167     1.04107
2010 11 11  0     0.61762    -0.88501     1.07921
2010 11 12  0     0.50546    -0.88032     1.01511
2010 11 13  0     0.46837    -0.84220     0.96368
2010 11 14  0     0.52271    -0.88049     1.02396
2010 11 15  0     0.58784    -0.80368     0.99572
2010 11 16  0     0.68239    -0.75106     1.01476
2010 11 17  0     0.74748    -0.69460     1.02040
2010 11 18  0     0.87502    -0.53369     1.02493
2010 11 19  0     0.95944    -0.34120     1.01830
2010 11 20  0     1.02321    -0.08893     1.02707
2010 11 21  0     1.07258     0.14432     1.08225
2010 11 22  0     1.06890     0.32031     1.11586
2010 11 23  0     0.97938     0.44760     1.07681
2010 11 24  0     0.96999     0.50160     1.09201
2010 11 25  0     0.87369     0.58224     1.04992
2010 11 26  0     0.89213     0.70438     1.13668
2010 11 27  0     0.87193     0.77495     1.16653
2010 11 28  0     0.83020     0.82345     1.16932
2010 11 29  0     0.75339     0.78554     1.08843
2010 11 30  0     0.71706     0.79548     1.07097
2010 12  1  0     0.69029     0.81380     1.06713
2010 12  2  0     0.65133     0.81900     1.04641
2010 12  3  0     0.52011     0.83071     0.98010
2010 12  4  0     0.33051     0.80225     0.86766
2010 12  5  0     0.05013     0.83749     0.83899
2010 12  6  0    -0.14914     0.88590     0.89837
2010 12  7  0    -0.27572     0.91346     0.95417
2010 12  8  0    -0.37145     0.88425     0.95910
2010 12  9  0    -0.56450     0.81376     0.99038
2010 12 10  0    -0.69796     0.75722     1.02982
2010 12 11  0    -0.76230     0.63416     0.99160
2010 12 12  0    -0.75816     0.44576     0.87949
2010 12 13  0    -0.63708     0.29240     0.70097
2010 12 14  0    -0.49536     0.12084     0.50988
2010 12 15  0    -0.41189    -0.03769     0.41361
2010 12 16  0    -0.32533    -0.15518     0.36044
2010 12 17  0    -0.29582    -0.20404     0.35936
2010 12 18  0    -0.23372    -0.15285     0.27926
2010 12 19  0    -0.21900    -0.09872     0.24022
2010 12 20  0    -0.23595     0.03856     0.23908
2010 12 21  0    -0.25120     0.21812     0.33268
2010 12 22  0    -0.28868     0.35642     0.45866
2010 12 23  0    -0.23922     0.50400     0.55789
2010 12 24  0    -0.21163     0.58767     0.62462
2010 12 25  0    -0.22435     0.61592     0.65551
2010 12 26  0    -0.13623     0.63720     0.65160
2010 12 27  0    -0.00716     0.62214     0.62219
2010 12 28  0     0.15682     0.58161     0.60238
2010 12 29  0     0.29021     0.50537     0.58277
2010 12 30  0     0.37357     0.33807     0.50383
2010 12 31  0     0.41114     0.14496     0.43595
2011  1  1  0     0.32249    -0.03224     0.32410
2011  1  2  0     0.25422    -0.18508     0.31445
2011  1  3  0     0.24835    -0.24373     0.34797
2011  1  4  0     0.22615    -0.27095     0.35292
2011  1  5  0     0.15470    -0.25416     0.29754
2011  1  6  0     0.07907    -0.21997     0.23375
2011  1  7  0     0.03746    -0.18462     0.18838
2011  1  8  0    -0.04524    -0.06163     0.07645
2011  1  9  0    -0.15150     0.09442     0.17851
2011  1 10  0    -0.25044     0.23480     0.34330
2011  1 11  0    -0.32069     0.38584     0.50171
2011  1 12  0    -0.30470     0.52542     0.60738
2011  1 13  0    -0.26280     0.60743     0.66185
2011  1 14  0    -0.29117     0.44719     0.53363
2011  1 15  0    -0.44964     0.20094     0.49250
2011  1 16  0    -0.60604    -0.04742     0.60789
2011  1 17  0    -0.68623    -0.32716     0.76023
2011  1 18  0    -0.66768    -0.59839     0.89658
2011  1 19  0    -0.67645    -0.85329     1.08889
2011  1 20  0    -0.65912    -1.07941     1.26474
2011  1 21  0    -0.68137    -1.33736     1.50093
2011  1 22  0    -0.69186    -1.52460     1.67423
2011  1 23  0    -0.61359    -1.53664     1.65462
2011  1 24  0    -0.43575    -1.41643     1.48194
2011  1 25  0    -0.24629    -1.27204     1.29566
2011  1 26  0    -0.10652    -1.13503     1.14002
2011  1 27  0    -0.04752    -1.00880     1.00992
2011  1 28  0     0.04970    -0.80432     0.80586
2011  1 29  0     0.09180    -0.61842     0.62520
2011  1 30  0     0.09883    -0.39167     0.40395
2011  1 31  0     0.12559    -0.16658     0.20861
2011  2  1  0     0.18348     0.01193     0.18386
2011  2  2  0     0.18919     0.10579     0.21676
2011  2  3  0     0.13459     0.18272     0.22694
2011  2  4  0     0.09892     0.23072     0.25103
2011  2  5  0     0.08634     0.22328     0.23939
2011  2  6  0     0.18421     0.04110     0.18874
2011  2  7  0     0.29404    -0.06578     0.30131
2011  2  8  0     0.31782    -0.17195     0.36135
2011  2  9  0     0.33246    -0.33881     0.47468
2011  2 10  0     0.31858    -0.44205     0.54489
2011  2 11  0     0.30527    -0.53752     0.61816
2011  2 12  0     0.21634    -0.62731     0.66357
2011  2 13  0     0.10345    -0.63876     0.64708
2011  2 14  0     0.01771    -0.58076     0.58103
2011  2 15  0    -0.13840    -0.42499     0.44696
2011  2 16  0    -0.24050    -0.29120     0.37767
2011  2 17  0    -0.21859    -0.21926     0.30961
2011  2 18  0    -0.21473    -0.06880     0.22548
2011  2 19  0    -0.22416     0.12525     0.25678
2011  2 20  0    -0.19162     0.31698     0.37040
2011  2 21  0    -0.07889     0.42102     0.42835
2011  2 22  0    -0.03924     0.54282     0.54424
2011  2 23  0    -0.05436     0.65087     0.65313
2011  2 24  0    -0.08085     0.72916     0.73363
2011  2 25  0    -0.15667     0.74848     0.76470
2011  2 26  0    -0.34255     0.73120     0.80747
2011  2 27  0    -0.42155     0.67943     0.79958
2011  2 28  0    -0.43549     0.57176     0.71872
2011  3  1  0    -0.39822     0.51123     0.64803
2011  3  2  0    -0.39625     0.47325     0.61723
2011  3  3  0    -0.34443     0.42167     0.54446
2011  3  4  0    -0.27823     0.36863     0.46184
2011  3  5  0    -0.23841     0.33558     0.41165
2011  3  6  0    -0.15375     0.31604     0.35146
2011  3  7  0    -0.00963     0.31718     0.31732
2011  3  8  0     0.03911     0.30664     0.30912
2011  3  9  0     0.09578     0.26174     0.27871
2011  3 10  0     0.12625     0.20221     0.23839
2011  3 11  0     0.11364     0.16112     0.19717
2011  3 12  0     0.07946     0.09339     0.12262
2011  3 13  0     0.04225     0.01537     0.04496
2011  3 14  0     0.02802    -0.02386     0.03680
2011  3 15  0     0.00385    -0.09188     0.09196
2011  3 16  0     0.04132    -0.17239     0.17727
2011  3 17  0     0.07884    -0.13462     0.15601
2011  3 18  0     0.08120    -0.02705     0.08559
2011  3 19  0     0.05063     0.09818     0.11047
2011  3 20  0     0.09494     0.25818     0.27508
2011  3 21  0     0.16285     0.43383     0.46339
2011  3 22  0     0.13624     0.63829     0.65267
2011  3 23  0     0.12906     0.82829     0.83828
2011  3 24  0     0.14276     1.05267     1.06230
2011  3 25  0     0.11488     1.22722     1.23259
2011  3 26  0     0.07173     1.26837     1.27040
2011  3 27  0    -0.04039     1.26072     1.26137
2011  3 28  0    -0.19545     1.19838     1.21421
2011  3 29  0    -0.43745     1.08223     1.16730
2011  3 30  0    -0.68322     0.91613     1.14284
2011  3 31  0    -0.85040     0.68750     1.09354
2011  4  1  0    -1.05958     0.48706     1.16617
2011  4  2  0    -1.25875     0.28333     1.29025
2011  4  3  0    -1.34090     0.11395     1.34573
2011  4  4  0    -1.33322    -0.01595     1.33331
2011  4  5  0    -1.25091    -0.15845     1.26091
2011  4  6  0    -1.14945    -0.28583     1.18446
2011  4  7  0    -1.04074    -0.37143     1.10504
2011  4  8  0    -0.95216    -0.42967     1.04461
2011  4  9  0    -0.87155    -0.41641     0.96592
2011  4 10  0    -0.72931    -0.40559     0.83450
2011  4 11  0    -0.55042    -0.41923     0.69189
2011  4 12  0    -0.48114    -0.50806     0.69973
2011  4 13  0    -0.44894    -0.61025     0.75760
2011  4 14  0    -0.33650    -0.74935     0.82143
2011  4 15  0    -0.23860    -0.89165     0.92302
2011  4 16  0    -0.13563    -0.94017     0.94990
2011  4 17  0    -0.10123    -0.95714     0.96248
2011  4 18  0    -0.04479    -1.04968     1.05064
2011  4 19  0     0.04924    -1.15649     1.15754
2011  4 20  0     0.08585    -1.21052     1.21356
2011  4 21  0     0.20823    -1.21746     1.23514
2011  4 22  0     0.30571    -1.17589     1.21499
2011  4 23  0     0.34877    -1.06529     1.12093
2011  4 24  0     0.43908    -0.90513     1.00601
2011  4 25  0     0.53011    -0.77698     0.94059
2011  4 26  0     0.69379    -0.58582     0.90804
2011  4 27  0     0.79855    -0.31966     0.86015
2011  4 28  0     0.85095    -0.04897     0.85236
2011  4 29  0     0.88975     0.14489     0.90147
2011  4 30  0     0.80199     0.30958     0.85967
2011  5  1  0     0.68670     0.47995     0.83780
2011  5  2  0     0.45294     0.64544     0.78851
2011  5  3  0     0.14149     0.71652     0.73036
2011  5  4  0    -0.15025     0.72890     0.74423
2011  5  5  0    -0.45196     0.63715     0.78117
2011  5  6  0    -0.69654     0.48253     0.84735
2011  5  7  0    -0.98866     0.21507     1.01178
2011  5  8  0    -1.16300    -0.01017     1.16305
2011  5  9  0    -1.23171    -0.24349     1.25554
2011  5 10  0    -1.21446    -0.45128     1.29560
2011  5 11  0    -1.17681    -0.69344     1.36592
2011  5 12  0    -1.13063    -0.92452     1.46050
2011  5 13  0    -1.00918    -1.15154     1.53117
2011  5 14  0    -0.79932    -1.35289     1.57138
2011  5 15  0    -0.62546    -1.47209     1.59945
2011  5 16  0    -0.43993    -1.43743     1.50325
2011  5 17  0    -0.31200    -1.41324     1.44727
2011  5 18  0    -0.18470    -1.30905     1.32201
2011  5 19  0    -0.08670    -1.22905     1.23210
2011  5 20  0     0.00007    -1.02335     1.02335
2011  5 21  0     0.16636    -0.71791     0.73694
2011  5 22  0     0.28061    -0.46559     0.54361
2011  5 23  0     0.38270    -0.13551     0.40598
2011  5 24  0     0.48902     0.20472     0.53014
2011  5 25  0     0.57537     0.46203     0.73792
2011  5 26  0     0.60071     0.69946     0.92200
2011  5 27  0     0.60701     0.85458     1.04822
2011  5 28  0     0.63494     0.92757     1.12407
2011  5 29  0     0.68923     0.90283     1.13585
2011  5 30  0     0.65976     0.76083     1.00705
2011  5 31  0     0.60659     0.67705     0.90904
2011  6  1  0     0.49878     0.54866     0.74149
2011  6  2  0     0.38917     0.42831     0.57870
2011  6  3  0     0.30686     0.36850     0.47954
2011  6  4  0     0.20256     0.31921     0.37806
2011  6  5  0     0.06825     0.32757     0.33460
2011  6  6  0    -0.05231     0.36860     0.37230
2011  6  7  0    -0.14360     0.45644     0.47849
2011  6  8  0    -0.21338     0.60902     0.64532
2011  6  9  0    -0.28601     0.77414     0.82528
2011  6 10  0    -0.34229     0.93063     0.99158
2011  6 11  0    -0.35287     0.97718     1.03894
2011  6 12  0    -0.38134     0.93527     1.01003
2011  6 13  0    -0.46145     0.90501     1.01586
2011  6 14  0    -0.52328     0.83126     0.98225
2011  6 15  0    -0.61439     0.66219     0.90331
2011  6 16  0    -0.69363     0.43977     0.82129
2011  6 17  0    -0.73613     0.17329     0.75626
2011  6 18  0    -0.81212    -0.06928     0.81507
2011  6 19  0    -0.89689    -0.33215     0.95642
2011  6 20  0    -0.92546    -0.58029     1.09234
2011  6 21  0    -0.83939    -0.67368     1.07630
2011  6 22  0    -0.58831    -0.80770     0.99924
2011  6 23  0    -0.26439    -0.98893     1.02366
2011  6 24  0     0.08929    -1.08634     1.09000
2011  6 25  0     0.31643    -1.15554     1.19808
2011  6 26  0     0.48657    -1.08076     1.18524
2011  6 27  0     0.68318    -0.95540     1.17453
2011  6 28  0     0.83512    -0.77991     1.14266
2011  6 29  0     0.88823    -0.55810     1.04901
2011  6 30  0     0.81483    -0.40892     0.91168
2011  7  1  0     0.69962    -0.28261     0.75454
2011  7  2  0     0.46080    -0.18267     0.49568
2011  7  3  0     0.24916    -0.17913     0.30687
2011  7  4  0     0.11168    -0.16042     0.19546
2011  7  5  0     0.00456    -0.26354     0.26358
2011  7  6  0    -0.01486    -0.43716     0.43741
2011  7  7  0     0.10306    -0.61183     0.62045
2011  7  8  0     0.19819    -0.80999     0.83388
2011  7  9  0     0.31963    -0.99143     1.04168
2011  7 10  0     0.41853    -1.14543     1.21950
2011  7 11  0     0.52568    -1.16747     1.28036
2011  7 12  0     0.61396    -1.07529     1.23823
2011  7 13  0     0.71706    -0.99057     1.22287
2011  7 14  0     0.77493    -0.83346     1.13805
2011  7 15  0     0.73768    -0.63408     0.97274
2011  7 16  0     0.59228    -0.36109     0.69367
2011  7 17  0     0.50625     0.01037     0.50635
2011  7 18  0     0.41666     0.32319     0.52731
2011  7 19  0     0.28607     0.63399     0.69555
2011  7 20  0     0.16849     0.84924     0.86579
2011  7 21  0     0.01150     0.91055     0.91062
2011  7 22  0    -0.17501     0.96635     0.98207
2011  7 23  0    -0.30339     0.98001     1.02590
2011  7 24  0    -0.42888     0.98609     1.07532
2011  7 25  0    -0.53462     0.91070     1.05603
2011  7 26  0    -0.60133     0.68471     0.91127
2011  7 27  0    -0.64357     0.46041     0.79130
2011  7 28  0    -0.64528     0.24296     0.68950
2011  7 29  0    -0.60923     0.07396     0.61370
2011  7 30  0    -0.55311    -0.01119     0.55322
2011  7 31  0    -0.43839    -0.11082     0.45218
2011  8  1  0    -0.41358    -0.27328     0.49571
2011  8  2  0    -0.36734    -0.39645     0.54047
2011  8  3  0    -0.25943    -0.48292     0.54820
2011  8  4  0    -0.19367    -0.50792     0.54359
2011  8  5  0    -0.12474    -0.44124     0.45854
2011  8  6  0    -0.01426    -0.40292     0.40317
2011  8  7  0     0.05071    -0.37846     0.38184
2011  8  8  0     0.16011    -0.33023     0.36700
2011  8  9  0     0.26349    -0.24886     0.36243
2011  8 10  0     0.41875    -0.05691     0.42260
2011  8 11  0     0.56089     0.05227     0.56332
2011  8 12  0     0.59237     0.15310     0.61183
2011  8 13  0     0.62934     0.21177     0.66402
2011  8 14  0     0.61974     0.22101     0.65796
2011  8 15  0     0.59631     0.25026     0.64670
2011  8 16  0     0.57242     0.22963     0.61676
2011  8 17  0     0.47352     0.16779     0.50237
2011  8 18  0     0.38602     0.09231     0.39691
2011  8 19  0     0.30930    -0.05066     0.31342
2011  8 20  0     0.25007    -0.13465     0.28402
2011  8 21  0     0.20287    -0.20579     0.28897
2011  8 22  0     0.10828    -0.21790     0.24332
2011  8 23  0     0.10412    -0.17079     0.20003
2011  8 24  0     0.17970    -0.09025     0.20109
2011  8 25  0     0.25515    -0.02590     0.25646
2011  8 26  0     0.29281     0.05002     0.29705
2011  8 27  0     0.23634     0.13914     0.27425
2011  8 28  0     0.20775     0.24807     0.32357
2011  8 29  0     0.24857     0.32251     0.40719
2011  8 30  0     0.27850     0.35441     0.45075
2011  8 31  0     0.28213     0.34497     0.44564
2011  9  1  0     0.24436     0.25272     0.35154
2011  9  2  0     0.18416     0.16722     0.24875
2011  9  3  0     0.13195     0.16757     0.21328
2011  9  4  0     0.04232     0.20777     0.21203
2011  9  5  0     0.02172     0.24449     0.24546
2011  9  6  0     0.02202     0.29886     0.29967
2011  9  7  0    -0.01690     0.35609     0.35649
2011  9  8  0     0.04373     0.41248     0.41479
2011  9  9  0     0.14866     0.48579     0.50803
2011  9 10  0     0.25168     0.51971     0.57744
2011  9 11  0     0.20460     0.51215     0.55150
2011  9 12  0     0.13476     0.48903     0.50726
2011  9 13  0     0.07313     0.42538     0.43162
2011  9 14  0    -0.00113     0.39570     0.39570
2011  9 15  0    -0.14734     0.43013     0.45467
2011  9 16  0    -0.27767     0.45868     0.53618
2011  9 17  0    -0.44768     0.43734     0.62585
2011  9 18  0    -0.66351     0.38506     0.76715
2011  9 19  0    -0.92501     0.30006     0.97246
2011  9 20  0    -1.07073     0.15592     1.08202
2011  9 21  0    -1.14211     0.01492     1.14221
2011  9 22  0    -1.17149     0.01676     1.17161
2011  9 23  0    -1.19440    -0.00855     1.19443
2011  9 24  0    -1.08527    -0.11498     1.09135
2011  9 25  0    -0.99570    -0.23854     1.02388
2011  9 26  0    -0.96367    -0.34725     1.02432
2011  9 27  0    -0.94397    -0.41944     1.03296
2011  9 28  0    -0.84189    -0.37156     0.92024
2011  9 29  0    -0.68553    -0.24347     0.72748
2011  9 30  0    -0.58730    -0.15219     0.60670
2011 10  1  0    -0.51919    -0.24906     0.57584
2011 10  2  0    -0.46206    -0.34895     0.57902
2011 10  3  0    -0.53508    -0.39647     0.66596
2011 10  4  0    -0.68784    -0.43361     0.81311
2011 10  5  0    -0.74023    -0.42532     0.85373
2011 10  6  0    -0.62437    -0.41210     0.74811
2011 10  7  0    -0.50904    -0.42447     0.66280
2011 10  8  0    -0.49049    -0.49539     0.69713
2011 10  9  0    -0.42987    -0.60394     0.74131
2011 10 10  0    -0.22315    -0.67745     0.71326
2011 10 11  0     0.06366    -0.73890     0.74163
2011 10 12  0     0.47745    -0.74576     0.88550
2011 10 13  0     0.93704    -0.65704     1.14444
2011 10 14  0     1.32997    -0.58203     1.45175
2011 10 15  0     1.60358    -0.52856     1.68844
2011 10 16  0     1.79108    -0.54422     1.87193
2011 10 17  0     2.01934    -0.51978     2.08516
2011 10 18  0     2.21100    -0.52001     2.27133
2011 10 19  0     2.24571    -0.45017     2.29039
2011 10 20  0     2.27890    -0.37000     2.30874
2011 10 21  0     2.25369    -0.21593     2.26401
2011 10 22  0     2.22491    -0.11564     2.22792
2011 10 23  0     2.18160    -0.01347     2.18164
2011 10 24  0     2.17136     0.06035     2.17220
2011 10 25  0     2.20167     0.12227     2.20506
2011 10 26  0     2.15990     0.11783     2.16311
2011 10 27  0     2.12433     0.23413     2.13719
2011 10 28  0     2.05700     0.33439     2.08401
2011 10 29  0     1.85971     0.44308     1.91177
2011 10 30  0     1.63239     0.56865     1.72860
2011 10 31  0     1.25590     0.66253     1.41994
2011 11  1  0     0.80175     0.74116     1.09184
2011 11  2  0     0.36611     0.78588     0.86697
2011 11  3  0    -0.03754     0.74721     0.74816
2011 11  4  0    -0.35271     0.72481     0.80608
2011 11  5  0    -0.62464     0.57393     0.84828
2011 11  6  0    -0.81575     0.39336     0.90563
2011 11  7  0    -0.94488     0.16036     0.95839
2011 11  8  0    -1.08188    -0.07638     1.08458
2011 11  9  0    -1.13074    -0.27614     1.16397
2011 11 10  0    -1.09493    -0.49192     1.20036
2011 11 11  0    -1.03647    -0.63911     1.21768
2011 11 12  0    -1.00507    -0.66170     1.20334
2011 11 13  0    -1.00740    -0.60688     1.17608
2011 11 14  0    -0.96583    -0.52896     1.10120
2011 11 15  0    -0.89389    -0.49181     1.02026
2011 11 16  0    -0.76079    -0.41321     0.86577
2011 11 17  0    -0.65992    -0.32291     0.73469
2011 11 18  0    -0.47127    -0.28285     0.54964
2011 11 19  0    -0.14664    -0.23899     0.28039
2011 11 20  0     0.12541    -0.14685     0.19311
2011 11 21  0     0.34551     0.00581     0.34555
2011 11 22  0     0.55271     0.17257     0.57902
2011 11 23  0     0.73468     0.35666     0.81668
2011 11 24  0     0.91708     0.56893     1.07922
2011 11 25  0     1.00050     0.68209     1.21089
2011 11 26  0     1.10990     0.82691     1.38407
2011 11 27  0     1.11637     0.92590     1.45037
2011 11 28  0     0.99078     0.95367     1.37518
2011 11 29  0     0.83017     0.97026     1.27695
2011 11 30  0     0.57343     0.99885     1.15175
2011 12  1  0     0.24207     1.05649     1.08387
2011 12  2  0    -0.12928     1.09959     1.10717
2011 12  3  0    -0.51132     1.15036     1.25888
2011 12  4  0    -0.73681     1.19681     1.40544
2011 12  5  0    -0.95651     1.15714     1.50129
2011 12  6  0    -1.10114     1.17286     1.60876
2011 12  7  0    -1.14556     1.15980     1.63017
2011 12  8  0    -1.19228     1.15541     1.66027
2011 12  9  0    -1.12296     1.03937     1.53014
2011 12 10  0    -1.02587     0.92673     1.38248
2011 12 11  0    -0.86786     0.90021     1.25043
2011 12 12  0    -0.70650     0.89989     1.14409
2011 12 13  0    -0.60647     0.96861     1.14281
2011 12 14  0    -0.49101     1.08205     1.18825
2011 12 15  0    -0.37671     1.09468     1.15768
2011 12 16  0    -0.24469     1.15940     1.18494
2011 12 17  0    -0.08166     1.28825     1.29083
2011 12 18  0     0.06296     1.51047     1.51179
2011 12 19  0     0.21472     1.67951     1.69318
2011 12 20  0     0.22631     1.76280     1.77727
2011 12 21  0     0.19534     1.81439     1.82487
2011 12 22  0     0.21175     1.79024     1.80272
2011 12 23  0     0.20113     1.70748     1.71928
2011 12 24  0     0.18176     1.58956     1.59992
2011 12 25  0     0.02565     1.34959     1.34984
2011 12 26  0    -0.14139     1.02655     1.03624
2011 12 27  0    -0.37628     0.68201     0.77892
2011 12 28  0    -0.63752     0.35743     0.73088
2011 12 29  0    -0.77429    -0.01134     0.77437
2011 12 30  0    -0.86591    -0.35409     0.93551
2011 12 31  0    -0.99872    -0.57154     1.15069
2012  1  1  0    -1.10106    -0.76466     1.34054
2012  1  2  0    -1.14934    -0.90549     1.46318
2012  1  3  0    -1.12027    -0.94773     1.46737
2012  1  4  0    -1.00008    -0.95983     1.38616
2012  1  5  0    -0.75449    -1.02332     1.27140
2012  1  6  0    -0.48587    -1.09608     1.19894
2012  1  7  0    -0.22610    -1.06116     1.08498
2012  1  8  0     0.02481    -0.97448     0.97480
2012  1  9  0     0.31548    -0.91219     0.96521
2012  1 10  0     0.65515    -0.91562     1.12587
2012  1 11  0     0.86476    -0.91077     1.25591
2012  1 12  0     1.03572    -0.92453     1.38834
2012  1 13  0     1.12026    -0.90573     1.44060
2012  1 14  0     1.11323    -0.87459     1.41570
2012  1 15  0     1.03020    -0.83086     1.32350
2012  1 16  0     0.91978    -0.72025     1.16823
2012  1 17  0     0.88662    -0.54755     1.04207
2012  1 18  0     0.85423    -0.30853     0.90824
2012  1 19  0     0.78047     0.03854     0.78143
2012  1 20  0     0.75239     0.37072     0.83876
2012  1 21  0     0.76817     0.65256     1.00793
2012  1 22  0     0.80645     0.90110     1.20927
2012  1 23  0     0.77190     1.14001     1.37675
2012  1 24  0     0.72581     1.35953     1.54114
2012  1 25  0     0.63401     1.44750     1.58027
2012  1 26  0     0.46298     1.48516     1.55565
2012  1 27  0     0.17445     1.44225     1.45276
2012  1 28  0    -0.15927     1.33049     1.33999
2012  1 29  0    -0.48208     1.16370     1.25960
2012  1 30  0    -0.76578     1.06720     1.31352
2012  1 31  0    -1.08399     0.94193     1.43606
2012  2  1  0    -1.36252     0.72568     1.54372
2012  2  2  0    -1.58850     0.40438     1.63916
2012  2  3  0    -1.68180     0.04304     1.68235
2012  2  4  0    -1.70097    -0.38721     1.74449
2012  2  5  0    -1.59165    -0.78331     1.77396
2012  2  6  0    -1.42158    -1.11966     1.80957
2012  2  7  0    -1.24079    -1.33042     1.81922
2012  2  8  0    -1.04019    -1.52564     1.84650
2012  2  9  0    -0.74699    -1.63166     1.79453
2012  2 10  0    -0.45442    -1.60456     1.66766
2012  2 11  0    -0.10715    -1.50462     1.50843
2012  2 12  0     0.21661    -1.34720     1.36450
2012  2 13  0     0.43869    -1.17315     1.25249
2012  2 14  0     0.55460    -1.01438     1.15609
2012  2 15  0     0.69688    -0.86127     1.10789
2012  2 16  0     0.95444    -0.76243     1.22158
2012  2 17  0     1.16537    -0.72765     1.37389
2012  2 18  0     1.26001    -0.73565     1.45905
2012  2 19  0     1.32972    -0.81496     1.55959
2012  2 20  0     1.38859    -0.84051     1.62316
2012  2 21  0     1.40007    -0.83683     1.63110
2012  2 22  0     1.41902    -0.80893     1.63340
2012  2 23  0     1.53755    -0.71235     1.69455
2012  2 24  0     1.63093    -0.49983     1.70580
2012  2 25  0     1.54463    -0.28050     1.56989
2012  2 26  0     1.34964    -0.06147     1.35104
2012  2 27  0     1.15928     0.17136     1.17188
2012  2 28  0     1.02516     0.49253     1.13734
2012  2 29  0     0.92894     0.79921     1.22542
2012  3  1  0     0.95469     1.05018     1.41926
2012  3  2  0     1.09550     1.22940     1.64668
2012  3  3  0     1.29099     1.34820     1.86663
2012  3  4  0     1.48336     1.37280     2.02112
2012  3  5  0     1.68642     1.35116     2.16093
2012  3  6  0     1.87160     1.32522     2.29327
2012  3  7  0     2.01311     1.31093     2.40232
2012  3  8  0     2.04627     1.31249     2.43102
2012  3  9  0     1.95624     1.30578     2.35200
2012  3 10  0     1.73920     1.42976     2.25145
2012  3 11  0     1.50091     1.62397     2.21134
2012  3 12  0     1.10810     1.89885     2.19853
2012  3 13  0     0.62143     2.15887     2.24653
2012  3 14  0    -0.07563     2.30299     2.30423
2012  3 15  0    -0.90652     2.26285     2.43768
2012  3 16  0    -1.70539     1.88901     2.54494
2012  3 17  0    -2.28131     1.29723     2.62434
2012  3 18  0    -2.64313     0.71577     2.73834
2012  3 19  0    -2.88805     0.14837     2.89186
2012  3 20  0    -3.12876    -0.29199     3.14236
2012  3 21  0    -3.26978    -0.69056     3.34190
2012  3 22  0    -3.32553    -0.99366     3.47081
2012  3 23  0    -3.37970    -1.15468     3.57151
2012  3 24  0    -3.39087    -1.27010     3.62093
2012  3 25  0    -3.35388    -1.26802     3.58558
2012  3 26  0    -3.25598    -1.19641     3.46883
2012  3 27  0    -3.15937    -1.10832     3.34813
2012  3 28  0    -3.03226    -1.01082     3.19630
2012  3 29  0    -2.88418    -0.99212     3.05005
2012  3 30  0    -2.71504    -0.94740     2.87559
2012  3 31  0    -2.62348    -0.94653     2.78901
2012  4  1  0    -2.47236    -1.02897     2.67793
2012  4  2  0    -2.26629    -1.21676     2.57227
2012  4  3  0    -2.05774    -1.46076     2.52351
2012  4  4  0    -1.82855    -1.72983     2.51712
2012  4  5  0    -1.50847    -1.95587     2.47000
2012  4  6  0    -1.14900    -2.07876     2.37517
2012  4  7  0    -0.80594    -2.11577     2.26407
2012  4  8  0    -0.40545    -2.18271     2.22005
2012  4  9  0    -0.00438    -2.19927     2.19928
2012  4 10  0     0.37687    -2.12443     2.15760
2012  4 11  0     0.64544    -2.03163     2.13169
2012  4 12  0     0.89270    -1.85158     2.05555
2012  4 13  0     1.09390    -1.61430     1.95002
2012  4 14  0     1.21747    -1.38963     1.84752
2012  4 15  0     1.28140    -1.22879     1.77536
2012  4 16  0     1.30035    -1.06711     1.68215
2012  4 17  0     1.22454    -0.83689     1.48320
2012  4 18  0     1.17658    -0.57907     1.31136
2012  4 19  0     1.10828    -0.34892     1.16190
2012  4 20  0     1.13601    -0.10528     1.14087
2012  4 21  0     1.09665     0.11977     1.10317
2012  4 22  0     0.96109     0.29361     1.00494
2012  4 23  0     0.81982     0.39523     0.91012
2012  4 24  0     0.76365     0.41757     0.87036
2012  4 25  0     0.72954     0.42167     0.84263
2012  4 26  0     0.70716     0.38535     0.80534
2012  4 27  0     0.63305     0.35290     0.72477
2012  4 28  0     0.57326     0.32129     0.65716
2012  4 29  0     0.41871     0.32074     0.52744
2012  4 30  0     0.29717     0.30037     0.42253
2012  5  1  0     0.26168     0.29051     0.39098
2012  5  2  0     0.23875     0.40013     0.46594
2012  5  3  0     0.15217     0.51923     0.54107
2012  5  4  0     0.05552     0.53394     0.53682
2012  5  5  0    -0.03254     0.55011     0.55107
2012  5  6  0    -0.10538     0.57927     0.58877
2012  5  7  0    -0.18295     0.56526     0.59413
2012  5  8  0    -0.27068     0.53237     0.59723
2012  5  9  0    -0.33730     0.44069     0.55496
2012  5 10  0    -0.45240     0.37023     0.58458
2012  5 11  0    -0.58451     0.25739     0.63867
2012  5 12  0    -0.66229     0.14191     0.67732
2012  5 13  0    -0.70254     0.05968     0.70507
2012  5 14  0    -0.69152    -0.04890     0.69325
2012  5 15  0    -0.64229    -0.19774     0.67204
2012  5 16  0    -0.53989    -0.29488     0.61517
2012  5 17  0    -0.44467    -0.33443     0.55639
2012  5 18  0    -0.37588    -0.23591     0.44378
2012  5 19  0    -0.25950    -0.15473     0.30213
2012  5 20  0    -0.09330    -0.09158     0.13074
2012  5 21  0     0.07832    -0.02303     0.08164
2012  5 22  0     0.29043     0.07150     0.29910
2012  5 23  0     0.47242     0.17847     0.50501
2012  5 24  0     0.63326     0.26739     0.68740
2012  5 25  0     0.71387     0.36926     0.80372
2012  5 26  0     0.90298     0.44463     1.00652
2012  5 27  0     1.06747     0.35330     1.12442
2012  5 28  0     1.20912     0.25703     1.23614
2012  5 29  0     1.29778     0.13002     1.30427
2012  5 30  0     1.33059     0.08829     1.33352
2012  5 31  0     1.34373     0.16050     1.35328
2012  6  1  0     1.28132     0.33994     1.32565
2012  6  2  0     1.16921     0.55796     1.29552
2012  6  3  0     0.96592     0.70105     1.19351
2012  6  4  0     0.74886     0.78122     1.08217
2012  6  5  0     0.55182     0.86697     1.02769
2012  6  6  0     0.32358     0.89123     0.94815
2012  6  7  0     0.10030     0.92046     0.92591
2012  6  8  0    -0.14233     0.84296     0.85490
2012  6  9  0    -0.50631     0.62062     0.80095
2012  6 10  0    -0.80913     0.31163     0.86707
2012  6 11  0    -1.09450     0.04184     1.09530
2012  6 12  0    -1.22410    -0.13745     1.23179
2012  6 13  0    -1.24495    -0.29340     1.27905
2012  6 14  0    -1.18965    -0.44860     1.27142
2012  6 15  0    -1.05572    -0.58371     1.20634
2012  6 16  0    -0.94521    -0.66297     1.15453
2012  6 17  0    -0.76333    -0.70431     1.03862
2012  6 18  0    -0.51582    -0.79784     0.95006
2012  6 19  0    -0.33344    -0.90956     0.96875
2012  6 20  0    -0.14922    -1.00726     1.01825
2012  6 21  0     0.00557    -1.05142     1.05144
2012  6 22  0     0.07921    -1.01986     1.02294
2012  6 23  0     0.11428    -0.91177     0.91890
2012  6 24  0     0.04941    -0.73923     0.74088
2012  6 25  0     0.01887    -0.62898     0.62926
2012  6 26  0    -0.02084    -0.54101     0.54141
2012  6 27  0     0.01114    -0.36210     0.36227
2012  6 28  0     0.14633    -0.16555     0.22095
2012  6 29  0     0.26617    -0.04903     0.27065
2012  6 30  0     0.33768    -0.04116     0.34018
2012  7  1  0     0.37514    -0.04815     0.37822
2012  7  2  0     0.42433    -0.02012     0.42480
2012  7  3  0     0.53984    -0.00575     0.53987
2012  7  4  0     0.59698     0.00453     0.59700
2012  7  5  0     0.64892     0.03732     0.64999
2012  7  6  0     0.73991     0.01298     0.74003
2012  7  7  0     0.78188    -0.01458     0.78202
2012  7  8  0     0.79613    -0.03649     0.79697
2012  7  9  0     0.78045     0.03476     0.78122
2012  7 10  0     0.77299     0.10936     0.78069
2012  7 11  0     0.70883     0.07485     0.71277
2012  7 12  0     0.61060     0.05338     0.61292
2012  7 13  0     0.48415     0.11802     0.49833
2012  7 14  0     0.40089     0.25868     0.47711
2012  7 15  0     0.29313     0.39921     0.49527
2012  7 16  0     0.14553     0.50201     0.52268
2012  7 17  0     0.04578     0.59097     0.59274
2012  7 18  0    -0.04626     0.55959     0.56150
2012  7 19  0    -0.14673     0.58647     0.60455
2012  7 20  0    -0.29645     0.72698     0.78510
2012  7 21  0    -0.46397     0.86487     0.98146
2012  7 22  0    -0.57174     0.86649     1.03812
2012  7 23  0    -0.79386     0.69542     1.05538
2012  7 24  0    -1.03796     0.58269     1.19033
2012  7 25  0    -1.23206     0.48684     1.32476
2012  7 26  0    -1.36665     0.41995     1.42971
2012  7 27  0    -1.39052     0.35516     1.43516
2012  7 28  0    -1.44307     0.18308     1.45463
2012  7 29  0    -1.42730     0.01291     1.42736
2012  7 30  0    -1.34975    -0.17417     1.36094
2012  7 31  0    -1.21790    -0.30050     1.25442
2012  8  1  0    -1.02545    -0.37424     1.09160
2012  8  2  0    -0.87978    -0.45606     0.99096
2012  8  3  0    -0.72206    -0.48839     0.87172
2012  8  4  0    -0.55321    -0.54682     0.77785
2012  8  5  0    -0.37775    -0.59567     0.70535
2012  8  6  0    -0.21125    -0.59970     0.63582
2012  8  7  0    -0.05384    -0.62614     0.62845
2012  8  8  0     0.08226    -0.68778     0.69268
2012  8  9  0     0.12104    -0.84678     0.85539
2012  8 10  0     0.10133    -0.94170     0.94713
2012  8 11  0     0.23970    -0.96868     0.99789
2012  8 12  0     0.36241    -0.96695     1.03264
2012  8 13  0     0.47693    -0.93683     1.05125
2012  8 14  0     0.57890    -0.89730     1.06784
2012  8 15  0     0.63952    -0.92783     1.12688
2012  8 16  0     0.79289    -0.89933     1.19894
2012  8 17  0     0.90646    -0.73967     1.16994
2012  8 18  0     0.99249    -0.50123     1.11187
2012  8 19  0     1.13234    -0.31064     1.17417
2012  8 20  0     1.14501    -0.10605     1.14991
2012  8 21  0     1.15891     0.05764     1.16034
2012  8 22  0     1.04097     0.18948     1.05807
2012  8 23  0     0.86838     0.35378     0.93768
2012  8 24  0     0.79910     0.60219     1.00060
2012  8 25  0     0.70967     0.77257     1.04905
2012  8 26  0     0.63302     0.81577     1.03257
2012  8 27  0     0.52959     0.84936     1.00093
2012  8 28  0     0.39437     0.89699     0.97985
2012  8 29  0     0.32075     0.82825     0.88819
2012  8 30  0     0.22926     0.85989     0.88992
2012  8 31  0     0.18565     0.92591     0.94434
2012  9  1  0     0.10489     0.95641     0.96215
2012  9  2  0    -0.01253     0.97720     0.97728
2012  9  3  0    -0.14800     0.96313     0.97443
2012  9  4  0    -0.23282     0.96286     0.99060
2012  9  5  0    -0.21046     0.96493     0.98762
2012  9  6  0    -0.22278     0.97228     0.99748
2012  9  7  0    -0.30367     0.93682     0.98481
2012  9  8  0    -0.44523     0.76551     0.88557
2012  9  9  0    -0.59028     0.57923     0.82701
2012  9 10  0    -0.70958     0.46550     0.84865
2012  9 11  0    -0.80635     0.34825     0.87834
2012  9 12  0    -0.84175     0.22897     0.87234
2012  9 13  0    -0.80507     0.12114     0.81413
2012  9 14  0    -0.77876     0.03849     0.77971
2012  9 15  0    -0.75533    -0.06737     0.75833
2012  9 16  0    -0.71339    -0.12551     0.72435
2012  9 17  0    -0.60665    -0.16495     0.62868
2012  9 18  0    -0.47688    -0.21227     0.52199
2012  9 19  0    -0.37079    -0.29762     0.47546
2012  9 20  0    -0.33905    -0.38965     0.51651
2012  9 21  0    -0.43853    -0.43545     0.61800
2012  9 22  0    -0.57566    -0.38615     0.69318
2012  9 23  0    -0.72031    -0.35789     0.80432
2012  9 24  0    -0.80393    -0.36181     0.88159
2012  9 25  0    -0.90145    -0.32847     0.95943
2012  9 26  0    -1.04930    -0.28320     1.08684
2012  9 27  0    -1.18945    -0.25500     1.21648
2012  9 28  0    -1.26549    -0.25457     1.29084
2012  9 29  0    -1.26083    -0.31622     1.29988
2012  9 30  0    -1.17506    -0.37426     1.23322
2012 10  1  0    -1.14625    -0.46377     1.23652
2012 10  2  0    -1.07362    -0.56190     1.21178
2012 10  3  0    -0.97411    -0.60992     1.14930
2012 10  4  0    -0.81080    -0.68628     1.06225
2012 10  5  0    -0.62438    -0.78240     1.00100
2012 10  6  0    -0.34716    -0.89773     0.96251
2012 10  7  0    -0.09042    -1.06338     1.06722
2012 10  8  0     0.21109    -1.08622     1.10655
2012 10  9  0     0.49870    -1.08444     1.19361
2012 10 10  0     0.78675    -1.02646     1.29329
2012 10 11  0     1.01753    -0.86069     1.33273
2012 10 12  0     1.16060    -0.65134     1.33087
2012 10 13  0     1.24963    -0.42635     1.32036
2012 10 14  0     1.32615    -0.20673     1.34217
2012 10 15  0     1.29896     0.03959     1.29957
2012 10 16  0     1.27035     0.32481     1.31122
2012 10 17  0     1.26328     0.52564     1.36827
2012 10 18  0     1.30400     0.68823     1.47448
2012 10 19  0     1.41719     0.74828     1.60260
2012 10 20  0     1.50675     0.66336     1.64632
2012 10 21  0     1.56615     0.62570     1.68652
2012 10 22  0     1.55638     0.52948     1.64398
2012 10 23  0     1.53599     0.47708     1.60838
2012 10 24  0     1.61475     0.41970     1.66840
2012 10 25  0     1.73215     0.38864     1.77521
2012 10 26  0     1.82503     0.37161     1.86248
2012 10 27  0     1.84419     0.39783     1.88661
2012 10 28  0     1.76013     0.49508     1.82844
2012 10 29  0     1.70258     0.70388     1.84235
2012 10 30  0     1.62851     0.92248     1.87163
2012 10 31  0     1.54372     1.08077     1.88445
2012 11  1  0     1.37774     1.11757     1.77402
2012 11  2  0     1.16869     1.12050     1.61906
2012 11  3  0     0.95904     1.11715     1.47234
2012 11  4  0     0.74870     1.08135     1.31525
2012 11  5  0     0.54672     1.00712     1.14594
2012 11  6  0     0.37730     0.93292     1.00633
2012 11  7  0     0.14586     0.79524     0.80851
2012 11  8  0    -0.11063     0.66903     0.67811
2012 11  9  0    -0.34651     0.62186     0.71189
2012 11 10  0    -0.49395     0.58328     0.76433
2012 11 11  0    -0.64122     0.60085     0.87874
2012 11 12  0    -0.82710     0.57310     1.00625
2012 11 13  0    -0.95624     0.51487     1.08604
2012 11 14  0    -0.99122     0.44926     1.08827
2012 11 15  0    -1.04492     0.39567     1.11732
2012 11 16  0    -1.09658     0.32231     1.14297
2012 11 17  0    -1.12280     0.21126     1.14250
2012 11 18  0    -1.11464     0.07914     1.11745
2012 11 19  0    -1.07966    -0.07996     1.08262
2012 11 20  0    -1.00205    -0.30653     1.04788
2012 11 21  0    -0.84635    -0.48371     0.97482
2012 11 22  0    -0.67099    -0.51129     0.84359
2012 11 23  0    -0.57534    -0.45285     0.73219
2012 11 24  0    -0.40098    -0.33372     0.52169
2012 11 25  0    -0.18768    -0.16011     0.24670
2012 11 26  0     0.00188    -0.04029     0.04033
2012 11 27  0     0.23418     0.00978     0.23438
2012 11 28  0     0.41365     0.06114     0.41815
2012 11 29  0     0.56063     0.07918     0.56620
2012 11 30  0     0.59148     0.07106     0.59573
2012 12  1  0     0.50231     0.00547     0.50234
2012 12  2  0     0.39285    -0.10511     0.40667
2012 12  3  0     0.30790    -0.22254     0.37990
2012 12  4  0     0.24151    -0.31192     0.39449
2012 12  5  0     0.18719    -0.35014     0.39704
2012 12  6  0     0.09237    -0.35170     0.36363
2012 12  7  0     0.01717    -0.32978     0.33023
2012 12  8  0    -0.01301    -0.29535     0.29564
2012 12  9  0     0.08439    -0.30699     0.31838
2012 12 10  0     0.13345    -0.26447     0.29623
2012 12 11  0     0.26419    -0.16978     0.31404
2012 12 12  0     0.30956    -0.10437     0.32668
2012 12 13  0     0.32252    -0.03505     0.32442
2012 12 14  0     0.37815    -0.02613     0.37905
2012 12 15  0     0.35577    -0.04532     0.35865
2012 12 16  0     0.38061    -0.07955     0.38883
2012 12 17  0     0.42126    -0.03233     0.42249
2012 12 18  0     0.43385     0.14441     0.45725
2012 12 19  0     0.59009     0.31272     0.66783
2012 12 20  0     0.65816     0.42699     0.78453
2012 12 21  0     0.69216     0.60008     0.91608
2012 12 22  0     0.64777     0.68963     0.94615
2012 12 23  0     0.56643     0.77320     0.95848
2012 12 24  0     0.57512     0.86876     1.04188
2012 12 25  0     0.58228     0.91599     1.08540
2012 12 26  0     0.54389     0.93199     1.07908
2012 12 27  0     0.45290     0.92196     1.02720
2012 12 28  0     0.26768     0.92198     0.96005
2012 12 29  0     0.14754     0.95910     0.97038
2012 12 30  0     0.06642     0.93801     0.94036
2012 12 31  0     0.00079     0.99898     0.99898
2013  1  1  0    -0.16909     1.08048     1.09363
2013  1  2  0    -0.35658     1.23606     1.28646
2013  1  3  0    -0.57381     1.43575     1.54617
2013  1  4  0    -0.75121     1.55554     1.72743
2013  1  5  0    -0.88450     1.62051     1.84618
2013  1  6  0    -1.00890     1.55229     1.85135
2013  1  7  0    -1.09989     1.41315     1.79074
2013  1  8  0    -1.22994     1.30566     1.79373
2013  1  9  0    -1.34210     1.09553     1.73246
2013  1 10  0    -1.40656     0.83459     1.63553
2013  1 11  0    -1.43456     0.44776     1.50281
2013  1 12  0    -1.42589     0.02198     1.42605
2013  1 13  0    -1.45677    -0.38167     1.50594
2013  1 14  0    -1.45802    -0.73333     1.63206
2013  1 15  0    -1.38060    -0.98429     1.69555
2013  1 16  0    -1.33899    -1.17359     1.78051
2013  1 17  0    -1.23766    -1.34470     1.82758
2013  1 18  0    -1.09129    -1.41819     1.78946
2013  1 19  0    -0.86304    -1.40125     1.64570
2013  1 20  0    -0.66880    -1.37048     1.52496
2013  1 21  0    -0.62151    -1.33605     1.47353
2013  1 22  0    -0.57307    -1.31419     1.43370
2013  1 23  0    -0.60074    -1.32779     1.45736
2013  1 24  0    -0.73999    -1.33865     1.52957
2013  1 25  0    -0.90501    -1.33482     1.61269
2013  1 26  0    -1.05746    -1.33055     1.69959
2013  1 27  0    -1.19518    -1.34864     1.80202
2013  1 28  0    -1.34833    -1.41278     1.95294
2013  1 29  0    -1.37816    -1.49237     2.03138
2013  1 30  0    -1.19884    -1.57569     1.97990
2013  1 31  0    -0.93771    -1.65274     1.90023
2013  2  1  0    -0.58476    -1.69657     1.79452
2013  2  2  0    -0.09413    -1.69557     1.69818
2013  2  3  0     0.43538    -1.71703     1.77137
2013  2  4  0     0.93578    -1.72288     1.96062
2013  2  5  0     1.40300    -1.68282     2.19096
2013  2  6  0     1.79326    -1.56077     2.37735
2013  2  7  0     2.02708    -1.36898     2.44605
2013  2  8  0     2.05066    -1.15200     2.35208
2013  2  9  0     1.99413    -0.92241     2.19713
2013  2 10  0     1.85033    -0.70766     1.98103
2013  2 11  0     1.61869    -0.41854     1.67192
2013  2 12  0     1.35700     0.00121     1.35700
2013  2 13  0     1.11579     0.42051     1.19240
2013  2 14  0     0.96915     0.81989     1.26943
2013  2 15  0     0.88000     1.25787     1.53513
2013  2 16  0     0.86402     1.73487     1.93812
2013  2 17  0     0.96566     2.18298     2.38703
2013  2 18  0     1.05896     2.60087     2.80819
2013  2 19  0     1.11870     2.91945     3.12644
2013  2 20  0     1.10074     3.07581     3.26684
2013  2 21  0     0.90300     3.09467     3.22372
2013  2 22  0     0.58661     3.08430     3.13959
2013  2 23  0     0.08459     3.05462     3.05579
2013  2 24  0    -0.53152     2.82266     2.87227
2013  2 25  0    -1.00813     2.44369     2.64347
2013  2 26  0    -1.28228     2.07571     2.43984
2013  2 27  0    -1.39492     1.71552     2.21106
2013  2 28  0    -1.42860     1.33733     1.95687
2013  3  1  0    -1.35357     1.03082     1.70139
2013  3  2  0    -1.32448     0.74415     1.51921
2013  3  3  0    -1.35663     0.49831     1.44525
2013  3  4  0    -1.39231     0.35425     1.43667
2013  3  5  0    -1.35286     0.25404     1.37651
2013  3  6  0    -1.36685     0.15299     1.37539
2013  3  7  0    -1.45146    -0.01145     1.45150
2013  3  8  0    -1.53633    -0.13611     1.54235
2013  3  9  0    -1.64108    -0.22187     1.65601
2013  3 10  0    -1.72827    -0.27057     1.74932
2013  3 11  0    -1.75127    -0.36233     1.78836
2013  3 12  0    -1.69704    -0.51928     1.77471
2013  3 13  0    -1.56867    -0.80249     1.76202
2013  3 14  0    -1.36136    -1.12163     1.76390
2013  3 15  0    -0.98436    -1.49463     1.78966
2013  3 16  0    -0.52708    -1.79076     1.86672
2013  3 17  0    -0.11177    -2.00975     2.01285
2013  3 18  0     0.23087    -2.12150     2.13403
2013  3 19  0     0.38557    -2.17402     2.20795
2013  3 20  0     0.48635    -2.15324     2.20748
2013  3 21  0     0.55184    -2.03705     2.11047
2013  3 22  0     0.59363    -1.92049     2.01015
2013  3 23  0     0.60910    -1.74109     1.84456
2013  3 24  0     0.58159    -1.51073     1.61881
2013  3 25  0     0.61884    -1.27340     1.41580
2013  3 26  0     0.75497    -0.99876     1.25200
2013  3 27  0     0.91262    -0.75850     1.18668
2013  3 28  0     1.20421    -0.53538     1.31786
2013  3 29  0     1.59862    -0.33605     1.63356
2013  3 30  0     1.95305    -0.22231     1.96566
2013  3 31  0     2.23138    -0.07841     2.23276
2013  4  1  0     2.41678     0.01335     2.41681
2013  4  2  0     2.50709     0.20876     2.51576
2013  4  3  0     2.48704     0.46541     2.53021
2013  4  4  0     2.32163     0.71995     2.43070
2013  4  5  0     2.16168     1.01899     2.38982
2013  4  6  0     1.89255     1.26755     2.27781
2013  4  7  0     1.41992     1.44003     2.02235
2013  4  8  0     0.95714     1.52962     1.80440
2013  4  9  0     0.53429     1.51655     1.60792
2013  4 10  0     0.24559     1.49925     1.51923
2013  4 11  0     0.07555     1.39634     1.39838
2013  4 12  0    -0.08002     1.21733     1.21996
2013  4 13  0    -0.21161     0.98600     1.00845
2013  4 14  0    -0.31065     0.69047     0.75713
2013  4 15  0    -0.38875     0.40853     0.56393
2013  4 16  0    -0.46423     0.16859     0.49389
2013  4 17  0    -0.54287     0.01785     0.54316
2013  4 18  0    -0.60011    -0.12221     0.61242
2013  4 19  0    -0.72410    -0.25653     0.76820
2013  4 20  0    -0.84781    -0.32236     0.90703
2013  4 21  0    -0.89550    -0.35113     0.96189
2013  4 22  0    -0.88247    -0.29882     0.93169
2013  4 23  0    -0.84833    -0.17765     0.86673
2013  4 24  0    -0.77134    -0.10613     0.77861
2013  4 25  0    -0.61243    -0.12118     0.62430
2013  4 26  0    -0.45880    -0.25285     0.52386
2013  4 27  0    -0.23627    -0.46292     0.51973
2013  4 28  0     0.01608    -0.63635     0.63655
2013  4 29  0     0.28094    -0.77861     0.82774
2013  4 30  0     0.54513    -0.88184     1.03673
2013  5  1  0     0.82711    -0.96714     1.27259
2013  5  2  0     1.04742    -0.93546     1.40434
2013  5  3  0     1.24768    -0.86395     1.51760
2013  5  4  0     1.43783    -0.69943     1.59893
2013  5  5  0     1.57995    -0.46571     1.64715
2013  5  6  0     1.61748    -0.13090     1.62277
2013  5  7  0     1.56388     0.15974     1.57202
2013  5  8  0     1.45294     0.35672     1.49609
2013  5  9  0     1.28306     0.48278     1.37088
2013  5 10  0     1.02756     0.54080     1.16118
2013  5 11  0     0.77457     0.54347     0.94621
2013  5 12  0     0.42683     0.61234     0.74642
2013  5 13  0     0.05339     0.62939     0.63165
2013  5 14  0    -0.28000     0.61154     0.67260
2013  5 15  0    -0.55097     0.49091     0.73794
2013  5 16  0    -0.75685     0.34424     0.83146
2013  5 17  0    -0.91221     0.21555     0.93733
2013  5 18  0    -0.97017     0.13904     0.98008
2013  5 19  0    -1.01230     0.12406     1.01987
2013  5 20  0    -1.03757     0.12574     1.04516
2013  5 21  0    -0.94150     0.06849     0.94398
2013  5 22  0    -0.80933     0.06869     0.81224
2013  5 23  0    -0.73808     0.10386     0.74535
2013  5 24  0    -0.73693     0.26259     0.78232
2013  5 25  0    -0.76614     0.39377     0.86141
2013  5 26  0    -0.72148     0.48275     0.86809
2013  5 27  0    -0.63114     0.56024     0.84393
2013  5 28  0    -0.54086     0.63928     0.83738
2013  5 29  0    -0.43603     0.66925     0.79876
2013  5 30  0    -0.40651     0.71176     0.81967
2013  5 31  0    -0.40453     0.71650     0.82281
2013  6  1  0    -0.41950     0.65019     0.77377
2013  6  2  0    -0.35729     0.52976     0.63899
2013  6  3  0    -0.21663     0.47181     0.51916
2013  6  4  0    -0.18890     0.42871     0.46848
2013  6  5  0    -0.23662     0.45267     0.51079
2013  6  6  0    -0.32187     0.48872     0.58519
2013  6  7  0    -0.41280     0.59474     0.72396
2013  6  8  0    -0.39684     0.70699     0.81075
2013  6  9  0    -0.41059     0.80120     0.90028
2013  6 10  0    -0.37979     0.94072     1.01450
2013  6 11  0    -0.41467     1.09712     1.17287
2013  6 12  0    -0.55538     1.20566     1.32742
2013  6 13  0    -0.65154     1.27008     1.42744
2013  6 14  0    -0.75229     1.23576     1.44674
2013  6 15  0    -0.83140     1.16062     1.42768
2013  6 16  0    -0.97649     0.99694     1.39550
2013  6 17  0    -1.10541     0.80193     1.36566
2013  6 18  0    -1.17423     0.57925     1.30933
2013  6 19  0    -1.19119     0.36972     1.24725
2013  6 20  0    -1.18190     0.05753     1.18330
2013  6 21  0    -1.03162    -0.27999     1.06894
2013  6 22  0    -0.87383    -0.52776     1.02084
2013  6 23  0    -0.74807    -0.69927     1.02400
2013  6 24  0    -0.54179    -0.82899     0.99033
2013  6 25  0    -0.26107    -0.94421     0.97964
2013  6 26  0     0.00864    -1.01316     1.01320
2013  6 27  0     0.27780    -1.01157     1.04902
2013  6 28  0     0.57336    -0.98814     1.14244
2013  6 29  0     0.88834    -0.87423     1.24637
2013  6 30  0     1.08255    -0.69052     1.28403
2013  7  1  0     1.24883    -0.52311     1.35396
2013  7  2  0     1.39526    -0.39035     1.44883
2013  7  3  0     1.43276    -0.29205     1.46222
2013  7  4  0     1.49245    -0.20947     1.50708
2013  7  5  0     1.52096    -0.12063     1.52574
2013  7  6  0     1.47662    -0.03130     1.47695
2013  7  7  0     1.35735     0.01118     1.35740
2013  7  8  0     1.18567     0.02650     1.18596
2013  7  9  0     0.99787     0.06910     1.00026
2013  7 10  0     0.86660     0.12566     0.87566
2013  7 11  0     0.79039     0.23520     0.82464
2013  7 12  0     0.78421     0.30512     0.84148
2013  7 13  0     0.78210     0.36029     0.86110
2013  7 14  0     0.66985     0.44270     0.80292
2013  7 15  0     0.52553     0.52672     0.74405
2013  7 16  0     0.38652     0.55786     0.67868
2013  7 17  0     0.27986     0.58196     0.64576
2013  7 18  0     0.06616     0.62030     0.62381
2013  7 19  0    -0.24197     0.62427     0.66953
2013  7 20  0    -0.40069     0.56123     0.68959
2013  7 21  0    -0.51713     0.52939     0.74005
2013  7 22  0    -0.68947     0.50370     0.85386
2013  7 23  0    -0.72181     0.46727     0.85986
2013  7 24  0    -0.61527     0.42580     0.74824
2013  7 25  0    -0.53911     0.42719     0.68784
2013  7 26  0    -0.53876     0.42751     0.68776
2013  7 27  0    -0.38682     0.45337     0.59596
2013  7 28  0    -0.17385     0.53754     0.56496
2013  7 29  0    -0.16406     0.62245     0.64371
2013  7 30  0    -0.20386     0.62499     0.65740
2013  7 31  0    -0.17423     0.63244     0.65600
2013  8  1  0    -0.12516     0.53896     0.55330
2013  8  2  0    -0.09739     0.34949     0.36281
2013  8  3  0    -0.13162     0.16951     0.21461
2013  8  4  0    -0.13845     0.10659     0.17473
2013  8  5  0    -0.12818     0.06319     0.14291
2013  8  6  0    -0.12827    -0.03684     0.13345
2013  8  7  0    -0.11615    -0.17578     0.21069
2013  8  8  0    -0.14597    -0.22894     0.27151
2013  8  9  0    -0.18805    -0.27971     0.33705
2013  8 10  0    -0.22047    -0.32015     0.38872
2013  8 11  0    -0.25574    -0.36771     0.44790
2013  8 12  0    -0.28524    -0.42517     0.51199
2013  8 13  0    -0.30412    -0.55295     0.63106
2013  8 14  0    -0.33605    -0.73127     0.80478
2013  8 15  0    -0.35365    -0.89220     0.95974
2013  8 16  0    -0.38881    -1.00267     1.07541
2013  8 17  0    -0.34686    -1.08756     1.14154
2013  8 18  0    -0.24282    -1.15596     1.18119
2013  8 19  0    -0.19096    -1.27521     1.28943
2013  8 20  0    -0.14603    -1.32114     1.32918
2013  8 21  0     0.01288    -1.30728     1.30735
2013  8 22  0     0.23229    -1.27229     1.29332
2013  8 23  0     0.40871    -1.30664     1.36907
2013  8 24  0     0.66330    -1.27559     1.43774
2013  8 25  0     0.94599    -1.23199     1.55329
2013  8 26  0     1.21698    -1.22201     1.72462
2013  8 27  0     1.43134    -1.22443     1.88360
2013  8 28  0     1.63661    -1.07956     1.96060
2013  8 29  0     1.81994    -0.96332     2.05917
2013  8 30  0     1.87820    -0.85128     2.06212
2013  8 31  0     1.84927    -0.68514     1.97211
2013  9  1  0     1.83182    -0.39606     1.87415
2013  9  2  0     1.64694    -0.11459     1.65092
2013  9  3  0     1.47708     0.09059     1.47986
2013  9  4  0     1.27190     0.27078     1.30040
2013  9  5  0     1.01303     0.47219     1.11767
2013  9  6  0     0.75832     0.57869     0.95390
2013  9  7  0     0.53601     0.72894     0.90480
2013  9  8  0     0.39178     0.83199     0.91962
2013  9  9  0     0.24347     0.83495     0.86972
2013  9 10  0     0.00151     0.78387     0.78387
2013  9 11  0    -0.18127     0.74907     0.77069
2013  9 12  0    -0.31124     0.83520     0.89131
2013  9 13  0    -0.36308     0.86952     0.94228
2013  9 14  0    -0.46754     0.78959     0.91763
2013  9 15  0    -0.66246     0.72419     0.98149
2013  9 16  0    -0.80883     0.65733     1.04225
2013  9 17  0    -0.94989     0.60739     1.12748
2013  9 18  0    -1.06069     0.50331     1.17405
2013  9 19  0    -1.01386     0.33924     1.06911
2013  9 20  0    -0.96835     0.08845     0.97238
2013  9 21  0    -1.05404    -0.15213     1.06496
2013  9 22  0    -1.19999    -0.32502     1.24323
2013  9 23  0    -1.27969    -0.42468     1.34832
2013  9 24  0    -1.30716    -0.49332     1.39715
2013  9 25  0    -1.38628    -0.50962     1.47699
2013  9 26  0    -1.45461    -0.57554     1.56433
2013  9 27  0    -1.48142    -0.54531     1.57860
2013  9 28  0    -1.48709    -0.42389     1.54632
2013  9 29  0    -1.52327    -0.25425     1.54434
2013  9 30  0    -1.53253    -0.20627     1.54635
2013 10  1  0    -1.48765    -0.15844     1.49606
2013 10  2  0    -1.41914    -0.13565     1.42561
2013 10  3  0    -1.32669    -0.12486     1.33255
2013 10  4  0    -1.24663    -0.11775     1.25218
2013 10  5  0    -1.17531    -0.05774     1.17673
2013 10  6  0    -1.08704    -0.09142     1.09088
2013 10  7  0    -1.06908    -0.23349     1.09429
2013 10  8  0    -0.96467    -0.39502     1.04241
2013 10  9  0    -0.76847    -0.53268     0.93503
2013 10 10  0    -0.48713    -0.67541     0.83275
2013 10 11  0    -0.20777    -0.72559     0.75475
2013 10 12  0     0.04764    -0.69253     0.69416
2013 10 13  0     0.32993    -0.66835     0.74534
2013 10 14  0     0.67483    -0.60117     0.90377
2013 10 15  0     0.94261    -0.49410     1.06426
2013 10 16  0     1.12873    -0.33570     1.17759
2013 10 17  0     1.22941    -0.21955     1.24886
2013 10 18  0     1.24812    -0.10441     1.25248
2013 10 19  0     1.19363     0.00094     1.19364
2013 10 20  0     1.11670     0.05977     1.11829
2013 10 21  0     0.96509     0.07140     0.96773
2013 10 22  0     0.77212     0.07480     0.77574
2013 10 23  0     0.50935     0.02317     0.50987
2013 10 24  0     0.25062    -0.07963     0.26297
2013 10 25  0     0.11106    -0.20324     0.23161
2013 10 26  0     0.04352    -0.33614     0.33894
2013 10 27  0     0.03398    -0.45686     0.45812
2013 10 28  0     0.05582    -0.56359     0.56634
2013 10 29  0     0.07652    -0.64129     0.64584
2013 10 30  0     0.16545    -0.64354     0.66447
2013 10 31  0     0.29633    -0.63397     0.69980
2013 11  1  0     0.41205    -0.56798     0.70170
2013 11  2  0     0.50899    -0.42276     0.66166
2013 11  3  0     0.49235    -0.23341     0.54488
2013 11  4  0     0.50458     0.00883     0.50465
2013 11  5  0     0.56889     0.22658     0.61235
2013 11  6  0     0.66267     0.45259     0.80247
2013 11  7  0     0.80426     0.73207     1.08754
2013 11  8  0     0.91096     0.95392     1.31902
2013 11  9  0     0.92979     1.10315     1.44272
2013 11 10  0     0.90374     1.22867     1.52524
2013 11 11  0     0.95234     1.31090     1.62031
2013 11 12  0     1.08169     1.27906     1.67513
2013 11 13  0     1.16685     1.14829     1.63710
2013 11 14  0     1.09985     1.08741     1.54665
2013 11 15  0     0.92620     1.06219     1.40929
2013 11 16  0     0.61128     0.99914     1.17130
2013 11 17  0     0.31417     0.91370     0.96621
2013 11 18  0     0.08152     0.79882     0.80297
2013 11 19  0    -0.12938     0.64447     0.65733
2013 11 20  0    -0.36470     0.35984     0.51234
2013 11 21  0    -0.52180     0.13513     0.53901
2013 11 22  0    -0.55605    -0.01664     0.55629
2013 11 23  0    -0.44936    -0.12351     0.46602
2013 11 24  0    -0.28915    -0.13550     0.31932
2013 11 25  0    -0.10097    -0.05693     0.11592
2013 11 26  0     0.06188     0.09635     0.11451
2013 11 27  0     0.24937     0.24596     0.35027
2013 11 28  0     0.42757     0.37893     0.57131
2013 11 29  0     0.64803     0.52357     0.83310
2013 11 30  0     0.79846     0.56198     0.97641
2013 12  1  0     0.86881     0.60581     1.05917
2013 12  2  0     0.94874     0.62038     1.13357
2013 12  3  0     0.98865     0.58934     1.15098
2013 12  4  0     1.03250     0.52463     1.15815
2013 12  5  0     1.04835     0.41260     1.12662
2013 12  6  0     1.02642     0.35629     1.08650
2013 12  7  0     1.00577     0.29810     1.04901
2013 12  8  0     0.91128     0.25619     0.94660
2013 12  9  0     0.85074     0.24805     0.88617
2013 12 10  0     0.82958     0.20211     0.85385
2013 12 11  0     0.72251     0.20698     0.75157
2013 12 12  0     0.61586     0.18795     0.64390
2013 12 13  0     0.45527     0.18842     0.49272
2013 12 14  0     0.21173     0.25506     0.33149
2013 12 15  0    -0.03570     0.31309     0.31512
2013 12 16  0    -0.25933     0.31723     0.40973
2013 12 17  0    -0.41481     0.28571     0.50368
2013 12 18  0    -0.52453     0.23022     0.57283
2013 12 19  0    -0.66042     0.20808     0.69243
2013 12 20  0    -0.71872     0.14927     0.73406
2013 12 21  0    -0.75907     0.06877     0.76218
2013 12 22  0    -0.76809    -0.01570     0.76825
2013 12 23  0    -0.65443    -0.09507     0.66130
2013 12 24  0    -0.54664    -0.12968     0.56181
2013 12 25  0    -0.43520    -0.18171     0.47161
2013 12 26  0    -0.40311    -0.23393     0.46607
2013 12 27  0    -0.38237    -0.25211     0.45800
2013 12 28  0    -0.34148    -0.29724     0.45272
2013 12 29  0    -0.30276    -0.34437     0.45853
2013 12 30  0    -0.29194    -0.35279     0.45792
2013 12 31  0    -0.27841    -0.36498     0.45904
2014  1  1  0    -0.27509    -0.43054     0.51092
2014  1  2  0    -0.26372    -0.55754     0.61676
2014  1  3  0    -0.29266    -0.64431     0.70766
2014  1  4  0    -0.29756    -0.65667     0.72094
2014  1  5  0    -0.29657    -0.68266     0.74430
2014  1  6  0    -0.31707    -0.64824     0.72163
2014  1  7  0    -0.35385    -0.56869     0.66979
2014  1  8  0    -0.45595    -0.48372     0.66473
2014  1  9  0    -0.50474    -0.32087     0.59810
2014  1 10  0    -0.62743    -0.13069     0.64089
2014  1 11  0    -0.83178     0.09775     0.83751
2014  1 12  0    -0.99858     0.34133     1.05531
2014  1 13  0    -1.07262     0.50743     1.18659
2014  1 14  0    -1.07943     0.65233     1.26123
2014  1 15  0    -1.15089     0.75550     1.37671
2014  1 16  0    -1.23422     0.86330     1.50618
2014  1 17  0    -1.25321     0.98409     1.59342
2014  1 18  0    -1.31945     0.94114     1.62070
2014  1 19  0    -1.30837     0.81228     1.54001
2014  1 20  0    -1.26824     0.62233     1.41270
2014  1 21  0    -1.28211     0.35524     1.33042
2014  1 22  0    -1.35875     0.08157     1.36120
2014  1 23  0    -1.41520    -0.16162     1.42440
2014  1 24  0    -1.39333    -0.31849     1.42927
2014  1 25  0    -1.34925    -0.41301     1.41105
2014  1 26  0    -1.21357    -0.53759     1.32731
2014  1 27  0    -1.00896    -0.63167     1.19038
2014  1 28  0    -0.85372    -0.71969     1.11660
2014  1 29  0    -0.71835    -0.76719     1.05100
2014  1 30  0    -0.53181    -0.74534     0.91562
2014  1 31  0    -0.28983    -0.68128     0.74036
2014  2  1  0    -0.05736    -0.62280     0.62544
2014  2  2  0     0.23120    -0.67571     0.71417
2014  2  3  0     0.57310    -0.75793     0.95021
2014  2  4  0     0.83956    -0.75666     1.13022
2014  2  5  0     1.06516    -0.68756     1.26779
2014  2  6  0     1.26080    -0.49564     1.35472
2014  2  7  0     1.44191    -0.34554     1.48274
2014  2  8  0     1.59536    -0.22035     1.61051
2014  2  9  0     1.64054    -0.12241     1.64510
2014  2 10  0     1.62316     0.00524     1.62317
2014  2 11  0     1.52759     0.12552     1.53273
2014  2 12  0     1.30084     0.19634     1.31558
2014  2 13  0     1.04403     0.25226     1.07407
2014  2 14  0     0.77011     0.27033     0.81618
2014  2 15  0     0.53111     0.21202     0.57186
2014  2 16  0     0.33283     0.21524     0.39636
2014  2 17  0     0.11413     0.23204     0.25859
2014  2 18  0    -0.01611     0.19857     0.19923
2014  2 19  0    -0.23723     0.07683     0.24936
2014  2 20  0    -0.54101    -0.08543     0.54771
2014  2 21  0    -0.73842    -0.31918     0.80445
2014  2 22  0    -0.87425    -0.68177     1.10866
2014  2 23  0    -0.91011    -1.00467     1.35560
2014  2 24  0    -0.82148    -1.28211     1.52271
2014  2 25  0    -0.63722    -1.53035     1.65772
2014  2 26  0    -0.43736    -1.71787     1.77267
2014  2 27  0    -0.35461    -1.87913     1.91230
2014  2 28  0    -0.33389    -1.95551     1.98381
2014  3  1  0    -0.32534    -1.85322     1.88156
2014  3  2  0    -0.26312    -1.68981     1.71017
2014  3  3  0    -0.27669    -1.49179     1.51723
2014  3  4  0    -0.31447    -1.36542     1.40117
2014  3  5  0    -0.29697    -1.29641     1.32999
2014  3  6  0    -0.32869    -1.22672     1.26999
2014  3  7  0    -0.44589    -1.14564     1.22935
2014  3  8  0    -0.48268    -1.06262     1.16710
2014  3  9  0    -0.39217    -1.03308     1.10501
2014  3 10  0    -0.31737    -1.06278     1.10915
2014  3 11  0    -0.24034    -1.04609     1.07335
2014  3 12  0    -0.03871    -1.04916     1.04988
2014  3 13  0     0.24113    -1.02657     1.05451
2014  3 14  0     0.48977    -0.94279     1.06241
2014  3 15  0     0.72313    -0.79043     1.07131
2014  3 16  0     0.98583    -0.54005     1.12406
2014  3 17  0     1.18721    -0.29093     1.22233
2014  3 18  0     1.21414    -0.08194     1.21690
2014  3 19  0     1.17589     0.01376     1.17597
2014  3 20  0     1.15917     0.04071     1.15989
2014  3 21  0     1.11028     0.06862     1.11240
2014  3 22  0     1.04953     0.00363     1.04954
2014  3 23  0     0.95517    -0.07004     0.95773
2014  3 24  0     0.91809    -0.10564     0.92414
2014  3 25  0     0.85472    -0.18333     0.87416
2014  3 26  0     0.75399    -0.24653     0.79327
2014  3 27  0     0.72482    -0.23785     0.76285
2014  3 28  0     0.77669    -0.05630     0.77873
2014  3 29  0     0.84591     0.08658     0.85033
2014  3 30  0     0.83943     0.25425     0.87709
2014  3 31  0     0.80442     0.58346     0.99374
2014  4  1  0     0.76041     0.96804     1.23099
2014  4  2  0     0.67234     1.30674     1.46956
2014  4  3  0     0.54137     1.66514     1.75094
2014  4  4  0     0.32681     1.97468     2.00154
2014  4  5  0     0.00255     2.21122     2.21122
2014  4  6  0    -0.32574     2.26087     2.28422
2014  4  7  0    -0.71340     2.26847     2.37800
2014  4  8  0    -1.02770     2.17060     2.40160
2014  4  9  0    -1.22632     1.97634     2.32589
2014  4 10  0    -1.37944     1.73841     2.21921
2014  4 11  0    -1.54423     1.56119     2.19590
2014  4 12  0    -1.64288     1.38513     2.14887
2014  4 13  0    -1.67868     1.22273     2.07678
2014  4 14  0    -1.60635     1.05662     1.92271
2014  4 15  0    -1.56606     0.91767     1.81512
2014  4 16  0    -1.44027     0.81063     1.65272
2014  4 17  0    -1.34201     0.72806     1.52679
2014  4 18  0    -1.29307     0.63498     1.44056
2014  4 19  0    -1.18384     0.52887     1.29661
2014  4 20  0    -1.03330     0.42332     1.11665
2014  4 21  0    -0.87521     0.27518     0.91745
2014  4 22  0    -0.68166     0.14259     0.69641
2014  4 23  0    -0.47448    -0.00582     0.47451
2014  4 24  0    -0.32955    -0.12831     0.35364
2014  4 25  0    -0.22467    -0.29549     0.37121
2014  4 26  0    -0.07587    -0.51318     0.51876
2014  4 27  0     0.07510    -0.69268     0.69674
2014  4 28  0     0.17898    -0.77714     0.79749
2014  4 29  0     0.27084    -0.95504     0.99270
2014  4 30  0     0.41254    -1.13650     1.20905
2014  5  1  0     0.58748    -1.27756     1.40616
2014  5  2  0     0.73993    -1.31510     1.50897
2014  5  3  0     0.94126    -1.30030     1.60523
2014  5  4  0     1.02566    -1.28101     1.64103
2014  5  5  0     1.01926    -1.17052     1.55210
2014  5  6  0     1.00766    -0.97244     1.40036
2014  5  7  0     1.03062    -0.80128     1.30546
2014  5  8  0     1.07506    -0.53594     1.20125
2014  5  9  0     0.97916    -0.27069     1.01589
2014  5 10  0     0.84993     0.00814     0.84997
2014  5 11  0     0.73645     0.16319     0.75431
2014  5 12  0     0.55902     0.25657     0.61509
2014  5 13  0     0.41957     0.39987     0.57960
2014  5 14  0     0.29284     0.51352     0.59115
2014  5 15  0     0.25144     0.51778     0.57561
2014  5 16  0     0.26171     0.42901     0.50253
2014  5 17  0     0.20045     0.26498     0.33226
2014  5 18  0     0.18153     0.15431     0.23826
2014  5 19  0     0.14212     0.05806     0.15352
2014  5 20  0     0.12627    -0.01946     0.12776
2014  5 21  0     0.11996    -0.10912     0.16217
2014  5 22  0     0.13597    -0.23371     0.27038
2014  5 23  0     0.23414    -0.31979     0.39634
2014  5 24  0     0.31302    -0.36391     0.48001
2014  5 25  0     0.31436    -0.35338     0.47297
2014  5 26  0     0.32801    -0.28762     0.43625
2014  5 27  0     0.39340    -0.21974     0.45061
2014  5 28  0     0.44046    -0.18279     0.47688
2014  5 29  0     0.45940    -0.08972     0.46808
2014  5 30  0     0.51917    -0.01444     0.51937
2014  5 31  0     0.57478     0.09743     0.58298
2014  6  1  0     0.59132     0.19668     0.62317
2014  6  2  0     0.53075     0.25460     0.58866
2014  6  3  0     0.49463     0.29590     0.57638
2014  6  4  0     0.47496     0.33136     0.57913
2014  6  5  0     0.42450     0.30398     0.52211
2014  6  6  0     0.37846     0.25690     0.45741
2014  6  7  0     0.23894     0.28441     0.37145
2014  6  8  0     0.05502     0.45293     0.45626
2014  6  9  0    -0.07202     0.66792     0.67179
2014  6 10  0    -0.13523     0.80635     0.81761
2014  6 11  0    -0.16108     0.93230     0.94612
2014  6 12  0    -0.23389     1.06640     1.09175
2014  6 13  0    -0.34960     1.20297     1.25274
2014  6 14  0    -0.44811     1.31837     1.39245
2014  6 15  0    -0.62644     1.42984     1.56105
2014  6 16  0    -0.76418     1.39318     1.58900
2014  6 17  0    -0.88413     1.22026     1.50690
2014  6 18  0    -0.97511     0.99374     1.39225
2014  6 19  0    -1.13873     0.79656     1.38968
2014  6 20  0    -1.30994     0.60730     1.44387
2014  6 21  0    -1.42261     0.41377     1.48156
2014  6 22  0    -1.41782     0.19038     1.43054
2014  6 23  0    -1.38299     0.02227     1.38317
2014  6 24  0    -1.34230    -0.13698     1.34927
2014  6 25  0    -1.21273    -0.20755     1.23036
2014  6 26  0    -1.08745    -0.20502     1.10661
2014  6 27  0    -1.00966    -0.24687     1.03940
2014  6 28  0    -0.94258    -0.28754     0.98546
2014  6 29  0    -0.85334    -0.28842     0.90077
2014  6 30  0    -0.71731    -0.21057     0.74757
2014  7  1  0    -0.60924    -0.13659     0.62436
2014  7  2  0    -0.56142    -0.02895     0.56217
2014  7  3  0    -0.45572     0.13933     0.47654
2014  7  4  0    -0.44228     0.26665     0.51645
2014  7  5  0    -0.39743     0.37598     0.54710
2014  7  6  0    -0.31717     0.53209     0.61944
2014  7  7  0    -0.24258     0.64958     0.69340
2014  7  8  0    -0.17332     0.74985     0.76962
2014  7  9  0    -0.17411     0.76664     0.78616
2014  7 10  0    -0.27210     0.82420     0.86796
2014  7 11  0    -0.37544     0.81489     0.89721
2014  7 12  0    -0.49808     0.65044     0.81924
2014  7 13  0    -0.58003     0.50277     0.76760
2014  7 14  0    -0.70159     0.38611     0.80082
2014  7 15  0    -0.84700     0.30140     0.89903
2014  7 16  0    -0.95171     0.29076     0.99513
2014  7 17  0    -1.04035     0.25330     1.07075
2014  7 18  0    -1.05789     0.23581     1.08385
2014  7 19  0    -1.05298     0.16773     1.06626
2014  7 20  0    -1.01401     0.07360     1.01668
2014  7 21  0    -0.92581     0.09177     0.93035
2014  7 22  0    -0.86252     0.06286     0.86481
2014  7 23  0    -0.80138    -0.00250     0.80138
2014  7 24  0    -0.79681    -0.14431     0.80977
2014  7 25  0    -0.70316    -0.24229     0.74373
2014  7 26  0    -0.53831    -0.30405     0.61825
2014  7 27  0    -0.39859    -0.38716     0.55567
2014  7 28  0    -0.24212    -0.47869     0.53644
2014  7 29  0    -0.12568    -0.45427     0.47134
2014  7 30  0     0.04781    -0.46910     0.47153
2014  7 31  0     0.24984    -0.43304     0.49995
2014  8  1  0     0.51117    -0.37652     0.63487
2014  8  2  0     0.79954    -0.25086     0.83797
2014  8  3  0     1.05328    -0.21294     1.07459
2014  8  4  0     1.22179    -0.17797     1.23469
2014  8  5  0     1.36614    -0.15965     1.37543
2014  8  6  0     1.55969    -0.15120     1.56700
2014  8  7  0     1.74651    -0.23202     1.76185
2014  8  8  0     1.76370    -0.27267     1.78466
2014  8  9  0     1.78764    -0.36282     1.82409
2014  8 10  0     1.79920    -0.47369     1.86051
2014  8 11  0     1.71140    -0.52618     1.79047
2014  8 12  0     1.53311    -0.51334     1.61677
2014  8 13  0     1.50219    -0.51644     1.58848
2014  8 14  0     1.48513    -0.58686     1.59687
2014  8 15  0     1.36234    -0.63320     1.50230
2014  8 16  0     1.22626    -0.55706     1.34686
2014  8 17  0     1.24067    -0.44811     1.31911
2014  8 18  0     1.31933    -0.33337     1.36080
2014  8 19  0     1.41207    -0.24882     1.43383
2014  8 20  0     1.44483    -0.20402     1.45916
2014  8 21  0     1.38964    -0.11803     1.39465
2014  8 22  0     1.19113     0.04017     1.19180
2014  8 23  0     0.98043     0.27815     1.01913
2014  8 24  0     0.78984     0.50282     0.93631
2014  8 25  0     0.61010     0.67639     0.91089
2014  8 26  0     0.41453     0.79925     0.90035
2014  8 27  0     0.12498     0.87585     0.88472
2014  8 28  0    -0.28954     0.94327     0.98671
2014  8 29  0    -0.54883     1.03856     1.17466
2014  8 30  0    -0.68363     1.06110     1.26226
2014  8 31  0    -0.82205     0.99851     1.29336
2014  9  1  0    -0.92546     0.98224     1.34954
2014  9  2  0    -0.96795     0.98964     1.38431
2014  9  3  0    -0.89490     0.89576     1.26619
2014  9  4  0    -0.84680     0.75450     1.13417
2014  9  5  0    -0.78373     0.61647     0.99713
2014  9  6  0    -0.64402     0.51291     0.82331
2014  9  7  0    -0.53425     0.31584     0.62063
2014  9  8  0    -0.40183     0.13269     0.42317
2014  9  9  0    -0.31141     0.01190     0.31164
2014  9 10  0    -0.25326    -0.10843     0.27549
2014  9 11  0    -0.30239    -0.23512     0.38304
2014  9 12  0    -0.42683    -0.31943     0.53312
2014  9 13  0    -0.49507    -0.38384     0.62644
2014  9 14  0    -0.51329    -0.33899     0.61512
2014  9 15  0    -0.44920    -0.31843     0.55062
2014  9 16  0    -0.42009    -0.27980     0.50474
2014  9 17  0    -0.41881    -0.24355     0.48448
2014  9 18  0    -0.29252    -0.31380     0.42899
2014  9 19  0    -0.08832    -0.42889     0.43789
2014  9 20  0     0.18596    -0.50234     0.53566
2014  9 21  0     0.41635    -0.53291     0.67628
2014  9 22  0     0.58073    -0.54281     0.79491
2014  9 23  0     0.67783    -0.61375     0.91440
2014  9 24  0     0.68891    -0.67580     0.96504
2014  9 25  0     0.74430    -0.72956     1.04223
2014  9 26  0     0.76435    -0.76698     1.08281
2014  9 27  0     0.65933    -0.80449     1.04016
2014  9 28  0     0.51694    -0.84784     0.99301
2014  9 29  0     0.31896    -0.82751     0.88685
2014  9 30  0     0.12839    -0.71770     0.72909
2014 10  1  0    -0.06397    -0.57121     0.57478
2014 10  2  0    -0.25372    -0.44742     0.51435
2014 10  3  0    -0.43213    -0.30423     0.52848
2014 10  4  0    -0.67194    -0.16701     0.69238
2014 10  5  0    -0.82366    -0.08117     0.82765
2014 10  6  0    -0.88036     0.05157     0.88187
2014 10  7  0    -0.93955     0.18957     0.95849
2014 10  8  0    -0.86262     0.17865     0.88092
2014 10  9  0    -0.67675    -0.01776     0.67698
2014 10 10  0    -0.44066    -0.21238     0.48917
2014 10 11  0    -0.12287    -0.29753     0.32190
2014 10 12  0     0.23189    -0.30967     0.38688
2014 10 13  0     0.59729    -0.15252     0.61646
2014 10 14  0     0.86262     0.00630     0.86265
2014 10 15  0     1.06790     0.11198     1.07375
2014 10 16  0     1.21473     0.16805     1.22630
2014 10 17  0     1.24999     0.23435     1.27177
2014 10 18  0     1.21389     0.36559     1.26775
2014 10 19  0     1.14330     0.45447     1.23031
2014 10 20  0     0.99751     0.48591     1.10956
2014 10 21  0     0.74689     0.51451     0.90695
2014 10 22  0     0.44440     0.43749     0.62361
2014 10 23  0     0.20265     0.35231     0.40643
2014 10 24  0    -0.02694     0.27772     0.27902
2014 10 25  0    -0.21578     0.17625     0.27861
2014 10 26  0    -0.32968     0.07525     0.33816
2014 10 27  0    -0.41030    -0.00007     0.41030
2014 10 28  0    -0.41257     0.00774     0.41264
2014 10 29  0    -0.46853     0.01014     0.46864
2014 10 30  0    -0.50269     0.04008     0.50429
2014 10 31  0    -0.53828     0.08000     0.54419
2014 11  1  0    -0.56732     0.12403     0.58072
2014 11  2  0    -0.52629     0.13327     0.54290
2014 11  3  0    -0.46180     0.10590     0.47379
2014 11  4  0    -0.45341     0.09699     0.46366
2014 11  5  0    -0.40589     0.06958     0.41181
2014 11  6  0    -0.32828     0.02115     0.32896
2014 11  7  0    -0.18546     0.02022     0.18656
2014 11  8  0    -0.07312    -0.01460     0.07456
2014 11  9  0     0.10125    -0.06080     0.11811
2014 11 10  0     0.26599    -0.11085     0.28816
2014 11 11  0     0.38621    -0.17715     0.42490
2014 11 12  0     0.49859    -0.23708     0.55209
2014 11 13  0     0.63460    -0.28114     0.69408
2014 11 14  0     0.76484    -0.25646     0.80669
2014 11 15  0     0.82215    -0.23970     0.85638
2014 11 16  0     0.87951    -0.33730     0.94197
2014 11 17  0     1.05246    -0.40798     1.12877
2014 11 18  0     1.22209    -0.34601     1.27013
2014 11 19  0     1.35646    -0.16264     1.36618
2014 11 20  0     1.43839     0.11621     1.44308
2014 11 21  0     1.36994     0.42582     1.43460
2014 11 22  0     1.19877     0.61981     1.34952
2014 11 23  0     0.96487     0.64849     1.16254
2014 11 24  0     0.68408     0.66073     0.95107
2014 11 25  0     0.35877     0.77144     0.85079
2014 11 26  0     0.00878     0.89802     0.89806
2014 11 27  0    -0.29013     1.01873     1.05924
2014 11 28  0    -0.53004     1.10268     1.22346
2014 11 29  0    -0.77767     1.26172     1.48213
2014 11 30  0    -0.91455     1.43111     1.69838
2014 12  1  0    -1.05947     1.50624     1.84153
2014 12  2  0    -1.17711     1.53854     1.93719
2014 12  3  0    -1.17200     1.50392     1.90667
2014 12  4  0    -1.05531     1.38149     1.73844
2014 12  5  0    -0.97747     1.16896     1.52378
2014 12  6  0    -0.93905     0.92784     1.32011
2014 12  7  0    -0.89052     0.70489     1.13574
2014 12  8  0    -0.80746     0.46374     0.93115
2014 12  9  0    -0.72266     0.23744     0.76067
2014 12 10  0    -0.52018     0.03018     0.52105
2014 12 11  0    -0.25389    -0.18772     0.31575
2014 12 12  0    -0.03604    -0.33626     0.33819
2014 12 13  0     0.14642    -0.33955     0.36977
2014 12 14  0     0.34369    -0.26096     0.43154
2014 12 15  0     0.50868    -0.14281     0.52835
2014 12 16  0     0.59844    -0.04141     0.59987
2014 12 17  0     0.64387     0.10446     0.65229
2014 12 18  0     0.67626     0.20949     0.70796
2014 12 19  0     0.66493     0.29157     0.72605
2014 12 20  0     0.63970     0.40013     0.75453
2014 12 21  0     0.59970     0.52739     0.79861
2014 12 22  0     0.52090     0.59900     0.79381
2014 12 23  0     0.35538     0.69037     0.77647
2014 12 24  0     0.13743     0.76433     0.77658
2014 12 25  0     0.01320     0.85530     0.85540
2014 12 26  0    -0.15402     0.83077     0.84493
2014 12 27  0    -0.36167     0.83093     0.90623
2014 12 28  0    -0.62693     0.84164     1.04948
2014 12 29  0    -0.90825     0.90151     1.27971
2014 12 30  0    -1.19078     0.86780     1.47344
2014 12 31  0    -1.47261     0.86240     1.70655
2015  1  1  0    -1.74562     0.76867     1.90737
2015  1  2  0    -1.95692     0.68040     2.07183
2015  1  3  0    -2.16069     0.68838     2.26770
2015  1  4  0    -2.26252     0.74795     2.38295
2015  1  5  0    -2.34332     0.76964     2.46647
2015  1  6  0    -2.40223     0.72872     2.51032
2015  1  7  0    -2.49866     0.62309     2.57518
2015  1  8  0    -2.54123     0.51057     2.59201
2015  1  9  0    -2.46487     0.34560     2.48898
2015  1 10  0    -2.24491     0.20315     2.25408
2015  1 11  0    -1.96733     0.04271     1.96780
2015  1 12  0    -1.69230    -0.24855     1.71046
2015  1 13  0    -1.40689    -0.54552     1.50895
2015  1 14  0    -1.12072    -0.77497     1.36257
2015  1 15  0    -0.77772    -0.87259     1.16887
2015  1 16  0    -0.41827    -0.92936     1.01915
2015  1 17  0    -0.09753    -1.00263     1.00736
2015  1 18  0     0.17280    -1.06946     1.08333
2015  1 19  0     0.32358    -1.17866     1.22227
2015  1 20  0     0.39208    -1.30530     1.36292
2015  1 21  0     0.39836    -1.37753     1.43397
2015  1 22  0     0.34287    -1.40566     1.44687
2015  1 23  0     0.25875    -1.46937     1.49198
2015  1 24  0     0.12575    -1.61644     1.62133
2015  1 25  0     0.00869    -1.73075     1.73077
2015  1 26  0    -0.10930    -1.71890     1.72237
2015  1 27  0    -0.22421    -1.57992     1.59575
2015  1 28  0    -0.24817    -1.41618     1.43777
2015  1 29  0    -0.25570    -1.24634     1.27230
2015  1 30  0    -0.24750    -1.06565     1.09401
2015  1 31  0    -0.20053    -0.93607     0.95731
2015  2  1  0    -0.11750    -0.82877     0.83706
2015  2  2  0     0.01339    -0.82323     0.82334
2015  2  3  0     0.22194    -0.86524     0.89325
2015  2  4  0     0.45524    -0.90096     1.00944
2015  2  5  0     0.68497    -0.97044     1.18783
2015  2  6  0     0.82869    -0.93438     1.24891
2015  2  7  0     0.91134    -0.86587     1.25709
2015  2  8  0     0.95996    -0.80936     1.25562
2015  2  9  0     1.00260    -0.77949     1.26996
2015  2 10  0     1.01718    -0.73129     1.25277
2015  2 11  0     0.97055    -0.52872     1.10522
2015  2 12  0     0.86874    -0.32858     0.92880
2015  2 13  0     0.80802    -0.10521     0.81484
2015  2 14  0     0.76354     0.16556     0.78129
2015  2 15  0     0.77246     0.38420     0.86273
2015  2 16  0     0.81788     0.51741     0.96780
2015  2 17  0     0.82042     0.53144     0.97751
2015  2 18  0     0.73409     0.58142     0.93645
2015  2 19  0     0.72575     0.66166     0.98210
2015  2 20  0     0.69205     0.66431     0.95929
2015  2 21  0     0.57387     0.67385     0.88510
2015  2 22  0     0.37983     0.59997     0.71010
2015  2 23  0     0.20839     0.43121     0.47892
2015  2 24  0     0.05769     0.21090     0.21865
2015  2 25  0    -0.01532     0.07669     0.07820
2015  2 26  0    -0.00330     0.08040     0.08047
2015  2 27  0     0.08565     0.16419     0.18518
2015  2 28  0     0.04502     0.17518     0.18088
2015  3  1  0    -0.06517     0.19496     0.20556
2015  3  2  0    -0.17911     0.26407     0.31908
2015  3  3  0    -0.25181     0.44135     0.50813
2015  3  4  0    -0.35912     0.57660     0.67929
2015  3  5  0    -0.54112     0.71756     0.89872
2015  3  6  0    -0.70155     0.84690     1.09973
2015  3  7  0    -0.87376     1.04594     1.36288
2015  3  8  0    -1.06754     1.18670     1.59621
2015  3  9  0    -1.18028     1.25917     1.72585
2015  3 10  0    -1.27910     1.21264     1.76255
2015  3 11  0    -1.41043     0.92262     1.68539
2015  3 12  0    -1.61088     0.45542     1.67402
2015  3 13  0    -1.70941    -0.06554     1.71067
2015  3 14  0    -1.63634    -0.71077     1.78405
2015  3 15  0    -1.38138    -1.33107     1.91833
2015  3 16  0    -0.95778    -1.93662     2.16052
2015  3 17  0    -0.52108    -2.36284     2.41961
2015  3 18  0    -0.16196    -2.64511     2.65006
2015  3 19  0     0.11413    -2.75786     2.76022
2015  3 20  0     0.34429    -2.68215     2.70415
2015  3 21  0     0.54919    -2.50690     2.56635
2015  3 22  0     0.69263    -2.28952     2.39200
2015  3 23  0     0.84735    -2.02216     2.19251
2015  3 24  0     1.01230    -1.80517     2.06964
2015  3 25  0     1.17398    -1.63126     2.00979
2015  3 26  0     1.30698    -1.50454     1.99295
2015  3 27  0     1.42894    -1.35636     1.97017
2015  3 28  0     1.55346    -1.21594     1.97275
2015  3 29  0     1.62273    -1.04702     1.93120
2015  3 30  0     1.68559    -0.88937     1.90583
2015  3 31  0     1.66244    -0.69217     1.80078
2015  4  1  0     1.59957    -0.48566     1.67167
2015  4  2  0     1.51622    -0.31053     1.54770
2015  4  3  0     1.41780    -0.07900     1.42000
2015  4  4  0     1.33577     0.17464     1.34714
2015  4  5  0     1.22010     0.33405     1.26500
2015  4  6  0     1.08200     0.47683     1.18241
2015  4  7  0     0.96562     0.65156     1.16488
2015  4  8  0     0.84294     0.82519     1.17961
2015  4  9  0     0.74276     1.02498     1.26581
2015  4 10  0     0.68146     1.16908     1.35319
2015  4 11  0     0.56372     1.28088     1.39944
2015  4 12  0     0.45256     1.33444     1.40909
2015  4 13  0     0.38318     1.40756     1.45878
2015  4 14  0     0.30009     1.49043     1.52035
2015  4 15  0     0.24500     1.54488     1.56418
2015  4 16  0     0.23473     1.52032     1.53833
2015  4 17  0     0.18958     1.48662     1.49866
2015  4 18  0     0.19195     1.38636     1.39958
2015  4 19  0     0.17153     1.32586     1.33691
2015  4 20  0     0.24528     1.29534     1.31835
2015  4 21  0     0.30950     1.30934     1.34542
2015  4 22  0     0.32095     1.24839     1.28899
2015  4 23  0     0.29905     1.23957     1.27513
2015  4 24  0     0.22660     1.20666     1.22775
2015  4 25  0     0.12263     1.22202     1.22816
2015  4 26  0     0.06995     1.22935     1.23134
2015  4 27  0    -0.00785     1.18014     1.18016
2015  4 28  0    -0.07579     1.10823     1.11082
2015  4 29  0    -0.18600     0.98362     1.00105
2015  4 30  0    -0.37570     0.78489     0.87017
2015  5  1  0    -0.49940     0.62046     0.79648
2015  5  2  0    -0.49446     0.41227     0.64378
2015  5  3  0    -0.44920     0.23701     0.50790
2015  5  4  0    -0.38451     0.03574     0.38616
2015  5  5  0    -0.28669    -0.19325     0.34574
2015  5  6  0    -0.19082    -0.37530     0.42102
2015  5  7  0    -0.09160    -0.52990     0.53775
2015  5  8  0    -0.00461    -0.58132     0.58134
2015  5  9  0     0.13963    -0.55901     0.57619
2015  5 10  0     0.14353    -0.58967     0.60689
2015  5 11  0     0.05667    -0.64096     0.64346
2015  5 12  0    -0.07371    -0.67347     0.67749
2015  5 13  0    -0.23510    -0.72528     0.76244
2015  5 14  0    -0.34535    -0.86965     0.93571
2015  5 15  0    -0.43907    -0.95266     1.04898
2015  5 16  0    -0.54925    -1.01348     1.15274
2015  5 17  0    -0.65120    -1.04803     1.23387
2015  5 18  0    -0.67374    -1.05167     1.24898
2015  5 19  0    -0.60278    -1.07556     1.23296
2015  5 20  0    -0.51376    -1.01069     1.13377
2015  5 21  0    -0.45030    -0.90001     1.00637
2015  5 22  0    -0.36836    -0.72178     0.81034
2015  5 23  0    -0.37890    -0.55247     0.66992
2015  5 24  0    -0.33120    -0.54288     0.63593
2015  5 25  0    -0.30201    -0.50160     0.58550
2015  5 26  0    -0.24460    -0.49981     0.55645
2015  5 27  0    -0.22028    -0.58226     0.62254
2015  5 28  0    -0.20102    -0.58822     0.62162
2015  5 29  0    -0.13605    -0.66643     0.68017
2015  5 30  0     0.06890    -0.83961     0.84243
2015  5 31  0     0.32838    -1.04736     1.09764
2015  6  1  0     0.56113    -1.09115     1.22698
2015  6  2  0     0.77759    -0.97298     1.24553
2015  6  3  0     1.06891    -0.87297     1.38009
2015  6  4  0     1.32308    -0.68097     1.48804
2015  6  5  0     1.50308    -0.47529     1.57644
2015  6  6  0     1.57794    -0.31440     1.60896
2015  6  7  0     1.50911    -0.04497     1.50978
2015  6  8  0     1.40270     0.32964     1.44091
2015  6  9  0     1.20837     0.65120     1.37267
2015  6 10  0     1.04265     0.95871     1.41642
2015  6 11  0     0.78735     1.27312     1.49691
2015  6 12  0     0.52648     1.60474     1.68890
2015  6 13  0     0.27971     1.82748     1.84876
2015  6 14  0     0.02427     2.04123     2.04137
2015  6 15  0    -0.14737     2.29133     2.29607
2015  6 16  0    -0.28602     2.40341     2.42036
2015  6 17  0    -0.49822     2.40704     2.45806
2015  6 18  0    -0.72439     2.39591     2.50302
2015  6 19  0    -0.99522     2.34273     2.54536
2015  6 20  0    -1.18528     2.20353     2.50209
2015  6 21  0    -1.42258     1.98988     2.44609
2015  6 22  0    -1.57279     1.76918     2.36721
2015  6 23  0    -1.68065     1.52817     2.27154
2015  6 24  0    -1.77077     1.24363     2.16385
2015  6 25  0    -1.83565     0.95871     2.07093
2015  6 26  0    -1.87988     0.63083     1.98290
2015  6 27  0    -1.95994     0.30898     1.98415
2015  6 28  0    -2.00898    -0.01218     2.00902
2015  6 29  0    -2.00754    -0.33634     2.03552
2015  6 30  0    -1.95522    -0.67874     2.06968
2015  7  1  0    -1.94501    -0.97679     2.17651
2015  7  2  0    -1.92079    -1.21933     2.27513
2015  7  3  0    -1.88035    -1.43932     2.36799
2015  7  4  0    -1.82965    -1.61954     2.44347
2015  7  5  0    -1.73152    -1.66110     2.39946
2015  7  6  0    -1.44192    -1.64290     2.18592
2015  7  7  0    -1.09218    -1.64289     1.97280
2015  7  8  0    -0.74723    -1.73790     1.89173
2015  7  9  0    -0.40273    -1.78089     1.82586
2015  7 10  0    -0.07064    -1.78985     1.79125
2015  7 11  0     0.23482    -1.72685     1.74274
2015  7 12  0     0.53611    -1.65888     1.74336
2015  7 13  0     0.84749    -1.62825     1.83560
2015  7 14  0     1.14494    -1.65630     2.01351
2015  7 15  0     1.31842    -1.61055     2.08137
2015  7 16  0     1.47407    -1.53405     2.12748
2015  7 17  0     1.50023    -1.36172     2.02607
2015  7 18  0     1.47508    -1.11289     1.84780
2015  7 19  0     1.46174    -0.92159     1.72801
2015  7 20  0     1.45319    -0.84618     1.68160
2015  7 21  0     1.37972    -0.69157     1.54334
2015  7 22  0     1.22007    -0.43906     1.29666
2015  7 23  0     1.01120    -0.24368     1.04015
2015  7 24  0     0.82625    -0.14331     0.83859
2015  7 25  0     0.64676    -0.06270     0.64979
2015  7 26  0     0.53030     0.13155     0.54638
2015  7 27  0     0.42028     0.30880     0.52153
2015  7 28  0     0.29769     0.46208     0.54967
2015  7 29  0     0.17705     0.62367     0.64831
2015  7 30  0     0.06138     0.73055     0.73312
2015  7 31  0    -0.02383     0.81085     0.81120
2015  8  1  0    -0.13356     0.90629     0.91608
2015  8  2  0    -0.22517     0.95948     0.98554
2015  8  3  0    -0.28781     1.02993     1.06939
2015  8  4  0    -0.30466     1.04991     1.09322
2015  8  5  0    -0.29384     1.01326     1.05501
2015  8  6  0    -0.29315     0.98515     1.02784
2015  8  7  0    -0.27697     0.94008     0.98003
2015  8  8  0    -0.18785     0.86263     0.88285
2015  8  9  0    -0.03750     0.67762     0.67865
2015  8 10  0     0.09798     0.41437     0.42580
2015  8 11  0     0.17841     0.18998     0.26061
2015  8 12  0     0.22428     0.01613     0.22486
2015  8 13  0     0.21607    -0.20705     0.29926
2015  8 14  0     0.09694    -0.42811     0.43895
2015  8 15  0    -0.02954    -0.60830     0.60901
2015  8 16  0    -0.19920    -0.65757     0.68708
2015  8 17  0    -0.35670    -0.63895     0.73177
2015  8 18  0    -0.49632    -0.57817     0.76198
2015  8 19  0    -0.57889    -0.44944     0.73288
2015  8 20  0    -0.64461    -0.32631     0.72250
2015  8 21  0    -0.72181    -0.20505     0.75037
2015  8 22  0    -0.68658    -0.03982     0.68774
2015  8 23  0    -0.55150     0.05829     0.55457
2015  8 24  0    -0.35254     0.10324     0.36735
2015  8 25  0    -0.03704     0.03967     0.05427
2015  8 26  0     0.23402    -0.06744     0.24354
2015  8 27  0     0.41503    -0.15054     0.44149
2015  8 28  0     0.55467    -0.22940     0.60024
2015  8 29  0     0.65864    -0.32207     0.73317
2015  8 30  0     0.79664    -0.47098     0.92545
2015  8 31  0     0.79941    -0.55491     0.97313
2015  9  1  0     0.81069    -0.53052     0.96885
2015  9  2  0     0.76082    -0.50570     0.91356
2015  9  3  0     0.59018    -0.47196     0.75568
2015  9  4  0     0.38057    -0.36549     0.52765
2015  9  5  0     0.22934    -0.25806     0.34524
2015  9  6  0     0.07904    -0.11179     0.13691
2015  9  7  0    -0.07301     0.03152     0.07952
2015  9  8  0    -0.33239     0.17401     0.37518
2015  9  9  0    -0.47748     0.29450     0.56100
2015  9 10  0    -0.60631     0.44093     0.74969
2015  9 11  0    -0.69865     0.62690     0.93867
2015  9 12  0    -0.76835     0.78731     1.10010
2015  9 13  0    -0.76481     0.87637     1.16317
2015  9 14  0    -0.76155     0.91324     1.18911
2015  9 15  0    -0.65564     0.86679     1.08682
2015  9 16  0    -0.48786     0.79321     0.93123
2015  9 17  0    -0.29016     0.71542     0.77202
2015  9 18  0    -0.16602     0.60031     0.62284
2015  9 19  0    -0.07883     0.42952     0.43670
2015  9 20  0    -0.04734     0.26202     0.26626
2015  9 21  0     0.01020     0.18524     0.18553
2015  9 22  0     0.05594     0.12104     0.13334
2015  9 23  0     0.11639     0.08826     0.14607
2015  9 24  0     0.10784     0.07793     0.13305
2015  9 25  0     0.03921     0.06989     0.08014
2015  9 26  0    -0.01229     0.09269     0.09350
2015  9 27  0    -0.10821     0.07643     0.13248
2015  9 28  0    -0.26444     0.05898     0.27094
2015  9 29  0    -0.39699     0.08391     0.40576
2015  9 30  0    -0.48803     0.05919     0.49161
2015 10  1  0    -0.52710     0.00477     0.52713
2015 10  2  0    -0.56165    -0.09217     0.56916
2015 10  3  0    -0.65208    -0.16702     0.67314
2015 10  4  0    -0.66951    -0.22231     0.70545
2015 10  5  0    -0.65729    -0.30662     0.72529
2015 10  6  0    -0.56045    -0.43871     0.71174
2015 10  7  0    -0.42793    -0.55400     0.70003
2015 10  8  0    -0.23071    -0.76799     0.80190
2015 10  9  0     0.00498    -0.99591     0.99593
2015 10 10  0     0.20783    -1.10385     1.12325
2015 10 11  0     0.33597    -1.17317     1.22033
2015 10 12  0     0.46053    -1.22699     1.31057
2015 10 13  0     0.55973    -1.25038     1.36995
2015 10 14  0     0.65597    -1.24723     1.40921
2015 10 15  0     0.77887    -1.18300     1.41638
2015 10 16  0     0.96302    -1.10378     1.46483
2015 10 17  0     1.16839    -1.04207     1.56558
2015 10 18  0     1.32273    -0.98286     1.64791
2015 10 19  0     1.48465    -0.99975     1.78989
2015 10 20  0     1.67217    -0.98823     1.94236
2015 10 21  0     1.90251    -0.78739     2.05901
2015 10 22  0     2.02123    -0.57858     2.10241
2015 10 23  0     2.04570    -0.33071     2.07226
2015 10 24  0     2.00148    -0.05965     2.00237
2015 10 25  0     1.87336     0.15598     1.87984
2015 10 26  0     1.63042     0.37170     1.67225
2015 10 27  0     1.41901     0.57107     1.52961
2015 10 28  0     1.20912     0.74657     1.42104
2015 10 29  0     0.94884     0.91895     1.32090
2015 10 30  0     0.70851     0.97718     1.20701
2015 10 31  0     0.56310     0.99320     1.14172
2015 11  1  0     0.44666     0.95568     1.05491
2015 11  2  0     0.31315     0.93117     0.98242
2015 11  3  0     0.28661     0.95467     0.99677
2015 11  4  0     0.28948     1.03621     1.07589
2015 11  5  0     0.26738     1.08787     1.12025
2015 11  6  0     0.23702     1.15558     1.17964
2015 11  7  0     0.28773     1.18375     1.21822
2015 11  8  0     0.34141     1.18882     1.23687
2015 11  9  0     0.30773     1.21656     1.25488
2015 11 10  0     0.29189     1.19121     1.22645
2015 11 11  0     0.34443     1.09026     1.14337
2015 11 12  0     0.31202     0.99601     1.04374
2015 11 13  0     0.27017     0.84131     0.88363
2015 11 14  0     0.23322     0.70049     0.73830
2015 11 15  0     0.20684     0.56599     0.60260
2015 11 16  0     0.15545     0.41471     0.44289
2015 11 17  0     0.06691     0.28702     0.29472
2015 11 18  0    -0.03306     0.05651     0.06547
2015 11 19  0    -0.08938    -0.11632     0.14669
2015 11 20  0     0.01258    -0.23462     0.23496
2015 11 21  0     0.14527    -0.33519     0.36531
2015 11 22  0     0.19487    -0.33484     0.38742
2015 11 23  0     0.19236    -0.32521     0.37784
2015 11 24  0     0.12419    -0.29863     0.32342
2015 11 25  0     0.08029    -0.23582     0.24911
2015 11 26  0     0.08731    -0.11297     0.14278
2015 11 27  0     0.14653     0.05949     0.15815
2015 11 28  0     0.20719     0.17167     0.26907
2015 11 29  0     0.21629     0.18379     0.28383
2015 11 30  0     0.20274     0.19789     0.28331
2015 12  1  0     0.29729     0.17367     0.34430
2015 12  2  0     0.39220     0.15076     0.42017
2015 12  3  0     0.50143     0.07740     0.50737
2015 12  4  0     0.51298     0.02946     0.51383
2015 12  5  0     0.45149    -0.04068     0.45332
2015 12  6  0     0.34795    -0.01518     0.34828
2015 12  7  0     0.27558     0.04477     0.27920
2015 12  8  0     0.19480     0.19166     0.27327
2015 12  9  0     0.13635     0.37413     0.39820
2015 12 10  0     0.00585     0.55102     0.55105
2015 12 11  0    -0.17290     0.76393     0.78325
2015 12 12  0    -0.34635     0.97806     1.03757
2015 12 13  0    -0.46458     1.09383     1.18840
2015 12 14  0    -0.62738     1.25422     1.40238
2015 12 15  0    -0.82133     1.32776     1.56126
2015 12 16  0    -0.98742     1.39144     1.70620
2015 12 17  0    -1.14146     1.38170     1.79221
2015 12 18  0    -1.23261     1.25739     1.76078
2015 12 19  0    -1.29046     1.10626     1.69973
2015 12 20  0    -1.31415     0.92342     1.60614
2015 12 21  0    -1.36553     0.68844     1.52925
2015 12 22  0    -1.45057     0.43548     1.51453
2015 12 23  0    -1.47315     0.08709     1.47572
2015 12 24  0    -1.49734    -0.28744     1.52468
2015 12 25  0    -1.52632    -0.70711     1.68216
2015 12 26  0    -1.50807    -1.14575     1.89394
2015 12 27  0    -1.38315    -1.45552     2.00790
2015 12 28  0    -1.19935    -1.69172     2.07373
2015 12 29  0    -0.95535    -1.92812     2.15182
2015 12 30  0    -0.70746    -2.17121     2.28356
2015 12 31  0    -0.45473    -2.37058     2.41380
2016  1  1  0    -0.07809    -2.52392     2.52512
2016  1  2  0     0.35484    -2.57523     2.59956
2016  1  3  0     0.84107    -2.54598     2.68131
2016  1  4  0     1.33925    -2.40792     2.75529
2016  1  5  0     1.73048    -2.23556     2.82706
2016  1  6  0     2.01966    -2.07625     2.89652
2016  1  7  0     2.22075    -1.89068     2.91657
2016  1  8  0     2.43482    -1.67519     2.95544
2016  1  9  0     2.61374    -1.45289     2.99040
2016  1 10  0     2.78331    -1.22063     3.03921
2016  1 11  0     2.88028    -1.01090     3.05253
2016  1 12  0     2.87055    -0.80728     2.98191
2016  1 13  0     2.80803    -0.65019     2.88232
2016  1 14  0     2.68317    -0.51871     2.73285
2016  1 15  0     2.57002    -0.45062     2.60922
2016  1 16  0     2.52139    -0.40131     2.55313
2016  1 17  0     2.42053    -0.33782     2.44399
2016  1 18  0     2.24889    -0.21017     2.25869
2016  1 19  0     1.95822    -0.02471     1.95837
2016  1 20  0     1.61026     0.20325     1.62304
2016  1 21  0     1.34319     0.40189     1.40203
2016  1 22  0     1.07012     0.57659     1.21558
2016  1 23  0     0.75751     0.77777     1.08570
2016  1 24  0     0.48571     1.01330     1.12369
2016  1 25  0     0.23045     1.25740     1.27834
2016  1 26  0     0.15679     1.52404     1.53209
2016  1 27  0     0.13357     1.76966     1.77470
2016  1 28  0     0.18795     1.94483     1.95389
2016  1 29  0     0.24789     2.03337     2.04843
2016  1 30  0     0.26346     2.11022     2.12661
2016  1 31  0     0.24836     2.19519     2.20920
2016  2  1  0     0.25407     2.17393     2.18873
2016  2  2  0     0.23543     2.12774     2.14072
2016  2  3  0     0.13506     2.09968     2.10401
2016  2  4  0    -0.13140     2.07227     2.07643
2016  2  5  0    -0.44200     2.03146     2.07899
2016  2  6  0    -0.77500     2.00883     2.15314
2016  2  7  0    -1.02931     1.98138     2.23279
2016  2  8  0    -1.26461     1.94240     2.31779
2016  2  9  0    -1.40340     1.82636     2.30329
2016  2 10  0    -1.54438     1.68240     2.28377
2016  2 11  0    -1.72490     1.56273     2.32753
2016  2 12  0    -1.89127     1.46792     2.39410
2016  2 13  0    -1.98171     1.20740     2.32056
2016  2 14  0    -2.06153     0.82100     2.21900
2016  2 15  0    -2.09598     0.34902     2.12484
2016  2 16  0    -2.18137    -0.07120     2.18254
2016  2 17  0    -2.25931    -0.44020     2.30179
2016  2 18  0    -2.30974    -0.74520     2.42697
2016  2 19  0    -2.31889    -0.99682     2.52407
2016  2 20  0    -2.25800    -1.26268     2.58707
2016  2 21  0    -2.04392    -1.59115     2.59024
2016  2 22  0    -1.74588    -1.79807     2.50622
2016  2 23  0    -1.32153    -1.91118     2.32358
2016  2 24  0    -0.84644    -1.89802     2.07820
2016  2 25  0    -0.31414    -1.79764     1.82488
2016  2 26  0     0.10910    -1.67387     1.67742
2016  2 27  0     0.39906    -1.53382     1.58488
2016  2 28  0     0.66004    -1.37664     1.52669
2016  2 29  0     0.84609    -1.19305     1.46262
2016  3  1  0     0.96375    -1.06120     1.43351
2016  3  2  0     0.99924    -1.02147     1.42894
2016  3  3  0     0.99917    -1.01856     1.42682
2016  3  4  0     0.98530    -1.06507     1.45092
2016  3  5  0     0.85062    -1.08675     1.38007
2016  3  6  0     0.66744    -0.98893     1.19309
2016  3  7  0     0.54007    -0.87244     1.02607
2016  3  8  0     0.45788    -0.71233     0.84679
2016  3  9  0     0.42889    -0.56735     0.71122
2016  3 10  0     0.36561    -0.37348     0.52265
2016  3 11  0     0.31777    -0.10056     0.33330
2016  3 12  0     0.26747     0.21283     0.34181
2016  3 13  0     0.17816     0.55725     0.58504
2016  3 14  0     0.06344     0.80720     0.80969
2016  3 15  0    -0.12547     0.96315     0.97129
2016  3 16  0    -0.37628     1.14053     1.20099
2016  3 17  0    -0.64712     1.20179     1.36494
2016  3 18  0    -0.90606     1.21582     1.51630
2016  3 19  0    -1.07708     1.19750     1.61063
2016  3 20  0    -1.17295     1.12476     1.62508
2016  3 21  0    -1.24826     1.07035     1.64432
2016  3 22  0    -1.27909     1.01980     1.63587
2016  3 23  0    -1.33748     1.00043     1.67024
2016  3 24  0    -1.35792     0.97628     1.67245
2016  3 25  0    -1.36445     0.83617     1.60028
2016  3 26  0    -1.30057     0.64405     1.45130
2016  3 27  0    -1.17974     0.42768     1.25487
2016  3 28  0    -1.09965     0.21509     1.12049
2016  3 29  0    -1.05211     0.09996     1.05684
2016  3 30  0    -0.92877     0.03438     0.92941
2016  3 31  0    -0.79428     0.00263     0.79429
2016  4  1  0    -0.59620    -0.01864     0.59649
2016  4  2  0    -0.33225    -0.10458     0.34832
2016  4  3  0    -0.10340    -0.11553     0.15504
2016  4  4  0     0.00930    -0.01499     0.01764
2016  4  5  0     0.10823     0.11623     0.15881
2016  4  6  0     0.23708     0.25581     0.34878
2016  4  7  0     0.37382     0.37923     0.53250
2016  4  8  0     0.40834     0.37588     0.55500
2016  4  9  0     0.35178     0.34018     0.48936
2016  4 10  0     0.20859     0.23390     0.31340
2016  4 11  0     0.01788     0.10999     0.11143
2016  4 12  0    -0.06967    -0.01953     0.07236
2016  4 13  0    -0.04481    -0.11605     0.12440
2016  4 14  0     0.01493    -0.31810     0.31845
2016  4 15  0     0.06034    -0.43475     0.43892
2016  4 16  0     0.14338    -0.54862     0.56704
2016  4 17  0     0.25283    -0.60838     0.65882
2016  4 18  0     0.36449    -0.70237     0.79131
2016  4 19  0     0.52883    -0.75596     0.92257
2016  4 20  0     0.63129    -0.72327     0.96002
2016  4 21  0     0.68551    -0.64666     0.94239
2016  4 22  0     0.72250    -0.62101     0.95272
2016  4 23  0     0.67534    -0.53561     0.86195
2016  4 24  0     0.60308    -0.47011     0.76466
2016  4 25  0     0.49428    -0.34700     0.60392
2016  4 26  0     0.39667    -0.19944     0.44399
2016  4 27  0     0.37337    -0.07535     0.38090
2016  4 28  0     0.36733    -0.00244     0.36734
2016  4 29  0     0.47876    -0.01742     0.47907
2016  4 30  0     0.58999    -0.02556     0.59054
2016  5  1  0     0.70105     0.07092     0.70463
2016  5  2  0     0.83778     0.18984     0.85902
2016  5  3  0     1.02565     0.26573     1.05952
2016  5  4  0     1.20171     0.27606     1.23301
2016  5  5  0     1.35190     0.23003     1.37133
2016  5  6  0     1.44741     0.21729     1.46363
2016  5  7  0     1.55691     0.31519     1.58849
2016  5  8  0     1.64273     0.42243     1.69617
2016  5  9  0     1.69746     0.49162     1.76722
2016  5 10  0     1.74763     0.55167     1.83264
2016  5 11  0     1.69584     0.70707     1.83734
2016  5 12  0     1.58409     0.90058     1.82219
2016  5 13  0     1.44187     1.04802     1.78251
2016  5 14  0     1.22318     1.23130     1.73559
2016  5 15  0     1.00719     1.34425     1.67971
2016  5 16  0     0.65444     1.42862     1.57138
2016  5 17  0     0.29863     1.53193     1.56077
2016  5 18  0    -0.06998     1.62637     1.62788
2016  5 19  0    -0.45993     1.62610     1.68989
2016  5 20  0    -0.65094     1.56548     1.69542
2016  5 21  0    -0.85568     1.43580     1.67144
2016  5 22  0    -0.97389     1.34160     1.65782
2016  5 23  0    -0.99671     1.21516     1.57164
2016  5 24  0    -0.98073     1.18225     1.53608
2016  5 25  0    -0.90561     1.10845     1.43136
2016  5 26  0    -0.86284     1.02309     1.33836
2016  5 27  0    -0.82411     0.98030     1.28068
2016  5 28  0    -0.72731     0.97301     1.21479
2016  5 29  0    -0.70630     0.88651     1.13347
2016  5 30  0    -0.73445     0.79679     1.08364
2016  5 31  0    -0.83267     0.71940     1.10040
2016  6  1  0    -0.95935     0.60580     1.13461
2016  6  2  0    -1.06397     0.37631     1.12856
2016  6  3  0    -1.11436     0.19785     1.13179
2016  6  4  0    -1.15009     0.07153     1.15231
2016  6  5  0    -1.05916    -0.16675     1.07220
2016  6  6  0    -1.01504    -0.44262     1.10735
2016  6  7  0    -1.03158    -0.56990     1.17853
2016  6  8  0    -0.92335    -0.59637     1.09920
2016  6  9  0    -0.68185    -0.66271     0.95084
2016  6 10  0    -0.41459    -0.64187     0.76412
2016  6 11  0    -0.23142    -0.56456     0.61015
2016  6 12  0    -0.03061    -0.43024     0.43133
2016  6 13  0     0.21078    -0.27946     0.35004
2016  6 14  0     0.42016    -0.06543     0.42522
2016  6 15  0     0.65558     0.19075     0.68277
2016  6 16  0     0.86534     0.38798     0.94833
2016  6 17  0     1.04071     0.54605     1.17527
2016  6 18  0     1.14597     0.75153     1.37041
2016  6 19  0     1.12924     0.96145     1.48309
2016  6 20  0     1.11465     1.23800     1.66586
2016  6 21  0     1.05824     1.37738     1.73696
2016  6 22  0     0.85498     1.44387     1.67802
2016  6 23  0     0.59268     1.53233     1.64295
2016  6 24  0     0.39511     1.53298     1.58308
2016  6 25  0     0.29337     1.42073     1.45071
2016  6 26  0     0.04693     1.28801     1.28886
2016  6 27  0    -0.23384     1.13179     1.15569
2016  6 28  0    -0.43267     0.93899     1.03388
2016  6 29  0    -0.63870     0.56962     0.85580
2016  6 30  0    -0.85282     0.19655     0.87518
2016  7  1  0    -0.91653    -0.10110     0.92209
2016  7  2  0    -0.87536    -0.40388     0.96404
2016  7  3  0    -0.90604    -0.62061     1.09821
2016  7  4  0    -0.98705    -0.75055     1.24000
2016  7  5  0    -0.91165    -0.84697     1.24437
2016  7  6  0    -0.72875    -0.89690     1.15564
2016  7  7  0    -0.50333    -0.93601     1.06276
2016  7  8  0    -0.19460    -0.94701     0.96680
2016  7  9  0     0.17430    -0.94456     0.96051
2016  7 10  0     0.50625    -0.98357     1.10621
2016  7 11  0     0.74648    -0.99797     1.24627
2016  7 12  0     0.96376    -1.05300     1.42746
2016  7 13  0     1.22103    -1.10797     1.64879
2016  7 14  0     1.38182    -1.10182     1.76732
2016  7 15  0     1.46102    -1.07489     1.81382
2016  7 16  0     1.54825    -0.98177     1.83329
2016  7 17  0     1.55633    -0.79252     1.74649
2016  7 18  0     1.52105    -0.57462     1.62597
2016  7 19  0     1.47955    -0.32987     1.51588
2016  7 20  0     1.44648    -0.08281     1.44885
2016  7 21  0     1.34771     0.13298     1.35425
2016  7 22  0     1.16725     0.34142     1.21616
2016  7 23  0     0.92062     0.52777     1.06117
2016  7 24  0     0.65864     0.63782     0.91685
2016  7 25  0     0.38249     0.66856     0.77024
2016  7 26  0     0.21265     0.66457     0.69776
2016  7 27  0     0.04022     0.60196     0.60331
2016  7 28  0    -0.15691     0.48887     0.51343
2016  7 29  0    -0.32126     0.33817     0.46644
2016  7 30  0    -0.40641     0.28360     0.49558
2016  7 31  0    -0.46932     0.19987     0.51011
2016  8  1  0    -0.48948     0.11982     0.50393
2016  8  2  0    -0.48094     0.04828     0.48336
2016  8  3  0    -0.48353    -0.00629     0.48357
2016  8  4  0    -0.53189    -0.03344     0.53294
2016  8  5  0    -0.60002    -0.01307     0.60016
2016  8  6  0    -0.64294    -0.03023     0.64365
2016  8  7  0    -0.69577    -0.11839     0.70577
2016  8  8  0    -0.71924    -0.28602     0.77403
2016  8  9  0    -0.79334    -0.43698     0.90572
2016  8 10  0    -0.81776    -0.56408     0.99344
2016  8 11  0    -0.87120    -0.66757     1.09756
2016  8 12  0    -0.89626    -0.75364     1.17101
2016  8 13  0    -0.88397    -0.87365     1.24285
2016  8 14  0    -0.82319    -0.98678     1.28506
2016  8 15  0    -0.74775    -1.11270     1.34060
2016  8 16  0    -0.63959    -1.11376     1.28434
2016  8 17  0    -0.54139    -0.99768     1.13510
2016  8 18  0    -0.32466    -0.80328     0.86641
2016  8 19  0    -0.08481    -0.68497     0.69020
2016  8 20  0     0.18364    -0.58542     0.61355
2016  8 21  0     0.33330    -0.46363     0.57100
2016  8 22  0     0.37138    -0.33422     0.49963
2016  8 23  0     0.38522    -0.25101     0.45978
2016  8 24  0     0.44749    -0.11945     0.46316
2016  8 25  0     0.53972    -0.05232     0.54225
2016  8 26  0     0.65701    -0.03423     0.65790
2016  8 27  0     0.68733    -0.10782     0.69574
2016  8 28  0     0.73266    -0.09448     0.73873
2016  8 29  0     0.72779    -0.12053     0.73771
2016  8 30  0     0.66076    -0.16028     0.67992
2016  8 31  0     0.63955    -0.11713     0.65019
2016  9  1  0     0.68951    -0.03822     0.69057
2016  9  2  0     0.67845     0.10395     0.68637
2016  9  3  0     0.58731     0.22268     0.62811
2016  9  4  0     0.44089     0.28890     0.52711
2016  9  5  0     0.28624     0.32774     0.43514
2016  9  6  0     0.04554     0.35638     0.35928
2016  9  7  0    -0.17911     0.42378     0.46008
2016  9  8  0    -0.26631     0.51186     0.57699
2016  9  9  0    -0.39768     0.54124     0.67163
2016  9 10  0    -0.55824     0.59313     0.81451
2016  9 11  0    -0.64897     0.61899     0.89684
2016  9 12  0    -0.71306     0.67579     0.98242
2016  9 13  0    -0.74940     0.73178     1.04743
2016  9 14  0    -0.74380     0.80878     1.09880
2016  9 15  0    -0.69825     0.83003     1.08467
2016  9 16  0    -0.71324     0.87862     1.13168
2016  9 17  0    -0.70999     0.83899     1.09909
2016  9 18  0    -0.63916     0.74900     0.98465
2016  9 19  0    -0.60552     0.63487     0.87734
2016  9 20  0    -0.64640     0.42540     0.77382
2016  9 21  0    -0.74276     0.21847     0.77423
2016  9 22  0    -0.85226     0.09827     0.85791
2016  9 23  0    -0.95419     0.05918     0.95603
2016  9 24  0    -0.98362     0.02829     0.98402
2016  9 25  0    -0.90703    -0.04345     0.90807
2016  9 26  0    -0.89155    -0.09470     0.89656
2016  9 27  0    -0.93027    -0.09221     0.93483
2016  9 28  0    -1.06597    -0.03135     1.06643
2016  9 29  0    -1.17381     0.08694     1.17702
2016  9 30  0    -1.17976     0.21989     1.20008
2016 10  1  0    -1.12775     0.29315     1.16523
2016 10  2  0    -1.10538     0.34543     1.15810
2016 10  3  0    -1.09746     0.41068     1.17178
2016 10  4  0    -1.12698     0.41846     1.20216
2016 10  5  0    -1.09236     0.43997     1.17763
2016 10  6  0    -1.09415     0.42361     1.17329
2016 10  7  0    -1.05910     0.36503     1.12024
2016 10  8  0    -1.01735     0.24214     1.04577
2016 10  9  0    -0.94276     0.08168     0.94629
2016 10 10  0    -0.87254    -0.09438     0.87763
2016 10 11  0    -0.75974    -0.24230     0.79745
2016 10 12  0    -0.70264    -0.32230     0.77303
2016 10 13  0    -0.62947    -0.31237     0.70271
2016 10 14  0    -0.54760    -0.32355     0.63604
2016 10 15  0    -0.41855    -0.24652     0.48575
2016 10 16  0    -0.18020    -0.11004     0.21114
2016 10 17  0     0.02719     0.05904     0.06500
2016 10 18  0     0.19354     0.21359     0.28823
2016 10 19  0     0.37537     0.35487     0.51656
2016 10 20  0     0.52607     0.43654     0.68360
2016 10 21  0     0.59969     0.44111     0.74445
2016 10 22  0     0.55139     0.40484     0.68405
2016 10 23  0     0.40496     0.34697     0.53327
2016 10 24  0     0.28107     0.24618     0.37363
2016 10 25  0     0.12843     0.22184     0.25633
2016 10 26  0    -0.00710     0.19946     0.19958
2016 10 27  0    -0.17554     0.15576     0.23468
2016 10 28  0    -0.33992     0.11981     0.36041
2016 10 29  0    -0.49047     0.08986     0.49864
2016 10 30  0    -0.54246     0.08262     0.54872
2016 10 31  0    -0.48022     0.12414     0.49600
2016 11  1  0    -0.27713     0.20760     0.34626
2016 11  2  0    -0.13513     0.26467     0.29717
2016 11  3  0     0.00622     0.14189     0.14202
2016 11  4  0     0.11120    -0.06922     0.13099
2016 11  5  0     0.23521    -0.29683     0.37873
2016 11  6  0     0.37135    -0.58979     0.69697
2016 11  7  0     0.54927    -0.87485     1.03299
2016 11  8  0     0.71941    -1.19329     1.39337
2016 11  9  0     0.83481    -1.43560     1.66068
2016 11 10  0     0.86072    -1.58278     1.80167
2016 11 11  0     0.76445    -1.74441     1.90456
2016 11 12  0     0.67467    -1.78901     1.91200
2016 11 13  0     0.62811    -1.81922     1.92460
2016 11 14  0     0.64808    -1.75038     1.86650
2016 11 15  0     0.68457    -1.56345     1.70676
2016 11 16  0     0.72780    -1.35693     1.53978
2016 11 17  0     0.80698    -1.09001     1.35622
2016 11 18  0     0.81279    -0.82219     1.15612
2016 11 19  0     0.80228    -0.56647     0.98211
2016 11 20  0     0.79972    -0.28189     0.84795
2016 11 21  0     0.74106    -0.00372     0.74107
2016 11 22  0     0.60459     0.26792     0.66129
2016 11 23  0     0.47595     0.37669     0.60698
2016 11 24  0     0.36319     0.39204     0.53442
2016 11 25  0     0.23168     0.37928     0.44444
2016 11 26  0     0.05668     0.38813     0.39225
2016 11 27  0    -0.00336     0.39998     0.40000
2016 11 28  0    -0.02125     0.41379     0.41433
2016 11 29  0    -0.03358     0.40134     0.40274
2016 11 30  0    -0.12518     0.34466     0.36669
2016 12  1  0    -0.20828     0.30312     0.36778
2016 12  2  0    -0.28292     0.28588     0.40220
2016 12  3  0    -0.32899     0.26426     0.42198
2016 12  4  0    -0.25445     0.29068     0.38632
2016 12  5  0    -0.16323     0.29678     0.33871
2016 12  6  0    -0.12319     0.33192     0.35404
2016 12  7  0    -0.14214     0.31279     0.34357
2016 12  8  0    -0.23046     0.25472     0.34350
2016 12  9  0    -0.31285     0.23279     0.38996
2016 12 10  0    -0.41464     0.20456     0.46235
2016 12 11  0    -0.55927     0.17541     0.58613
2016 12 12  0    -0.72872     0.15777     0.74560
2016 12 13  0    -0.95957     0.15108     0.97139
2016 12 14  0    -1.17946     0.11147     1.18472
2016 12 15  0    -1.31491     0.08092     1.31740
2016 12 16  0    -1.35703     0.03153     1.35739
2016 12 17  0    -1.32881     0.04811     1.32968
2016 12 18  0    -1.23807     0.07309     1.24023
2016 12 19  0    -1.10734     0.15116     1.11761
2016 12 20  0    -0.96361     0.19869     0.98388
2016 12 21  0    -0.83825     0.28638     0.88582
2016 12 22  0    -0.66462     0.37740     0.76430
2016 12 23  0    -0.52677     0.40448     0.66414
2016 12 24  0    -0.47062     0.34668     0.58453
2016 12 25  0    -0.38441     0.33086     0.50719
2016 12 26  0    -0.25788     0.34379     0.42976
2016 12 27  0    -0.13631     0.32504     0.35247
2016 12 28  0    -0.04437     0.29969     0.30295
2016 12 29  0     0.01313     0.36321     0.36344
2016 12 30  0     0.09627     0.41015     0.42129
2016 12 31  0     0.13079     0.39813     0.41906
2017  1  1  0     0.14577     0.41471     0.43958
2017  1  2  0     0.18111     0.41210     0.45014
2017  1  3  0     0.11589     0.41722     0.43302
2017  1  4  0    -0.06145     0.35903     0.36425
2017  1  5  0    -0.25545     0.29288     0.38863
2017  1  6  0    -0.37237     0.21288     0.42892
2017  1  7  0    -0.36634     0.08535     0.37615
2017  1  8  0    -0.36447    -0.06053     0.36946
2017  1  9  0    -0.34554    -0.17381     0.38679
2017  1 10  0    -0.25029    -0.21221     0.32815
2017  1 11  0    -0.15917    -0.17319     0.23523
2017  1 12  0    -0.06430    -0.15634     0.16905
2017  1 13  0     0.16065    -0.18938     0.24834
2017  1 14  0     0.40401    -0.29274     0.49892
2017  1 15  0     0.56025    -0.39417     0.68502
2017  1 16  0     0.66091    -0.50985     0.83472
2017  1 17  0     0.74787    -0.61470     0.96807
2017  1 18  0     0.81929    -0.66803     1.05712
2017  1 19  0     0.84957    -0.74489     1.12988
2017  1 20  0     0.90095    -0.83038     1.22525
2017  1 21  0     0.99094    -0.80743     1.27824
2017  1 22  0     1.01104    -0.71070     1.23584
2017  1 23  0     1.00878    -0.50744     1.12922
2017  1 24  0     1.06630    -0.35301     1.12321
2017  1 25  0     1.09346    -0.18633     1.10923
2017  1 26  0     1.04951     0.01672     1.04964
2017  1 27  0     0.94736     0.17941     0.96419
2017  1 28  0     0.75692     0.30864     0.81743
2017  1 29  0     0.47615     0.45838     0.66093
2017  1 30  0     0.17014     0.58410     0.60838
2017  1 31  0    -0.08543     0.70232     0.70750
2017  2  1  0    -0.33822     0.77440     0.84504
2017  2  2  0    -0.60219     0.86334     1.05261
2017  2  3  0    -0.87554     0.86984     1.23418
2017  2  4  0    -1.11059     0.72665     1.32719
2017  2  5  0    -1.31751     0.49550     1.40760
2017  2  6  0    -1.41207     0.24697     1.43351
2017  2  7  0    -1.35897    -0.01743     1.35908
2017  2  8  0    -1.29838    -0.33169     1.34007
2017  2  9  0    -1.24745    -0.63726     1.40080
2017  2 10  0    -1.14744    -0.93704     1.48144
2017  2 11  0    -1.05856    -1.24940     1.63754
2017  2 12  0    -0.95662    -1.53096     1.80526
2017  2 13  0    -0.79901    -1.74364     1.91799
2017  2 14  0    -0.56807    -1.93239     2.01415
2017  2 15  0    -0.40295    -2.03537     2.07488
2017  2 16  0    -0.23976    -2.08300     2.09675
2017  2 17  0     0.01952    -2.07233     2.07242
2017  2 18  0     0.24759    -2.02968     2.04473
2017  2 19  0     0.45091    -1.95276     2.00414
2017  2 20  0     0.64185    -1.81676     1.92680
2017  2 21  0     0.86264    -1.56735     1.78906
2017  2 22  0     1.11353    -1.26144     1.68261
2017  2 23  0     1.26023    -0.86243     1.52708
2017  2 24  0     1.40313    -0.43403     1.46873
2017  2 25  0     1.46810    -0.05307     1.46906
2017  2 26  0     1.43296     0.23535     1.45216
2017  2 27  0     1.42311     0.36737     1.46977
2017  2 28  0     1.40409     0.45702     1.47660
2017  3  1  0     1.40023     0.51152     1.49073
2017  3  2  0     1.40548     0.51368     1.49641
2017  3  3  0     1.35884     0.41328     1.42030
2017  3  4  0     1.26959     0.33080     1.31198
2017  3  5  0     1.15805     0.24924     1.18457
2017  3  6  0     0.96953     0.16487     0.98345
2017  3  7  0     0.78160     0.06582     0.78437
2017  3  8  0     0.59008     0.10422     0.59921
2017  3  9  0     0.43329     0.14584     0.45718
2017  3 10  0     0.30397     0.13030     0.33073
2017  3 11  0     0.12180     0.13739     0.18361
2017  3 12  0    -0.06452     0.23083     0.23968
2017  3 13  0    -0.17861     0.29071     0.34119
2017  3 14  0    -0.27496     0.29565     0.40375
2017  3 15  0    -0.34732     0.21379     0.40785
2017  3 16  0    -0.42557     0.18701     0.46485
2017  3 17  0    -0.45846     0.16688     0.48789
2017  3 18  0    -0.49864     0.16500     0.52522
2017  3 19  0    -0.59696     0.14548     0.61443
2017  3 20  0    -0.74023     0.18664     0.76340
2017  3 21  0    -0.82226     0.30293     0.87628
2017  3 22  0    -0.85286     0.45903     0.96855
2017  3 23  0    -0.86153     0.62481     1.06425
2017  3 24  0    -0.86877     0.79591     1.17823
2017  3 25  0    -0.90882     0.84063     1.23799
2017  3 26  0    -0.99461     0.89726     1.33953
2017  3 27  0    -1.11867     0.91648     1.44615
2017  3 28  0    -1.10902     1.02243     1.50841
2017  3 29  0    -0.91181     1.01132     1.36168
2017  3 30  0    -0.83898     0.90845     1.23660
2017  3 31  0    -0.85253     0.81392     1.17867
2017  4  1  0    -0.86840     0.69631     1.11309
2017  4  2  0    -0.85335     0.58637     1.03539
2017  4  3  0    -0.80248     0.52155     0.95708
2017  4  4  0    -0.70354     0.45749     0.83921
2017  4  5  0    -0.53133     0.42440     0.68002
2017  4  6  0    -0.38876     0.36494     0.53321
2017  4  7  0    -0.34422     0.31682     0.46782
2017  4  8  0    -0.21455     0.25889     0.33624
2017  4  9  0    -0.04312     0.10068     0.10953
2017  4 10  0     0.03865    -0.06638     0.07681
2017  4 11  0     0.10839    -0.14478     0.18085
2017  4 12  0     0.21999    -0.22320     0.31339
2017  4 13  0     0.27032    -0.24100     0.36215
2017  4 14  0     0.29783    -0.29021     0.41584
2017  4 15  0     0.26231    -0.39116     0.47097
2017  4 16  0     0.18088    -0.44094     0.47659
2017  4 17  0     0.07478    -0.52337     0.52868
2017  4 18  0    -0.03680    -0.53445     0.53571
2017  4 19  0    -0.09067    -0.51008     0.51807
2017  4 20  0    -0.14470    -0.54609     0.56493
2017  4 21  0    -0.17467    -0.58805     0.61345
2017  4 22  0    -0.20745    -0.71934     0.74865
2017  4 23  0    -0.30740    -0.78487     0.84292
2017  4 24  0    -0.42517    -0.84068     0.94208
2017  4 25  0    -0.53132    -0.90654     1.05077
2017  4 26  0    -0.57203    -0.88446     1.05332
2017  4 27  0    -0.61033    -0.91983     1.10390
2017  4 28  0    -0.61451    -0.93375     1.11781
2017  4 29  0    -0.64855    -0.98036     1.17547
2017  4 30  0    -0.71548    -1.00080     1.23025
2017  5  1  0    -0.68865    -1.04087     1.24805
2017  5  2  0    -0.59000    -1.04168     1.19717
2017  5  3  0    -0.45726    -1.01294     1.11137
2017  5  4  0    -0.29239    -0.98923     1.03154
2017  5  5  0    -0.18715    -0.95652     0.97466
2017  5  6  0    -0.01570    -0.83229     0.83243
2017  5  7  0     0.13857    -0.71556     0.72886
2017  5  8  0     0.33454    -0.50171     0.60302
2017  5  9  0     0.56446    -0.30693     0.64251
2017  5 10  0     0.76986    -0.09390     0.77556
2017  5 11  0     0.93746     0.07508     0.94046
2017  5 12  0     1.09659     0.13243     1.10456
2017  5 13  0     1.21225     0.21908     1.23189
2017  5 14  0     1.34890     0.33805     1.39062
2017  5 15  0     1.34469     0.41074     1.40602
2017  5 16  0     1.36527     0.42963     1.43128
2017  5 17  0     1.41464     0.39270     1.46814
2017  5 18  0     1.34876     0.43376     1.41679
2017  5 19  0     1.22819     0.45359     1.30928
2017  5 20  0     1.08836     0.39676     1.15842
2017  5 21  0     0.89376     0.42503     0.98968
2017  5 22  0     0.73430     0.50187     0.88942
2017  5 23  0     0.55839     0.49709     0.74759
2017  5 24  0     0.44796     0.54701     0.70703
2017  5 25  0     0.36221     0.63306     0.72935
2017  5 26  0     0.27660     0.69226     0.74548
2017  5 27  0     0.28938     0.66652     0.72663
2017  5 28  0     0.31517     0.63496     0.70888
2017  5 29  0     0.36067     0.67123     0.76199
2017  5 30  0     0.33076     0.70723     0.78076
2017  5 31  0     0.16852     0.72453     0.74387
2017  6  1  0     0.00296     0.82673     0.82673
2017  6  2  0    -0.13176     0.88951     0.89921
2017  6  3  0    -0.32533     0.91111     0.96745
2017  6  4  0    -0.56559     0.86917     1.03699
2017  6  5  0    -0.84527     0.78127     1.15103
2017  6  6  0    -1.06141     0.68727     1.26449
2017  6  7  0    -1.14229     0.56706     1.27530
2017  6  8  0    -1.08160     0.36914     1.14286
2017  6  9  0    -0.91943     0.11382     0.92645
2017  6 10  0    -0.78878    -0.15574     0.80401
2017  6 11  0    -0.68049    -0.44183     0.81134
2017  6 12  0    -0.47087    -0.77120     0.90359
2017  6 13  0    -0.34212    -0.98728     1.04488
2017  6 14  0    -0.28489    -1.05847     1.09614
2017  6 15  0    -0.22900    -1.13323     1.15614
2017  6 16  0    -0.32388    -1.19760     1.24062
2017  6 17  0    -0.40192    -1.07589     1.14851
2017  6 18  0    -0.42726    -0.94153     1.03394
2017  6 19  0    -0.32072    -0.82176     0.88213
2017  6 20  0    -0.22442    -0.69441     0.72977
2017  6 21  0    -0.31929    -0.42906     0.53483
2017  6 22  0    -0.35128    -0.26445     0.43970
2017  6 23  0    -0.22611    -0.19195     0.29660
2017  6 24  0    -0.22484    -0.07841     0.23812
2017  6 25  0    -0.21175    -0.00401     0.21178
2017  6 26  0    -0.17960    -0.02928     0.18197
2017  6 27  0    -0.09031    -0.01138     0.09102
2017  6 28  0    -0.13280    -0.06186     0.14650
2017  6 29  0    -0.19790    -0.10852     0.22570
2017  6 30  0    -0.18065    -0.18708     0.26006
2017  7  1  0    -0.17210    -0.13217     0.21700
2017  7  2  0    -0.19192    -0.06727     0.20337
2017  7  3  0    -0.07037    -0.02141     0.07355
2017  7  4  0     0.08002     0.04522     0.09192
2017  7  5  0     0.11060     0.06171     0.12665
2017  7  6  0     0.02028     0.09593     0.09805
2017  7  7  0    -0.01723     0.25375     0.25434
2017  7  8  0    -0.03987     0.43549     0.43731
2017  7  9  0    -0.07560     0.64749     0.65189
2017  7 10  0    -0.08938     0.75923     0.76448
2017  7 11  0    -0.16387     0.80744     0.82390
2017  7 12  0    -0.33079     0.83533     0.89845
2017  7 13  0    -0.48444     0.91018     1.03107
2017  7 14  0    -0.50561     1.01488     1.13385
2017  7 15  0    -0.50053     1.07669     1.18735
2017  7 16  0    -0.49438     1.07965     1.18746
2017  7 17  0    -0.54153     1.03279     1.16615
2017  7 18  0    -0.63819     0.90950     1.11107
2017  7 19  0    -0.75797     0.73015     1.05244
2017  7 20  0    -0.84141     0.59477     1.03040
2017  7 21  0    -0.82176     0.43036     0.92763
2017  7 22  0    -0.78745     0.18292     0.80841
2017  7 23  0    -0.72595    -0.04284     0.72721
2017  7 24  0    -0.62800    -0.30058     0.69622
2017  7 25  0    -0.52631    -0.61041     0.80598
2017  7 26  0    -0.30831    -0.84307     0.89768
2017  7 27  0    -0.00471    -1.02112     1.02113
2017  7 28  0     0.25351    -1.10626     1.13493
2017  7 29  0     0.45625    -1.18630     1.27101
2017  7 30  0     0.62393    -1.19530     1.34835
2017  7 31  0     0.74023    -1.06239     1.29484
2017  8  1  0     0.79778    -0.93065     1.22579
2017  8  2  0     0.90861    -0.83531     1.23423
2017  8  3  0     1.01882    -0.69289     1.23211
2017  8  4  0     1.07644    -0.58228     1.22384
2017  8  5  0     1.07842    -0.47279     1.17751
2017  8  6  0     1.14424    -0.37463     1.20401
2017  8  7  0     1.26376    -0.27027     1.29233
2017  8  8  0     1.28179    -0.19737     1.29690
2017  8  9  0     1.27195    -0.14006     1.27964
2017  8 10  0     1.28629    -0.03507     1.28677
2017  8 11  0     1.20754     0.11610     1.21311
2017  8 12  0     0.99037     0.20742     1.01186
2017  8 13  0     0.75740     0.27078     0.80435
2017  8 14  0     0.53604     0.34164     0.63566
2017  8 15  0     0.29949     0.42202     0.51749
2017  8 16  0     0.07947     0.41420     0.42175
2017  8 17  0    -0.06818     0.43710     0.44239
2017  8 18  0    -0.16275     0.41673     0.44739
2017  8 19  0    -0.28050     0.27757     0.39462
2017  8 20  0    -0.36062     0.09842     0.37381
2017  8 21  0    -0.32167    -0.03144     0.32320
2017  8 22  0    -0.27157    -0.14312     0.30698
2017  8 23  0    -0.21778    -0.20150     0.29670
2017  8 24  0    -0.10283    -0.24858     0.26901
2017  8 25  0    -0.02311    -0.27192     0.27290
2017  8 26  0     0.08011    -0.36936     0.37795
2017  8 27  0     0.15765    -0.45751     0.48391
2017  8 28  0     0.22342    -0.50567     0.55283
2017  8 29  0     0.25990    -0.50426     0.56730
2017  8 30  0     0.38815    -0.43031     0.57950
2017  8 31  0     0.55649    -0.37938     0.67350
2017  9  1  0     0.68574    -0.37814     0.78309
2017  9  2  0     0.75976    -0.34109     0.83281
2017  9  3  0     0.83980    -0.22535     0.86951
2017  9  4  0     0.92873    -0.07601     0.93184
2017  9  5  0     0.93519    -0.01873     0.93538
2017  9  6  0     0.82140     0.05769     0.82342
2017  9  7  0     0.65611     0.11117     0.66547
2017  9  8  0     0.38852     0.10428     0.40227
2017  9  9  0     0.10055     0.17462     0.20150
2017  9 10  0    -0.19903     0.32722     0.38299
2017  9 11  0    -0.45478     0.45649     0.64436
2017  9 12  0    -0.70346     0.56111     0.89983
2017  9 13  0    -0.99884     0.61629     1.17367
2017  9 14  0    -1.18099     0.67476     1.36016
2017  9 15  0    -1.17608     0.72453     1.38134
2017  9 16  0    -1.10821     0.79741     1.36528
2017  9 17  0    -1.04173     0.88227     1.36514
2017  9 18  0    -1.01496     0.81744     1.30321
2017  9 19  0    -0.87333     0.68264     1.10847
2017  9 20  0    -0.75957     0.63214     0.98821
2017  9 21  0    -0.70087     0.57114     0.90411
2017  9 22  0    -0.68490     0.53574     0.86955
2017  9 23  0    -0.59207     0.56386     0.81761
2017  9 24  0    -0.53024     0.60214     0.80233
2017  9 25  0    -0.50170     0.58887     0.77361
2017  9 26  0    -0.49610     0.49488     0.70073
2017  9 27  0    -0.38174     0.51759     0.64313
2017  9 28  0    -0.33110     0.48159     0.58443
2017  9 29  0    -0.30879     0.34292     0.46146
2017  9 30  0    -0.13022     0.23351     0.26736
2017 10  1  0     0.14846     0.09549     0.17652
2017 10  2  0     0.23630    -0.04512     0.24057
2017 10  3  0     0.20268    -0.19232     0.27940
2017 10  4  0     0.16349    -0.24521     0.29472
2017 10  5  0     0.19786    -0.15489     0.25128
2017 10  6  0     0.18444    -0.07540     0.19926
2017 10  7  0     0.11209    -0.00290     0.11212
2017 10  8  0    -0.04210     0.05299     0.06768
2017 10  9  0    -0.36923     0.07901     0.37759
2017 10 10  0    -0.73030     0.16424     0.74854
2017 10 11  0    -0.97441     0.25657     1.00762
2017 10 12  0    -1.12745     0.41146     1.20018
2017 10 13  0    -1.18770     0.41432     1.25789
2017 10 14  0    -1.29876     0.25591     1.32373
2017 10 15  0    -1.41298     0.06306     1.41438
2017 10 16  0    -1.44248    -0.08427     1.44494
2017 10 17  0    -1.39482    -0.20228     1.40941
2017 10 18  0    -1.29071    -0.33435     1.33332
2017 10 19  0    -1.21464    -0.50441     1.31521
2017 10 20  0    -1.20365    -0.69790     1.39135
2017 10 21  0    -1.15858    -0.99265     1.52567
2017 10 22  0    -1.09396    -1.15269     1.58917
2017 10 23  0    -0.91418    -1.19107     1.50146
2017 10 24  0    -0.68226    -1.24360     1.41846
2017 10 25  0    -0.51227    -1.20693     1.31114
2017 10 26  0    -0.38652    -1.08575     1.15249
2017 10 27  0    -0.21890    -0.95180     0.97665
2017 10 28  0    -0.01183    -0.83899     0.83907
2017 10 29  0     0.20133    -0.74194     0.76877
2017 10 30  0     0.39105    -0.61763     0.73102
2017 10 31  0     0.53986    -0.49447     0.73209
2017 11  1  0     0.69239    -0.38546     0.79246
2017 11  2  0     0.76809    -0.15298     0.78317
2017 11  3  0     0.83820     0.06375     0.84062
2017 11  4  0     0.88821     0.20561     0.91170
2017 11  5  0     0.82535     0.32457     0.88687
2017 11  6  0     0.73867     0.44665     0.86321
2017 11  7  0     0.58773     0.58726     0.83084
2017 11  8  0     0.43391     0.64626     0.77841
2017 11  9  0     0.27803     0.69833     0.75164
2017 11 10  0     0.10997     0.71190     0.72034
2017 11 11  0    -0.00264     0.57685     0.57686
2017 11 12  0    -0.11356     0.41131     0.42670
2017 11 13  0    -0.21073     0.25608     0.33164
2017 11 14  0    -0.21795     0.12312     0.25032
2017 11 15  0    -0.19061     0.00147     0.19062
2017 11 16  0    -0.08183    -0.06316     0.10337
2017 11 17  0     0.08462    -0.05863     0.10294
2017 11 18  0     0.24505    -0.00868     0.24520
2017 11 19  0     0.40899     0.12966     0.42905
2017 11 20  0     0.54053     0.35955     0.64920
2017 11 21  0     0.57470     0.65934     0.87465
2017 11 22  0     0.56343     0.94657     1.10156
2017 11 23  0     0.49671     1.21609     1.31362
2017 11 24  0     0.46594     1.42190     1.49630
2017 11 25  0     0.48409     1.48479     1.56172
2017 11 26  0     0.36620     1.41102     1.45777
2017 11 27  0     0.25759     1.31179     1.33684
2017 11 28  0     0.07328     1.17739     1.17966
2017 11 29  0    -0.06191     1.10164     1.10338
2017 11 30  0    -0.17890     0.94598     0.96275
2017 12  1  0    -0.26227     0.83424     0.87450
2017 12  2  0    -0.33863     0.59084     0.68101
2017 12  3  0    -0.53120     0.35273     0.63765
2017 12  4  0    -0.78342     0.09882     0.78962
2017 12  5  0    -0.93139    -0.09420     0.93615
2017 12  6  0    -1.04476    -0.32258     1.09343
2017 12  7  0    -1.07567    -0.52499     1.19694
2017 12  8  0    -1.13829    -0.66263     1.31711
2017 12  9  0    -1.21999    -0.70819     1.41064
2017 12 10  0    -1.35410    -0.82404     1.58513
2017 12 11  0    -1.45371    -0.96650     1.74568
2017 12 12  0    -1.48040    -1.11997     1.85632
2017 12 13  0    -1.39829    -1.21012     1.84922
2017 12 14  0    -1.27516    -1.32747     1.84071
2017 12 15  0    -1.12726    -1.37825     1.78053
2017 12 16  0    -1.00510    -1.40895     1.73071
2017 12 17  0    -0.89438    -1.47498     1.72496
2017 12 18  0    -0.71141    -1.55149     1.70682
2017 12 19  0    -0.46805    -1.55554     1.62443
2017 12 20  0    -0.21693    -1.45458     1.47067
2017 12 21  0    -0.00356    -1.32258     1.32258
2017 12 22  0     0.17951    -1.17745     1.19106
2017 12 23  0     0.32157    -0.95457     1.00728
2017 12 24  0     0.42472    -0.73077     0.84523
2017 12 25  0     0.51529    -0.50990     0.72492
2017 12 26  0     0.63491    -0.27768     0.69298
2017 12 27  0     0.78374    -0.06336     0.78630
2017 12 28  0     0.89767     0.13038     0.90709
2017 12 29  0     0.94841     0.35206     1.01165
2017 12 30  0     1.04396     0.50164     1.15823
2017 12 31  0     1.17421     0.59809     1.31775
2018  1  1  0     1.28170     0.65769     1.44060
2018  1  2  0     1.38363     0.68959     1.54595
2018  1  3  0     1.47477     0.69576     1.63065
2018  1  4  0     1.54023     0.73628     1.70716
2018  1  5  0     1.53579     0.84426     1.75255
2018  1  6  0     1.51407     0.97491     1.80079
2018  1  7  0     1.52210     1.13667     1.89969
2018  1  8  0     1.51805     1.33808     2.02359
2018  1  9  0     1.43406     1.51957     2.08941
2018  1 10  0     1.37457     1.65915     2.15458
2018  1 11  0     1.32567     1.75652     2.20063
2018  1 12  0     1.25982     1.88445     2.26679
2018  1 13  0     1.09670     2.04905     2.32408
2018  1 14  0     0.91805     2.11481     2.30548
2018  1 15  0     0.69877     2.12805     2.23984
2018  1 16  0     0.47239     2.08464     2.13750
2018  1 17  0     0.20960     2.01675     2.02761
2018  1 18  0     0.06511     1.92851     1.92961
2018  1 19  0    -0.07015     1.86690     1.86822
2018  1 20  0    -0.24566     1.83813     1.85448
2018  1 21  0    -0.40540     1.74447     1.79096
2018  1 22  0    -0.52399     1.65810     1.73893
2018  1 23  0    -0.65312     1.60563     1.73338
2018  1 24  0    -0.78317     1.53884     1.72667
2018  1 25  0    -0.96749     1.37945     1.68491
2018  1 26  0    -1.18371     1.19868     1.68464
2018  1 27  0    -1.49522     0.98839     1.79237
2018  1 28  0    -1.85512     0.72439     1.99154
2018  1 29  0    -2.16178     0.42198     2.20258
2018  1 30  0    -2.46280     0.02963     2.46298
2018  1 31  0    -2.67767    -0.50915     2.72564
2018  2  1  0    -2.81818    -1.03639     3.00271
2018  2  2  0    -2.85926    -1.58661     3.26997
2018  2  3  0    -2.76151    -2.13824     3.49256
2018  2  4  0    -2.54270    -2.66278     3.68181
2018  2  5  0    -2.19356    -3.10776     3.80393
2018  2  6  0    -1.78117    -3.37593     3.81700
2018  2  7  0    -1.42240    -3.49119     3.76983
2018  2  8  0    -1.14196    -3.36157     3.55025
2018  2  9  0    -0.90705    -3.11900     3.24822
2018  2 10  0    -0.73792    -2.85671     2.95047
2018  2 11  0    -0.71384    -2.62266     2.71807
2018  2 12  0    -0.70054    -2.40961     2.50938
2018  2 13  0    -0.62188    -2.22553     2.31078
2018  2 14  0    -0.48782    -2.03430     2.09198
2018  2 15  0    -0.36491    -1.89499     1.92980
2018  2 16  0    -0.22979    -1.87118     1.88524
2018  2 17  0    -0.01242    -1.91410     1.91414
2018  2 18  0     0.14420    -1.93420     1.93957
2018  2 19  0     0.29277    -1.95128     1.97312
2018  2 20  0     0.52197    -1.93251     2.00176
2018  2 21  0     0.80738    -1.77021     1.94563
2018  2 22  0     1.13763    -1.49663     1.87992
2018  2 23  0     1.35909    -1.08940     1.74181
2018  2 24  0     1.48708    -0.64508     1.62096
2018  2 25  0     1.51014    -0.15732     1.51831
2018  2 26  0     1.42700     0.18319     1.43871
2018  2 27  0     1.32941     0.43032     1.39732
2018  2 28  0     1.20697     0.60671     1.35088
2018  3  1  0     1.14821     0.78473     1.39075
2018  3  2  0     1.10143     0.93629     1.44562
2018  3  3  0     1.06094     1.03415     1.48158
2018  3  4  0     1.20252     0.99826     1.56287
2018  3  5  0     1.40293     0.95672     1.69810
2018  3  6  0     1.55610     0.87664     1.78604
2018  3  7  0     1.62420     0.81518     1.81729
2018  3  8  0     1.66252     0.81046     1.84954
2018  3  9  0     1.78005     0.80840     1.95501
2018  3 10  0     1.79576     0.74841     1.94547
2018  3 11  0     1.66685     0.68995     1.80400
2018  3 12  0     1.39558     0.64646     1.53804
2018  3 13  0     1.02643     0.70915     1.24758
2018  3 14  0     0.62095     0.77658     0.99431
2018  3 15  0     0.20890     0.84978     0.87508
2018  3 16  0    -0.14633     0.88706     0.89905
2018  3 17  0    -0.41324     0.82305     0.92096
2018  3 18  0    -0.59711     0.74238     0.95271
2018  3 19  0    -0.67167     0.70606     0.97450
2018  3 20  0    -0.63653     0.71998     0.96101
2018  3 21  0    -0.60186     0.79012     0.99324
2018  3 22  0    -0.55047     0.82765     0.99399
2018  3 23  0    -0.52588     0.80570     0.96214
2018  3 24  0    -0.49820     0.72455     0.87930
2018  3 25  0    -0.57921     0.61547     0.84516
2018  3 26  0    -0.64819     0.42659     0.77597
2018  3 27  0    -0.74267     0.28375     0.79503
2018  3 28  0    -0.81904     0.11038     0.82645
2018  3 29  0    -0.90337    -0.01139     0.90344
2018  3 30  0    -0.95747    -0.17406     0.97316
2018  3 31  0    -1.05273    -0.34525     1.10790
2018  4  1  0    -1.08003    -0.49511     1.18810
2018  4  2  0    -1.00331    -0.62998     1.18470
2018  4  3  0    -0.79833    -0.80821     1.13601
2018  4  4  0    -0.57298    -0.95057     1.10991
2018  4  5  0    -0.33304    -1.13744     1.18519
2018  4  6  0    -0.11229    -1.27933     1.28425
2018  4  7  0     0.15045    -1.36641     1.37467
2018  4  8  0     0.49390    -1.35659     1.44370
2018  4  9  0     0.85129    -1.25876     1.51960
2018  4 10  0     1.17553    -1.25421     1.71899
2018  4 11  0     1.40695    -1.25225     1.88352
2018  4 12  0     1.62081    -1.17091     1.99951
2018  4 13  0     1.67468    -1.06299     1.98355
2018  4 14  0     1.59944    -0.91047     1.84042
2018  4 15  0     1.58644    -0.77544     1.76582
2018  4 16  0     1.56895    -0.64732     1.69724
2018  4 17  0     1.52751    -0.55028     1.62360
2018  4 18  0     1.40591    -0.38940     1.45884
2018  4 19  0     1.19878    -0.09190     1.20229
2018  4 20  0     0.95341     0.19763     0.97368
2018  4 21  0     0.65158     0.39979     0.76446
2018  4 22  0     0.47104     0.62046     0.77900
2018  4 23  0     0.34044     0.74591     0.81993
2018  4 24  0     0.21748     0.84291     0.87051
2018  4 25  0     0.02000     0.89439     0.89461
2018  4 26  0    -0.20112     0.92768     0.94923
2018  4 27  0    -0.38527     0.87455     0.95566
2018  4 28  0    -0.50169     0.76153     0.91193
2018  4 29  0    -0.62726     0.63172     0.89024
2018  4 30  0    -0.73091     0.50423     0.88796
2018  5  1  0    -0.79360     0.29152     0.84545
2018  5  2  0    -0.85908     0.07218     0.86211
2018  5  3  0    -0.94682    -0.10867     0.95303
2018  5  4  0    -0.96738    -0.31934     1.01873
2018  5  5  0    -0.95400    -0.47756     1.06685
2018  5  6  0    -0.85334    -0.60518     1.04615
2018  5  7  0    -0.76159    -0.71476     1.04446
2018  5  8  0    -0.62071    -0.85005     1.05255
2018  5  9  0    -0.48266    -0.99169     1.10291
2018  5 10  0    -0.38495    -1.07384     1.14076
2018  5 11  0    -0.21544    -1.06482     1.08640
2018  5 12  0    -0.03945    -1.00989     1.01066
2018  5 13  0     0.19327    -0.90506     0.92547
2018  5 14  0     0.37968    -0.77615     0.86404
2018  5 15  0     0.54896    -0.68759     0.87985
2018  5 16  0     0.73747    -0.58798     0.94317
2018  5 17  0     0.83219    -0.41652     0.93061
2018  5 18  0     0.93611    -0.20875     0.95911
2018  5 19  0     1.10458    -0.00831     1.10461
2018  5 20  0     1.16947     0.19625     1.18582
2018  5 21  0     1.19120     0.37163     1.24783
2018  5 22  0     1.13847     0.54853     1.26372
2018  5 23  0     1.12019     0.76261     1.35513
2018  5 24  0     1.00662     1.03714     1.44531
2018  5 25  0     0.86549     1.30017     1.56189
2018  5 26  0     0.83523     1.40623     1.63557
2018  5 27  0     0.70721     1.50828     1.66585
2018  5 28  0     0.42921     1.62787     1.68350
2018  5 29  0     0.12224     1.66333     1.66781
2018  5 30  0    -0.19354     1.70798     1.71891
2018  5 31  0    -0.48475     1.70610     1.77363
2018  6  1  0    -0.84158     1.50807     1.72700
2018  6  2  0    -1.12938     1.25280     1.68672
2018  6  3  0    -1.38592     1.06539     1.74809
2018  6  4  0    -1.63258     0.92533     1.87658
2018  6  5  0    -1.77971     0.69511     1.91064
2018  6  6  0    -1.89032     0.43635     1.94002
2018  6  7  0    -1.94614     0.30822     1.97039
2018  6  8  0    -1.87778     0.22479     1.89118
2018  6  9  0    -1.77824     0.10892     1.78157
2018  6 10  0    -1.66555     0.04027     1.66604
2018  6 11  0    -1.47783     0.02800     1.47810
2018  6 12  0    -1.24447    -0.06493     1.24617
2018  6 13  0    -0.98759    -0.15111     0.99908
2018  6 14  0    -0.75054    -0.19850     0.77635
2018  6 15  0    -0.50020    -0.22309     0.54769
2018  6 16  0    -0.24685    -0.29280     0.38298
2018  6 17  0    -0.13420    -0.40510     0.42675
2018  6 18  0    -0.04297    -0.47512     0.47706
2018  6 19  0     0.11060    -0.52378     0.53533
2018  6 20  0     0.20074    -0.60776     0.64005
2018  6 21  0     0.21179    -0.62169     0.65677
2018  6 22  0     0.18228    -0.57148     0.59984
2018  6 23  0     0.21201    -0.49620     0.53959
2018  6 24  0     0.28181    -0.47896     0.55572
2018  6 25  0     0.34972    -0.56519     0.66464
2018  6 26  0     0.39008    -0.57838     0.69763
2018  6 27  0     0.41132    -0.51407     0.65837
2018  6 28  0     0.43832    -0.43771     0.61944
2018  6 29  0     0.44539    -0.36203     0.57396
2018  6 30  0     0.49275    -0.29708     0.57538
2018  7  1  0     0.48829    -0.19033     0.52408
2018  7  2  0     0.43775    -0.07962     0.44493
2018  7  3  0     0.37806     0.03446     0.37963
2018  7  4  0     0.30529     0.25780     0.39958
2018  7  5  0     0.25061     0.48046     0.54189
2018  7  6  0     0.20881     0.65472     0.68721
2018  7  7  0     0.10633     0.77315     0.78043
2018  7  8  0    -0.01335     0.84336     0.84347
2018  7  9  0    -0.17113     0.88522     0.90161
2018  7 10  0    -0.28363     0.87666     0.92140
2018  7 11  0    -0.47377     0.90685     1.02315
2018  7 12  0    -0.74320     0.94102     1.19911
2018  7 13  0    -0.92039     0.88071     1.27388
2018  7 14  0    -1.02577     0.68960     1.23602
2018  7 15  0    -1.16268     0.42795     1.23893
2018  7 16  0    -1.30161     0.24749     1.32493
2018  7 17  0    -1.34132     0.13683     1.34828
2018  7 18  0    -1.30437    -0.02995     1.30472
2018  7 19  0    -1.28284    -0.26342     1.30961
2018  7 20  0    -1.16259    -0.55447     1.28804
2018  7 21  0    -0.98583    -0.75996     1.24474
2018  7 22  0    -0.79034    -0.86745     1.17350
2018  7 23  0    -0.61597    -0.93984     1.12371
2018  7 24  0    -0.42795    -0.94050     1.03329
2018  7 25  0    -0.19769    -0.93711     0.95773
2018  7 26  0    -0.02829    -0.92013     0.92056
2018  7 27  0     0.11258    -0.83927     0.84679
2018  7 28  0     0.26779    -0.70846     0.75738
2018  7 29  0     0.24099    -0.57235     0.62102
2018  7 30  0     0.19754    -0.46764     0.50765
2018  7 31  0     0.13802    -0.42224     0.44423
2018  8  1  0    -0.02100    -0.34104     0.34169
2018  8  2  0    -0.22341    -0.25399     0.33826
2018  8  3  0    -0.38044    -0.14672     0.40775
2018  8  4  0    -0.44238    -0.10010     0.45356
2018  8  5  0    -0.49939    -0.10868     0.51108
2018  8  6  0    -0.57635    -0.06648     0.58017
2018  8  7  0    -0.53550    -0.02575     0.53612
2018  8  8  0    -0.44322    -0.01589     0.44350
2018  8  9  0    -0.39178     0.00747     0.39185
2018  8 10  0    -0.29988     0.02928     0.30130
2018  8 11  0    -0.15658     0.00223     0.15660
2018  8 12  0     0.02691    -0.09738     0.10103
2018  8 13  0     0.15808    -0.15169     0.21909
2018  8 14  0     0.19996    -0.12817     0.23751
2018  8 15  0     0.21644    -0.12724     0.25107
2018  8 16  0     0.35798    -0.14854     0.38758
2018  8 17  0     0.53004    -0.16214     0.55428
2018  8 18  0     0.61203    -0.13786     0.62736
2018  8 19  0     0.67807    -0.10811     0.68663
2018  8 20  0     0.70304     0.01711     0.70324
2018  8 21  0     0.62164     0.17996     0.64716
2018  8 22  0     0.58948     0.26808     0.64758
2018  8 23  0     0.61250     0.33647     0.69883
2018  8 24  0     0.65826     0.36130     0.75089
2018  8 25  0     0.60483     0.38463     0.71677
2018  8 26  0     0.46941     0.38614     0.60782
2018  8 27  0     0.33241     0.38245     0.50672
2018  8 28  0     0.20953     0.36508     0.42093
2018  8 29  0     0.08368     0.29443     0.30609
2018  8 30  0     0.01944     0.28854     0.28920
2018  8 31  0    -0.00574     0.33711     0.33716
2018  9  1  0     0.03535     0.28149     0.28370
2018  9  2  0     0.12328     0.24960     0.27839
2018  9  3  0     0.12026     0.22403     0.25427
2018  9  4  0     0.10878     0.20170     0.22916
2018  9  5  0     0.26464     0.12237     0.29156
2018  9  6  0     0.42247     0.03688     0.42408
2018  9  7  0     0.55504    -0.05726     0.55798
2018  9  8  0     0.57254    -0.19583     0.60510
2018  9  9  0     0.52010    -0.30892     0.60493
2018  9 10  0     0.41165    -0.31240     0.51677
2018  9 11  0     0.28182    -0.25253     0.37841
2018  9 12  0     0.22016    -0.14473     0.26347
2018  9 13  0     0.20663     0.01997     0.20759
2018  9 14  0     0.12218     0.19041     0.22624
2018  9 15  0     0.01846     0.35125     0.35173
2018  9 16  0    -0.02611     0.43228     0.43307
2018  9 17  0     0.01303     0.46526     0.46545
2018  9 18  0     0.04199     0.41399     0.41611
2018  9 19  0     0.10511     0.31448     0.33158
2018  9 20  0     0.17672     0.19815     0.26551
2018  9 21  0     0.31195     0.01741     0.31243
2018  9 22  0     0.45189    -0.25935     0.52102
2018  9 23  0     0.55924    -0.56454     0.79464
2018  9 24  0     0.69368    -0.82800     1.08017
2018  9 25  0     0.84146    -1.00994     1.31455
2018  9 26  0     0.99880    -1.16434     1.53404
2018  9 27  0     1.13174    -1.20891     1.65599
2018  9 28  0     1.17800    -1.22298     1.69805
2018  9 29  0     1.24168    -1.25618     1.76628
2018  9 30  0     1.30293    -1.17729     1.75603
2018 10  1  0     1.41250    -1.02405     1.74466
2018 10  2  0     1.57192    -0.80255     1.76495
2018 10  3  0     1.73681    -0.59042     1.83442
2018 10  4  0     1.84064    -0.38610     1.88070
2018 10  5  0     1.88247    -0.15962     1.88922
2018 10  6  0     1.88735     0.01186     1.88739
2018 10  7  0     1.92166     0.22357     1.93462
2018 10  8  0     1.81982     0.44954     1.87452
2018 10  9  0     1.54792     0.65236     1.67977
2018 10 10  0     1.16703     0.80975     1.42044
2018 10 11  0     0.73011     0.79822     1.08176
2018 10 12  0     0.37875     0.77057     0.85862
2018 10 13  0     0.08112     0.73856     0.74300
2018 10 14  0    -0.24490     0.64448     0.68945
2018 10 15  0    -0.56095     0.51226     0.75966
2018 10 16  0    -0.83319     0.39346     0.92142
2018 10 17  0    -1.00680     0.28889     1.04742
2018 10 18  0    -1.07051     0.22337     1.09356
2018 10 19  0    -1.10450     0.13924     1.11324
2018 10 20  0    -1.07315     0.04599     1.07414
2018 10 21  0    -1.09744    -0.15256     1.10800
2018 10 22  0    -1.12264    -0.34748     1.17519
2018 10 23  0    -1.02782    -0.48483     1.13643
2018 10 24  0    -0.81632    -0.52344     0.96973
2018 10 25  0    -0.58699    -0.60823     0.84528
2018 10 26  0    -0.39901    -0.64883     0.76170
2018 10 27  0    -0.22191    -0.68257     0.71774
2018 10 28  0    -0.03236    -0.65717     0.65797
2018 10 29  0     0.13416    -0.48513     0.50334
2018 10 30  0     0.22214    -0.28448     0.36094
2018 10 31  0     0.31171    -0.10478     0.32885
2018 11  1  0     0.35312     0.07290     0.36056
2018 11  2  0     0.32524     0.30134     0.44338
2018 11  3  0     0.29986     0.53011     0.60904
2018 11  4  0     0.29704     0.67967     0.74174
2018 11  5  0     0.23920     0.79678     0.83192
2018 11  6  0     0.15706     0.91637     0.92974
2018 11  7  0     0.04389     0.96442     0.96542
2018 11  8  0    -0.04636     0.98431     0.98540
2018 11  9  0    -0.16299     0.97297     0.98653
2018 11 10  0    -0.32133     0.91731     0.97196
2018 11 11  0    -0.47533     0.74598     0.88455
2018 11 12  0    -0.68807     0.58375     0.90233
2018 11 13  0    -0.87041     0.52031     1.01407
2018 11 14  0    -0.99071     0.47962     1.10070
2018 11 15  0    -1.13510     0.36025     1.19089
2018 11 16  0    -1.26409     0.17887     1.27668
2018 11 17  0    -1.32540    -0.03908     1.32597
2018 11 18  0    -1.34093    -0.29924     1.37392
2018 11 19  0    -1.28315    -0.54727     1.39498
2018 11 20  0    -1.05236    -0.77911     1.30938
2018 11 21  0    -0.76946    -0.95453     1.22605
2018 11 22  0    -0.48061    -1.07577     1.17825
2018 11 23  0    -0.27990    -1.15891     1.19223
2018 11 24  0    -0.12183    -1.15446     1.16087
2018 11 25  0    -0.00219    -1.01744     1.01745
2018 11 26  0     0.10833    -0.91569     0.92208
2018 11 27  0     0.20330    -0.82431     0.84901
2018 11 28  0     0.41895    -0.84653     0.94453
2018 11 29  0     0.66887    -0.88441     1.10886
2018 11 30  0     0.89463    -0.86059     1.24136
2018 12  1  0     1.03515    -0.72356     1.26296
2018 12  2  0     1.23762    -0.62944     1.38848
2018 12  3  0     1.49385    -0.60029     1.60995
2018 12  4  0     1.70944    -0.60668     1.81390
2018 12  5  0     1.90528    -0.60467     1.99893
2018 12  6  0     2.13115    -0.56252     2.20414
2018 12  7  0     2.29587    -0.36251     2.32431
2018 12  8  0     2.34057    -0.11007     2.34316
2018 12  9  0     2.31194     0.12597     2.31537
2018 12 10  0     2.25288     0.31137     2.27430
2018 12 11  0     2.07721     0.57771     2.15605
2018 12 12  0     1.77041     0.87641     1.97546
2018 12 13  0     1.42376     1.07193     1.78217
2018 12 14  0     0.97340     1.23787     1.57475
2018 12 15  0     0.42866     1.32663     1.39416
2018 12 16  0    -0.09318     1.26314     1.26657
2018 12 17  0    -0.59306     1.20816     1.34587
2018 12 18  0    -0.99463     1.13295     1.50760
2018 12 19  0    -1.34073     0.98494     1.66363
2018 12 20  0    -1.58220     0.79158     1.76917
2018 12 21  0    -1.75299     0.59764     1.85206
2018 12 22  0    -1.90336     0.50566     1.96938
2018 12 23  0    -1.98486     0.50671     2.04852
2018 12 24  0    -2.08350     0.50799     2.14453
2018 12 25  0    -2.20179     0.49935     2.25770
2018 12 26  0    -2.30410     0.43595     2.34498
2018 12 27  0    -2.40185     0.38319     2.43222
2018 12 28  0    -2.47039     0.35029     2.49510
2018 12 29  0    -2.50515     0.33554     2.52752
2018 12 30  0    -2.48059     0.24692     2.49285
2018 12 31  0    -2.48228     0.08623     2.48377
2019  1  1  0    -2.44016    -0.33535     2.46309
2019  1  2  0    -2.26592    -0.75928     2.38975
2019  1  3  0    -2.03433    -1.17718     2.35037
2019  1  4  0    -1.72828    -1.59523     2.35196
2019  1  5  0    -1.35459    -1.93116     2.35887
2019  1  6  0    -0.94740    -2.16744     2.36545
2019  1  7  0    -0.53179    -2.35646     2.41572
2019  1  8  0    -0.20989    -2.45650     2.46545
2019  1  9  0     0.05915    -2.43406     2.43478
2019  1 10  0     0.29680    -2.16879     2.18901
2019  1 11  0     0.49716    -1.77857     1.84675
2019  1 12  0     0.66970    -1.34477     1.50230
2019  1 13  0     0.73693    -0.90676     1.16846
2019  1 14  0     0.76048    -0.58095     0.95699
2019  1 15  0     0.69403    -0.27229     0.74553
2019  1 16  0     0.59763     0.08499     0.60365
2019  1 17  0     0.58796     0.46369     0.74880
2019  1 18  0     0.64447     0.79968     1.02705
2019  1 19  0     0.60843     1.07613     1.23622
2019  1 20  0     0.53546     1.25737     1.36664
2019  1 21  0     0.46537     1.37023     1.44710
2019  1 22  0     0.47860     1.44816     1.52519
2019  1 23  0     0.53626     1.50438     1.59710
2019  1 24  0     0.55370     1.49631     1.59547
2019  1 25  0     0.54268     1.40527     1.50641
2019  1 26  0     0.45513     1.28687     1.36498
2019  1 27  0     0.33417     1.07115     1.12206
2019  1 28  0     0.25493     0.73639     0.77927
2019  1 29  0     0.16229     0.40824     0.43932
2019  1 30  0     0.05693     0.14222     0.15319
2019  1 31  0    -0.10324    -0.10934     0.15038
2019  2  1  0    -0.27094    -0.34502     0.43869
2019  2  2  0    -0.39098    -0.59089     0.70853
2019  2  3  0    -0.49040    -0.84317     0.97542
2019  2  4  0    -0.52176    -1.11002     1.22653
2019  2  5  0    -0.50073    -1.25236     1.34876
2019  2  6  0    -0.51073    -1.30211     1.39869
2019  2  7  0    -0.55443    -1.32195     1.43351
2019  2  8  0    -0.59936    -1.33595     1.46424
2019  2  9  0    -0.58744    -1.36999     1.49062
2019  2 10  0    -0.62249    -1.37120     1.50588
2019  2 11  0    -0.54299    -1.33844     1.44439
2019  2 12  0    -0.36424    -1.33053     1.37949
2019  2 13  0    -0.21446    -1.29567     1.31330
2019  2 14  0    -0.12268    -1.30783     1.31357
2019  2 15  0    -0.05664    -1.38712     1.38828
2019  2 16  0     0.04226    -1.55260     1.55318
2019  2 17  0     0.16536    -1.71194     1.71990
2019  2 18  0     0.29994    -1.83785     1.86216
2019  2 19  0     0.43684    -1.96239     2.01042
2019  2 20  0     0.54611    -2.09403     2.16407
2019  2 21  0     0.61205    -2.19156     2.27542
2019  2 22  0     0.82547    -2.29272     2.43679
2019  2 23  0     1.25083    -2.23940     2.56505
2019  2 24  0     1.81110    -1.93594     2.65103
2019  2 25  0     2.24129    -1.45044     2.66967
2019  2 26  0     2.54243    -0.99559     2.73041
2019  2 27  0     2.69583    -0.53702     2.74879
2019  2 28  0     2.71629    -0.12348     2.71910
2019  3  1  0     2.60959     0.14226     2.61347
2019  3  2  0     2.47390     0.54955     2.53420
2019  3  3  0     2.34720     0.94417     2.52998
2019  3  4  0     2.20486     1.28297     2.55096
2019  3  5  0     2.02616     1.48826     2.51401
2019  3  6  0     1.84729     1.66978     2.49011
2019  3  7  0     1.62959     1.86093     2.47359
2019  3  8  0     1.39806     2.00285     2.44253
2019  3  9  0     1.23883     2.10207     2.43996
2019  3 10  0     1.15128     2.17285     2.45901
2019  3 11  0     1.01057     2.18703     2.40923
2019  3 12  0     0.74162     2.14910     2.27346
2019  3 13  0     0.39543     2.07473     2.11207
2019  3 14  0     0.02104     2.03209     2.03220
2019  3 15  0    -0.39955     1.86810     1.91035
2019  3 16  0    -0.79230     1.54425     1.73564
2019  3 17  0    -1.03125     1.20789     1.58823
2019  3 18  0    -1.16559     0.86985     1.45439
2019  3 19  0    -1.27386     0.61842     1.41604
2019  3 20  0    -1.30047     0.39570     1.35933
2019  3 21  0    -1.33786     0.26008     1.36290
2019  3 22  0    -1.34567     0.23360     1.36580
2019  3 23  0    -1.34106     0.23790     1.36200
2019  3 24  0    -1.30017     0.29764     1.33381
2019  3 25  0    -1.29217     0.38842     1.34928
2019  3 26  0    -1.26865     0.42688     1.33854
2019  3 27  0    -1.19418     0.51950     1.30228
2019  3 28  0    -1.13747     0.62890     1.29975
2019  3 29  0    -1.08254     0.75970     1.32251
2019  3 30  0    -1.00669     0.84144     1.31204
2019  3 31  0    -1.00459     0.81981     1.29664
2019  4  1  0    -1.08698     0.73968     1.31478
2019  4  2  0    -1.21067     0.62116     1.36072
2019  4  3  0    -1.18693     0.46989     1.27656
2019  4  4  0    -1.12078     0.33634     1.17016
2019  4  5  0    -1.04609     0.19051     1.06330
2019  4  6  0    -0.93356     0.02486     0.93389
2019  4  7  0    -0.79386    -0.10925     0.80134
2019  4  8  0    -0.62218    -0.25490     0.67237
2019  4  9  0    -0.42174    -0.37063     0.56146
2019  4 10  0    -0.19928    -0.41782     0.46291
2019  4 11  0    -0.01745    -0.42016     0.42053
2019  4 12  0     0.10851    -0.43475     0.44808
2019  4 13  0     0.21678    -0.47497     0.52210
2019  4 14  0     0.37284    -0.52571     0.64450
2019  4 15  0     0.51313    -0.67099     0.84471
2019  4 16  0     0.67681    -0.76632     1.02241
2019  4 17  0     0.84993    -0.80294     1.16923
2019  4 18  0     1.04063    -0.78411     1.30297
2019  4 19  0     1.23486    -0.74593     1.44267
2019  4 20  0     1.46074    -0.69108     1.61596
2019  4 21  0     1.64527    -0.50077     1.71979
2019  4 22  0     1.80230    -0.23857     1.81802
2019  4 23  0     1.81980     0.04416     1.82034
2019  4 24  0     1.84912     0.39007     1.88982
2019  4 25  0     1.82046     0.66787     1.93911
2019  4 26  0     1.74465     0.98300     2.00252
2019  4 27  0     1.50542     1.20824     1.93032
2019  4 28  0     1.15987     1.33099     1.76545
2019  4 29  0     0.76377     1.36923     1.56785
2019  4 30  0     0.29605     1.36348     1.39525
2019  5  1  0    -0.17464     1.25032     1.26246
2019  5  2  0    -0.63358     0.98094     1.16777
2019  5  3  0    -1.05562     0.68661     1.25927
2019  5  4  0    -1.42553     0.44253     1.49263
2019  5  5  0    -1.75004     0.16634     1.75793
2019  5  6  0    -1.90576    -0.10248     1.90852
2019  5  7  0    -1.96903    -0.31267     1.99370
2019  5  8  0    -2.00986    -0.46745     2.06351
2019  5  9  0    -1.98524    -0.73123     2.11563
2019  5 10  0    -1.89373    -0.97051     2.12793
2019  5 11  0    -1.69895    -1.07236     2.00908
2019  5 12  0    -1.49889    -1.17291     1.90326
2019  5 13  0    -1.30439    -1.30700     1.84653
2019  5 14  0    -1.11098    -1.43339     1.81352
2019  5 15  0    -0.90959    -1.51934     1.77081
2019  5 16  0    -0.67546    -1.60552     1.74182
2019  5 17  0    -0.48281    -1.64477     1.71417
2019  5 18  0    -0.27431    -1.61051     1.63370
2019  5 19  0    -0.08685    -1.57540     1.57780
2019  5 20  0     0.05110    -1.58627     1.58709
2019  5 21  0     0.15069    -1.61438     1.62140
2019  5 22  0     0.19887    -1.60020     1.61251
2019  5 23  0     0.30739    -1.57022     1.60002
2019  5 24  0     0.42250    -1.48908     1.54786
2019  5 25  0     0.61768    -1.35114     1.48564
2019  5 26  0     0.92568    -1.23498     1.54339
2019  5 27  0     1.20896    -1.08304     1.62313
2019  5 28  0     1.44747    -0.83111     1.66911
2019  5 29  0     1.66853    -0.53832     1.75322
2019  5 30  0     1.90242    -0.18005     1.91092
2019  5 31  0     2.06270     0.11505     2.06591
2019  6  1  0     2.12533     0.44839     2.17212
2019  6  2  0     2.17205     0.76010     2.30121
2019  6  3  0     2.09531     1.00651     2.32452
2019  6  4  0     1.89576     1.21307     2.25065
2019  6  5  0     1.65814     1.34447     2.13472
2019  6  6  0     1.44245     1.42929     2.03065
2019  6  7  0     1.24504     1.43794     1.90205
2019  6  8  0     0.98818     1.42469     1.73386
2019  6  9  0     0.78914     1.44073     1.64269
2019  6 10  0     0.61801     1.44377     1.57048
2019  6 11  0     0.34684     1.43554     1.47685
2019  6 12  0     0.08429     1.50154     1.50390
2019  6 13  0    -0.01637     1.57912     1.57920
2019  6 14  0    -0.09607     1.55772     1.56068
2019  6 15  0    -0.20639     1.49257     1.50677
2019  6 16  0    -0.25552     1.52983     1.55102
2019  6 17  0    -0.21527     1.51696     1.53216
2019  6 18  0    -0.17324     1.43882     1.44921
2019  6 19  0    -0.24200     1.27629     1.29903
2019  6 20  0    -0.31578     1.09411     1.13877
2019  6 21  0    -0.40271     0.91145     0.99646
2019  6 22  0    -0.59689     0.75888     0.96550
2019  6 23  0    -0.76718     0.66300     1.01397
2019  6 24  0    -0.87868     0.59363     1.06042
2019  6 25  0    -0.97788     0.44771     1.07550
2019  6 26  0    -1.11261     0.29817     1.15187
2019  6 27  0    -1.26551     0.23486     1.28712
2019  6 28  0    -1.32724     0.26100     1.35266
2019  6 29  0    -1.23926     0.19480     1.25448
2019  6 30  0    -1.14928     0.03051     1.14968
2019  7  1  0    -1.04987    -0.16756     1.06316
2019  7  2  0    -0.91805    -0.39204     0.99826
2019  7  3  0    -0.78028    -0.66478     1.02507
2019  7  4  0    -0.72599    -0.84479     1.11388
2019  7  5  0    -0.62652    -0.95051     1.13842
2019  7  6  0    -0.46519    -0.98671     1.09086
2019  7  7  0    -0.25873    -1.07979     1.11035
2019  7  8  0    -0.22879    -1.14410     1.16675
2019  7  9  0    -0.26941    -1.12585     1.15764
2019  7 10  0    -0.23331    -1.05988     1.08525
2019  7 11  0    -0.25745    -0.92413     0.95932
2019  7 12  0    -0.25882    -0.75764     0.80063
2019  7 13  0    -0.18105    -0.65334     0.67796
2019  7 14  0     0.02539    -0.63168     0.63219
2019  7 15  0     0.23313    -0.72689     0.76336
2019  7 16  0     0.35420    -0.77408     0.85127
2019  7 17  0     0.57082    -0.70618     0.90804
2019  7 18  0     0.81948    -0.66017     1.05232
2019  7 19  0     0.89547    -0.62410     1.09150
2019  7 20  0     0.87676    -0.54962     1.03479
2019  7 21  0     0.80201    -0.36998     0.88323
2019  7 22  0     0.73855    -0.20273     0.76587
2019  7 23  0     0.46106    -0.05430     0.46425
2019  7 24  0     0.12726     0.16969     0.21211
2019  7 25  0    -0.20601     0.38623     0.43773
2019  7 26  0    -0.60408     0.46739     0.76378
2019  7 27  0    -0.96676     0.50780     1.09201
2019  7 28  0    -1.25806     0.52429     1.36293
2019  7 29  0    -1.38839     0.57961     1.50452
2019  7 30  0    -1.41147     0.49873     1.49699
2019  7 31  0    -1.43369     0.41482     1.49250
2019  8  1  0    -1.45104     0.44803     1.51864
2019  8  2  0    -1.37974     0.44707     1.45037
2019  8  3  0    -1.17271     0.44005     1.25256
2019  8  4  0    -0.91124     0.48362     1.03162
2019  8  5  0    -0.68762     0.52049     0.86240
2019  8  6  0    -0.35323     0.53302     0.63944
2019  8  7  0    -0.03061     0.38826     0.38946
2019  8  8  0     0.16248     0.21824     0.27208
2019  8  9  0     0.28137     0.06788     0.28944
2019  8 10  0     0.46856    -0.07475     0.47449
2019  8 11  0     0.63920    -0.22227     0.67674
2019  8 12  0     0.75306    -0.30904     0.81401
2019  8 13  0     0.78433    -0.40566     0.88303
2019  8 14  0     0.80455    -0.57393     0.98828
2019  8 15  0     0.71899    -0.71113     1.01126
2019  8 16  0     0.63390    -0.68322     0.93200
2019  8 17  0     0.57229    -0.57284     0.80973
2019  8 18  0     0.48011    -0.44577     0.65515
2019  8 19  0     0.34901    -0.33086     0.48091
2019  8 20  0     0.25262    -0.16621     0.30239
2019  8 21  0     0.15454    -0.02574     0.15667
2019  8 22  0     0.11411     0.08668     0.14330
2019  8 23  0     0.06059     0.25486     0.26197
2019  8 24  0     0.02424     0.45049     0.45114
2019  8 25  0    -0.02047     0.56079     0.56116
2019  8 26  0    -0.02039     0.61986     0.62019
2019  8 27  0     0.03318     0.64013     0.64099
2019  8 28  0     0.03208     0.61357     0.61441
2019  8 29  0    -0.07470     0.55150     0.55654
2019  8 30  0    -0.13800     0.47270     0.49243
2019  8 31  0    -0.21321     0.42845     0.47857
2019  9  1  0    -0.30960     0.31978     0.44510
2019  9  2  0    -0.49046     0.18425     0.52393
2019  9  3  0    -0.58089     0.09429     0.58849
2019  9  4  0    -0.61943     0.03646     0.62050
2019  9  5  0    -0.71690    -0.03436     0.71773
2019  9  6  0    -0.82887    -0.10637     0.83567
2019  9  7  0    -0.85003    -0.20717     0.87491
2019  9  8  0    -0.87061    -0.34174     0.93529
2019  9  9  0    -0.88131    -0.50870     1.01758
2019  9 10  0    -0.83770    -0.55083     1.00258
2019  9 11  0    -0.64123    -0.47646     0.79887
2019  9 12  0    -0.48708    -0.51794     0.71100
2019  9 13  0    -0.41161    -0.62631     0.74946
2019  9 14  0    -0.31568    -0.69209     0.76069
2019  9 15  0    -0.06048    -0.72455     0.72707
2019  9 16  0     0.15700    -0.78479     0.80034
2019  9 17  0     0.26817    -0.81112     0.85430
2019  9 18  0     0.46174    -0.75321     0.88347
2019  9 19  0     0.77484    -0.71742     1.05597
2019  9 20  0     1.05092    -0.73012     1.27965
2019  9 21  0     1.27500    -0.68731     1.44845
2019  9 22  0     1.51390    -0.60450     1.63012
2019  9 23  0     1.73478    -0.54584     1.81863
2019  9 24  0     1.79740    -0.52376     1.87215
2019  9 25  0     1.80691    -0.47606     1.86857
2019  9 26  0     1.88567    -0.39090     1.92576
2019  9 27  0     1.88690    -0.37916     1.92462
2019  9 28  0     1.76982    -0.43569     1.82266
2019  9 29  0     1.57812    -0.52096     1.66189
2019  9 30  0     1.38625    -0.54690     1.49023
2019 10  1  0     1.18211    -0.53710     1.29841
2019 10  2  0     0.99918    -0.53074     1.13139
2019 10  3  0     0.88007    -0.51421     1.01928
2019 10  4  0     0.78983    -0.49988     0.93473
2019 10  5  0     0.70498    -0.48618     0.85637
2019 10  6  0     0.59430    -0.49166     0.77131
2019 10  7  0     0.50855    -0.42583     0.66329
2019 10  8  0     0.48925    -0.36063     0.60780
2019 10  9  0     0.47705    -0.26785     0.54710
2019 10 10  0     0.46454    -0.20222     0.50665
2019 10 11  0     0.46036    -0.09662     0.47039
2019 10 12  0     0.48146    -0.00516     0.48149
2019 10 13  0     0.50879     0.12597     0.52416
2019 10 14  0     0.53043     0.25582     0.58890
2019 10 15  0     0.60844     0.42435     0.74181
2019 10 16  0     0.72376     0.59551     0.93727
2019 10 17  0     0.83071     0.74912     1.11860
2019 10 18  0     0.95935     0.81754     1.26044
2019 10 19  0     1.09829     0.91795     1.43139
2019 10 20  0     1.14421     0.91258     1.46356
2019 10 21  0     1.02776     0.96317     1.40854
2019 10 22  0     0.83340     0.99278     1.29621
2019 10 23  0     0.61802     0.98897     1.16620
2019 10 24  0     0.32670     0.96012     1.01418
2019 10 25  0    -0.02745     0.88201     0.88243
2019 10 26  0    -0.36729     0.77214     0.85504
2019 10 27  0    -0.69999     0.70155     0.99104
2019 10 28  0    -1.06084     0.59460     1.21611
2019 10 29  0    -1.35358     0.56223     1.46570
2019 10 30  0    -1.58449     0.54378     1.67520
2019 10 31  0    -1.80082     0.49325     1.86715
2019 11  1  0    -2.00478     0.43924     2.05233
2019 11  2  0    -2.19045     0.38821     2.22458
2019 11  3  0    -2.35242     0.34526     2.37763
2019 11  4  0    -2.49188     0.32773     2.51334
2019 11  5  0    -2.53360     0.18714     2.54051
2019 11  6  0    -2.50396    -0.03429     2.50420
2019 11  7  0    -2.41535    -0.26313     2.42964
2019 11  8  0    -2.28658    -0.50227     2.34110
2019 11  9  0    -2.04393    -0.76352     2.18188
2019 11 10  0    -1.70341    -1.03358     1.99246
2019 11 11  0    -1.41457    -1.18601     1.84598
2019 11 12  0    -1.16212    -1.36306     1.79122
2019 11 13  0    -0.98442    -1.54908     1.83541
2019 11 14  0    -0.81001    -1.62659     1.81711
2019 11 15  0    -0.61866    -1.59785     1.71344
2019 11 16  0    -0.42044    -1.59045     1.64508
2019 11 17  0    -0.19189    -1.59178     1.60330
2019 11 18  0    -0.02026    -1.48299     1.48313
2019 11 19  0     0.08403    -1.33953     1.34216
2019 11 20  0     0.24253    -1.14070     1.16619
2019 11 21  0     0.40867    -0.94324     1.02797
2019 11 22  0     0.57646    -0.83170     1.01194
2019 11 23  0     0.71155    -0.74916     1.03322
2019 11 24  0     0.81154    -0.69666     1.06955
2019 11 25  0     0.92306    -0.58866     1.09479
2019 11 26  0     1.01008    -0.45164     1.10645
2019 11 27  0     1.09626    -0.28249     1.13207
2019 11 28  0     1.22961    -0.07448     1.23186
2019 11 29  0     1.33681     0.05578     1.33798
2019 11 30  0     1.40933     0.17488     1.42014
2019 12  1  0     1.42228     0.27763     1.44912
2019 12  2  0     1.37987     0.32039     1.41658
2019 12  3  0     1.35633     0.36036     1.40339
2019 12  4  0     1.23245     0.32197     1.27381
2019 12  5  0     1.10128     0.27779     1.13577
2019 12  6  0     1.00418     0.16887     1.01828
2019 12  7  0     0.84343     0.05631     0.84531
2019 12  8  0     0.68195     0.00214     0.68196
2019 12  9  0     0.57227    -0.03178     0.57315
2019 12 10  0     0.52536     0.08621     0.53238
2019 12 11  0     0.48513     0.31018     0.57581
2019 12 12  0     0.40928     0.47817     0.62941
2019 12 13  0     0.40954     0.66938     0.78472
2019 12 14  0     0.38240     0.77509     0.86429
2019 12 15  0     0.35663     0.74349     0.82460
2019 12 16  0     0.33098     0.67261     0.74964
2019 12 17  0     0.35441     0.59808     0.69520
2019 12 18  0     0.35452     0.53273     0.63991
2019 12 19  0     0.30501     0.35294     0.46647
2019 12 20  0     0.25997     0.10781     0.28144
2019 12 21  0     0.24458    -0.06964     0.25430
2019 12 22  0     0.14132    -0.25455     0.29115
2019 12 23  0     0.04184    -0.37473     0.37706
2019 12 24  0    -0.04102    -0.38898     0.39114
2019 12 25  0    -0.03432    -0.36449     0.36611
2019 12 26  0    -0.08309    -0.35647     0.36603
2019 12 27  0    -0.17564    -0.28524     0.33498
2019 12 28  0    -0.22604    -0.12405     0.25784
2019 12 29  0    -0.25607     0.07180     0.26594
2019 12 30  0    -0.27627     0.22900     0.35884
2019 12 31  0    -0.25336     0.37222     0.45026
2020  1  1  0    -0.25054     0.48458     0.54552
2020  1  2  0    -0.26876     0.62931     0.68429
2020  1  3  0    -0.40663     0.79343     0.89155
2020  1  4  0    -0.52165     0.94933     1.08321
2020  1  5  0    -0.56185     1.08779     1.22432
2020  1  6  0    -0.62700     1.22344     1.37475
2020  1  7  0    -0.76552     1.34656     1.54895
2020  1  8  0    -0.92150     1.42872     1.70012
2020  1  9  0    -1.00309     1.48259     1.79004
2020  1 10  0    -1.09669     1.39863     1.77733
2020  1 11  0    -1.14917     1.14762     1.62408
2020  1 12  0    -1.09869     0.82806     1.37579
2020  1 13  0    -0.97713     0.45885     1.07950
2020  1 14  0    -0.82714     0.00715     0.82717
2020  1 15  0    -0.64204    -0.45243     0.78543
2020  1 16  0    -0.41180    -0.84752     0.94226
2020  1 17  0    -0.20885    -1.22886     1.24648
2020  1 18  0    -0.11146    -1.65494     1.65869
2020  1 19  0     0.04047    -1.95546     1.95588
2020  1 20  0     0.19337    -2.06474     2.07378
2020  1 21  0     0.39027    -2.11313     2.14887
2020  1 22  0     0.56571    -2.05790     2.13424
2020  1 23  0     0.71515    -1.90799     2.03761
2020  1 24  0     0.83447    -1.69061     1.88534
2020  1 25  0     0.92971    -1.44482     1.71810
2020  1 26  0     0.98488    -1.12732     1.49694
2020  1 27  0     1.09501    -0.76189     1.33399
2020  1 28  0     1.13438    -0.37199     1.19381
2020  1 29  0     1.16551    -0.01654     1.16563
2020  1 30  0     1.18873     0.31969     1.23097
2020  1 31  0     1.13559     0.57696     1.27375
2020  2  1  0     1.00580     0.79101     1.27958
2020  2  2  0     0.82964     0.95661     1.26625
2020  2  3  0     0.68883     1.10676     1.30361
2020  2  4  0     0.54158     1.16187     1.28190
2020  2  5  0     0.33284     1.27083     1.31369
2020  2  6  0     0.11785     1.31224     1.31752
2020  2  7  0    -0.11697     1.25350     1.25895
2020  2  8  0    -0.32626     1.15878     1.20383
2020  2  9  0    -0.46804     1.07917     1.17630
2020  2 10  0    -0.59668     0.96553     1.13502
2020  2 11  0    -0.69956     0.76406     1.03594
2020  2 12  0    -0.83121     0.46962     0.95470
2020  2 13  0    -0.89724     0.30128     0.94647
2020  2 14  0    -0.87656     0.13565     0.88700
2020  2 15  0    -0.81957     0.04369     0.82073
2020  2 16  0    -0.71705    -0.03275     0.71780
2020  2 17  0    -0.63254    -0.11781     0.64342
2020  2 18  0    -0.55995    -0.19802     0.59394
2020  2 19  0    -0.43641    -0.26478     0.51045
2020  2 20  0    -0.24380    -0.27424     0.36694
2020  2 21  0    -0.02147    -0.25463     0.25553
2020  2 22  0     0.17797    -0.26621     0.32022
2020  2 23  0     0.32377    -0.20552     0.38350
2020  2 24  0     0.55704    -0.17036     0.58251
2020  2 25  0     0.79878    -0.03636     0.79961
2020  2 26  0     1.01474     0.14028     1.02439
2020  2 27  0     1.13434     0.30273     1.17404
2020  2 28  0     1.22788     0.47920     1.31808
2020  2 29  0     1.30372     0.66677     1.46433
2020  3  1  0     1.29408     0.81921     1.53158
2020  3  2  0     1.18444     0.94339     1.51422
2020  3  3  0     1.08138     1.07644     1.52581
2020  3  4  0     0.90903     1.20372     1.50840
2020  3  5  0     0.65672     1.15946     1.33253
2020  3  6  0     0.32650     1.05917     1.10835
2020  3  7  0     0.08735     1.01293     1.01669
2020  3  8  0    -0.14665     0.96924     0.98028
2020  3  9  0    -0.40615     0.88992     0.97822
2020  3 10  0    -0.52855     0.76054     0.92617
2020  3 11  0    -0.51563     0.51993     0.73226
2020  3 12  0    -0.50823     0.22453     0.55562
2020  3 13  0    -0.48531    -0.06684     0.48989
2020  3 14  0    -0.32841    -0.25574     0.41624
2020  3 15  0    -0.05271    -0.31960     0.32392
2020  3 16  0     0.18572    -0.31332     0.36423
2020  3 17  0     0.35269    -0.26910     0.44363
2020  3 18  0     0.46666    -0.17579     0.49867
2020  3 19  0     0.43218    -0.08799     0.44105
2020  3 20  0     0.33531     0.05376     0.33959
2020  3 21  0     0.27323     0.17474     0.32433
2020  3 22  0     0.23470     0.35226     0.42328
2020  3 23  0     0.18837     0.59565     0.62473
2020  3 24  0     0.11231     0.83162     0.83917
2020  3 25  0     0.07365     0.95012     0.95297
2020  3 26  0     0.06597     1.03450     1.03660
2020  3 27  0     0.04975     1.04861     1.04979
2020  3 28  0     0.06084     1.00800     1.00983
2020  3 29  0    -0.05429     0.95447     0.95601
2020  3 30  0    -0.24603     0.83782     0.87319
2020  3 31  0    -0.40064     0.67784     0.78739
2020  4  1  0    -0.49214     0.50195     0.70296
2020  4  2  0    -0.52873     0.32625     0.62129
2020  4  3  0    -0.56615     0.28644     0.63449
2020  4  4  0    -0.56221     0.20483     0.59836
2020  4  5  0    -0.58094     0.05593     0.58362
2020  4  6  0    -0.62471    -0.08637     0.63066
2020  4  7  0    -0.54331    -0.27231     0.60773
2020  4  8  0    -0.36069    -0.34496     0.49910
2020  4  9  0    -0.25746    -0.40904     0.48332
2020  4 10  0    -0.22500    -0.45618     0.50865
2020  4 11  0    -0.23637    -0.45588     0.51352
2020  4 12  0    -0.24383    -0.50631     0.56196
2020  4 13  0    -0.31881    -0.63679     0.71214
2020  4 14  0    -0.37067    -0.69851     0.79077
2020  4 15  0    -0.26852    -0.78018     0.82509
2020  4 16  0    -0.13487    -0.84264     0.85337
2020  4 17  0     0.00301    -0.87062     0.87062
2020  4 18  0     0.14391    -0.80224     0.81504
2020  4 19  0     0.31579    -0.70360     0.77121
2020  4 20  0     0.46406    -0.71832     0.85518
2020  4 21  0     0.63684    -0.65414     0.91294
2020  4 22  0     0.79150    -0.47333     0.92223
2020  4 23  0     0.96024    -0.22120     0.98539
2020  4 24  0     1.12069     0.08696     1.12406
2020  4 25  0     1.12915     0.43568     1.21029
2020  4 26  0     1.13899     0.68118     1.32714
2020  4 27  0     1.11108     0.84182     1.39397
2020  4 28  0     0.96844     0.94755     1.35489
2020  4 29  0     0.83691     1.10028     1.38240
2020  4 30  0     0.68980     1.14868     1.33988
2020  5  1  0     0.62115     1.14049     1.29867
2020  5  2  0     0.55466     1.05497     1.19190
2020  5  3  0     0.45386     0.97180     1.07256
2020  5  4  0     0.42817     0.83494     0.93833
2020  5  5  0     0.30060     0.70690     0.76816
2020  5  6  0     0.24405     0.60579     0.65310
2020  5  7  0     0.26626     0.48241     0.55101
2020  5  8  0     0.32168     0.32766     0.45917
2020  5  9  0     0.37803     0.19213     0.42406
2020  5 10  0     0.45388     0.12441     0.47063
2020  5 11  0     0.58644     0.07457     0.59116
2020  5 12  0     0.73257     0.08292     0.73724
2020  5 13  0     0.95130     0.15662     0.96411
2020  5 14  0     1.17883     0.33341     1.22507
2020  5 15  0     1.23332     0.50029     1.33093
2020  5 16  0     1.21697     0.67747     1.39283
2020  5 17  0     1.15828     0.81703     1.41745
2020  5 18  0     1.00384     0.96095     1.38965
2020  5 19  0     0.77763     1.00497     1.27069
2020  5 20  0     0.57225     1.02412     1.17316
2020  5 21  0     0.36477     0.92990     0.99889
2020  5 22  0     0.06368     0.76161     0.76427
2020  5 23  0    -0.19278     0.52869     0.56274
2020  5 24  0    -0.31204     0.31804     0.44556
2020  5 25  0    -0.35877     0.12773     0.38083
2020  5 26  0    -0.49100    -0.07766     0.49711
2020  5 27  0    -0.51042    -0.32743     0.60642
2020  5 28  0    -0.42137    -0.50066     0.65438
2020  5 29  0    -0.42526    -0.65438     0.78042
2020  5 30  0    -0.43760    -0.76519     0.88149
2020  5 31  0    -0.38514    -0.81951     0.90550
2020  6  1  0    -0.32523    -0.82327     0.88518
2020  6  2  0    -0.24206    -0.78872     0.82503
2020  6  3  0    -0.18539    -0.71840     0.74194
2020  6  4  0    -0.11025    -0.55263     0.56352
2020  6  5  0    -0.14993    -0.33524     0.36723
2020  6  6  0    -0.23169    -0.14972     0.27586
2020  6  7  0    -0.18581    -0.03766     0.18959
2020  6  8  0    -0.21492     0.07316     0.22703
2020  6  9  0    -0.27309     0.17864     0.32633
2020  6 10  0    -0.34093     0.27558     0.43838
2020  6 11  0    -0.34189     0.32098     0.46895
2020  6 12  0    -0.26302     0.30209     0.40054
2020  6 13  0    -0.15513     0.22635     0.27441
2020  6 14  0     0.01727     0.09812     0.09963
2020  6 15  0     0.19687    -0.05609     0.20470
2020  6 16  0     0.29402    -0.13636     0.32410
2020  6 17  0     0.44019    -0.19513     0.48150
2020  6 18  0     0.57281    -0.22908     0.61692
2020  6 19  0     0.67882    -0.33482     0.75690
2020  6 20  0     0.73026    -0.39179     0.82872
2020  6 21  0     0.67157    -0.36218     0.76301
2020  6 22  0     0.60215    -0.27033     0.66005
2020  6 23  0     0.48231    -0.20043     0.52230
2020  6 24  0     0.30047    -0.07758     0.31033
2020  6 25  0     0.15261     0.08751     0.17592
2020  6 26  0     0.01409     0.17407     0.17464
2020  6 27  0    -0.06391     0.16647     0.17832
2020  6 28  0    -0.15166     0.19578     0.24765
2020  6 29  0    -0.24379     0.18667     0.30705
2020  6 30  0    -0.23025     0.10084     0.25137
2020  7  1  0    -0.12366    -0.03980     0.12991
2020  7  2  0     0.06062    -0.14974     0.16154
2020  7  3  0     0.25176    -0.20849     0.32688
2020  7  4  0     0.42346    -0.29002     0.51325
2020  7  5  0     0.56635    -0.34154     0.66137
2020  7  6  0     0.57541    -0.29426     0.64629
2020  7  7  0     0.59670    -0.18102     0.62356
2020  7  8  0     0.66551    -0.07878     0.67016
2020  7  9  0     0.68620     0.01311     0.68633
2020  7 10  0     0.69366     0.09132     0.69965
2020  7 11  0     0.66870     0.14577     0.68441
2020  7 12  0     0.68994     0.16765     0.71002
2020  7 13  0     0.67791     0.06613     0.68113
2020  7 14  0     0.67177    -0.03585     0.67273
2020  7 15  0     0.65638    -0.25332     0.70357
2020  7 16  0     0.63489    -0.45550     0.78139
2020  7 17  0     0.61871    -0.63152     0.88409
2020  7 18  0     0.64035    -0.73239     0.97286
2020  7 19  0     0.59910    -0.69387     0.91672
2020  7 20  0     0.53651    -0.62515     0.82380
2020  7 21  0     0.52867    -0.61192     0.80866
2020  7 22  0     0.56588    -0.50185     0.75636
2020  7 23  0     0.46895    -0.32178     0.56874
2020  7 24  0     0.41021    -0.01869     0.41064
2020  7 25  0     0.29911     0.20955     0.36521
2020  7 26  0     0.04915     0.43781     0.44056
2020  7 27  0    -0.29087     0.60069     0.66741
2020  7 28  0    -0.49958     0.72809     0.88301
2020  7 29  0    -0.67338     0.85463     1.08804
2020  7 30  0    -0.92801     0.95901     1.33451
2020  7 31  0    -1.16209     1.08457     1.58957
2020  8  1  0    -1.23151     1.15891     1.69106
2020  8  2  0    -1.30073     1.11020     1.71010
2020  8  3  0    -1.37630     1.02160     1.71402
2020  8  4  0    -1.26930     0.96397     1.59385
2020  8  5  0    -1.14820     0.84728     1.42697
2020  8  6  0    -1.16720     0.59673     1.31090
2020  8  7  0    -1.15782     0.33527     1.20539
2020  8  8  0    -1.18572     0.21808     1.20561
2020  8  9  0    -1.20704     0.06650     1.20887
2020  8 10  0    -1.19282    -0.08219     1.19565
2020  8 11  0    -1.09802    -0.22868     1.12158
2020  8 12  0    -0.98238    -0.34391     1.04084
2020  8 13  0    -0.99098    -0.52385     1.12092
2020  8 14  0    -0.99107    -0.61930     1.16865
2020  8 15  0    -0.90466    -0.66341     1.12184
2020  8 16  0    -0.81939    -0.73907     1.10346
2020  8 17  0    -0.67618    -0.95597     1.17093
2020  8 18  0    -0.51104    -1.13893     1.24833
2020  8 19  0    -0.40103    -1.27281     1.33449
2020  8 20  0    -0.25558    -1.36123     1.38502
2020  8 21  0    -0.03203    -1.43666     1.43701
2020  8 22  0     0.23018    -1.48449     1.50223
2020  8 23  0     0.49192    -1.57645     1.65142
2020  8 24  0     0.72948    -1.55416     1.71685
2020  8 25  0     0.90316    -1.42965     1.69103
2020  8 26  0     0.98838    -1.27755     1.61524
2020  8 27  0     1.04979    -1.06249     1.49364
2020  8 28  0     1.15266    -0.82198     1.41572
2020  8 29  0     1.19043    -0.52117     1.29952
2020  8 30  0     1.22175    -0.32219     1.26352
2020  8 31  0     1.30225    -0.18940     1.31595
2020  9  1  0     1.43772     0.01041     1.43776
2020  9  2  0     1.51267     0.14762     1.51986
2020  9  3  0     1.48629     0.26493     1.50972
2020  9  4  0     1.46801     0.38317     1.51719
2020  9  5  0     1.42203     0.46745     1.49689
2020  9  6  0     1.33745     0.51342     1.43261
2020  9  7  0     1.23400     0.55211     1.35188
2020  9  8  0     0.97825     0.63141     1.16433
2020  9  9  0     0.68554     0.82825     1.07516
2020  9 10  0     0.34022     0.94679     1.00606
2020  9 11  0    -0.00350     1.02549     1.02549
2020  9 12  0    -0.29104     1.09466     1.13269
2020  9 13  0    -0.49827     1.17387     1.27524
2020  9 14  0    -0.65877     1.20418     1.37260
2020  9 15  0    -0.80712     1.18665     1.43512
2020  9 16  0    -0.89779     1.08891     1.41129
2020  9 17  0    -0.88565     0.99574     1.33262
2020  9 18  0    -0.88396     0.83319     1.21474
2020  9 19  0    -0.87569     0.78177     1.17388
2020  9 20  0    -0.85936     0.75466     1.14369
2020  9 21  0    -0.77056     0.71074     1.04829
2020  9 22  0    -0.65037     0.67078     0.93431
2020  9 23  0    -0.56296     0.61179     0.83139
2020  9 24  0    -0.57898     0.57873     0.81863
2020  9 25  0    -0.64689     0.52924     0.83580
2020  9 26  0    -0.63945     0.45884     0.78704
2020  9 27  0    -0.63398     0.46661     0.78719
2020  9 28  0    -0.56129     0.47606     0.73599
2020  9 29  0    -0.43938     0.51907     0.68007
2020  9 30  0    -0.32848     0.50292     0.60069
2020 10  1  0    -0.36898     0.38866     0.53591
2020 10  2  0    -0.46400     0.28232     0.54314
2020 10  3  0    -0.53944     0.28799     0.61150
2020 10  4  0    -0.54195     0.42706     0.68999
2020 10  5  0    -0.55112     0.69142     0.88419
2020 10  6  0    -0.55007     0.90236     1.05681
2020 10  7  0    -0.59954     0.97004     1.14036
2020 10  8  0    -0.70498     0.97609     1.20406
2020 10  9  0    -0.86882     0.97090     1.30288
2020 10 10  0    -0.97497     1.02843     1.41712
2020 10 11  0    -1.03020     1.04151     1.46494
2020 10 12  0    -0.99469     0.95413     1.37832
2020 10 13  0    -0.97998     0.78836     1.25773
2020 10 14  0    -0.97690     0.55969     1.12588
2020 10 15  0    -0.98246     0.26916     1.01866
2020 10 16  0    -1.00875     0.04246     1.00964
2020 10 17  0    -1.05306    -0.06953     1.05536
2020 10 18  0    -0.97793    -0.13546     0.98727
2020 10 19  0    -0.92165    -0.23037     0.95001
2020 10 20  0    -0.86725    -0.26851     0.90787
2020 10 21  0    -0.81762    -0.35229     0.89028
2020 10 22  0    -0.81001    -0.40832     0.90710
2020 10 23  0    -0.76691    -0.50619     0.91891
2020 10 24  0    -0.66927    -0.50818     0.84034
2020 10 25  0    -0.59151    -0.47482     0.75852
2020 10 26  0    -0.47235    -0.60823     0.77010
2020 10 27  0    -0.48015    -0.74423     0.88567
2020 10 28  0    -0.49690    -0.80062     0.94228
2020 10 29  0    -0.53593    -0.86142     1.01453
2020 10 30  0    -0.55538    -0.86825     1.03068
2020 10 31  0    -0.50304    -0.93589     1.06251
2020 11  1  0    -0.41718    -0.90934     1.00047
2020 11  2  0    -0.33778    -0.96483     1.02225
2020 11  3  0    -0.25595    -0.98804     1.02065
2020 11  4  0    -0.18583    -0.89570     0.91477
2020 11  5  0    -0.04811    -0.83918     0.84055
2020 11  6  0     0.13336    -0.83457     0.84516
2020 11  7  0     0.37686    -0.84410     0.92441
2020 11  8  0     0.74304    -0.84336     1.12400
2020 11  9  0     1.17779    -0.81672     1.43325
2020 11 10  0     1.51946    -0.80238     1.71830
2020 11 11  0     1.71582    -0.85977     1.91918
2020 11 12  0     1.85319    -1.00266     2.10705
2020 11 13  0     2.02029    -1.22068     2.36043
2020 11 14  0     2.07413    -1.37242     2.48708
2020 11 15  0     2.06642    -1.39275     2.49195
2020 11 16  0     2.00597    -1.32633     2.40480
2020 11 17  0     1.79934    -1.14706     2.13386
2020 11 18  0     1.52375    -0.84756     1.74360
2020 11 19  0     1.29446    -0.49489     1.38583
2020 11 20  0     1.02547    -0.08001     1.02859
2020 11 21  0     0.65392     0.27810     0.71060
2020 11 22  0     0.23145     0.47705     0.53023
2020 11 23  0    -0.09503     0.59396     0.60151
2020 11 24  0    -0.38567     0.62791     0.73690
2020 11 25  0    -0.67318     0.61209     0.90985
2020 11 26  0    -0.86155     0.56878     1.03236
2020 11 27  0    -0.99285     0.54982     1.13492
2020 11 28  0    -1.06678     0.52186     1.18758
2020 11 29  0    -1.07835     0.48893     1.18401
2020 11 30  0    -0.97723     0.46358     1.08161
2020 12  1  0    -0.86503     0.50350     1.00089
2020 12  2  0    -0.75251     0.56479     0.94088
2020 12  3  0    -0.60569     0.56385     0.82752
2020 12  4  0    -0.43551     0.49587     0.65997
2020 12  5  0    -0.25667     0.40113     0.47622
2020 12  6  0    -0.13797     0.28202     0.31397
2020 12  7  0    -0.02737     0.20707     0.20887
2020 12  8  0     0.10113     0.17006     0.19785
2020 12  9  0     0.15042     0.18966     0.24206
2020 12 10  0     0.04575     0.26565     0.26956
2020 12 11  0    -0.08858     0.35356     0.36449
2020 12 12  0    -0.16298     0.49876     0.52472
2020 12 13  0    -0.22900     0.67808     0.71571
2020 12 14  0    -0.32652     0.90154     0.95885
2020 12 15  0    -0.40592     1.15180     1.22123
2020 12 16  0    -0.46541     1.26568     1.34853
2020 12 17  0    -0.54615     1.25150     1.36548
2020 12 18  0    -0.57088     1.15281     1.28642
2020 12 19  0    -0.48937     0.90881     1.03219
2020 12 20  0    -0.40044     0.64984     0.76331
2020 12 21  0    -0.33887     0.38810     0.51523
2020 12 22  0    -0.28411     0.13603     0.31500
2020 12 23  0    -0.25639    -0.11454     0.28081
2020 12 24  0    -0.20010    -0.28642     0.34940
2020 12 25  0    -0.16191    -0.31387     0.35317
2020 12 26  0    -0.12242    -0.29657     0.32084
2020 12 27  0    -0.03060    -0.29467     0.29626
2020 12 28  0     0.08169    -0.18561     0.20279
2020 12 29  0     0.22133    -0.03775     0.22453
2020 12 30  0     0.36848     0.08888     0.37905
2020 12 31  0     0.54450     0.19953     0.57991
2021  1  1  0     0.71080     0.25784     0.75612
2021  1  2  0     0.84745     0.28591     0.89438
2021  1  3  0     0.96560     0.31550     1.01584
2021  1  4  0     1.07283     0.36396     1.13289
2021  1  5  0     1.15069     0.44900     1.23519
2021  1  6  0     1.20465     0.51739     1.31105
2021  1  7  0     1.19617     0.54398     1.31406
2021  1  8  0     1.15265     0.53421     1.27042
2021  1  9  0     1.12831     0.54504     1.25305
2021  1 10  0     1.10881     0.64939     1.28498
2021  1 11  0     0.98220     0.74982     1.23570
2021  1 12  0     0.78055     0.80944     1.12448
2021  1 13  0     0.63041     0.87656     1.07971
2021  1 14  0     0.46679     0.92391     1.03513
2021  1 15  0     0.29834     0.93135     0.97797
2021  1 16  0     0.19423     0.90615     0.92673
2021  1 17  0     0.11026     0.84929     0.85642
2021  1 18  0    -0.02076     0.74799     0.74828
2021  1 19  0    -0.14547     0.62832     0.64494
2021  1 20  0    -0.13343     0.48745     0.50538
2021  1 21  0    -0.10554     0.33662     0.35278
2021  1 22  0    -0.13930     0.19464     0.23935
2021  1 23  0    -0.23698     0.10102     0.25761
2021  1 24  0    -0.34051     0.06660     0.34696
2021  1 25  0    -0.50775     0.14081     0.52691
2021  1 26  0    -0.62201     0.26776     0.67719
2021  1 27  0    -0.71886     0.37349     0.81009
2021  1 28  0    -0.75620     0.43465     0.87221
2021  1 29  0    -0.88721     0.43226     0.98692
2021  1 30  0    -1.02243     0.44996     1.11706
2021  1 31  0    -1.17409     0.40809     1.24299
2021  2  1  0    -1.29753     0.28742     1.32898
2021  2  2  0    -1.36118     0.10443     1.36518
2021  2  3  0    -1.35461    -0.13786     1.36161
2021  2  4  0    -1.35787    -0.37226     1.40797
2021  2  5  0    -1.31251    -0.61736     1.45045
2021  2  6  0    -1.26294    -0.87885     1.53863
2021  2  7  0    -1.16321    -1.08729     1.59225
2021  2  8  0    -1.08412    -1.25802     1.66070
2021  2  9  0    -1.04772    -1.30359     1.67244
2021  2 10  0    -0.98280    -1.31002     1.63770
2021  2 11  0    -0.88424    -1.27878     1.55472
2021  2 12  0    -0.79548    -1.25928     1.48949
2021  2 13  0    -0.76890    -1.27639     1.49010
2021  2 14  0    -0.74880    -1.27106     1.47523
2021  2 15  0    -0.70538    -1.21393     1.40399
2021  2 16  0    -0.66910    -1.21335     1.38561
2021  2 17  0    -0.64792    -1.27603     1.43110
2021  2 18  0    -0.52799    -1.31670     1.41862
2021  2 19  0    -0.37956    -1.22431     1.28179
2021  2 20  0    -0.31046    -1.09731     1.14038
2021  2 21  0    -0.29232    -1.00121     1.04301
2021  2 22  0    -0.17317    -0.91623     0.93245
2021  2 23  0    -0.00109    -0.80073     0.80073
2021  2 24  0     0.04684    -0.69157     0.69316
2021  2 25  0     0.04039    -0.48672     0.48839
2021  2 26  0    -0.02183    -0.18166     0.18296
2021  2 27  0    -0.18477     0.06335     0.19533
2021  2 28  0    -0.31616     0.09169     0.32919
2021  3  1  0    -0.31396     0.00359     0.31398
2021  3  2  0    -0.26579    -0.03695     0.26835
2021  3  3  0    -0.27355     0.02241     0.27446
2021  3  4  0    -0.31834     0.07918     0.32804
2021  3  5  0    -0.25588     0.13130     0.28760
2021  3  6  0    -0.15500     0.16452     0.22603
2021  3  7  0    -0.06571     0.09534     0.11579
2021  3  8  0     0.03480    -0.09276     0.09907
2021  3  9  0     0.06036    -0.19844     0.20742
2021  3 10  0     0.04510    -0.17887     0.18446
2021  3 11  0     0.04223    -0.23126     0.23508
2021  3 12  0     0.06606    -0.41363     0.41887
2021  3 13  0     0.14989    -0.60234     0.62071
2021  3 14  0     0.25604    -0.72668     0.77047
2021  3 15  0     0.45211    -0.79407     0.91375
2021  3 16  0     0.65485    -0.76861     1.00975
2021  3 17  0     0.75731    -0.66981     1.01103
2021  3 18  0     0.88331    -0.54125     1.03595
2021  3 19  0     0.99250    -0.35705     1.05478
2021  3 20  0     1.09314    -0.20579     1.11235
2021  3 21  0     1.16063    -0.03793     1.16125
2021  3 22  0     1.22297     0.21316     1.24141
2021  3 23  0     1.26361     0.45892     1.34436
2021  3 24  0     1.28104     0.63281     1.42881
2021  3 25  0     1.34887     0.75468     1.54564
2021  3 26  0     1.39124     0.89182     1.65254
2021  3 27  0     1.38832     0.99409     1.70753
2021  3 28  0     1.33948     1.05705     1.70633
2021  3 29  0     1.21234     1.24394     1.73700
2021  3 30  0     1.08015     1.42193     1.78567
2021  3 31  0     0.85785     1.46061     1.69390
2021  4  1  0     0.61107     1.38840     1.51692
2021  4  2  0     0.33233     1.27149     1.31421
2021  4  3  0    -0.04760     1.25560     1.25650
2021  4  4  0    -0.38949     1.17226     1.23527
2021  4  5  0    -0.72676     1.01134     1.24539
2021  4  6  0    -1.03124     0.79123     1.29981
2021  4  7  0    -1.15755     0.51502     1.26695
2021  4  8  0    -1.22002     0.26485     1.24843
2021  4  9  0    -1.19059     0.03990     1.19125
2021  4 10  0    -1.14901    -0.14631     1.15829
2021  4 11  0    -1.10911    -0.19309     1.12579
2021  4 12  0    -0.98429    -0.27969     1.02325
2021  4 13  0    -0.86174    -0.40803     0.95346
2021  4 14  0    -0.70707    -0.47966     0.85442
2021  4 15  0    -0.63725    -0.59438     0.87142
2021  4 16  0    -0.66856    -0.75453     1.00812
2021  4 17  0    -0.76320    -0.98950     1.24964
2021  4 18  0    -0.88893    -1.14690     1.45106
2021  4 19  0    -0.99112    -1.24748     1.59328
2021  4 20  0    -1.11944    -1.37453     1.77271
2021  4 21  0    -1.25353    -1.49689     1.95244
2021  4 22  0    -1.36943    -1.58271     2.09292
2021  4 23  0    -1.46583    -1.66766     2.22031
2021  4 24  0    -1.45627    -1.69847     2.23731
2021  4 25  0    -1.41049    -1.68024     2.19378
2021  4 26  0    -1.26665    -1.68046     2.10436
2021  4 27  0    -1.07011    -1.78364     2.08003
2021  4 28  0    -0.81895    -1.87244     2.04370
2021  4 29  0    -0.40622    -1.99276     2.03375
2021  4 30  0     0.05425    -1.99791     1.99864
2021  5  1  0     0.49629    -1.91481     1.97808
2021  5  2  0     0.84197    -1.75991     1.95095
2021  5  3  0     1.08510    -1.58454     1.92047
2021  5  4  0     1.27836    -1.46106     1.94137
2021  5  5  0     1.38911    -1.25560     1.87248
2021  5  6  0     1.45152    -1.03615     1.78340
2021  5  7  0     1.51661    -0.86729     1.74708
2021  5  8  0     1.52831    -0.75151     1.70309
2021  5  9  0     1.53818    -0.72376     1.69995
2021  5 10  0     1.51104    -0.65964     1.64874
2021  5 11  0     1.50828    -0.57451     1.61399
2021  5 12  0     1.49334    -0.43690     1.55594
2021  5 13  0     1.49942    -0.21850     1.51526
2021  5 14  0     1.47454     0.03704     1.47500
2021  5 15  0     1.35042     0.37606     1.40181
2021  5 16  0     1.08132     0.79031     1.33935
2021  5 17  0     0.76098     1.24262     1.45712
2021  5 18  0     0.39870     1.62440     1.67261
2021  5 19  0     0.02927     1.89745     1.89768
2021  5 20  0    -0.26895     2.10500     2.12211
2021  5 21  0    -0.49064     2.21988     2.27345
2021  5 22  0    -0.61455     2.18967     2.27427
2021  5 23  0    -0.65167     2.01431     2.11710
2021  5 24  0    -0.64920     1.81314     1.92586
2021  5 25  0    -0.62538     1.64475     1.75963
2021  5 26  0    -0.69888     1.46323     1.62157
2021  5 27  0    -0.76631     1.26958     1.48292
2021  5 28  0    -0.81950     1.01678     1.30592
2021  5 29  0    -0.92766     0.71422     1.17076
2021  5 30  0    -0.98754     0.43595     1.07948
2021  5 31  0    -0.98569     0.27105     1.02228
2021  6  1  0    -1.04554     0.21315     1.06704
2021  6  2  0    -1.18009     0.19439     1.19599
2021  6  3  0    -1.30921     0.04519     1.30999
2021  6  4  0    -1.35988    -0.09685     1.36332
2021  6  5  0    -1.38209    -0.16872     1.39235
2021  6  6  0    -1.34186    -0.19741     1.35630
2021  6  7  0    -1.25393    -0.14593     1.26239
2021  6  8  0    -1.13614    -0.10194     1.14070
2021  6  9  0    -1.10603    -0.10171     1.11070
2021  6 10  0    -1.02612    -0.10307     1.03128
2021  6 11  0    -0.82397    -0.14469     0.83658
2021  6 12  0    -0.59393    -0.20927     0.62972
2021  6 13  0    -0.46552    -0.26149     0.53393
2021  6 14  0    -0.33714    -0.31984     0.46472
2021  6 15  0    -0.20730    -0.42539     0.47321
2021  6 16  0    -0.04456    -0.60424     0.60588
2021  6 17  0     0.01921    -0.71757     0.71783
2021  6 18  0     0.08897    -0.78052     0.78558
2021  6 19  0     0.16909    -0.92485     0.94018
2021  6 20  0     0.22408    -1.05060     1.07423
2021  6 21  0     0.29182    -1.13335     1.17032
2021  6 22  0     0.44419    -1.18651     1.26693
2021  6 23  0     0.70764    -1.27082     1.45456
2021  6 24  0     0.88138    -1.37411     1.63249
2021  6 25  0     0.98496    -1.35916     1.67853
2021  6 26  0     1.04829    -1.34555     1.70570
2021  6 27  0     1.06791    -1.25504     1.64789
2021  6 28  0     1.12346    -1.05873     1.54372
2021  6 29  0     1.26192    -0.89014     1.54427
2021  6 30  0     1.35950    -0.63646     1.50110
2021  7  1  0     1.36610    -0.33476     1.40652
2021  7  2  0     1.21210    -0.00370     1.21211
2021  7  3  0     1.04865     0.39251     1.11970
2021  7  4  0     0.97681     0.71302     1.20936
2021  7  5  0     1.00016     1.00648     1.41892
2021  7  6  0     1.08178     1.17330     1.59590
2021  7  7  0     1.20549     1.26394     1.74664
2021  7  8  0     1.13466     1.33783     1.75421
2021  7  9  0     1.02158     1.35236     1.69484
2021  7 10  0     0.97849     1.33673     1.65659
2021  7 11  0     0.89081     1.27063     1.55178
2021  7 12  0     0.76947     1.15385     1.38689
2021  7 13  0     0.53622     1.06625     1.19349
2021  7 14  0     0.21880     1.00192     1.02553
2021  7 15  0    -0.13086     0.89844     0.90792
2021  7 16  0    -0.55992     0.83709     1.00709
2021  7 17  0    -0.84142     0.80739     1.16613
2021  7 18  0    -1.02564     0.69014     1.23622
2021  7 19  0    -1.18900     0.48933     1.28575
2021  7 20  0    -1.23340     0.28772     1.26651
2021  7 21  0    -1.25013     0.13298     1.25718
2021  7 22  0    -1.27254    -0.09383     1.27599
2021  7 23  0    -1.23754    -0.37499     1.29311
2021  7 24  0    -1.14111    -0.59079     1.28498
2021  7 25  0    -0.98194    -0.75321     1.23755
2021  7 26  0    -0.80104    -0.93721     1.23290
2021  7 27  0    -0.65783    -1.10721     1.28789
2021  7 28  0    -0.53907    -1.24368     1.35549
2021  7 29  0    -0.51035    -1.36260     1.45504
2021  7 30  0    -0.45086    -1.41120     1.48148
2021  7 31  0    -0.26551    -1.35966     1.38534
2021  8  1  0    -0.05659    -1.22334     1.22465
2021  8  2  0     0.15857    -1.10061     1.11198
2021  8  3  0     0.32872    -1.02415     1.07561
2021  8  4  0     0.50383    -0.94776     1.07336
2021  8  5  0     0.67032    -0.83564     1.07128
2021  8  6  0     0.78935    -0.66688     1.03334
2021  8  7  0     0.95608    -0.50871     1.08299
2021  8  8  0     1.20472    -0.37382     1.26139
2021  8  9  0     1.33608    -0.26888     1.36287
2021  8 10  0     1.40062    -0.20167     1.41506
2021  8 11  0     1.45954    -0.07538     1.46149
2021  8 12  0     1.55794     0.02044     1.55808
2021  8 13  0     1.58276     0.11256     1.58676
2021  8 14  0     1.54240     0.27633     1.56696
2021  8 15  0     1.50631     0.36783     1.55058
2021  8 16  0     1.41870     0.45638     1.49030
2021  8 17  0     1.24491     0.55915     1.36471
2021  8 18  0     1.14703     0.68881     1.33796
2021  8 19  0     1.03645     0.77156     1.29211
2021  8 20  0     0.87862     0.80489     1.19157
2021  8 21  0     0.60865     0.92289     1.10552
2021  8 22  0     0.33186     1.00831     1.06151
2021  8 23  0     0.17517     1.04964     1.06415
2021  8 24  0     0.07093     1.08996     1.09226
2021  8 25  0    -0.00926     1.15019     1.15023
2021  8 26  0    -0.03202     1.15671     1.15715
2021  8 27  0    -0.11773     1.08928     1.09563
2021  8 28  0    -0.18514     1.08441     1.10010
2021  8 29  0    -0.30241     1.08815     1.12939
2021  8 30  0    -0.35737     1.06415     1.12255
2021  8 31  0    -0.39985     1.03853     1.11285
2021  9  1  0    -0.51385     1.00645     1.13004
2021  9  2  0    -0.66515     0.98620     1.18954
2021  9  3  0    -0.76764     0.94223     1.21535
2021  9  4  0    -0.91203     0.93560     1.30658
2021  9  5  0    -1.05549     0.95406     1.42277
2021  9  6  0    -1.11039     0.91991     1.44194
2021  9  7  0    -1.07833     0.85138     1.37392
2021  9  8  0    -1.05010     0.75837     1.29531
2021  9  9  0    -1.09279     0.76662     1.33488
2021  9 10  0    -1.11776     0.76014     1.35173
2021  9 11  0    -1.07477     0.72174     1.29462
2021  9 12  0    -1.01724     0.65385     1.20925
2021  9 13  0    -0.88416     0.50568     1.01855
2021  9 14  0    -0.67922     0.39170     0.78407
2021  9 15  0    -0.62752     0.29727     0.69437
2021  9 16  0    -0.68711     0.25377     0.73248
2021  9 17  0    -0.70974     0.18440     0.73331
2021  9 18  0    -0.61523     0.04681     0.61701
2021  9 19  0    -0.48780    -0.11248     0.50060
2021  9 20  0    -0.38625    -0.23611     0.45270
2021  9 21  0    -0.34212    -0.29342     0.45071
2021  9 22  0    -0.25812    -0.25108     0.36009
2021  9 23  0    -0.18775    -0.25557     0.31712
2021  9 24  0    -0.04259    -0.26838     0.27174
2021  9 25  0     0.13460    -0.30759     0.33575
2021  9 26  0     0.25642    -0.28438     0.38291
2021  9 27  0     0.31986    -0.16773     0.36117
2021  9 28  0     0.26115    -0.10265     0.28060
2021  9 29  0     0.12071    -0.10655     0.16100
2021  9 30  0    -0.02900    -0.08713     0.09183
2021 10  1  0    -0.20584    -0.07067     0.21764
2021 10  2  0    -0.42226    -0.02578     0.42304
2021 10  3  0    -0.65662    -0.03951     0.65781
2021 10  4  0    -0.87924    -0.03469     0.87992
2021 10  5  0    -0.99006    -0.08720     0.99389
2021 10  6  0    -1.04809    -0.23640     1.07442
2021 10  7  0    -1.06128    -0.30471     1.10415
2021 10  8  0    -1.01825    -0.34969     1.07663
2021 10  9  0    -0.87243    -0.49373     1.00244
2021 10 10  0    -0.69676    -0.63145     0.94032
2021 10 11  0    -0.49689    -0.71885     0.87387
2021 10 12  0    -0.32255    -0.60476     0.68540
2021 10 13  0    -0.10413    -0.43316     0.44550
2021 10 14  0     0.12993    -0.35201     0.37522
2021 10 15  0     0.24429    -0.30945     0.39426
2021 10 16  0     0.36830    -0.25313     0.44690
2021 10 17  0     0.52378    -0.22828     0.57136
2021 10 18  0     0.59603    -0.18048     0.62276
2021 10 19  0     0.63435    -0.19500     0.66364
2021 10 20  0     0.64415    -0.20703     0.67660
2021 10 21  0     0.75831    -0.29019     0.81194
2021 10 22  0     0.82996    -0.37481     0.91067
2021 10 23  0     0.76987    -0.35564     0.84805
2021 10 24  0     0.78664    -0.29433     0.83990
2021 10 25  0     0.84888    -0.21603     0.87593
2021 10 26  0     0.81198    -0.14535     0.82489
2021 10 27  0     0.81452    -0.11099     0.82205
2021 10 28  0     0.79523    -0.02151     0.79552
2021 10 29  0     0.76138     0.07680     0.76524
2021 10 30  0     0.66219     0.18311     0.68704
2021 10 31  0     0.56672     0.36015     0.67148
2021 11  1  0     0.59490     0.57576     0.82789
2021 11  2  0     0.63949     0.69923     0.94756
2021 11  3  0     0.65162     0.79611     1.02878
2021 11  4  0     0.68042     0.89715     1.12599
2021 11  5  0     0.60909     1.00355     1.17393
2021 11  6  0     0.49217     1.11248     1.21649
2021 11  7  0     0.38673     1.16439     1.22693
2021 11  8  0     0.16682     1.16782     1.17968
2021 11  9  0    -0.01342     1.06405     1.06413
2021 11 10  0    -0.27173     0.88476     0.92555
2021 11 11  0    -0.47012     0.83246     0.95604
2021 11 12  0    -0.62112     0.79957     1.01247
2021 11 13  0    -0.73345     0.77157     1.06455
2021 11 14  0    -0.73984     0.69240     1.01330
2021 11 15  0    -0.70015     0.57868     0.90834
2021 11 16  0    -0.57929     0.48861     0.75784
2021 11 17  0    -0.35354     0.35961     0.50429
2021 11 18  0    -0.24162     0.23414     0.33646
2021 11 19  0    -0.18441     0.17755     0.25599
2021 11 20  0    -0.16431     0.15755     0.22764
2021 11 21  0    -0.23770     0.06952     0.24765
2021 11 22  0    -0.28499     0.01600     0.28543
2021 11 23  0    -0.35513    -0.00285     0.35514
2021 11 24  0    -0.45283    -0.03825     0.45444
2021 11 25  0    -0.63372    -0.13222     0.64737
2021 11 26  0    -0.89096    -0.19647     0.91236
2021 11 27  0    -1.09576    -0.23239     1.12014
2021 11 28  0    -1.28041    -0.24856     1.30431
2021 11 29  0    -1.41999    -0.29791     1.45090
2021 11 30  0    -1.52803    -0.21618     1.54325
2021 12  1  0    -1.58620    -0.12063     1.59078
2021 12  2  0    -1.65033    -0.10993     1.65399
2021 12  3  0    -1.69589    -0.16978     1.70437
2021 12  4  0    -1.68874    -0.25585     1.70801
2021 12  5  0    -1.68288    -0.30765     1.71077
2021 12  6  0    -1.65696    -0.34444     1.69239
2021 12  7  0    -1.61966    -0.45690     1.68288
2021 12  8  0    -1.59238    -0.56355     1.68916
2021 12  9  0    -1.50451    -0.76725     1.68885
2021 12 10  0    -1.43840    -1.05943     1.78645
2021 12 11  0    -1.32628    -1.27414     1.83914
2021 12 12  0    -1.17985    -1.36082     1.80108
2021 12 13  0    -1.03694    -1.32321     1.68111
2021 12 14  0    -0.86966    -1.25073     1.52337
2021 12 15  0    -0.66569    -1.22638     1.39540
2021 12 16  0    -0.47421    -1.14181     1.23637
2021 12 17  0    -0.32358    -1.08235     1.12969
2021 12 18  0    -0.25822    -0.96974     1.00353
2021 12 19  0    -0.26418    -0.83439     0.87521
2021 12 20  0    -0.35938    -0.69092     0.77879
2021 12 21  0    -0.46363    -0.57135     0.73580
2021 12 22  0    -0.53580    -0.47680     0.71723
2021 12 23  0    -0.57829    -0.43974     0.72649
2021 12 24  0    -0.62784    -0.34699     0.71734
2021 12 25  0    -0.63145    -0.30524     0.70136
2021 12 26  0    -0.58930    -0.16429     0.61177
2021 12 27  0    -0.56483     0.00029     0.56483
2021 12 28  0    -0.51480     0.17135     0.54257
2021 12 29  0    -0.39435     0.25110     0.46751
2021 12 30  0    -0.27841     0.24542     0.37113
2021 12 31  0    -0.16739     0.19955     0.26046
2022  1  1  0    -0.07022     0.08622     0.11119
2022  1  2  0     0.01021    -0.03925     0.04055
2022  1  3  0     0.07003    -0.16779     0.18182
2022  1  4  0     0.15151    -0.40302     0.43056
2022  1  5  0     0.28018    -0.65876     0.71587
2022  1  6  0     0.41948    -0.89788     0.99103
2022  1  7  0     0.53328    -1.08059     1.20502
2022  1  8  0     0.64579    -1.16118     1.32867
2022  1  9  0     0.74291    -1.17873     1.39332
2022  1 10  0     0.79559    -1.15198     1.40001
2022  1 11  0     0.87147    -1.15012     1.44300
2022  1 12  0     0.94799    -1.08646     1.44190
2022  1 13  0     1.01214    -0.90909     1.36046
2022  1 14  0     1.04208    -0.72773     1.27103
2022  1 15  0     1.06321    -0.50981     1.17912
2022  1 16  0     1.02551    -0.28148     1.06344
2022  1 17  0     0.96469    -0.13311     0.97383
2022  1 18  0     0.94032    -0.04544     0.94142
2022  1 19  0     0.96608     0.05468     0.96762
2022  1 20  0     0.99935     0.16022     1.01211
2022  1 21  0     1.00965     0.17671     1.02500
2022  1 22  0     0.94463     0.14274     0.95535
2022  1 23  0     0.86699     0.12254     0.87560
2022  1 24  0     0.75860     0.09073     0.76401
2022  1 25  0     0.69377     0.08907     0.69946
2022  1 26  0     0.66606     0.18486     0.69124
2022  1 27  0     0.60919     0.29491     0.67682
2022  1 28  0     0.53436     0.37698     0.65395
2022  1 29  0     0.45624     0.47527     0.65881
2022  1 30  0     0.39331     0.65002     0.75975
2022  1 31  0     0.39913     0.81738     0.90963
2022  2  1  0     0.37915     0.94056     1.01411
2022  2  2  0     0.42621     1.06390     1.14610
2022  2  3  0     0.48954     1.14260     1.24306
2022  2  4  0     0.55647     1.17614     1.30114
2022  2  5  0     0.65423     1.25415     1.41454
2022  2  6  0     0.80869     1.37740     1.59725
2022  2  7  0     0.92751     1.48156     1.74794
2022  2  8  0     1.03971     1.48658     1.81408
2022  2  9  0     1.15765     1.37493     1.79738
2022  2 10  0     1.31090     1.24213     1.80591
2022  2 11  0     1.42050     1.05165     1.76742
2022  2 12  0     1.51495     0.89228     1.75819
2022  2 13  0     1.53623     0.70441     1.69003
2022  2 14  0     1.50983     0.45136     1.57586
2022  2 15  0     1.35216     0.20791     1.36805
2022  2 16  0     1.15350     0.05461     1.15479
2022  2 17  0     0.90219     0.08034     0.90576
2022  2 18  0     0.64563     0.23031     0.68548
2022  2 19  0     0.41990     0.42737     0.59913
2022  2 20  0     0.23873     0.65465     0.69682
2022  2 21  0     0.02511     0.84031     0.84068
2022  2 22  0    -0.24997     0.96697     0.99875
2022  2 23  0    -0.56260     1.04557     1.18732
2022  2 24  0    -0.77142     1.01841     1.27759
2022  2 25  0    -0.88460     0.89132     1.25577
2022  2 26  0    -0.81139     0.69205     1.06643
2022  2 27  0    -0.67160     0.52056     0.84972
2022  2 28  0    -0.47956     0.35056     0.59403
2022  3  1  0    -0.33217     0.23890     0.40916
2022  3  2  0    -0.22976     0.11933     0.25890
2022  3  3  0    -0.11739     0.05336     0.12895
2022  3  4  0    -0.03381    -0.02937     0.04479
2022  3  5  0    -0.07463    -0.15091     0.16836
2022  3  6  0    -0.16393    -0.27316     0.31858
2022  3  7  0    -0.24894    -0.35710     0.43530
2022  3  8  0    -0.32052    -0.45927     0.56006
2022  3  9  0    -0.41267    -0.58149     0.71304
2022  3 10  0    -0.48736    -0.70294     0.85536
2022  3 11  0    -0.49254    -0.82657     0.96219
2022  3 12  0    -0.42394    -0.97546     1.06360
2022  3 13  0    -0.32193    -1.02148     1.07101
2022  3 14  0    -0.13069    -0.93609     0.94517
2022  3 15  0     0.09382    -0.70340     0.70963
2022  3 16  0     0.24794    -0.43298     0.49894
2022  3 17  0     0.23146    -0.14870     0.27511
2022  3 18  0     0.11382     0.14029     0.18066
2022  3 19  0    -0.00134     0.36071     0.36071
2022  3 20  0    -0.10586     0.51419     0.52498
2022  3 21  0    -0.26936     0.59521     0.65332
2022  3 22  0    -0.47441     0.54355     0.72146
2022  3 23  0    -0.71977     0.44134     0.84430
2022  3 24  0    -0.89299     0.29677     0.94101
2022  3 25  0    -1.05266     0.22296     1.07602
2022  3 26  0    -1.22390     0.16106     1.23445
2022  3 27  0    -1.39711     0.11631     1.40194
2022  3 28  0    -1.55763     0.04576     1.55830
2022  3 29  0    -1.64319     0.04122     1.64371
2022  3 30  0    -1.68894     0.04963     1.68967
2022  3 31  0    -1.62665     0.06073     1.62778
2022  4  1  0    -1.44770     0.12575     1.45315
2022  4  2  0    -1.30513     0.23722     1.32651
2022  4  3  0    -1.21420     0.30890     1.25288
2022  4  4  0    -1.04125     0.30575     1.08521
2022  4  5  0    -0.79576     0.26315     0.83814
2022  4  6  0    -0.59436     0.19730     0.62625
2022  4  7  0    -0.47878     0.10854     0.49093
2022  4  8  0    -0.34259     0.00119     0.34260
2022  4  9  0    -0.16559    -0.08051     0.18412
2022  4 10  0    -0.04391    -0.30410     0.30726
2022  4 11  0     0.02955    -0.54299     0.54379
2022  4 12  0     0.08745    -0.79637     0.80116
2022  4 13  0     0.10393    -0.98039     0.98589
2022  4 14  0     0.13658    -1.06123     1.06998
2022  4 15  0     0.23296    -1.02641     1.05251
2022  4 16  0     0.28546    -0.98983     1.03016
2022  4 17  0     0.28374    -0.90792     0.95122
2022  4 18  0     0.25146    -0.78387     0.82321
2022  4 19  0     0.28537    -0.60456     0.66853
2022  4 20  0     0.35596    -0.54019     0.64692
2022  4 21  0     0.47282    -0.45773     0.65808
2022  4 22  0     0.61491    -0.35239     0.70873
2022  4 23  0     0.69062    -0.31184     0.75776
2022  4 24  0     0.69107    -0.23677     0.73051
2022  4 25  0     0.73931    -0.16865     0.75831
2022  4 26  0     0.88763    -0.08942     0.89212
2022  4 27  0     1.05169    -0.09996     1.05643
2022  4 28  0     1.17404    -0.12040     1.18020
2022  4 29  0     1.32547    -0.06858     1.32724
2022  4 30  0     1.47186    -0.00460     1.47187
2022  5  1  0     1.60296     0.02615     1.60317
2022  5  2  0     1.72345     0.07879     1.72525
2022  5  3  0     1.86282     0.10223     1.86562
2022  5  4  0     1.97115     0.17310     1.97873
2022  5  5  0     2.01844     0.24703     2.03350
2022  5  6  0     1.96569     0.35124     1.99683
2022  5  7  0     1.83111     0.36851     1.86783
2022  5  8  0     1.59344     0.31176     1.62365
2022  5  9  0     1.33284     0.24109     1.35447
2022  5 10  0     1.05449     0.18932     1.07135
2022  5 11  0     0.72768     0.12276     0.73796
2022  5 12  0     0.45331    -0.00935     0.45341
2022  5 13  0     0.20675    -0.19086     0.28138
2022  5 14  0    -0.06536    -0.31503     0.32174
2022  5 15  0    -0.31776    -0.40886     0.51781
2022  5 16  0    -0.50918    -0.48021     0.69990
2022  5 17  0    -0.60138    -0.47680     0.76746
2022  5 18  0    -0.68879    -0.41228     0.80275
2022  5 19  0    -0.73657    -0.36606     0.82252
2022  5 20  0    -0.72004    -0.30642     0.78253
2022  5 21  0    -0.78174    -0.13126     0.79268
2022  5 22  0    -0.84939     0.01001     0.84945
2022  5 23  0    -0.87423     0.07055     0.87707
2022  5 24  0    -0.84042     0.11406     0.84813
2022  5 25  0    -0.80815     0.18791     0.82971
2022  5 26  0    -0.76616     0.24038     0.80299
2022  5 27  0    -0.71417     0.15615     0.73104
2022  5 28  0    -0.70692     0.04203     0.70817
2022  5 29  0    -0.74523    -0.02284     0.74558
2022  5 30  0    -0.70156    -0.20908     0.73205
2022  5 31  0    -0.61088    -0.38651     0.72289
2022  6  1  0    -0.54356    -0.50766     0.74375
2022  6  2  0    -0.45870    -0.61301     0.76562
2022  6  3  0    -0.31271    -0.67012     0.73949
2022  6  4  0    -0.16950    -0.75661     0.77536
2022  6  5  0    -0.04442    -0.76412     0.76541
2022  6  6  0     0.05160    -0.66142     0.66343
2022  6  7  0     0.32014    -0.59923     0.67939
2022  6  8  0     0.56650    -0.59820     0.82387
2022  6  9  0     0.69611    -0.62270     0.93398
2022  6 10  0     0.80485    -0.63542     1.02544
2022  6 11  0     0.92780    -0.61350     1.11230
2022  6 12  0     1.06793    -0.68394     1.26816
2022  6 13  0     1.13570    -0.75955     1.36628
2022  6 14  0     1.12777    -0.80059     1.38304
2022  6 15  0     1.16862    -0.90853     1.48024
2022  6 16  0     1.03540    -0.93185     1.39298
2022  6 17  0     0.85031    -0.80141     1.16846
2022  6 18  0     0.81367    -0.61543     1.02020
2022  6 19  0     0.87119    -0.49353     1.00127
2022  6 20  0     0.89070    -0.44100     0.99390
2022  6 21  0     0.81551    -0.22862     0.84695
2022  6 22  0     0.76871     0.00621     0.76873
2022  6 23  0     0.74028     0.12584     0.75090
2022  6 24  0     0.68315     0.23609     0.72279
2022  6 25  0     0.64852     0.32319     0.72459
2022  6 26  0     0.60494     0.38443     0.71676
2022  6 27  0     0.42607     0.38686     0.57550
2022  6 28  0     0.16290     0.44762     0.47634
2022  6 29  0     0.00714     0.58829     0.58834
2022  6 30  0    -0.07712     0.66814     0.67258
2022  7  1  0    -0.18825     0.74872     0.77203
2022  7  2  0    -0.38846     0.85720     0.94111
2022  7  3  0    -0.63559     0.99542     1.18104
2022  7  4  0    -0.81456     1.12139     1.38601
2022  7  5  0    -0.89104     1.17312     1.47314
2022  7  6  0    -0.85358     1.27442     1.53386
2022  7  7  0    -0.79407     1.38031     1.59242
2022  7  8  0    -0.86125     1.41813     1.65917
2022  7  9  0    -0.93166     1.35702     1.64605
2022  7 10  0    -0.93390     1.33990     1.63325
2022  7 11  0    -0.87588     1.28052     1.55142
2022  7 12  0    -0.79143     1.18261     1.42300
2022  7 13  0    -0.69693     1.05333     1.26302
2022  7 14  0    -0.63131     0.89694     1.09684
2022  7 15  0    -0.56613     0.72094     0.91666
2022  7 16  0    -0.48042     0.49126     0.68712
2022  7 17  0    -0.41541     0.24997     0.48482
2022  7 18  0    -0.27857     0.02773     0.27995
2022  7 19  0    -0.16598    -0.20659     0.26500
2022  7 20  0     0.03768    -0.40551     0.40726
2022  7 21  0     0.30247    -0.62122     0.69094
2022  7 22  0     0.53937    -0.77081     0.94078
2022  7 23  0     0.72889    -0.86583     1.13179
2022  7 24  0     0.76393    -0.87815     1.16393
2022  7 25  0     0.79769    -0.90963     1.20985
2022  7 26  0     0.90884    -0.86600     1.25537
2022  7 27  0     0.91428    -0.72284     1.16551
2022  7 28  0     0.90641    -0.54338     1.05681
2022  7 29  0     0.86495    -0.32137     0.92272
2022  7 30  0     0.75785    -0.07684     0.76174
2022  7 31  0     0.57528     0.13837     0.59169
2022  8  1  0     0.38375     0.37884     0.53924
2022  8  2  0     0.21792     0.55926     0.60022
2022  8  3  0    -0.08173     0.65889     0.66394
2022  8  4  0    -0.31969     0.67516     0.74702
2022  8  5  0    -0.41766     0.57384     0.70974
2022  8  6  0    -0.53272     0.37401     0.65090
2022  8  7  0    -0.62548     0.15339     0.64401
2022  8  8  0    -0.68163    -0.05872     0.68415
2022  8  9  0    -0.69686    -0.27194     0.74804
2022  8 10  0    -0.72597    -0.44396     0.85096
2022  8 11  0    -0.62364    -0.54103     0.82561
2022  8 12  0    -0.40983    -0.57829     0.70879
2022  8 13  0    -0.30540    -0.68051     0.74590
2022  8 14  0    -0.32214    -0.72278     0.79132
2022  8 15  0    -0.29198    -0.68748     0.74691
2022  8 16  0    -0.20386    -0.61821     0.65095
2022  8 17  0    -0.11270    -0.55723     0.56851
2022  8 18  0    -0.03001    -0.47621     0.47716
2022  8 19  0     0.13402    -0.40557     0.42714
2022  8 20  0     0.23868    -0.34382     0.41855
2022  8 21  0     0.37754    -0.24966     0.45263
2022  8 22  0     0.58381    -0.08279     0.58965
2022  8 23  0     0.88991     0.11760     0.89765
2022  8 24  0     1.16485     0.21883     1.18523
2022  8 25  0     1.27671     0.25854     1.30263
2022  8 26  0     1.41583     0.30226     1.44773
2022  8 27  0     1.47480     0.29504     1.50402
2022  8 28  0     1.46811     0.23704     1.48712
2022  8 29  0     1.38640     0.16341     1.39599
2022  8 30  0     1.27485     0.12215     1.28069
2022  8 31  0     1.15916     0.15759     1.16982
2022  9  1  0     0.94914     0.17922     0.96591
2022  9  2  0     0.67385     0.34271     0.75600
2022  9  3  0     0.44681     0.48140     0.65680
2022  9  4  0     0.19912     0.57767     0.61103
2022  9  5  0     0.07650     0.61458     0.61933
2022  9  6  0    -0.05285     0.66292     0.66502
2022  9  7  0    -0.08513     0.68925     0.69449
2022  9  8  0    -0.13427     0.54762     0.56384
2022  9  9  0    -0.20708     0.31664     0.37834
2022  9 10  0    -0.41730     0.04267     0.41948
2022  9 11  0    -0.56836    -0.21828     0.60884
2022  9 12  0    -0.55533    -0.41961     0.69604
2022  9 13  0    -0.55373    -0.57425     0.79773
2022  9 14  0    -0.57758    -0.63025     0.85487
2022  9 15  0    -0.60146    -0.67919     0.90722
2022  9 16  0    -0.64748    -0.69967     0.95330
2022  9 17  0    -0.72614    -0.62283     0.95666
2022  9 18  0    -0.88766    -0.52222     1.02988
2022  9 19  0    -0.90047    -0.35506     0.96794
2022  9 20  0    -0.81210    -0.25378     0.85083
2022  9 21  0    -0.84009    -0.20912     0.86573
2022  9 22  0    -0.88841    -0.10167     0.89421
2022  9 23  0    -0.90132    -0.01611     0.90146
2022  9 24  0    -0.88588     0.08972     0.89041
2022  9 25  0    -0.86302     0.21963     0.89053
2022  9 26  0    -0.78935     0.34383     0.86098
2022  9 27  0    -0.64464     0.43834     0.77955
2022  9 28  0    -0.43204     0.51895     0.67525
2022  9 29  0    -0.32873     0.61907     0.70094
2022  9 30  0    -0.23651     0.76841     0.80399
2022 10  1  0    -0.08241     0.83860     0.84264
2022 10  2  0    -0.02800     0.87769     0.87814
2022 10  3  0     0.05469     0.86426     0.86599
2022 10  4  0     0.09015     0.75272     0.75810
2022 10  5  0     0.04761     0.65577     0.65750
2022 10  6  0     0.02022     0.60435     0.60468
2022 10  7  0    -0.07387     0.53189     0.53699
2022 10  8  0    -0.19630     0.45361     0.49427
2022 10  9  0    -0.30260     0.33977     0.45498
2022 10 10  0    -0.45123     0.16179     0.47936
2022 10 11  0    -0.45936    -0.02134     0.45985
2022 10 12  0    -0.53571    -0.13307     0.55199
2022 10 13  0    -0.55646    -0.14678     0.57549
2022 10 14  0    -0.51001    -0.10005     0.51973
2022 10 15  0    -0.45325    -0.06262     0.45755
2022 10 16  0    -0.43842    -0.03222     0.43960
2022 10 17  0    -0.36402     0.02337     0.36477
2022 10 18  0    -0.28992     0.06000     0.29606
2022 10 19  0    -0.20732     0.11484     0.23701
2022 10 20  0    -0.14130     0.15563     0.21021
2022 10 21  0    -0.05693     0.09754     0.11294
2022 10 22  0    -0.06429     0.05340     0.08358
2022 10 23  0    -0.20951    -0.01524     0.21007
2022 10 24  0    -0.33550    -0.08186     0.34535
2022 10 25  0    -0.32923    -0.15576     0.36422
2022 10 26  0    -0.29460    -0.17615     0.34325
2022 10 27  0    -0.23126    -0.19017     0.29941
2022 10 28  0    -0.09646    -0.24844     0.26651
2022 10 29  0     0.03141    -0.28572     0.28744
2022 10 30  0     0.08786    -0.29587     0.30864
2022 10 31  0     0.20754    -0.27161     0.34182
2022 11  1  0     0.44236    -0.23286     0.49990
2022 11  2  0     0.60871    -0.16889     0.63171
2022 11  3  0     0.65037    -0.08447     0.65583
2022 11  4  0     0.67543    -0.04795     0.67713
2022 11  5  0     0.65517     0.02398     0.65561
2022 11  6  0     0.55729     0.16208     0.58038
2022 11  7  0     0.48792     0.28438     0.56474
2022 11  8  0     0.55091     0.45266     0.71302
2022 11  9  0     0.65914     0.59262     0.88638
2022 11 10  0     0.70500     0.74350     1.02460
2022 11 11  0     0.74541     0.73761     1.04867
2022 11 12  0     0.77437     0.74730     1.07615
2022 11 13  0     0.67863     0.76481     1.02248
2022 11 14  0     0.57062     0.81649     0.99613
2022 11 15  0     0.50065     0.83324     0.97208
2022 11 16  0     0.32917     0.81807     0.88182
2022 11 17  0     0.10482     0.74611     0.75343
2022 11 18  0    -0.21719     0.62962     0.66603
2022 11 19  0    -0.48989     0.42878     0.65103
2022 11 20  0    -0.64642     0.13535     0.66044
2022 11 21  0    -0.71257    -0.18803     0.73696
2022 11 22  0    -0.58879    -0.52695     0.79016
2022 11 23  0    -0.40708    -0.87673     0.96663
2022 11 24  0    -0.25974    -1.22430     1.25155
2022 11 25  0    -0.14677    -1.37815     1.38595
2022 11 26  0    -0.10147    -1.41409     1.41773
2022 11 27  0    -0.10881    -1.35276     1.35713
2022 11 28  0    -0.09936    -1.31037     1.31414
2022 11 29  0    -0.08898    -1.20740     1.21067
2022 11 30  0    -0.01810    -1.10400     1.10415
2022 12  1  0     0.06037    -0.94626     0.94819
2022 12  2  0     0.20426    -0.76125     0.78818
2022 12  3  0     0.36924    -0.55406     0.66582
2022 12  4  0     0.51507    -0.44367     0.67981
2022 12  5  0     0.60344    -0.40891     0.72894
2022 12  6  0     0.69832    -0.38403     0.79695
2022 12  7  0     0.80901    -0.35183     0.88220
2022 12  8  0     0.93171    -0.31562     0.98372
2022 12  9  0     0.96837    -0.27265     1.00602
2022 12 10  0     0.97293    -0.23059     0.99988
2022 12 11  0     0.90258    -0.18899     0.92216
2022 12 12  0     0.82292    -0.15030     0.83653
2022 12 13  0     0.74709    -0.12207     0.75699
2022 12 14  0     0.68907    -0.05618     0.69135
2022 12 15  0     0.59460    -0.09318     0.60186
2022 12 16  0     0.43429    -0.06173     0.43866
2022 12 17  0     0.23778    -0.03243     0.23998
2022 12 18  0     0.08999    -0.01011     0.09055
2022 12 19  0     0.00850     0.05786     0.05848
2022 12 20  0    -0.06531     0.17378     0.18565
2022 12 21  0    -0.19191     0.35938     0.40741
2022 12 22  0    -0.40179     0.55829     0.68784
2022 12 23  0    -0.58755     0.76158     0.96189
2022 12 24  0    -0.76437     0.95263     1.22138
2022 12 25  0    -0.92945     1.04221     1.39645
2022 12 26  0    -1.05585     1.10105     1.52549
2022 12 27  0    -1.16205     1.16362     1.64450
2022 12 28  0    -1.29481     1.18451     1.75488
2022 12 29  0    -1.45293     1.16741     1.86382
2022 12 30  0    -1.56748     1.07910     1.90301
2022 12 31  0    -1.58733     0.98055     1.86577
2023  1  1  0    -1.62658     0.75008     1.79120
2023  1  2  0    -1.65027     0.55434     1.74088
2023  1  3  0    -1.59620     0.38384     1.64170
2023  1  4  0    -1.54422     0.17923     1.55459
2023  1  5  0    -1.49416    -0.06070     1.49539
2023  1  6  0    -1.45491    -0.33245     1.49241
2023  1  7  0    -1.27365    -0.55769     1.39039
2023  1  8  0    -1.07870    -0.75111     1.31444
2023  1  9  0    -0.84016    -0.93384     1.25615
2023  1 10  0    -0.57943    -1.09771     1.24125
2023  1 11  0    -0.27366    -1.24303     1.27280
2023  1 12  0    -0.11173    -1.34234     1.34698
2023  1 13  0    -0.01693    -1.37568     1.37578
2023  1 14  0     0.03792    -1.25894     1.25951
2023  1 15  0     0.10761    -1.05486     1.06033
2023  1 16  0     0.11427    -0.84991     0.85755
2023  1 17  0     0.17468    -0.67780     0.69994
2023  1 18  0     0.18885    -0.49232     0.52730
2023  1 19  0     0.22431    -0.28314     0.36122
2023  1 20  0     0.26431    -0.02574     0.26556
2023  1 21  0     0.40980     0.21014     0.46054
2023  1 22  0     0.62461     0.40331     0.74350
2023  1 23  0     0.85841     0.46417     0.97587
2023  1 24  0     1.09245     0.53290     1.21549
2023  1 25  0     1.26732     0.57909     1.39336
2023  1 26  0     1.34795     0.60008     1.47549
2023  1 27  0     1.43521     0.58381     1.54941
2023  1 28  0     1.45880     0.57495     1.56801
2023  1 29  0     1.43790     0.57781     1.54965
2023  1 30  0     1.34219     0.58990     1.46610
2023  1 31  0     1.18666     0.59834     1.32897
2023  2  1  0     0.99081     0.64002     1.17954
2023  2  2  0     0.77799     0.64530     1.01078
2023  2  3  0     0.55162     0.70092     0.89194
2023  2  4  0     0.34761     0.82284     0.89325
2023  2  5  0     0.14268     0.96601     0.97649
2023  2  6  0    -0.05540     1.10382     1.10521
2023  2  7  0    -0.32062     1.16954     1.21269
2023  2  8  0    -0.55822     1.18397     1.30897
2023  2  9  0    -0.76664     1.22991     1.44928
2023  2 10  0    -0.90862     1.23132     1.53027
2023  2 11  0    -0.98546     1.17363     1.53249
2023  2 12  0    -1.06744     1.03343     1.48574
2023  2 13  0    -1.14943     0.84433     1.42622
2023  2 14  0    -1.19971     0.55980     1.32389
2023  2 15  0    -1.19980     0.27003     1.22981
2023  2 16  0    -1.13611    -0.01932     1.13627
2023  2 17  0    -1.05798    -0.24385     1.08572
2023  2 18  0    -0.97427    -0.46442     1.07930
2023  2 19  0    -0.95707    -0.61794     1.13922
2023  2 20  0    -0.99108    -0.67877     1.20123
2023  2 21  0    -0.92094    -0.73599     1.17890
2023  2 22  0    -0.76306    -0.75340     1.07233
2023  2 23  0    -0.67608    -0.65704     0.94275
2023  2 24  0    -0.71680    -0.55860     0.90875
2023  2 25  0    -0.81006    -0.41702     0.91110
2023  2 26  0    -0.93826    -0.31920     0.99107
2023  2 27  0    -1.06004    -0.21693     1.08201
2023  2 28  0    -1.15458    -0.19393     1.17075
2023  3  1  0    -1.24931    -0.22543     1.26949
2023  3  2  0    -1.40432    -0.37421     1.45332
2023  3  3  0    -1.57884    -0.63209     1.70067
2023  3  4  0    -1.69163    -1.00719     1.96877
2023  3  5  0    -1.68771    -1.43335     2.21424
2023  3  6  0    -1.67113    -1.90272     2.53239
2023  3  7  0    -1.64173    -2.35210     2.86839
2023  3  8  0    -1.61842    -2.73857     3.18105
2023  3  9  0    -1.51461    -3.01514     3.37418
2023  3 10  0    -1.26936    -3.21908     3.46031
2023  3 11  0    -0.96973    -3.31975     3.45848
2023  3 12  0    -0.61184    -3.32132     3.37721
2023  3 13  0    -0.08668    -3.23208     3.23324
2023  3 14  0     0.51776    -3.07568     3.11895
2023  3 15  0     1.17174    -2.78844     3.02463
2023  3 16  0     1.78955    -2.32038     2.93030
2023  3 17  0     2.23603    -1.86809     2.91369
2023  3 18  0     2.50809    -1.51459     2.92994
2023  3 19  0     2.63498    -1.30835     2.94192
2023  3 20  0     2.72235    -1.13160     2.94817
2023  3 21  0     2.78433    -0.97567     2.95032
2023  3 22  0     2.74461    -0.86072     2.87641
2023  3 23  0     2.59165    -0.67647     2.67848
2023  3 24  0     2.41833    -0.42168     2.45481
2023  3 25  0     2.11617    -0.23810     2.12952
2023  3 26  0     1.81865    -0.04842     1.81929
2023  3 27  0     1.51505     0.13766     1.52129
2023  3 28  0     1.21949     0.39312     1.28129
2023  3 29  0     0.99564     0.61796     1.17183
2023  3 30  0     0.80288     0.80325     1.13571
2023  3 31  0     0.59492     0.99165     1.15642
2023  4  1  0     0.41479     1.11130     1.18618
2023  4  2  0     0.18802     1.12583     1.14142
2023  4  3  0    -0.01450     1.17918     1.17927
2023  4  4  0    -0.26914     1.19806     1.22792
2023  4  5  0    -0.53095     1.16667     1.28181
2023  4  6  0    -0.78855     0.98520     1.26192
2023  4  7  0    -1.01614     0.73183     1.25225
2023  4  8  0    -1.20638     0.54492     1.32375
2023  4  9  0    -1.27803     0.37235     1.33117
2023  4 10  0    -1.28307     0.21619     1.30116
2023  4 11  0    -1.33843     0.12325     1.34409
2023  4 12  0    -1.38767     0.00849     1.38770
2023  4 13  0    -1.43414    -0.14573     1.44153
2023  4 14  0    -1.41732    -0.30919     1.45065
2023  4 15  0    -1.33393    -0.42380     1.39963
2023  4 16  0    -1.23975    -0.54462     1.35410
2023  4 17  0    -1.21194    -0.71867     1.40900
2023  4 18  0    -1.13054    -0.84944     1.41410
2023  4 19  0    -1.07506    -0.94627     1.43220
2023  4 20  0    -0.84340    -1.03227     1.33300
2023  4 21  0    -0.49328    -1.12261     1.22621
2023  4 22  0    -0.14050    -1.14498     1.15357
2023  4 23  0     0.23755    -1.03896     1.06577
2023  4 24  0     0.51742    -0.88173     1.02234
2023  4 25  0     0.71068    -0.64491     0.95967
2023  4 26  0     0.91170    -0.41565     1.00198
2023  4 27  0     1.07066    -0.19906     1.08900
2023  4 28  0     1.24958     0.01006     1.24962
2023  4 29  0     1.31796     0.18110     1.33034
2023  4 30  0     1.36217     0.34065     1.40412
2023  5  1  0     1.37605     0.52275     1.47200
2023  5  2  0     1.36657     0.62311     1.50193
2023  5  3  0     1.34801     0.74851     1.54188
2023  5  4  0     1.28829     0.88982     1.56572
2023  5  5  0     1.25936     1.01444     1.61712
2023  5  6  0     1.12608     1.12080     1.58879
2023  5  7  0     0.95388     1.18124     1.51829
2023  5  8  0     0.81243     1.18954     1.44050
2023  5  9  0     0.58573     1.13848     1.28032
2023  5 10  0     0.36265     0.96681     1.03258
2023  5 11  0     0.08704     0.74384     0.74891
2023  5 12  0    -0.20755     0.56484     0.60176
2023  5 13  0    -0.44846     0.38273     0.58957
2023  5 14  0    -0.71645     0.27156     0.76619
2023  5 15  0    -0.93646     0.13496     0.94614
2023  5 16  0    -1.13916    -0.01985     1.13934
2023  5 17  0    -1.37524    -0.11977     1.38044
2023  5 18  0    -1.64004    -0.14570     1.64650
2023  5 19  0    -1.91557    -0.08861     1.91762
2023  5 20  0    -2.19220     0.00604     2.19221
2023  5 21  0    -2.32686     0.04956     2.32739
2023  5 22  0    -2.35873     0.02719     2.35888
2023  5 23  0    -2.29966    -0.10772     2.30218
2023  5 24  0    -2.29917    -0.21758     2.30944
2023  5 25  0    -2.32689    -0.31412     2.34800
2023  5 26  0    -2.31729    -0.41259     2.35374
2023  5 27  0    -2.13897    -0.53699     2.20535
2023  5 28  0    -1.84922    -0.57697     1.93714
2023  5 29  0    -1.53401    -0.59059     1.64377
2023  5 30  0    -1.19122    -0.57378     1.32221
2023  5 31  0    -0.88984    -0.53260     1.03705
2023  6  1  0    -0.63543    -0.44259     0.77438
2023  6  2  0    -0.33189    -0.35310     0.48459
2023  6  3  0    -0.02618    -0.22183     0.22337
2023  6  4  0     0.23809    -0.07379     0.24926
2023  6  5  0     0.37606     0.08856     0.38634
2023  6  6  0     0.39230     0.13133     0.41370
2023  6  7  0     0.38253     0.15445     0.41253
2023  6  8  0     0.30372     0.14675     0.33731
2023  6  9  0     0.25667     0.16571     0.30551
2023  6 10  0     0.29644     0.24956     0.38750
2023  6 11  0     0.30498     0.31077     0.43542
2023  6 12  0     0.25926     0.35701     0.44122
2023  6 13  0     0.24120     0.45073     0.51121
2023  6 14  0     0.25790     0.51521     0.57615
2023  6 15  0     0.32960     0.49742     0.59670
2023  6 16  0     0.35822     0.45896     0.58221
2023  6 17  0     0.39797     0.42758     0.58412
2023  6 18  0     0.42243     0.36438     0.55787
2023  6 19  0     0.39199     0.23269     0.45585
2023  6 20  0     0.35512     0.17912     0.39773
2023  6 21  0     0.38306     0.14995     0.41137
2023  6 22  0     0.40252     0.03644     0.40417
2023  6 23  0     0.40878    -0.07853     0.41626
2023  6 24  0     0.33341    -0.10586     0.34981
2023  6 25  0     0.34333    -0.05685     0.34800
2023  6 26  0     0.41155    -0.06170     0.41615
2023  6 27  0     0.51347    -0.00497     0.51349
2023  6 28  0     0.58979     0.07954     0.59513
2023  6 29  0     0.67328     0.19929     0.70216
2023  6 30  0     0.79722     0.29561     0.85026
2023  7  1  0     0.92379     0.40804     1.00989
2023  7  2  0     0.92394     0.52677     1.06356
2023  7  3  0     0.98901     0.61235     1.16323
2023  7  4  0     0.99515     0.62588     1.17560
2023  7  5  0     0.87464     0.67991     1.10782
2023  7  6  0     0.80203     0.68923     1.05749
2023  7  7  0     0.73630     0.67531     0.99909
2023  7  8  0     0.65465     0.57622     0.87212
2023  7  9  0     0.45033     0.46530     0.64754
2023  7 10  0     0.19587     0.37476     0.42286
2023  7 11  0     0.00180     0.32809     0.32809
2023  7 12  0    -0.24371     0.37192     0.44465
2023  7 13  0    -0.39316     0.38981     0.55365
2023  7 14  0    -0.39112     0.39108     0.55310
2023  7 15  0    -0.47618     0.37446     0.60578
2023  7 16  0    -0.58826     0.37156     0.69578
2023  7 17  0    -0.69054     0.40249     0.79928
2023  7 18  0    -0.76431     0.44879     0.88633
2023  7 19  0    -0.82068     0.51587     0.96935
2023  7 20  0    -0.86300     0.52924     1.01235
2023  7 21  0    -0.86292     0.47812     0.98653
2023  7 22  0    -0.90385     0.42195     0.99749
2023  7 23  0    -1.04955     0.25840     1.08090
2023  7 24  0    -1.14876     0.06757     1.15075
2023  7 25  0    -1.16581    -0.11305     1.17128
2023  7 26  0    -1.12185    -0.26317     1.15231
2023  7 27  0    -1.04605    -0.45149     1.13933
2023  7 28  0    -0.91893    -0.68616     1.14684
2023  7 29  0    -0.71262    -0.89259     1.14216
2023  7 30  0    -0.46723    -1.07995     1.17669
2023  7 31  0    -0.23571    -1.23034     1.25272
2023  8  1  0     0.04597    -1.30008     1.30089
2023  8  2  0     0.26210    -1.34688     1.37215
2023  8  3  0     0.37670    -1.35082     1.40236
2023  8  4  0     0.47878    -1.32928     1.41287
2023  8  5  0     0.61181    -1.28942     1.42721
2023  8  6  0     0.71982    -1.23640     1.43067
2023  8  7  0     0.77222    -1.21392     1.43873
2023  8  8  0     0.71638    -1.13275     1.34027
2023  8  9  0     0.64950    -0.99656     1.18953
2023  8 10  0     0.54907    -0.83725     1.00123
2023  8 11  0     0.47077    -0.68300     0.82953
2023  8 12  0     0.44171    -0.53948     0.69724
2023  8 13  0     0.42812    -0.45205     0.62261
2023  8 14  0     0.39641    -0.32942     0.51542
2023  8 15  0     0.35920    -0.24182     0.43302
2023  8 16  0     0.32517    -0.16028     0.36252
2023  8 17  0     0.34296    -0.09737     0.35651
2023  8 18  0     0.37487    -0.10458     0.38918
2023  8 19  0     0.37960    -0.15117     0.40859
2023  8 20  0     0.34386    -0.20769     0.40171
2023  8 21  0     0.31902    -0.27934     0.42404
2023  8 22  0     0.21601    -0.39592     0.45101
2023  8 23  0     0.07961    -0.49073     0.49714
2023  8 24  0    -0.06530    -0.48266     0.48706
2023  8 25  0    -0.19026    -0.39033     0.43423
2023  8 26  0    -0.18817    -0.35028     0.39763
2023  8 27  0    -0.16515    -0.29378     0.33701
2023  8 28  0    -0.16234    -0.21796     0.27178
2023  8 29  0    -0.15447    -0.05137     0.16279
2023  8 30  0    -0.12459     0.14514     0.19128
2023  8 31  0     0.01440     0.39200     0.39227
2023  9  1  0     0.13802     0.52069     0.53868
2023  9  2  0     0.26629     0.59463     0.65153
2023  9  3  0     0.35066     0.60257     0.69718
2023  9  4  0     0.28119     0.68070     0.73649
2023  9  5  0     0.19187     0.82323     0.84530
2023  9  6  0     0.07810     0.99387     0.99693
2023  9  7  0     0.02959     1.06963     1.07004
2023  9  8  0    -0.08838     1.05492     1.05861
2023  9  9  0    -0.23985     0.96940     0.99863
2023  9 10  0    -0.36217     1.00160     1.06507
2023  9 11  0    -0.49047     1.02173     1.13335
2023  9 12  0    -0.58554     1.01419     1.17109
2023  9 13  0    -0.63294     0.95574     1.14632
2023  9 14  0    -0.67325     0.85364     1.08719
2023  9 15  0    -0.57921     0.71110     0.91714
2023  9 16  0    -0.52188     0.57770     0.77853
2023  9 17  0    -0.46428     0.47948     0.66742
2023  9 18  0    -0.41146     0.46182     0.61853
2023  9 19  0    -0.40242     0.40676     0.57219
2023  9 20  0    -0.37379     0.39811     0.54609
2023  9 21  0    -0.36910     0.38042     0.53005
2023  9 22  0    -0.39358     0.40219     0.56273
2023  9 23  0    -0.43354     0.42686     0.60841
2023  9 24  0    -0.55190     0.44296     0.70768
2023  9 25  0    -0.67413     0.44579     0.80819
2023  9 26  0    -0.72312     0.39793     0.82538
2023  9 27  0    -0.78385     0.29856     0.83879
2023  9 28  0    -0.74948     0.21183     0.77884
2023  9 29  0    -0.68182     0.07105     0.68551
2023  9 30  0    -0.61435    -0.10802     0.62377
2023 10  1  0    -0.54677    -0.35248     0.65054
2023 10  2  0    -0.53275    -0.58533     0.79148
2023 10  3  0    -0.52486    -0.77965     0.93986
2023 10  4  0    -0.51323    -0.99114     1.11614
2023 10  5  0    -0.50775    -1.17541     1.28038
2023 10  6  0    -0.43163    -1.29928     1.36910
2023 10  7  0    -0.28637    -1.39851     1.42753
2023 10  8  0    -0.13739    -1.44478     1.45130
2023 10  9  0     0.04941    -1.36353     1.36442
2023 10 10  0     0.22630    -1.18004     1.20154
2023 10 11  0     0.36191    -0.96668     1.03220
2023 10 12  0     0.49466    -0.76282     0.90917
2023 10 13  0     0.62730    -0.55395     0.83688
2023 10 14  0     0.76245    -0.38068     0.85220
2023 10 15  0     0.86803    -0.27647     0.91099
2023 10 16  0     0.87206    -0.25348     0.90815
2023 10 17  0     0.77688    -0.24069     0.81331
2023 10 18  0     0.69566    -0.23714     0.73497
2023 10 19  0     0.61429    -0.29441     0.68119
2023 10 20  0     0.54552    -0.36055     0.65390
2023 10 21  0     0.47689    -0.43948     0.64851
2023 10 22  0     0.43844    -0.47495     0.64638
2023 10 23  0     0.40298    -0.47476     0.62273
2023 10 24  0     0.39738    -0.45311     0.60268
2023 10 25  0     0.46632    -0.43625     0.63856
2023 10 26  0     0.56856    -0.47758     0.74252
2023 10 27  0     0.64260    -0.49820     0.81311
2023 10 28  0     0.70296    -0.46511     0.84290
2023 10 29  0     0.80656    -0.46180     0.92941
2023 10 30  0     0.89546    -0.39985     0.98068
2023 10 31  0     0.93087    -0.33109     0.98800
2023 11  1  0     0.94221    -0.27181     0.98063
2023 11  2  0     0.85927    -0.23263     0.89020
2023 11  3  0     0.71570    -0.18203     0.73848
2023 11  4  0     0.56063    -0.07639     0.56581
2023 11  5  0     0.39117    -0.01129     0.39133
2023 11  6  0     0.22144     0.00030     0.22144
2023 11  7  0     0.04566     0.07954     0.09171
2023 11  8  0    -0.11476     0.16720     0.20279
2023 11  9  0    -0.26594     0.26534     0.37568
2023 11 10  0    -0.40440     0.36134     0.54231
2023 11 11  0    -0.48163     0.49521     0.69080
2023 11 12  0    -0.45245     0.60798     0.75786
2023 11 13  0    -0.30189     0.62359     0.69282
2023 11 14  0    -0.11911     0.62020     0.63153
2023 11 15  0     0.10202     0.56329     0.57245
2023 11 16  0     0.21968     0.37974     0.43870
2023 11 17  0     0.35055     0.25662     0.43444
2023 11 18  0     0.49105     0.19051     0.52671
2023 11 19  0     0.61540     0.24309     0.66167
2023 11 20  0     0.74755     0.34184     0.82200
2023 11 21  0     0.74802     0.51097     0.90588
2023 11 22  0     0.68616     0.67540     0.96279
2023 11 23  0     0.64755     0.74263     0.98530
2023 11 24  0     0.63772     0.83158     1.04796
2023 11 25  0     0.63072     0.98521     1.16981
2023 11 26  0     0.58140     1.08807     1.23367
2023 11 27  0     0.52513     1.08401     1.20451
2023 11 28  0     0.44363     1.01613     1.10875
2023 11 29  0     0.36481     0.96402     1.03074
2023 11 30  0     0.31583     0.88356     0.93831
2023 12  1  0     0.21452     0.79095     0.81953
2023 12  2  0     0.11698     0.78433     0.79301
2023 12  3  0     0.01672     0.82820     0.82837
2023 12  4  0    -0.04706     0.82470     0.82604
2023 12  5  0    -0.09093     0.71477     0.72053
2023 12  6  0    -0.07438     0.62825     0.63264
2023 12  7  0     0.00089     0.49704     0.49704
2023 12  8  0     0.03486     0.37747     0.37908
2023 12  9  0    -0.02683     0.22788     0.22945
2023 12 10  0    -0.04944     0.11374     0.12402
2023 12 11  0    -0.06056    -0.04332     0.07446
2023 12 12  0    -0.05239    -0.18709     0.19429
2023 12 13  0    -0.01311    -0.28816     0.28846
2023 12 14  0     0.04544    -0.39477     0.39737
2023 12 15  0     0.05484    -0.49427     0.49730
2023 12 16  0     0.05383    -0.54630     0.54895
2023 12 17  0     0.11551    -0.61397     0.62474
2023 12 18  0     0.29566    -0.64593     0.71038
2023 12 19  0     0.47827    -0.64688     0.80449
2023 12 20  0     0.57481    -0.57924     0.81605
2023 12 21  0     0.65721    -0.56263     0.86514
2023 12 22  0     0.70749    -0.59627     0.92525
2023 12 23  0     0.78094    -0.58275     0.97440
2023 12 24  0     0.88037    -0.57522     1.05163
2023 12 25  0     0.97540    -0.53882     1.11433
2023 12 26  0     1.08284    -0.52338     1.20269
2023 12 27  0     1.16835    -0.45627     1.25428
2023 12 28  0     1.21025    -0.42484     1.28265
2023 12 29  0     1.32128    -0.39052     1.37778
2023 12 30  0     1.39545    -0.26573     1.42053
2023 12 31  0     1.45481    -0.12206     1.45992
2024  1  1  0     1.52484     0.00746     1.52486
2024  1  2  0     1.56886     0.25247     1.58905
2024  1  3  0     1.55954     0.50457     1.63913
2024  1  4  0     1.45140     0.79884     1.65671
2024  1  5  0     1.29643     1.06751     1.67937
2024  1  6  0     1.12644     1.24953     1.68232
2024  1  7  0     0.92548     1.41313     1.68921
2024  1  8  0     0.70306     1.52727     1.68132
2024  1  9  0     0.43020     1.66690     1.72152
2024  1 10  0     0.10232     1.85298     1.85580
2024  1 11  0    -0.23130     1.97336     1.98687
2024  1 12  0    -0.52736     2.08576     2.15139
2024  1 13  0    -0.75864     2.19427     2.32172
2024  1 14  0    -1.00480     2.25876     2.47217
2024  1 15  0    -1.17085     2.35983     2.63433
2024  1 16  0    -1.33971     2.39460     2.74389
2024  1 17  0    -1.45215     2.34939     2.76195
2024  1 18  0    -1.48149     2.26225     2.70418
2024  1 19  0    -1.45810     2.18304     2.62520
2024  1 20  0    -1.42420     2.07793     2.51916
2024  1 21  0    -1.45415     1.86857     2.36771
2024  1 22  0    -1.53530     1.57100     2.19663
2024  1 23  0    -1.53823     1.24405     1.97834
2024  1 24  0    -1.51296     0.92730     1.77452
2024  1 25  0    -1.49210     0.60305     1.60935
2024  1 26  0    -1.47315     0.31385     1.50622
2024  1 27  0    -1.43624     0.05558     1.43731
2024  1 28  0    -1.33201    -0.06536     1.33361
2024  1 29  0    -1.31731    -0.40442     1.37799
2024  1 30  0    -1.22492    -0.67822     1.40015
2024  1 31  0    -1.10338    -0.93051     1.44336
2024  2  1  0    -1.00198    -1.09020     1.48071
2024  2  2  0    -0.99269    -1.10705     1.48694
2024  2  3  0    -0.97640    -1.06785     1.44695
2024  2  4  0    -0.95383    -1.07553     1.43755
2024  2  5  0    -0.85687    -1.15417     1.43747
2024  2  6  0    -0.84364    -1.38940     1.62547
2024  2  7  0    -0.78262    -1.39815     1.60228
2024  2  8  0    -0.71149    -1.40282     1.57293
2024  2  9  0    -0.65660    -1.37555     1.52422
2024  2 10  0    -0.58371    -1.37589     1.49459
2024  2 11  0    -0.46028    -1.49304     1.56237
2024  2 12  0    -0.22841    -1.65876     1.67442
2024  2 13  0     0.00776    -1.81581     1.81582
2024  2 14  0     0.12807    -1.89302     1.89735
2024  2 15  0     0.18070    -1.91793     1.92643
2024  2 16  0     0.20793    -1.90388     1.91520
2024  2 17  0     0.23753    -1.83617     1.85147
2024  2 18  0     0.28228    -1.77357     1.79589
2024  2 19  0     0.28655    -1.70043     1.72441
2024  2 20  0     0.35139    -1.53989     1.57947
2024  2 21  0     0.43437    -1.28746     1.35876
2024  2 22  0     0.57543    -1.01725     1.16872
2024  2 23  0     0.76731    -0.75709     1.07793
2024  2 24  0     1.01090    -0.42764     1.09763
2024  2 25  0     1.21174    -0.10242     1.21606
2024  2 26  0     1.31078     0.22669     1.33023
2024  2 27  0     1.34684     0.56473     1.46045
2024  2 28  0     1.41497     0.83380     1.64237
2024  2 29  0     1.44688     1.05506     1.79070
2024  3  1  0     1.46901     1.22819     1.91479
2024  3  2  0     1.49720     1.41241     2.05828
2024  3  3  0     1.48062     1.65376     2.21972
2024  3  4  0     1.44065     1.89564     2.38095
2024  3  5  0     1.37136     2.15104     2.55100
2024  3  6  0     1.26321     2.33510     2.65488
2024  3  7  0     1.14325     2.46981     2.72158
2024  3  8  0     0.99649     2.63180     2.81414
2024  3  9  0     0.85465     2.71108     2.84260
2024  3 10  0     0.69788     2.72733     2.81520
2024  3 11  0     0.43749     2.72669     2.76156
2024  3 12  0     0.05895     2.62617     2.62683
2024  3 13  0    -0.40139     2.44437     2.47711
2024  3 14  0    -0.86336     2.09751     2.26825
2024  3 15  0    -1.26513     1.55951     2.00814
2024  3 16  0    -1.47986     0.99259     1.78192
2024  3 17  0    -1.46895     0.48246     1.54615
2024  3 18  0    -1.28025     0.02950     1.28059
2024  3 19  0    -1.08646    -0.42229     1.16564
2024  3 20  0    -0.89358    -0.77824     1.18497
2024  3 21  0    -0.69738    -1.05743     1.26669
2024  3 22  0    -0.48930    -1.29045     1.38010
2024  3 23  0    -0.39207    -1.36244     1.41773
2024  3 24  0    -0.33641    -1.37851     1.41897
2024  3 25  0    -0.32060    -1.45039     1.48540
2024  3 26  0    -0.31731    -1.42877     1.46358
2024  3 27  0    -0.34205    -1.29574     1.34013
2024  3 28  0    -0.35111    -1.05876     1.11546
2024  3 29  0    -0.34723    -0.87737     0.94359
2024  3 30  0    -0.33316    -0.70967     0.78399
2024  3 31  0    -0.29500    -0.54446     0.61924
2024  4  1  0    -0.23475    -0.55808     0.60544
2024  4  2  0    -0.13072    -0.57698     0.59160
2024  4  3  0    -0.03127    -0.48134     0.48235
2024  4  4  0     0.02424    -0.40187     0.40260
2024  4  5  0     0.06190    -0.30792     0.31408
2024  4  6  0     0.09776    -0.28262     0.29905
2024  4  7  0     0.15540    -0.30520     0.34248
2024  4  8  0     0.25084    -0.31358     0.40157
2024  4  9  0     0.30501    -0.37474     0.48318
2024  4 10  0     0.24383    -0.40016     0.46860
2024  4 11  0     0.19534    -0.40496     0.44962
2024  4 12  0     0.26894    -0.41449     0.49409
2024  4 13  0     0.37766    -0.40508     0.55382
2024  4 14  0     0.50979    -0.46878     0.69256
2024  4 15  0     0.61235    -0.50603     0.79438
2024  4 16  0     0.68887    -0.47010     0.83399
2024  4 17  0     0.73580    -0.48618     0.88192
2024  4 18  0     0.81936    -0.44045     0.93025
2024  4 19  0     1.07317    -0.36664     1.13407
2024  4 20  0     1.22398    -0.33631     1.26934
2024  4 21  0     1.24339    -0.35714     1.29367
2024  4 22  0     1.18982    -0.37894     1.24871
2024  4 23  0     1.19726    -0.31758     1.23866
2024  4 24  0     1.24368    -0.26850     1.27234
2024  4 25  0     1.26198    -0.19859     1.27751
2024  4 26  0     1.29661    -0.06522     1.29825
2024  4 27  0     1.22567     0.06499     1.22740
2024  4 28  0     1.03758     0.21324     1.05926
2024  4 29  0     0.88645     0.36930     0.96030
2024  4 30  0     0.73603     0.51350     0.89746
2024  5  1  0     0.60047     0.64105     0.87836
2024  5  2  0     0.33800     0.74939     0.82209
2024  5  3  0     0.05988     0.84501     0.84713
2024  5  4  0    -0.17136     0.87282     0.88948
2024  5  5  0    -0.45749     0.85636     0.97090
2024  5  6  0    -0.68752     0.86497     1.10493
2024  5  7  0    -0.77886     0.82627     1.13549
2024  5  8  0    -0.80549     0.74355     1.09621
2024  5  9  0    -0.79791     0.68691     1.05286
2024  5 10  0    -0.72095     0.55985     0.91280
2024  5 11  0    -0.62026     0.44821     0.76525
2024  5 12  0    -0.49607     0.37325     0.62081
2024  5 13  0    -0.41528     0.31298     0.52001
2024  5 14  0    -0.23209     0.31743     0.39323
2024  5 15  0    -0.02952     0.29747     0.29893
2024  5 16  0     0.08969     0.36646     0.37727
2024  5 17  0     0.16054     0.50165     0.52671
2024  5 18  0     0.28283     0.63819     0.69806
2024  5 19  0     0.36144     0.82808     0.90352
2024  5 20  0     0.43518     0.97869     1.07108
2024  5 21  0     0.46941     1.06876     1.16730
2024  5 22  0     0.51090     1.11361     1.22521
2024  5 23  0     0.52602     1.06236     1.18546
2024  5 24  0     0.53123     0.96230     1.09919
2024  5 25  0     0.42023     0.82764     0.92821
2024  5 26  0     0.30540     0.68098     0.74633
2024  5 27  0     0.19693     0.62987     0.65994
2024  5 28  0     0.15451     0.55128     0.57252
2024  5 29  0     0.08874     0.46482     0.47322
2024  5 30  0    -0.06132     0.38563     0.39047
2024  5 31  0    -0.24084     0.30699     0.39019
2024  6  1  0    -0.51803     0.34036     0.61984
2024  6  2  0    -0.72299     0.41462     0.83344
2024  6  3  0    -0.83953     0.33534     0.90403
2024  6  4  0    -0.86564     0.25056     0.90117
2024  6  5  0    -0.93732     0.10830     0.94355
2024  6  6  0    -1.04721     0.01718     1.04735
2024  6  7  0    -1.03255    -0.05699     1.03412
2024  6  8  0    -0.95556    -0.07319     0.95836
2024  6  9  0    -0.87963    -0.04157     0.88061
2024  6 10  0    -0.71272    -0.12476     0.72356
2024  6 11  0    -0.52790    -0.24875     0.58358
2024  6 12  0    -0.36762    -0.21303     0.42489
2024  6 13  0    -0.34994    -0.20447     0.40530
2024  6 14  0    -0.31720    -0.15941     0.35500
2024  6 15  0    -0.24884    -0.14410     0.28756
2024  6 16  0    -0.24114    -0.10971     0.26492
2024  6 17  0    -0.16379    -0.03940     0.16847
2024  6 18  0    -0.15461    -0.04543     0.16115
2024  6 19  0    -0.03873     0.04990     0.06317
2024  6 20  0    -0.02442     0.12222     0.12463
2024  6 21  0    -0.00341     0.17267     0.17270
2024  6 22  0     0.08969     0.24864     0.26433
2024  6 23  0     0.20493     0.21231     0.29508
2024  6 24  0     0.23737     0.06899     0.24720
2024  6 25  0     0.25283     0.03766     0.25562
2024  6 26  0     0.21864     0.06904     0.22928
2024  6 27  0     0.31951     0.17369     0.36366
2024  6 28  0     0.26366     0.10834     0.28506
2024  6 29  0     0.21252     0.16218     0.26734
2024  6 30  0     0.29299     0.22878     0.37173
2024  7  1  0     0.41047     0.24770     0.47942
2024  7  2  0     0.48075     0.33239     0.58447
2024  7  3  0     0.53943     0.52047     0.74959
2024  7  4  0     0.57957     0.62140     0.84973
2024  7  5  0     0.62802     0.60896     0.87478
2024  7  6  0     0.61134     0.61232     0.86526
2024  7  7  0     0.54303     0.76052     0.93449
2024  7  8  0     0.52899     0.83769     0.99074
2024  7  9  0     0.38073     0.87841     0.95737
2024  7 10  0     0.17012     0.95816     0.97314
2024  7 11  0    -0.11506     0.98699     0.99368
2024  7 12  0    -0.38601     1.01755     1.08831
2024  7 13  0    -0.56515     1.03217     1.17677
2024  7 14  0    -0.72225     1.05539     1.27887
2024  7 15  0    -0.80733     1.02050     1.30123
2024  7 16  0    -0.84730     0.87549     1.21836
2024  7 17  0    -0.97348     0.74338     1.22485
2024  7 18  0    -1.02469     0.58343     1.17914
2024  7 19  0    -1.07492     0.36178     1.13416
2024  7 20  0    -1.04088     0.16651     1.05412
2024  7 21  0    -1.00655    -0.02808     1.00694
2024  7 22  0    -0.95618    -0.22188     0.98158
2024  7 23  0    -0.98067    -0.41102     1.06332
2024  7 24  0    -0.96180    -0.56708     1.11653
2024  7 25  0    -0.81654    -0.71050     1.08238
2024  7 26  0    -0.52411    -0.91522     1.05467
2024  7 27  0    -0.23669    -1.11677     1.14158
2024  7 28  0    -0.00634    -1.16145     1.16147
2024  7 29  0     0.20387    -1.21125     1.22828
2024  7 30  0     0.39233    -1.24181     1.30231
2024  7 31  0     0.52656    -1.26062     1.36617
2024  8  1  0     0.70238    -1.27119     1.45232
2024  8  2  0     0.81641    -1.21147     1.46088
2024  8  3  0     0.86676    -1.13477     1.42793
2024  8  4  0     0.88150    -1.09033     1.40209
2024  8  5  0     0.95588    -1.00197     1.38479
2024  8  6  0     1.08348    -1.01598     1.48531
2024  8  7  0     1.24612    -1.00340     1.59989
2024  8  8  0     1.36628    -1.03914     1.71655
2024  8  9  0     1.50007    -1.09136     1.85507
2024  8 10  0     1.58168    -1.15802     1.96029
2024  8 11  0     1.62292    -1.27182     2.06189
2024  8 12  0     1.57513    -1.27314     2.02532
2024  8 13  0     1.53901    -1.17015     1.93334
2024  8 14  0     1.42030    -1.13044     1.81526
2024  8 15  0     1.28134    -0.98233     1.61456
2024  8 16  0     1.12981    -0.79321     1.38045
2024  8 17  0     1.04004    -0.58507     1.19331
2024  8 18  0     0.88814    -0.32449     0.94556
2024  8 19  0     0.76656    -0.01559     0.76672
2024  8 20  0     0.57179     0.34325     0.66691
2024  8 21  0     0.41397     0.52381     0.66764
2024  8 22  0     0.25339     0.66092     0.70782
2024  8 23  0     0.07029     0.88600     0.88878
2024  8 24  0    -0.13019     1.02583     1.03406
2024  8 25  0    -0.31427     1.13201     1.17482
2024  8 26  0    -0.47692     1.27394     1.36028
2024  8 27  0    -0.61066     1.35150     1.48306
2024  8 28  0    -0.79894     1.34014     1.56021
2024  8 29  0    -0.83952     1.24905     1.50497
2024  8 30  0    -0.83005     1.18741     1.44876
2024  8 31  0    -0.93566     1.08017     1.42906
2024  9  1  0    -1.06208     0.90028     1.39231
2024  9  2  0    -1.10939     0.76772     1.34912
2024  9  3  0    -1.04462     0.60744     1.20839
2024  9  4  0    -1.02131     0.41884     1.10386
2024  9  5  0    -1.08247     0.22267     1.10513
2024  9  6  0    -1.08949     0.15190     1.10003
2024  9  7  0    -1.13745     0.08418     1.14056
2024  9  8  0    -1.29122     0.01866     1.29136
2024  9  9  0    -1.42975     0.05187     1.43070
2024  9 10  0    -1.51514     0.10959     1.51909
2024  9 11  0    -1.52722     0.07303     1.52896
2024  9 12  0    -1.65427     0.02628     1.65448
2024  9 13  0    -1.72356    -0.02129     1.72369
2024  9 14  0    -1.70346    -0.05221     1.70426
2024  9 15  0    -1.62523    -0.13165     1.63055
2024  9 16  0    -1.60896    -0.19133     1.62029
2024  9 17  0    -1.53247    -0.20954     1.54673
2024  9 18  0    -1.31677    -0.30015     1.35054
2024  9 19  0    -1.02261    -0.34342     1.07874
2024  9 20  0    -0.77247    -0.37079     0.85685
2024  9 21  0    -0.49164    -0.40002     0.63382
2024  9 22  0    -0.17818    -0.45605     0.48962
2024  9 23  0     0.19222    -0.50160     0.53717
2024  9 24  0     0.56549    -0.58656     0.81475
2024  9 25  0     0.93917    -0.65226     1.14345
2024  9 26  0     1.23145    -0.68601     1.40963
2024  9 27  0     1.38074    -0.64951     1.52588
2024  9 28  0     1.42759    -0.61082     1.55278
2024  9 29  0     1.45542    -0.54295     1.55339
2024  9 30  0     1.51195    -0.51495     1.59724
2024 10  1  0     1.53276    -0.40075     1.58428
2024 10  2  0     1.53207    -0.31461     1.56404
2024 10  3  0     1.53879    -0.19355     1.55092
2024 10  4  0     1.54270    -0.11660     1.54710
2024 10  5  0     1.63091    -0.09147     1.63348
2024 10  6  0     1.78711    -0.07487     1.78868
2024 10  7  0     1.96672    -0.02242     1.96685
2024 10  8  0     2.06354     0.10716     2.06632
2024 10  9  0     2.05829     0.34644     2.08724
2024 10 10  0     1.92862     0.55039     2.00562
2024 10 11  0     1.65078     0.69819     1.79235
2024 10 12  0     1.34357     0.73745     1.53265
2024 10 13  0     1.04938     0.68104     1.25101
2024 10 14  0     0.69629     0.59632     0.91674
2024 10 15  0     0.24112     0.42182     0.48587
2024 10 16  0    -0.27262     0.22535     0.35370
2024 10 17  0    -0.75937     0.01423     0.75950
2024 10 18  0    -1.23615    -0.14243     1.24433
2024 10 19  0    -1.57517    -0.16695     1.58400
2024 10 20  0    -1.76858    -0.13557     1.77377
2024 10 21  0    -1.93092    -0.25498     1.94768
2024 10 22  0    -2.05126    -0.40160     2.09020
2024 10 23  0    -2.09059    -0.58478     2.17083
2024 10 24  0    -1.97853    -0.72641     2.10766
2024 10 25  0    -1.82468    -0.86209     2.01809
2024 10 26  0    -1.61619    -0.99274     1.89673
2024 10 27  0    -1.38788    -1.09092     1.76530
2024 10 28  0    -1.23411    -1.22984     1.74228
2024 10 29  0    -1.10544    -1.30185     1.70787
2024 10 30  0    -0.93741    -1.29325     1.59726
2024 10 31  0    -0.80061    -1.16710     1.41531
2024 11  1  0    -0.73803    -0.96112     1.21179
2024 11  2  0    -0.71619    -0.83652     1.10122
2024 11  3  0    -0.61938    -0.75103     0.97349
2024 11  4  0    -0.51435    -0.61520     0.80189
2024 11  5  0    -0.34742    -0.47193     0.58602
2024 11  6  0    -0.15966    -0.35799     0.39198
2024 11  7  0    -0.00800    -0.27230     0.27242
2024 11  8  0     0.12761    -0.17377     0.21560
2024 11  9  0     0.29202    -0.11646     0.31439
2024 11 10  0     0.54958    -0.03773     0.55087
2024 11 11  0     0.78142    -0.02383     0.78178
2024 11 12  0     0.94840    -0.03775     0.94915
2024 11 13  0     1.08731     0.00679     1.08733
2024 11 14  0     1.19614     0.07643     1.19858
2024 11 15  0     1.32540     0.17404     1.33678
2024 11 16  0     1.48366     0.24157     1.50319
2024 11 17  0     1.60276     0.40682     1.65359
2024 11 18  0     1.71547     0.68943     1.84882
2024 11 19  0     1.68331     1.08441     2.00236
2024 11 20  0     1.51317     1.65055     2.23920
2024 11 21  0     1.20039     2.17708     2.48608
2024 11 22  0     0.91744     2.44208     2.60872
2024 11 23  0     0.72657     2.48615     2.59014
2024 11 24  0     0.54112     2.40016     2.46040
2024 11 25  0     0.41210     2.35018     2.38604
2024 11 26  0     0.33800     2.28786     2.31269
2024 11 27  0     0.30017     2.19894     2.21934
2024 11 28  0     0.27904     2.08339     2.10199
2024 11 29  0     0.20549     1.90240     1.91347
2024 11 30  0     0.07703     1.72381     1.72553
2024 12  1  0    -0.05308     1.59377     1.59465
2024 12  2  0    -0.19871     1.56627     1.57883
2024 12  3  0    -0.29646     1.55873     1.58667
2024 12  4  0    -0.41635     1.50504     1.56157
2024 12  5  0    -0.51831     1.41403     1.50603
2024 12  6  0    -0.57336     1.31218     1.43198
2024 12  7  0    -0.59469     1.17177     1.31404
2024 12  8  0    -0.63457     1.08055     1.25310
2024 12  9  0    -0.69873     1.03360     1.24762
2024 12 10  0    -0.78887     0.95716     1.24036
2024 12 11  0    -0.84672     0.80690     1.16962
2024 12 12  0    -0.88283     0.62408     1.08114
2024 12 13  0    -0.96105     0.47448     1.07180
2024 12 14  0    -1.03502     0.31332     1.08141
2024 12 15  0    -1.13679     0.13095     1.14431
2024 12 16  0    -1.29912    -0.01839     1.29925
2024 12 17  0    -1.43764    -0.15964     1.44647
2024 12 18  0    -1.46918    -0.30387     1.50027
2024 12 19  0    -1.40947    -0.42944     1.47344
2024 12 20  0    -1.43133    -0.52252     1.52372
2024 12 21  0    -1.43944    -0.58554     1.55398
2024 12 22  0    -1.37637    -0.57762     1.49266
2024 12 23  0    -1.34414    -0.55652     1.45480
2024 12 24  0    -1.35832    -0.46274     1.43498
2024 12 25  0    -1.28849    -0.34890     1.33489
2024 12 26  0    -1.11756    -0.30503     1.15844
2024 12 27  0    -0.91923    -0.30012     0.96698
2024 12 28  0    -0.77048    -0.31150     0.83106
2024 12 29  0    -0.63021    -0.40187     0.74744
2024 12 30  0    -0.47674    -0.48800     0.68222
2024 12 31  0    -0.33669    -0.64123     0.72425
2025  1  1  0    -0.15161    -0.83951     0.85309
2025  1  2  0    -0.01538    -1.03555     1.03566
2025  1  3  0     0.04397    -1.19613     1.19693
2025  1  4  0     0.09447    -1.28177     1.28524
2025  1  5  0     0.16386    -1.34737     1.35730
2025  1  6  0     0.25824    -1.37261     1.39669
2025  1  7  0     0.44132    -1.33346     1.40459
2025  1  8  0     0.61568    -1.29596     1.43478
2025  1  9  0     0.82848    -1.19556     1.45456
2025  1 10  0     0.97642    -1.05761     1.43942
2025  1 11  0     1.14560    -0.87945     1.44424
2025  1 12  0     1.30742    -0.68624     1.47657
2025  1 13  0     1.44881    -0.55998     1.55327
2025  1 14  0     1.50703    -0.44391     1.57105
2025  1 15  0     1.59100    -0.27509     1.61461
2025  1 16  0     1.73049    -0.11308     1.73418
2025  1 17  0     1.85840     0.09829     1.86100
2025  1 18  0     1.84122     0.25251     1.85845
2025  1 19  0     1.80488     0.40362     1.84945
2025  1 20  0     1.74325     0.49621     1.81249
2025  1 21  0     1.67793     0.53960     1.76256
2025  1 22  0     1.65515     0.66908     1.78527
2025  1 23  0     1.65511     0.78314     1.83104
2025  1 24  0     1.50906     0.85967     1.73675
2025  1 25  0     1.27893     1.00564     1.62695
2025  1 26  0     1.06927     1.10933     1.54077
2025  1 27  0     0.90128     1.24187     1.53445
2025  1 28  0     0.79338     1.37593     1.58828
2025  1 29  0     0.72994     1.45193     1.62509
2025  1 30  0     0.65056     1.52326     1.65636
2025  1 31  0     0.45257     1.55265     1.61726
2025  2  1  0     0.23925     1.56166     1.57988
2025  2  2  0     0.11651     1.50966     1.51415
2025  2  3  0    -0.02948     1.37047     1.37078
2025  2  4  0    -0.24224     1.25398     1.27717
2025  2  5  0    -0.40738     1.14776     1.21791
2025  2  6  0    -0.53832     1.02953     1.16177
2025  2  7  0    -0.61283     0.87894     1.07149
2025  2  8  0    -0.66758     0.62425     0.91398
2025  2  9  0    -0.69889     0.36244     0.78728
2025  2 10  0    -0.76680     0.16814     0.78502
2025  2 11  0    -0.87964     0.03130     0.88020
2025  2 12  0    -0.93870    -0.11252     0.94542
2025  2 13  0    -0.97073    -0.31724     1.02125
2025  2 14  0    -1.08685    -0.50862     1.19998
2025  2 15  0    -1.28628    -0.58378     1.41256
2025  2 16  0    -1.48300    -0.56308     1.58630
2025  2 17  0    -1.60916    -0.48509     1.68069
2025  2 18  0    -1.70685    -0.39728     1.75247
2025  2 19  0    -1.75764    -0.33324     1.78895
2025  2 20  0    -1.76101    -0.26193     1.78038
2025  2 21  0    -1.75604    -0.17611     1.76485
2025  2 22  0    -1.74021    -0.18502     1.75001
2025  2 23  0    -1.58686    -0.32890     1.62058
2025  2 24  0    -1.25051    -0.61945     1.39553
2025  2 25  0    -0.87444    -0.95479     1.29471
2025  2 26  0    -0.52965    -1.15551     1.27111
2025  2 27  0    -0.17133    -1.25561     1.26724
2025  2 28  0     0.18437    -1.33284     1.34553
2025  3  1  0     0.51761    -1.49651     1.58350
2025  3  2  0     0.80524    -1.63022     1.81825
2025  3  3  0     0.99947    -1.70500     1.97635
2025  3  4  0     1.08349    -1.80899     2.10865
2025  3  5  0     1.01513    -1.80091     2.06731
2025  3  6  0     0.96328    -1.64629     1.90740
2025  3  7  0     0.91067    -1.51249     1.76549
2025  3  8  0     0.84524    -1.35813     1.59967
2025  3  9  0     0.74764    -1.17253     1.39061
2025  3 10  0     0.64692    -0.91146     1.11770
2025  3 11  0     0.55387    -0.64025     0.84658
2025  3 12  0     0.53285    -0.34159     0.63294
2025  3 13  0     0.63710    -0.04226     0.63850
2025  3 14  0     0.74227     0.22924     0.77686
2025  3 15  0     0.64727     0.51862     0.82942
2025  3 16  0     0.48681     0.83223     0.96415
2025  3 17  0     0.30208     1.03151     1.07483
2025  3 18  0     0.18391     1.19622     1.21028
2025  3 19  0     0.02168     1.26305     1.26324
2025  3 20  0    -0.07715     1.28719     1.28950
2025  3 21  0    -0.08509     1.26320     1.26607
2025  3 22  0    -0.16692     1.16160     1.17354
2025  3 23  0    -0.27280     1.05861     1.09319
2025  3 24  0    -0.29807     0.99619     1.03983
2025  3 25  0    -0.29872     0.91595     0.96343
2025  3 26  0    -0.20091     0.82263     0.84681
2025  3 27  0    -0.15670     0.63108     0.65024
2025  3 28  0    -0.07686     0.51473     0.52043
2025  3 29  0    -0.07862     0.38960     0.39745
2025  3 30  0    -0.20306     0.27428     0.34126
2025  3 31  0    -0.26635     0.22916     0.35136
2025  4  1  0    -0.30550     0.18732     0.35836
2025  4  2  0    -0.35227     0.11945     0.37197
2025  4  3  0    -0.40133     0.04157     0.40348
2025  4  4  0    -0.54376    -0.00464     0.54378
2025  4  5  0    -0.60608     0.00329     0.60609
2025  4  6  0    -0.64287    -0.03139     0.64363
2025  4  7  0    -0.57216    -0.06006     0.57530
2025  4  8  0    -0.55503    -0.13748     0.57180
2025  4  9  0    -0.61861    -0.18231     0.64492
2025  4 10  0    -0.67318    -0.21513     0.70672
2025  4 11  0    -0.67973    -0.24268     0.72175
2025  4 12  0    -0.70353    -0.27085     0.75387
2025  4 13  0    -0.72216    -0.25168     0.76476
2025  4 14  0    -0.80403    -0.19376     0.82705
2025  4 15  0    -0.83614    -0.15557     0.85049
2025  4 16  0    -0.95489    -0.11545     0.96185
2025  4 17  0    -0.97184     0.00408     0.97184
2025  4 18  0    -0.91865     0.10325     0.92444
2025  4 19  0    -0.79678     0.15403     0.81153
2025  4 20  0    -0.77245     0.17490     0.79201
2025  4 21  0    -0.75858     0.18309     0.78036
2025  4 22  0    -0.72177     0.17450     0.74256
2025  4 23  0    -0.65861     0.11136     0.66796
2025  4 24  0    -0.63081     0.04420     0.63236
2025  4 25  0    -0.59229    -0.09685     0.60016
2025  4 26  0    -0.57334    -0.25372     0.62697
2025  4 27  0    -0.59736    -0.40547     0.72197
2025  4 28  0    -0.62971    -0.50693     0.80840
2025  4 29  0    -0.61506    -0.57392     0.84124
2025  4 30  0    -0.58924    -0.62796     0.86113
2025  5  1  0    -0.55690    -0.69727     0.89237
2025  5  2  0    -0.52561    -0.70517     0.87951
2025  5  3  0    -0.44122    -0.67410     0.80566
2025  5  4  0    -0.34069    -0.58936     0.68075
2025  5  5  0    -0.19857    -0.49136     0.52997
2025  5  6  0    -0.11809    -0.34980     0.36919
2025  5  7  0    -0.00652    -0.20393     0.20403
2025  5  8  0     0.13492    -0.08829     0.16123
2025  5  9  0     0.29318     0.02300     0.29408
2025  5 10  0     0.43715     0.24743     0.50232
2025  5 11  0     0.51344     0.38886     0.64407
2025  5 12  0     0.55768     0.50205     0.75038
2025  5 13  0     0.58580     0.58315     0.82657
2025  5 14  0     0.52244     0.66575     0.84627
2025  5 15  0     0.56341     0.68750     0.88887
2025  5 16  0     0.55632     0.70089     0.89484
2025  5 17  0     0.46322     0.76202     0.89176
2025  5 18  0     0.39458     0.79732     0.88961
2025  5 19  0     0.33009     0.72364     0.79537
2025  5 20  0     0.33911     0.65081     0.73386
2025  5 21  0     0.34968     0.56867     0.66758
2025  5 22  0     0.34431     0.49267     0.60106
2025  5 23  0     0.33045     0.43295     0.54465
2025  5 24  0     0.25021     0.39148     0.46461
2025  5 25  0     0.18975     0.24870     0.31282
2025  5 26  0     0.16525     0.07820     0.18282
2025  5 27  0     0.12277    -0.03427     0.12746
2025  5 28  0     0.06407    -0.14853     0.16176
2025  5 29  0    -0.01231    -0.20038     0.20076
2025  5 30  0    -0.06424    -0.25173     0.25980
2025  5 31  0    -0.13798    -0.25259     0.28782
2025  6  1  0    -0.18763    -0.28836     0.34402
2025  6  2  0    -0.16385    -0.36453     0.39966
2025  6  3  0    -0.17011    -0.32039     0.36275
2025  6  4  0    -0.17845    -0.27262     0.32583
2025  6  5  0    -0.21855    -0.21293     0.30513
2025  6  6  0    -0.24523    -0.12109     0.27350
2025  6  7  0    -0.27906    -0.11845     0.30316
2025  6  8  0    -0.35416    -0.10700     0.36997
2025  6  9  0    -0.40415    -0.07292     0.41068
2025  6 10  0    -0.32132    -0.02372     0.32219
2025  6 11  0    -0.20815    -0.00988     0.20838
2025  6 12  0    -0.12090    -0.04641     0.12950
2025  6 13  0    -0.06177    -0.04137     0.07435
2025  6 14  0     0.01866    -0.03668     0.04116
2025  6 15  0     0.06952    -0.07139     0.09965
2025  6 16  0     0.09835    -0.07258     0.12223
2025  6 17  0     0.13792    -0.02330     0.13988
2025  6 18  0     0.24714     0.02671     0.24858
2025  6 19  0     0.20157     0.02144     0.20271
2025  6 20  0     0.05740     0.02261     0.06169
2025  6 21  0    -0.11773     0.06082     0.13251
2025  6 22  0    -0.26960     0.10834     0.29056
2025  6 23  0    -0.39975     0.06371     0.40480
2025  6 24  0    -0.43881     0.00233     0.43881
2025  6 25  0    -0.48935    -0.04809     0.49171
2025  6 26  0    -0.58475    -0.16275     0.60698
2025  6 27  0    -0.66268    -0.26311     0.71300
2025  6 28  0    -0.65610    -0.27416     0.71108
2025  6 29  0    -0.60538    -0.30815     0.67930
2025  6 30  0    -0.46067    -0.35197     0.57974
2025  7  1  0    -0.24760    -0.38756     0.45990
2025  7  2  0    -0.11643    -0.33508     0.35474
2025  7  3  0    -0.04194    -0.30639     0.30925
2025  7  4  0     0.16649    -0.28932     0.33380
2025  7  5  0     0.36793    -0.28578     0.46588
2025  7  6  0     0.46730    -0.24579     0.52800
2025  7  7  0     0.52150    -0.22465     0.56783
2025  7  8  0     0.63792    -0.11035     0.64739
2025  7  9  0     0.70091    -0.00898     0.70096
2025  7 10  0     0.71958     0.09888     0.72634
2025  7 11  0     0.68296     0.23459     0.72213
2025  7 12  0     0.57044     0.37781     0.68420
2025  7 13  0     0.38952     0.49052     0.62637
2025  7 14  0     0.15747     0.56967     0.59103
2025  7 15  0    -0.02897     0.59356     0.59427
2025  7 16  0    -0.18970     0.60077     0.63001
2025  7 17  0    -0.40598     0.51027     0.65207
2025  7 18  0    -0.60440     0.36035     0.70367
2025  7 19  0    -0.83895     0.15842     0.85378
2025  7 20  0    -0.97732    -0.05814     0.97905
2025  7 21  0    -0.92903    -0.29845     0.97579
2025  7 22  0    -0.82504    -0.49521     0.96225
2025  7 23  0    -0.62495    -0.67458     0.91958
2025  7 24  0    -0.50315    -0.95403     1.07858
2025  7 25  0    -0.34254    -1.22008     1.26725
2025  7 26  0    -0.05783    -1.36497     1.36619
2025  7 27  0     0.25107    -1.44877     1.47036
2025  7 28  0     0.65545    -1.44781     1.58926
2025  7 29  0     1.05124    -1.45087     1.79168
2025  7 30  0     1.32599    -1.39371     1.92372
2025  7 31  0     1.50233    -1.34071     2.01358
2025  8  1  0     1.58762    -1.21087     1.99668
2025  8  2  0     1.67043    -0.90233     1.89857
2025  8  3  0     1.72757    -0.61183     1.83271
2025  8  4  0     1.67616    -0.34327     1.71095
2025  8  5  0     1.54701    -0.09956     1.55021
2025  8  6  0     1.29325     0.10306     1.29735
2025  8  7  0     1.10047     0.31341     1.14423
2025  8  8  0     0.94504     0.55881     1.09790
2025  8  9  0     0.75907     0.78699     1.09341
2025  8 10  0     0.62467     0.98083     1.16286
2025  8 11  0     0.53239     1.11316     1.23392
2025  8 12  0     0.33916     1.20736     1.25409
2025  8 13  0     0.08297     1.25539     1.25813
2025  8 14  0    -0.06930     1.27550     1.27738
2025  8 15  0    -0.05266     1.27634     1.27743
2025  8 16  0    -0.15118     1.23269     1.24193
2025  8 17  0    -0.35231     1.14647     1.19938
2025  8 18  0    -0.53088     1.08078     1.20412
2025  8 19  0    -0.65102     1.03105     1.21938
2025  8 20  0    -0.77281     0.88531     1.17516
2025  8 21  0    -0.81432     0.74816     1.10583
2025  8 22  0    -0.74336     0.71052     1.02831
2025  8 23  0    -0.69170     0.76599     1.03208
2025  8 24  0    -0.80744     0.81413     1.14663
2025  8 25  0    -0.84130     0.85938     1.20263
2025  8 26  0    -0.77962     0.85084     1.15401
2025  8 27  0    -0.67504     0.86661     1.09849
2025  8 28  0    -0.62119     0.82089     1.02943
2025  8 29  0    -0.52137     0.78069     0.93878
2025  8 30  0    -0.34778     0.74833     0.82519
2025  8 31  0    -0.26495     0.58599     0.64310
2025  9  1  0    -0.25312     0.40797     0.48011
2025  9  2  0    -0.20909     0.33018     0.39082
2025  9  3  0    -0.12584     0.31713     0.34118
2025  9  4  0    -0.02539     0.30832     0.30937
2025  9  5  0     0.06889     0.22533     0.23562
2025  9  6  0     0.19177     0.16805     0.25498
2025  9  7  0     0.30378     0.18704     0.35674
2025  9  8  0     0.34828     0.16533     0.38553
2025  9  9  0     0.39366     0.19511     0.43936
2025  9 10  0     0.38199     0.22517     0.44342
2025  9 11  0     0.34892     0.18114     0.39314
2025  9 12  0     0.23603     0.07445     0.24750
2025  9 13  0     0.09692     0.00048     0.09692
2025  9 14  0    -0.01949    -0.02427     0.03113
2025  9 15  0    -0.12358    -0.08556     0.15031
2025  9 16  0    -0.26152    -0.22210     0.34310
2025  9 17  0    -0.48452    -0.33806     0.59081
2025  9 18  0    -0.67291    -0.40149     0.78358
2025  9 19  0    -0.66467    -0.44347     0.79903
2025  9 20  0    -0.56567    -0.49462     0.75142
2025  9 21  0    -0.51235    -0.44153     0.67634
2025  9 22  0    -0.50011    -0.41509     0.64993
2025  9 23  0    -0.42804    -0.40244     0.58752
2025  9 24  0    -0.29981    -0.36680     0.47374
2025  9 25  0    -0.20353    -0.25420     0.32564
2025  9 26  0    -0.03759    -0.14636     0.15111
2025  9 27  0     0.10148    -0.15360     0.18409
2025  9 28  0     0.10065    -0.26375     0.28230
2025  9 29  0     0.03710    -0.37067     0.37252
2025  9 30  0     0.02001    -0.49284     0.49325
2025 10  1  0     0.09416    -0.57540     0.58305
2025 10  2  0     0.06540    -0.65518     0.65844
2025 10  3  0    -0.05724    -0.68734     0.68972
2025 10  4  0    -0.12294    -0.67679     0.68787
2025 10  5  0    -0.15186    -0.58539     0.60477
2025 10  6  0    -0.07651    -0.44669     0.45319
2025 10  7  0     0.06534    -0.28952     0.29681
2025 10  8  0     0.31401    -0.18906     0.36653
2025 10  9  0     0.50244    -0.17352     0.53156
2025 10 10  0     0.68508    -0.17749     0.70770
2025 10 11  0     0.94351    -0.12231     0.95140
2025 10 12  0     1.24608     0.01439     1.24616
2025 10 13  0     1.45584     0.12923     1.46156
2025 10 14  0     1.59921     0.16755     1.60797
2025 10 15  0     1.68436     0.21566     1.69811
2025 10 16  0     1.70105     0.27714     1.72348
2025 10 17  0     1.56945     0.37799     1.61433
2025 10 18  0     1.48158     0.53097     1.57385
2025 10 19  0     1.29211     0.74963     1.49382
2025 10 20  0     1.04414     0.96431     1.42130
2025 10 21  0     0.67563     1.16139     1.34362
2025 10 22  0     0.34371     1.26519     1.31104
2025 10 23  0     0.02111     1.28767     1.28785
2025 10 24  0    -0.35617     1.20075     1.25247
2025 10 25  0    -0.72034     1.06628     1.28679
2025 10 26  0    -0.98789     0.81895     1.28320
2025 10 27  0    -1.14943     0.53670     1.26856
2025 10 28  0    -1.25962     0.15023     1.26854
2025 10 29  0    -1.38830    -0.17052     1.39874
2025 10 30  0    -1.46841    -0.38050     1.51691
2025 10 31  0    -1.47010    -0.53165     1.56328
2025 11  1  0    -1.39966    -0.57632     1.51367
2025 11  2  0    -1.29155    -0.57707     1.41461
2025 11  3  0    -1.17344    -0.57997     1.30894
2025 11  4  0    -1.14585    -0.53204     1.26334
2025 11  5  0    -1.22705    -0.37502     1.28308
2025 11  6  0    -1.26157    -0.12348     1.26760
2025 11  7  0    -1.14436     0.05288     1.14558
2025 11  8  0    -1.05002     0.16933     1.06359
2025 11  9  0    -1.01626     0.25309     1.04730
2025 11 10  0    -1.02160     0.29341     1.06290
2025 11 11  0    -1.01419     0.43322     1.10284
2025 11 12  0    -0.91473     0.55668     1.07080
2025 11 13  0    -0.79092     0.73207     1.07772
2025 11 14  0    -0.61802     0.84264     1.04499
2025 11 15  0    -0.57025     0.89713     1.06303
2025 11 16  0    -0.58855     0.96710     1.13211
2025 11 17  0    -0.60896     0.95693     1.13426
2025 11 18  0    -0.59662     0.89444     1.07516
2025 11 19  0    -0.66484     0.72646     0.98476
2025 11 20  0    -0.77244     0.55088     0.94876
2025 11 21  0    -0.80072     0.36858     0.88147
2025 11 22  0    -0.68571     0.22702     0.72231
2025 11 23  0    -0.55472     0.04270     0.55636
2025 11 24  0    -0.38142    -0.18778     0.42514
2025 11 25  0    -0.26326    -0.47288     0.54122
2025 11 26  0    -0.16606    -0.73564     0.75415
2025 11 27  0    -0.12521    -1.00364     1.01142
2025 11 28  0    -0.02484    -1.23460     1.23485
2025 11 29  0     0.07743    -1.49885     1.50085
2025 11 30  0     0.06715    -1.69621     1.69754
2025 12  1  0    -0.04005    -1.79298     1.79342
2025 12  2  0    -0.11297    -1.77845     1.78204
2025 12  3  0    -0.10021    -1.62311     1.62620
2025 12  4  0    -0.04867    -1.46322     1.46403
2025 12  5  0     0.03625    -1.29852     1.29902
2025 12  6  0     0.09424    -1.09848     1.10252
2025 12  7  0     0.16098    -0.85005     0.86516
2025 12  8  0     0.20752    -0.61605     0.65006
2025 12  9  0     0.24162    -0.44115     0.50299
2025 12 10  0     0.30000    -0.37525     0.48043
2025 12 11  0     0.37588    -0.33475     0.50334
2025 12 12  0     0.34970    -0.35256     0.49658
2025 12 13  0     0.35219    -0.35253     0.49831
2025 12 14  0     0.34827    -0.36788     0.50659
2025 12 15  0     0.39505    -0.42638     0.58126
2025 12 16  0     0.40352    -0.49366     0.63759
2025 12 17  0     0.45621    -0.53140     0.70037
2025 12 18  0     0.51437    -0.50573     0.72135
2025 12 19  0     0.59568    -0.46547     0.75597
2025 12 20  0     0.58457    -0.43627     0.72942
2025 12 21  0     0.65982    -0.32223     0.73430
2025 12 22  0     0.79939    -0.10288     0.80598
2025 12 23  0     0.91318     0.16745     0.92841
2025 12 24  0     0.97256     0.34241     1.03108
2025 12 25  0     0.96252     0.48477     1.07771
2025 12 26  0     0.98596     0.62120     1.16533
2025 12 27  0     1.06078     0.72548     1.28514
2025 12 28  0     1.13818     0.87693     1.43682
2025 12 29  0     1.19860     1.07100     1.60739
2025 12 30  0     1.22721     1.19689     1.71423
2025 12 31  0     1.20011     1.17149     1.67710
2026  1  1  0     1.07539     1.09784     1.53678
2026  1  2  0     0.92834     1.10159     1.44060
2026  1  3  0     0.83016     1.14985     1.41821
2026  1  4  0     0.70803     1.15985     1.35888
2026  1  5  0     0.43813     1.14081     1.22205
2026  1  6  0     0.05605     1.06619     1.06766
2026  1  7  0    -0.30440     0.94379     0.99167
2026  1  8  0    -0.63603     0.76692     0.99635
2026  1  9  0    -0.92205     0.57270     1.08544
2026  1 10  0    -1.12407     0.42548     1.20190
2026  1 11  0    -1.28143     0.28821     1.31344
2026  1 12  0    -1.41194     0.15434     1.42035
2026  1 13  0    -1.52673    -0.00821     1.52675
2026  1 14  0    -1.52911    -0.13049     1.53466
2026  1 15  0    -1.40293    -0.18804     1.41548
2026  1 16  0    -1.19268    -0.19190     1.20802
2026  1 17  0    -0.98714    -0.19171     1.00558
2026  1 18  0    -0.86822    -0.22902     0.89792
2026  1 19  0    -0.82619    -0.30150     0.87949
2026  1 20  0    -0.74057    -0.44941     0.86626
2026  1 21  0    -0.65729    -0.62936     0.91001
2026  1 22  0    -0.61316    -0.79638     1.00508
2026  1 23  0    -0.60898    -0.92758     1.10962
2026  1 24  0    -0.67349    -1.07723     1.27043
2026  1 25  0    -0.82570    -1.32243     1.55904
2026  1 26  0    -0.98125    -1.49285     1.78646
2026  1 27  0    -1.07223    -1.53633     1.87350
2026  1 28  0    -1.07215    -1.51496     1.85596
2026  1 29  0    -1.06058    -1.40534     1.76063
2026  1 30  0    -1.01391    -1.30698     1.65415
2026  1 31  0    -0.90447    -1.23852     1.53363
2026  2  1  0    -0.75252    -1.18992     1.40790
2026  2  2  0    -0.60752    -1.13179     1.28454
2026  2  3  0    -0.35812    -1.00387     1.06584
2026  2  4  0    -0.05081    -0.78240     0.78405
2026  2  5  0     0.26475    -0.54485     0.60576
2026  2  6  0     0.53439    -0.32387     0.62487
2026  2  7  0     0.77445    -0.09346     0.78007
2026  2  8  0     0.96063     0.23109     0.98803
2026  2  9  0     1.13523     0.59276     1.28067
2026  2 10  0     1.29198     0.93038     1.59211
2026  2 11  0     1.49248     1.20043     1.91534
2026  2 12  0     1.66383     1.37390     2.15776
2026  2 13  0     1.83638     1.41198     2.31645
2026  2 14  0     1.99745     1.38781     2.43225
2026  2 15  0     2.16909     1.36455     2.56261
2026  2 16  0     2.31519     1.28031     2.64562
2026  2 17  0     2.41220     1.10941     2.65509
2026  2 18  0     2.21633     0.83069     2.36689
2026  2 19  0     2.07900     0.71975     2.20007
2026  2 20  0     1.85618     0.62505     1.95859
2026  2 21  0     1.54676     0.63000     1.67013
2026  2 22  0     1.20875     0.71691     1.40536
2026  2 23  0     0.78332     0.79511     1.11615
2026  2 24  0     0.30748     0.79930     0.85641
2026  2 25  0    -0.12531     0.76784     0.77800
2026  2 26  0    -0.53500     0.67417     0.86065
2026  2 27  0    -0.70596     0.77116     1.04550
2026  2 28  0    -0.88974     0.71327     1.14035
2026  3  1  0    -1.02355     0.80168     1.30013
2026  3  2  0    -1.12483     0.83412     1.40036
2026  3  3  0    -1.22532     0.79763     1.46206
2026  3  4  0    -1.23952     0.75495     1.45133
2026  3  5  0    -1.22530     0.71102     1.41665
2026  3  6  0    -1.22914     0.61303     1.37353
2026  3  7  0    -1.25618     0.53825     1.36663
2026  3  8  0    -1.30433     0.41423     1.36853
2026  3  9  0    -1.36499     0.25527     1.38866
2026  3 10  0    -1.40194     0.00433     1.40195
2026  3 11  0    -1.40839    -0.25167     1.43070
2026  3 12  0    -1.43838    -0.51711     1.52851
2026  3 13  0    -1.49569    -0.72770     1.66332
2026  3 14  0    -1.48966    -0.91032     1.74579
2026  3 15  0    -1.41661    -1.07215     1.77660
2026  3 16  0    -1.24437    -1.26750     1.77624
2026  3 17  0    -1.11085    -1.36261     1.75804
2026  3 18  0    -1.03241    -1.43102     1.76457
2026  3 19  0    -0.98394    -1.46784     1.76712
2026  3 20  0    -0.92881    -1.47391     1.74215
2026  3 21  0    -0.87153    -1.41246     1.65970
2026  3 22  0    -0.79324    -1.35750     1.57227
2026  3 23  0    -0.67555    -1.38251     1.53873
2026  3 24  0    -0.47867    -1.44248     1.51983
2026  3 25  0    -0.27636    -1.53758     1.56222
2026  3 26  0    -0.12827    -1.64049     1.64549
2026  3 27  0    -0.06686    -1.72246     1.72376
2026  3 28  0    -0.06327    -1.70786     1.70903
2026  3 29  0    -0.02052    -1.67345     1.67358
2026  3 30  0     0.08614    -1.63916     1.64142
2026  3 31  0     0.15156    -1.58083     1.58808
2026  4  1  0     0.21441    -1.41121     1.42741
2026  4  2  0     0.30096    -1.20631     1.24329
2026  4  3  0     0.39983    -0.90979     0.99377
2026  4  4  0     0.53712    -0.65899     0.85016
2026  4  5  0     0.64336    -0.37428     0.74431
2026  4  6  0     0.72647    -0.13888     0.73962
2026  4  7  0     0.69413     0.02567     0.69461
2026  4  8  0     0.62955     0.08579     0.63537
2026  4  9  0     0.61432     0.09035     0.62093
2026  4 10  0     0.60522    -0.00315     0.60523
2026  4 11  0     0.52082    -0.17245     0.54863
2026  4 12  0     0.43443    -0.44329     0.62067
2026  4 13  0     0.29996    -0.61884     0.68771
2026  4 14  0     0.28694    -0.75540     0.80806
2026  4 15  0     0.30443    -0.87334     0.92488
2026  4 16  0     0.35284    -0.93199     0.99655
2026  4 17  0     0.32578    -0.96255     1.01618
2026  4 18  0     0.31353    -0.99473     1.04297
2026  4 19  0     0.30173    -1.06208     1.10410
2026  4 20  0     0.31058    -1.05609     1.10081
2026  4 21  0     0.32621    -0.93204     0.98748
2026  4 22  0     0.36825    -0.80735     0.88737
2026  4 23  0     0.43128    -0.75176     0.86668
2026  4 24  0     0.45795    -0.70233     0.83844
2026  4 25  0     0.51846    -0.59595     0.78991
2026  4 26  0     0.61429    -0.44773     0.76014
2026  4 27  0     0.71521    -0.24303     0.75537
2026  4 28  0     0.81126     0.02446     0.81163
2026  4 29  0     0.89975     0.22872     0.92836
2026  4 30  0     1.02213     0.37885     1.09008
2026  5  1  0     1.06957     0.49569     1.17885
2026  5  2  0     1.07492     0.61601     1.23892
2026  5  3  0     1.03126     0.77745     1.29149
2026  5  4  0     1.02830     0.94222     1.39469
2026  5  5  0     1.02943     1.08399     1.49491
2026  5  6  0     1.03315     1.14928     1.54540
2026  5  7  0     0.99128     1.21569     1.56862
2026  5  8  0     0.95984     1.28163     1.60121
2026  5  9  0     0.87354     1.35579     1.61283
2026  5 10  0     0.86998     1.40154     1.64960
2026  5 11  0     0.84247     1.48514     1.70745
2026  5 12  0     0.89704     1.51740     1.76272
2026  5 13  0     0.81647     1.53539     1.73898
2026  5 14  0     0.72277     1.55311     1.71305
2026  5 15  0     0.53040     1.57356     1.66054
2026  5 16  0     0.39493     1.56666     1.61567
2026  5 17  0     0.21761     1.53009     1.54549
2026  5 18  0     0.03216     1.49495     1.49530
2026  5 19  0    -0.20279     1.45718     1.47123
2026  5 20  0    -0.39188     1.42282     1.47580
2026  5 21  0    -0.60444     1.38698     1.51297
2026  5 22  0    -0.80898     1.29753     1.52907
2026  5 23  0    -0.99786     1.13110     1.50835
2026  5 24  0    -1.13800     0.97781     1.50039
2026  5 25  0    -1.28771     0.86445     1.55096
2026  5 26  0    -1.40337     0.76846     1.59999
2026  5 27  0    -1.46736     0.58570     1.57993
2026  5 28  0    -1.50017     0.36930     1.54496
2026  5 29  0    -1.59000     0.13264     1.59553
2026  5 30  0    -1.59166    -0.15921     1.59960
2026  5 31  0    -1.48378    -0.46553     1.55510
2026  6  1  0    -1.36974    -0.62710     1.50647
2026  6  2  0    -1.20949    -0.76588     1.43159
2026  6  3  0    -1.01515    -0.94282     1.38544
2026  6  4  0    -0.77862    -1.10188     1.34921
2026  6  5  0    -0.60952    -1.16820     1.31765
2026  6  6  0    -0.46047    -1.11092     1.20257
2026  6  7  0    -0.27027    -1.03610     1.07077
2026  6  8  0    -0.11606    -1.00815     1.01481
2026  6  9  0     0.01073    -1.03712     1.03718
2026  6 10  0     0.18103    -1.10246     1.11723
2026  6 11  0     0.33638    -1.17415     1.22139
2026  6 12  0     0.39849    -1.16761     1.23374
2026  6 13  0     0.39696    -1.11156     1.18032
2026  6 14  0     0.36991    -1.05076     1.11397
2026  6 15  0     0.38874    -1.12235     1.18776
2026  6 16  0     0.39125    -1.20537     1.26728
2026  6 17  0     0.31629    -1.17963     1.22130
2026  6 18  0     0.24894    -1.05332     1.08234
2026  6 19  0     0.06625    -0.88497     0.88745
2026  6 20  0    -0.11128    -0.73160     0.74002
2026  6 21  0    -0.21825    -0.61251     0.65023
2026  6 22  0    -0.19619    -0.48569     0.52382
2026  6 23  0    -0.12132    -0.41000     0.42757
2026  6 24  0    -0.10223    -0.23023     0.25191
2026  6 25  0    -0.16460    -0.02247     0.16613
2026  6 26  0    -0.18842     0.15585     0.24452
2026  6 27  0    -0.23925     0.28913     0.37528
2026  6 28  0    -0.27019     0.36857     0.45700
2026  6 29  0    -0.30758     0.46796     0.56000
2026  6 30  0    -0.32632     0.53497     0.62664
2026  7  1  0    -0.41908     0.42453     0.59653
2026  7  2  0    -0.54712     0.28260     0.61579
2026  7  3  0    -0.66919     0.09476     0.67587
2026  7  4  0    -0.73056    -0.06760     0.73368
2026  7  5  0    -0.77362    -0.25939     0.81595
2026  7  6  0    -0.85521    -0.45487     0.96866
2026  7  7  0    -0.93106    -0.56328     1.08819
2026  7  8  0    -1.02719    -0.63460     1.20742
2026  7  9  0    -1.07472    -0.75392     1.31278
2026  7 10  0    -1.05545    -0.75662     1.29863
2026  7 11  0    -1.03851    -0.75673     1.28497
2026  7 12  0    -0.91953    -0.79444     1.21518
2026  7 13  0    -0.79135    -0.87542     1.18009
2026  7 14  0    -0.61788    -0.87441     1.07069
2026  7 15  0    -0.44002    -0.84609     0.95367
2026  7 16  0    -0.22955    -0.80422     0.83634
2026  7 17  0    -0.06653    -0.76881     0.77168
2026  7 18  0    -0.00740    -0.65116     0.65120
2026  7 19  0    -0.03347    -0.54640     0.54743
2026  7 20  0    -0.04880    -0.44991     0.45254
2026  7 21  0    -0.10079    -0.33612     0.35090
2026  7 22  0    -0.14250    -0.18851     0.23631
2026  7 23  0    -0.21333    -0.06253     0.22231
2026  7 24  0    -0.28483     0.04586     0.28850
2026  7 25  0    -0.32731     0.08155     0.33732
2026  7 26  0    -0.26618     0.07465     0.27645
2026  7 27  0    -0.11717     0.00355     0.11723
2026  7 28  0     0.05989    -0.07650     0.09716
2026  7 29  0     0.12749    -0.06200     0.14176
2026  7 30  0     0.18508    -0.02449     0.18669
2026  7 31  0     0.27482    -0.02338     0.27581
2026  8  1  0     0.34088    -0.08027     0.35020
