district_id,cell_row,cell_col,weight
3,43,62,0.013945157461508217
3,43,61,0.024566137205906956
3,43,60,0.0006014966471467602
3,44,59,0.01903482129369542
3,44,58,0.001953337358076773
3,44,60,0.04057016450896553
3,45,58,0.02710983628677457
3,43,63,0.002546659964195479
3,44,62,0.05698327671928748
3,44,61,0.057889994902881665
3,44,64,0.002406655609852921
3,44,63,0.04129178410450965
3,45,62,0.057889994902881665
3,45,63,0.056829879628213044
3,45,61,0.056968735849697714
3,46,61,0.00825611219190358
3,46,62,0.035316195973780905
3,45,64,0.03578860710346063
3,45,65,0.0024816137091019934
3,46,65,0.04570846362893008
3,46,67,3.7557777960820574e-05
3,46,66,0.017530924213561495
3,45,60,0.04590130488228261
3,45,59,0.04641814916295476
3,46,63,0.039620217525778496
3,47,64,0.05437859558834403
3,47,63,0.006231994550964431
3,48,63,0.00010401675706978925
3,46,64,0.057889994902881665
3,47,67,0.01379518732630315
3,47,65,0.04799876293777228
3,47,66,0.05495135487949748
3,48,66,0.0022848347005029537
3,48,64,0.019837412387867435
3,48,65,0.004880767355487631
4,43,65,0.015287686096471088
4,43,64,0.024929621067333315
4,44,64,0.10404403448666352
4,44,63,0.010102624552071457
4,45,63,0.0033385111323854266
4,44,66,0.09968032832463895
4,44,67,0.00038488970882591384
4,44,65,0.17538187545378758
4,45,66,0.18155129145754473
4,45,64,0.0696016093463027
4,45,65,0.17449187070784328
4,45,67,0.01839814017882441
4,46,65,0.03836203358196168
4,46,67,8.77944109228699e-05
4,46,66,0.08435768949442307
5,31,42,0.03270783455338338
5,31,43,0.013930608324428594
5,32,46,0.008061837206486
5,33,45,0.07251611918287885
5,33,47,0.0004188928730937186
5,33,46,0.06193290332184248
5,34,46,0.05228024748199953
5,34,47,0.0003359874973427628
5,32,43,0.06701529269087508
5,32,45,0.015644013994211798
5,32,44,0.035080195252232764
5,32,42,0.06502300797431372
5,33,42,0.07307787275534525
5,33,44,0.07307787275534525
5,33,43,0.07307787275534525
5,34,43,0.07224562115663376
5,34,44,0.07307787275534525
5,32,41,0.011447572490047537
5,33,41,0.020076488935659154
5,34,45,0.07266536793595814
5,35,45,0.011662641955926627
5,35,46,0.0026146883063910714
5,34,42,0.04465825870784543
5,35,43,0.008587857376551914
5,35,44,0.025167233270254902
5,34,41,0.01361583849026187
6,27,47,0.00015545964820079422
6,28,48,0.05985964960226808
6,28,47,0.008717179706997721
6,29,46,0.004487246265293328
6,29,47,0.06499492910207172
6,30,47,0.006237767931557631
6,27,48,0.00803550425691026
6,28,49,0.022754348518795296
6,28,50,0.0045501480153913865
6,29,49,0.0813843562910818
6,29,51,0.03127984574732359
6,29,48,0.08305150383417868
6,29,50,0.04523555827386578
6,30,51,0.08305150383417868
6,30,49,0.08305150383417868
6,30,48,0.06649780584817733
6,29,52,0.01034340244381834
6,30,52,0.02403807009132804
6,31,52,0.01374935481728926
6,30,50,0.08200153978804124
6,31,48,0.012171753015934027
6,31,51,0.08070034654185661
6,31,50,0.05489298237140128
6,31,49,0.055378734286252104
6,32,51,0.01337950593360826
7,37,54,0.11350551035661988
7,36,55,0.0017802826189555118
7,37,55,0.13471178399620728
7,37,57,0.025279491325324005
7,37,56,0.032734864152858
7,38,55,0.12386858909313253
7,38,54,0.15823034329372043
7,38,53,0.0012728718159280247
7,39,54,0.008826437521098426
7,39,53,0.00035578952190716025
7,38,56,0.1132109037928097
7,38,57,0.18772325326693787
7,39,57,0.06795203637045714
7,39,56,0.01984571941357591
7,37,58,0.0008503815564846338
7,38,58,0.009851741903983406
8,25,47,0.050305640356961494
8,26,47,0.004059890696832703
8,28,48,0.029213464235239094
8,24,48,1.7126756446698596e-06
8,25,48,0.08166663373542672
8,26,50,0.02954973131746613
8,26,49,0.03566516774597164
8,26,48,0.07674283016619292
8,27,49,0.11720698372038302
8,27,50,0.11720698372038302
8,26,51,0.014683727419418662
8,27,51,0.11249772161912985
8,27,52,0.022849285096993858
8,28,52,0.029714894484976297
8,27,48,0.039756464982938
8,28,49,0.08509475897686423
8,28,50,0.08891842541930292
8,29,49,0.0023527729893172513
8,29,50,0.022930371900755933
8,28,51,0.039582538739801644
9,40,62,0.24524715857381724
9,39,61,0.024673930011285226
9,40,63,0.08077430088007224
9,40,61,0.08875501632996798
9,41,62,0.29234226946073705
9,41,61,0.11043279397301972
9,41,63,0.09243429811126636
9,42,62,0.03847931981305005
9,42,61,0.0268609128467842
10,41,60,0.0011843126681343188
10,41,62,0.004489246179476653
10,41,61,0.0751823305421151
10,42,62,0.165536681043403
10,42,61,0.25898397470783546
10,43,62,0.06080846969168798
10,43,61,0.14245872416187128
10,42,59,0.024711406080445482
10,42,60,0.2158912071873281
10,43,60,0.05075364773770264
11,41,57,0.058650411131584784
11,42,57,0.018063372587855005
11,43,57,3.3164965367090516e-05
11,44,57,0.0010397006939715859
11,45,57,0.00031853891536843913
11,40,57,0.0006333074429011329
11,40,59,0.08986508606360599
11,40,58,0.024731561098034135
11,40,60,0.0014370356851708755
11,41,60,0.03416539769644843
11,41,59,0.10912481228984361
11,41,58,0.09613453868835464
11,43,61,0.008439217385326487
11,42,58,0.11294561438267921
11,42,59,0.10315603983364595
11,42,60,0.013289774343650503
11,43,58,0.03343433875373846
11,43,59,0.0866322955152072
11,43,60,0.09163678200719476
11,44,59,0.05180214420177642
11,44,58,0.026737450959693702
11,44,60,0.0337997880989788
11,45,58,0.003929627259602825
12,38,55,0.05306108464787647
12,39,54,8.535856155080984e-05
12,38,56,0.12412070136896886
12,39,55,0.1596153698182179
12,39,57,0.10731665285990635
12,39,56,0.27353367644791915
12,40,56,0.20420319953420515
12,40,55,0.04597532292393185
12,40,57,0.03208863383742336
13,41,62,0.00858323940778175
13,41,63,0.12108460014694708
13,42,63,0.16576358136465993
13,42,62,0.07037973238329885
13,43,62,0.13094908748073866
13,42,64,0.00040036430842064563
13,43,64,0.12083609490215828
13,43,63,0.2295842199242968
13,44,62,0.003761395786905012
13,44,64,0.09311023841922166
13,44,63,0.055547445875571276
14,37,57,0.012140523107457132
14,38,57,0.0015769392312324315
14,39,57,0.05679574467959989
14,41,57,0.005210757207729465
14,37,58,0.06313727931997137
14,38,58,0.17255882205722212
14,38,59,0.019926835264150643
14,39,58,0.194317194778014
14,39,59,0.10991156905231775
14,39,60,0.014319686047775785
14,40,57,0.14112691523313386
14,40,59,0.02752287625830089
14,40,58,0.15177803488032515
14,40,60,0.011704357963259592
14,41,58,0.017972464919509948
15,35,45,0.011347788454180222
15,36,46,0.05308418012520891
15,36,47,0.008489549236117203
15,36,45,0.07695553593910777
15,37,47,0.028200144554642738
15,35,42,0.005251666800466042
15,35,43,0.07563903074738364
15,35,44,0.06128184103457878
15,36,43,0.09347290350261121
15,36,44,0.09347290350261121
15,36,42,0.03812811547543425
15,37,42,0.021773022875450403
15,37,43,0.09341618528771294
15,37,46,0.09014658258904984
15,37,45,0.093470188832275
15,38,46,0.003812562758472835
15,38,45,0.004262594829705165
15,37,44,0.09347290350261121
15,38,42,0.004541632076269655
15,38,44,0.020649877998628236
15,38,43,0.029130789877482976
16,34,49,0.025097897297496344
16,35,49,0.035896099120292284
16,36,48,0.07628236297176819
16,36,49,0.04439582811526142
16,37,49,0.04983344574143441
16,37,48,0.07628236297176819
16,38,48,0.058078284683132496
16,38,50,0.008123768960875253
16,38,49,0.05109947672380574
16,39,50,3.581411024497717e-05
16,39,49,0.0011137574927167478
16,34,46,0.020066882054161732
16,34,47,0.03597157932695229
16,34,45,0.0004305932996358351
16,34,48,0.04181478604604514
16,35,48,0.07628236297176819
16,35,45,0.0548474859935208
16,35,46,0.07355301967090462
16,35,47,0.07628236297176819
16,36,46,0.03296085968438193
16,36,47,0.06935412118158887
16,36,45,0.013479669300976415
16,37,47,0.05185583328758541
16,38,47,0.02686134602191457
17,40,56,0.057299372659831205
17,40,55,0.009130439740334976
17,41,56,0.17274090255807953
17,41,57,0.10182746306162732
17,41,55,0.20882793118561024
17,41,54,0.018062081439245335
17,42,54,0.03369688822108957
17,42,55,0.08874463109240767
17,42,57,0.14237086596102794
17,42,56,0.12653733428588082
17,43,57,0.000210743213988952
17,43,56,0.0039909862970098475
17,40,57,0.03656036028386651
18,38,55,0.01790561739320424
18,39,51,0.04100041061510959
18,37,53,0.0032354186110091143
18,38,52,0.0204023790778578
18,38,54,0.015468233146396821
18,38,53,0.08720126130005405
18,39,54,0.096511524352874
18,39,53,0.10103434248215554
18,39,52,0.0552318959086689
18,40,52,0.09672759349934149
18,40,53,0.10122312401436273
18,40,54,0.10122312401436273
18,39,55,0.04830094627366814
18,40,56,0.007656195560888604
18,40,55,0.08185863357221361
18,41,55,0.005950833577332659
18,40,51,0.04861614121256496
18,41,52,0.004901012482088574
18,41,53,0.030096841357198895
18,41,54,0.03545447154864762
19,47,67,0.003674172547433433
19,47,66,0.003955162352984659
19,48,66,0.058907310821690526
19,48,67,0.08554095353798574
19,49,67,0.128263525197111
19,48,70,0.008563736788374226
19,48,68,0.020238146379793102
19,48,69,0.04034533340537387
19,49,69,0.18978874183874864
19,49,68,0.18743600445327727
19,49,70,0.0025696950684373256
19,50,69,0.1000436708860199
19,50,68,0.12966797660639223
19,51,68,0.0012003212397702653
19,51,69,0.0014195268951391132
19,49,66,0.02600284417216655
19,50,67,0.012382877809302105
20,34,52,0.014901631996788726
20,34,53,0.00020883332635725766
20,34,51,0.006037889371666639
20,34,50,0.0019458960601978557
20,35,50,0.041895766088683
20,35,49,0.02025569516116864
20,36,50,0.051968097393663114
20,36,49,0.021723010200702067
20,37,49,0.018018580613340694
20,35,53,0.03272089526200536
20,35,51,0.051968097393663114
20,35,54,0.022837949062439022
20,35,52,0.05194576493889948
20,36,51,0.051968097393663114
20,36,54,0.051968097393663114
20,36,52,0.051968097393663114
20,36,53,0.051968097393663114
20,37,52,0.051968097393663114
20,37,54,0.02104803376118998
20,35,55,1.6565340686754197e-06
20,36,55,0.015289972871874075
20,37,55,0.006030600500640108
20,37,51,0.051968097393663114
20,37,50,0.051968097393663114
20,38,50,0.04540727239465338
20,38,51,0.051968097393663114
20,38,49,0.0018479438922078993
20,39,50,0.01713118063371462
20,39,51,0.017882756109629708
20,37,53,0.05030702882733103
20,38,52,0.041493486643355657
20,38,54,0.000923118027293377
20,38,53,0.006852101155834662
20,39,52,0.02361196262932707
21,30,53,0.0009596025007106403
21,30,52,0.00029436386032493126
21,31,54,0.05297886163071745
21,31,52,0.05180429285488969
21,31,53,0.0588437917265687
21,31,55,0.0039898537857889025
21,31,51,0.0002634363023819173
21,33,51,0.06018884267884316
21,32,55,0.01561292754289427
21,33,55,0.002771407148279008
21,32,53,0.07168752723028395
21,32,54,0.07168752723028395
21,32,52,0.07168752723028395
21,32,51,0.02444784027740707
21,33,52,0.07168752723028395
21,33,53,0.07168752723028395
21,33,54,0.06685662793446968
21,34,52,0.05113143218117553
21,34,54,0.05295979821755517
21,34,53,0.07139945155461658
21,34,51,0.0633570326408179
21,34,50,0.0075572274993549685
21,35,53,0.026550603083811217
21,35,54,0.029564163865115244
21,35,52,3.0806562858362765e-05
22,29,43,0.009875256771518024
22,29,42,0.02028883811872885
22,29,44,0.03864348189537299
22,30,44,0.07629700107888493
22,30,42,0.0362084184654985
22,30,43,0.044388006470616144
22,31,42,0.008752445235466918
22,31,43,0.006537788343613558
22,29,46,0.0038236546594175302
22,29,45,0.020209198403478082
22,29,47,0.016000153252146883
22,30,45,0.07900557868015828
22,30,47,0.07718311029717269
22,30,46,0.07558176591363742
22,31,47,0.06502284183930493
22,30,48,0.01663329979288289
22,31,48,0.009451767321627013
22,31,46,0.08345087379822058
22,31,45,0.08345087379822058
22,32,46,0.048093452699131956
22,32,47,0.00012528407254720005
22,33,45,0.0006414913942355249
22,33,46,0.001812293804640839
22,31,44,0.06262247745067231
22,32,43,0.006923129871958447
22,32,45,0.06558627828790484
22,32,44,0.04339123828294236
23,46,68,9.4459768860122e-05
23,46,69,0.007037034975416721
23,47,71,0.0013395613589555896
23,48,71,0.10208670593946831
23,48,72,0.0008358979623501632
23,49,72,0.08499031331116946
23,49,71,0.11376601199288189
23,47,69,0.14003527963533702
23,47,68,0.0066227967202831676
23,47,70,0.0857626451407276
23,48,70,0.1575461048328762
23,48,68,0.0005208084296306559
23,48,69,0.04426086004561591
23,49,69,0.009085602520527737
23,49,70,0.11505457222729239
23,50,72,0.08248033694447542
23,50,71,0.0007475276430207334
23,50,73,0.0432705894342372
23,51,72,0.0003017540692434777
23,51,73,0.004161137047630381
24,27,54,0.002917367343429329
24,27,52,0.003268439311265964
24,27,53,0.012418136638579406
24,28,52,0.06574494275873718
24,28,54,0.058049070137496245
24,28,50,0.01643180936325439
24,29,51,0.05490243767625972
24,29,50,0.022872014368859248
24,28,53,0.0843707385586889
24,28,51,0.05833001287917344
24,29,53,0.08807386476836372
24,29,52,0.07710496732491111
24,30,53,0.0868949162937221
24,30,52,0.06222049456579691
24,30,54,0.08807386476836372
24,31,54,0.022985093051398734
24,31,52,0.00984732734427966
24,31,53,0.015779557024488647
24,28,55,0.024867715107085672
24,29,55,0.03992671798093014
24,29,54,0.08807386476836372
24,30,55,0.014956419035512413
24,31,55,0.0007767705691562966
24,30,50,0.0011134583618833535
25,44,66,0.0035412716088121543
25,44,67,0.0613462690309346
25,45,66,0.0030531832668591564
25,45,67,0.5267890572689203
25,46,67,0.22992941567007494
25,45,68,0.041907334687406796
25,46,68,0.13343346846699222
26,45,67,0.005112398003878391
26,46,67,0.12799915668098125
26,46,66,0.04369898214862272
26,47,67,0.13860033051988424
26,47,66,0.0025369480314673004
26,48,67,0.10780643363967883
26,49,67,0.0018732107075949119
26,46,68,0.10313244219329436
26,46,69,0.004421119610379282
26,47,69,0.01589282386600998
26,47,68,0.17888862847887776
26,48,68,0.16093870816170777
26,48,69,0.09856389098688882
26,49,69,6.831602584378454e-06
26,49,68,0.010528095368149743
27,39,61,0.02165905318006659
27,39,60,0.012915220643603521
27,40,59,0.020727660461867695
27,40,60,0.3054769415498861
27,41,60,0.22849121920091145
27,41,59,0.011223687827060909
27,40,61,0.23435597076883688
27,41,61,0.12434059294145416
27,42,61,0.00021112433046630545
27,42,60,0.04059852909584654
521,41,63,1.0
28,31,47,0.016222892634565948
28,31,48,0.05437742825287279
28,31,51,0.0018097977157578418
28,31,50,0.024908213076526856
28,31,49,0.02447853099206696
28,32,50,0.0734649564808389
28,32,49,0.0734649564808389
28,33,49,0.0734649564808389
28,33,48,0.0734649564808389
28,33,51,0.011783784331755164
28,32,51,0.03657582978688306
28,33,50,0.0734649564808389
28,34,51,1.5498762958773602e-06
28,34,49,0.04929402284833565
28,34,50,0.06296952862946795
28,35,50,0.014238800689116328
28,35,49,0.010260077829075684
28,32,46,0.02302193370526117
28,32,47,0.07335466417929061
28,32,48,0.0734649564808389
28,33,47,0.07304384478817934
28,33,46,0.009608572153246977
28,34,46,0.0015820540244577321
28,34,47,0.038484181314270324
28,34,48,0.033194554287540305
0,1,109,0.10341273183632456
0,1,110,0.019492398619844885
0,2,110,0.10474334562762061
0,2,109,0.5477547904989557
0,3,110,0.000907993335613125
0,3,109,0.2236887400816411
1,23,106,0.0022050480922008947
1,24,106,0.12961599377903593
1,25,106,0.15846449551829406
1,23,105,0.08689017474039779
1,24,105,0.3337941727237066
1,25,105,0.26997962520179064
1,26,106,0.010827841493015909
1,26,105,0.008222648451558153
2,20,104,0.007340836275797765
2,20,105,0.11368928341900196
2,21,105,0.30025655648074645
2,21,104,0.16237367374191194
2,22,105,0.2791380490386549
2,22,104,0.059722559562725805
2,23,105,0.07747904148116125
29,84,121,0.0002088731581793006
29,84,122,0.00042968268866726153
29,85,121,0.07590472318912625
29,85,122,0.08118150303355667
29,85,123,0.008820972577853891
29,86,122,0.11311237239089394
29,86,123,0.10116314237063799
29,86,124,0.0030109810460981472
29,87,124,0.001039878558482838
29,87,122,0.096020185507227
29,86,120,0.0926890300894354
29,86,121,0.11295789296140946
29,86,119,0.0006843358269375494
29,87,120,0.10510251095941554
29,87,119,0.0009837802076480624
29,87,121,0.11101854331693399
29,88,121,0.01422104332881846
29,88,120,0.018953945203143342
29,88,119,0.0002972629632487268
29,87,123,0.06212910963101502
29,88,122,7.023099127108497e-05
31,83,121,0.020290689263951233
31,82,123,0.0016330890679671687
31,82,122,0.004532505925853492
31,83,122,0.0892443408872086
31,83,123,0.0028900737953162395
31,82,116,0.00015532982062357826
31,82,117,0.08475801891235445
31,82,118,0.016650824846445655
31,83,117,0.07086797685680594
31,83,118,0.0951473150726637
31,83,116,0.000735012807715799
31,84,118,0.09405224521125406
31,83,120,0.03477570543927497
31,83,119,0.055741835434430426
31,84,121,0.13409482665274214
31,84,120,0.13434290408283786
31,84,122,0.024289314502236228
31,84,119,0.11345834297011476
31,85,121,0.006567992815841227
31,85,122,1.30920586707137e-05
31,85,119,0.0006970893443762363
31,85,120,0.012513057625754286
31,84,117,0.002548416605561273
32,89,115,0.004654490005957569
32,90,115,0.017274732155633892
32,87,117,0.004026006442090268
32,87,116,3.657735582243569e-05
32,88,120,0.0042586732430375624
32,88,119,0.03318524958255545
32,88,117,0.06519051963850366
32,88,115,2.0610001610518635e-05
32,88,118,0.05499010466777706
32,88,116,0.033773528277501415
32,89,116,0.07012998487537565
32,89,118,0.07050083550541636
32,89,117,0.07050083550541636
32,90,117,0.07050083550541636
32,90,116,0.061018581448313604
32,90,118,0.0703504908009504
32,89,119,0.07050083550541636
32,89,120,0.050120264542474355
32,90,120,0.024368158132397656
32,90,119,0.03340222457042443
32,91,120,0.00017455185077900788
32,91,119,0.036361163575148334
32,91,117,0.0570414272232014
32,91,116,0.012571368560336825
32,91,118,0.07050083550541636
32,92,117,0.0005147847114346441
32,92,118,0.013262346344172369
32,92,119,0.0007699844674195306
33,83,107,0.013670558573771757
33,84,106,0.18995865480677815
33,84,107,0.1407617015589575
33,85,106,0.16237412815934213
33,85,107,0.05830215734138535
33,86,106,0.009886322009511601
33,83,105,0.015609047909573268
33,83,106,0.13135965416734047
33,84,105,0.05608521123830854
33,85,105,0.15918699899465366
33,85,104,0.009135717537571803
33,86,104,0.0011196252213920381
33,86,105,0.05255022248141386
34,85,114,0.0014012968221930493
34,85,115,0.049076351817661686
34,86,114,0.036938915600799774
34,86,115,0.3282845463636379
34,87,115,0.10900129102000113
34,85,116,0.014480902767244787
34,86,116,0.2617505269353447
34,87,116,0.19906616867311705
38,84,108,0.002230641792943234
38,84,107,0.004093235927046404
38,85,106,0.021917440270384937
38,85,107,0.10404407086695995
38,85,108,0.10912692674777738
38,86,106,0.14307748140386584
38,86,107,0.15093271397344132
38,86,108,0.12289882641627257
38,87,106,0.08513077244358411
38,87,108,0.037224888054177036
38,87,107,0.12957874792062643
38,86,105,0.06852967682643618
38,87,105,0.0212145773564844
42,87,115,0.0021014479375890596
42,86,118,0.0545302664750141
42,86,117,0.12401391771663257
42,86,116,0.05137648255809832
42,87,117,0.1831007114279933
42,87,118,0.1744469831565239
42,87,116,0.09888334190428408
42,87,119,0.07177017718081341
42,88,119,0.0726356248536543
42,88,117,0.014626929122492523
42,88,115,0.014342845951057295
42,88,118,0.04272332687661926
42,88,116,0.09544794483922805
47,82,107,0.031116757838039678
47,82,108,0.14587309199205292
47,83,108,0.20322073325262358
47,83,109,0.14294546353569787
47,83,107,0.08539160978930588
47,84,108,0.157460392654482
47,84,107,0.0438078340825154
47,85,107,0.0007857323759697673
47,82,109,0.07574609769532505
47,83,110,0.04751195196704872
47,84,111,0.0016780154479187255
47,84,109,0.00045099608752029543
47,84,110,0.06354588019500652
47,85,108,0.0004654430864936464
50,84,100,0.018291223598881273
50,84,102,0.16363186111462788
50,84,101,0.15895986042637458
50,85,100,0.024842227083021168
50,85,102,0.15146483975745909
50,85,101,0.2000752169101849
50,84,103,0.029631663547254387
50,85,103,0.21195398252077155
50,85,104,0.041149125041425226
51,81,117,0.0015535772672689338
51,81,116,0.07660466094511836
51,82,115,0.004223957409086753
51,82,116,0.640331704251488
51,82,117,0.0650353229035623
51,83,117,0.012032353717741149
51,83,116,0.2002184235057345
52,87,114,0.007592404836315688
52,87,115,0.061628222156706075
52,88,114,0.04178153823209559
52,88,113,0.014498528054931018
52,89,112,0.016051281237960156
52,90,111,0.011312671765544728
52,89,115,0.09600366271998596
52,89,114,0.10278988730505681
52,89,113,0.08235433463305561
52,90,115,0.05895063147316603
52,90,114,0.10252682539888734
52,90,112,0.09297620272214747
52,90,113,0.10278988730505681
52,91,112,0.04292299395374102
52,91,114,0.010715121790331324
52,91,111,0.0033497008839778407
52,87,116,2.292440397677852e-05
52,88,115,0.09516779504925361
52,88,116,0.003025151451282734
52,89,116,0.0005406984781898943
52,91,113,0.05299953614833752
53,85,112,0.01661100431334607
53,85,111,0.008315184233163582
53,86,111,0.07918044918387729
53,86,109,3.275714412025798e-06
53,86,110,0.06355085794063442
53,86,112,0.05283295457987656
53,87,110,0.11418904784005728
53,87,109,0.046901374775239535
53,87,111,0.11073091103313093
53,88,111,0.0192122215366399
53,88,110,0.09787610180495378
53,87,108,0.043650237313916394
53,87,107,0.006715640769754092
53,88,108,0.11423694515840904
53,88,107,0.05304814634628006
53,87,112,0.002767384062891499
53,88,109,0.11423694515840904
53,89,110,0.013150409891972956
53,89,109,0.02446405386788032
53,89,108,0.016866909164482885
53,89,107,0.0014599453106725322
54,82,102,0.02877220969750859
54,83,102,0.04502200337856821
54,82,104,0.11355804338102565
54,82,105,0.002368791524627439
54,82,103,0.15513925383633237
54,83,103,0.17776739535750194
54,83,105,0.09357180843447863
54,83,104,0.1604287138437062
54,84,102,0.028434939212860815
54,84,104,0.011914050146404986
54,84,105,0.00483799848980074
54,84,103,0.157386687435
54,85,103,0.013913106926024774
54,85,104,0.006884998336159785
48,87,111,0.005172557114723743
48,88,111,0.2037002111170139
48,88,110,0.03507200145529014
48,87,112,0.006274679658405691
48,88,112,0.13298277518152166
48,89,112,0.06909988619797612
48,89,110,0.12435778029921418
48,89,111,0.24488458328754067
48,90,111,0.16428411574948837
48,90,110,0.007204654771536828
48,90,112,0.006224846695027187
48,91,111,0.0007419084722613198
45,84,118,0.10325156684824238
45,84,119,0.05958853846109206
45,85,119,0.27314257486121224
45,84,117,0.0390913832829647
45,85,117,0.1039474904490181
45,85,118,0.42081521570426156
45,86,119,0.00016323039320893137
55,86,112,0.13825509014594115
55,87,111,0.004863697745540197
55,86,113,0.2296477091323697
55,86,114,0.040628529687290096
55,87,114,0.015182243090595514
55,87,112,0.40375175883305736
55,87,113,0.15819265153772663
55,88,112,0.00947831982747932
49,86,114,0.05811658478729034
49,86,115,0.037839979123307915
49,87,114,0.17677866638218845
49,87,112,0.030737998844104674
49,87,115,0.02392311479555975
49,87,113,0.13585474343532208
49,88,114,0.11706598222595525
49,88,113,0.16941803621533347
49,88,112,0.08645171755467158
49,89,112,0.11078308049271754
49,89,113,0.039212797629010594
49,90,112,0.013817298514538393
41,81,115,0.39255965580300584
41,81,116,0.22504241974681777
41,82,115,0.36364609681832366
41,82,116,0.018751827631852885
46,82,107,0.20297849394050224
46,82,108,0.0017128558451059246
46,83,107,0.18985600943299555
46,84,107,0.008517123614880981
46,82,104,0.014855387074425682
46,82,105,0.14615282830105736
46,82,106,0.2682143135955827
46,83,105,0.05987057103364161
46,83,104,0.0021782686797342274
46,83,106,0.10566414848207376
43,84,113,1.8419692847699837e-05
43,85,112,0.3192884455066653
43,85,114,0.13949458039660426
43,85,115,0.0010340630511200153
43,85,113,0.20536127887596003
43,84,111,0.026070706352511314
43,84,112,0.049486777682302176
43,85,111,0.06776393988422487
43,86,113,0.0010152805573060185
43,86,114,0.1904665080004584
39,85,112,0.0024384187213448718
39,85,114,0.026389588493029567
39,85,113,0.22902927557994648
39,86,112,0.23530459219465039
39,86,113,0.48342079326539833
39,86,114,0.023417331745630415
30,83,105,0.0058200121262382614
30,83,104,0.03654265805014189
30,84,104,0.3724023659615327
30,84,105,0.27044073228118687
30,84,103,0.0031846185067244655
30,85,105,0.06465946186177413
30,85,104,0.24695015121240177
37,84,108,0.008763495307571516
37,85,110,0.028976595060823784
37,85,109,0.2156461171492942
37,86,109,0.28998497443277477
37,86,110,0.044665026185377446
37,87,110,0.00012158851856235609
37,87,109,0.1709329985723033
37,85,108,0.07938216479172891
37,86,108,0.05386267209916821
37,87,108,0.10766436788239565
35,84,111,0.09314041163028611
35,84,110,0.1095986829350772
35,85,111,0.26973750752253955
35,85,110,0.31055956288456615
35,85,109,1.3935958396214888e-05
35,86,111,0.11160321663267073
35,86,110,0.1053466824364641
36,83,108,0.01864083625454939
36,83,109,0.14694186335078993
36,84,108,0.11637308526389217
36,84,109,0.4591564331433942
36,84,110,0.10778011797315327
36,85,110,0.020104172208917772
36,85,109,0.13042072004471641
36,85,108,0.0005827717605867042
44,84,109,0.4687959280827376
44,84,110,0.43958682029948876
44,85,110,0.02667351320323811
44,85,109,0.06494373841453564
78,80,96,0.0163732962973294
78,81,96,0.00015742290343672435
78,78,94,0.0007164658308538746
78,79,95,0.059711122983855204
78,79,94,0.19616551178064717
78,79,96,0.007438847463319424
78,79,93,0.004018316422540227
78,80,95,0.21726011847154683
78,80,93,0.011948083456497146
78,80,94,0.2217886116417549
78,81,93,0.0027076805546791404
78,81,95,0.167565488718411
78,81,94,0.09414903347512897
63,80,97,0.1628234170799243
63,80,96,0.21856703573816152
63,80,98,0.0003509074371481189
63,81,97,0.2196620554793533
63,81,98,0.03648064757552651
63,81,96,0.3145100855409649
63,80,95,0.007313827839630159
63,81,95,0.02601338419349876
63,82,96,0.0106404678258889
63,82,95,0.0036381712899035377
89,80,102,0.08184721215368096
89,80,104,0.00014733196872510122
89,80,103,0.01813808301273247
89,81,104,0.0024191692426814054
89,80,101,0.056723165375126484
89,81,101,0.18161281361193377
89,81,102,0.3211387159330513
89,82,102,0.016365612606114043
89,82,101,0.00630063577831501
89,81,103,0.2794565140801645
89,82,103,0.035850746237474945
57,80,100,0.07463126269651069
57,80,97,0.0003114864838814435
57,80,98,0.15553850012796297
57,80,99,0.09577845090286166
57,81,100,0.1266833406870382
57,81,98,0.2443132028394907
57,81,99,0.30274375626225436
66,77,94,0.033171897837044634
66,77,93,0.022605517972795287
66,78,93,0.07381976629951038
66,78,95,0.046622066078528784
66,78,94,0.323179449125626
66,79,95,0.22321409811138923
66,79,94,0.04244752348357844
66,79,96,0.05531672418031789
66,79,93,0.17845176077614625
66,80,95,0.0006418852959955456
66,80,93,0.0005293108390675928
64,79,101,0.09657935480113104
64,79,102,0.1669786354066071
64,80,102,0.3310023982440036
64,79,103,6.176269827568327e-07
64,80,104,0.00031113047328349335
64,80,103,0.27172521378485165
64,80,101,0.10145037721926224
64,81,102,0.007876379575336108
64,81,103,0.02407589286854196
76,79,105,0.007739066226678316
76,79,106,0.07969962796980927
76,76,107,0.022350646930451537
76,76,108,0.001701799785241557
76,77,107,0.06512573070958283
76,77,108,0.07199336992271103
76,78,108,0.09452175445651319
76,78,107,0.08434538154958277
76,78,106,0.008227405284488332
76,77,109,0.005650608807748206
76,78,109,0.05487773101076863
76,79,107,0.09452175445651319
76,79,108,0.09452175445651319
76,79,109,0.0871245379360661
76,80,106,0.024744947548909355
76,80,107,0.06944082469850636
76,80,108,0.0804956954890928
76,79,110,0.0012810172856522863
76,80,110,0.00024813773458086337
76,80,109,0.05138820774059013
68,74,104,0.004101761049795616
68,74,105,0.015349666565245038
68,74,106,0.03914390768787243
68,75,104,0.000936575913847052
68,75,105,0.07626076389622927
68,76,104,0.007247508235392904
68,76,105,0.12154607133144452
68,77,105,0.02221890357928174
68,74,107,0.05090042573805204
68,75,106,0.14266026040947302
68,75,107,0.13796637100313197
68,75,108,0.020574453070478955
68,76,107,0.10494362532618812
68,76,106,0.14266026040947302
68,76,108,0.01578788632025484
68,77,107,0.007538816904480491
68,77,106,0.09016274255935894
61,71,105,7.69310851877036e-06
61,72,105,0.07895926722203601
61,73,105,0.16214721203253313
61,73,104,0.0018687785719441285
61,74,104,0.1119738392394639
61,74,105,0.16509798870003833
61,74,106,0.13424842601505715
61,75,105,0.001004098984128636
61,72,106,0.11777133392813528
61,73,107,0.016871035051139356
61,73,106,0.16896400129682965
61,74,107,0.04108632585017568
77,71,104,0.06817980045667937
77,71,103,0.10078433746934265
77,72,104,0.20329021273487674
77,72,103,0.2077152297206254
77,73,103,0.16783993027804983
77,73,104,0.23313322810153334
77,74,104,0.00039830504251724884
77,74,103,0.018658956196375424
71,71,104,0.25435674024516813
71,71,105,0.019460994308651496
71,72,104,0.2501653084902652
71,72,105,0.2183655903692638
71,73,105,0.06524272026717866
71,73,104,0.19198824779255647
71,74,104,0.00042039852691629564
90,76,104,0.01818346077774324
90,76,105,0.017290387938530893
90,77,104,0.19040403155805635
90,77,105,0.19050631959893713
90,77,103,0.12831595823069183
90,78,105,0.0964582549690183
90,78,103,0.12304311311386182
90,78,104,0.18930845156333329
90,79,104,0.003613609671555106
90,77,106,0.042873662447439335
90,78,106,2.7501308327273626e-06
73,80,112,0.0190057247210978
73,81,112,0.20871294683368055
73,79,111,0.005881628179440304
73,79,110,1.5787196876599367e-05
73,80,111,0.2276413064689512
73,80,110,0.029865453992158127
73,81,111,0.35552647314878727
73,81,110,0.10553145951930272
73,82,111,0.008053472321136075
73,82,112,0.03976574761856958
70,77,110,0.0021039386519804116
70,77,109,0.011857085770905409
70,78,110,0.08008598775969496
70,78,109,0.06962750391286836
70,79,109,0.016797853631697467
70,80,107,0.012039188647705746
70,80,108,0.031850856996415884
70,81,108,0.10011042027764921
70,81,107,0.022608822186347837
70,81,109,0.1207139337202657
70,79,111,0.0029073772271767857
70,79,110,0.1556416540120514
70,80,111,4.2245495907504046e-05
70,80,110,0.19671703800531146
70,80,109,0.0979491410515407
70,81,110,0.0789469526524812
85,80,104,0.10611713221754904
85,80,103,0.00627149036758999
85,80,105,0.07597450725255063
85,81,104,0.22617660329365485
85,80,106,0.007146382325029492
85,81,106,0.08117369389372046
85,81,105,0.22778712806196924
85,81,103,0.02913814500659554
85,82,104,0.07297819485704264
85,82,105,0.13327246704703793
85,82,103,0.005128106119278423
85,82,106,0.02883614955798181
65,83,113,0.006394695188582718
65,84,114,0.010245760811506547
65,84,113,0.18226142818818752
65,85,112,4.1535534597026296e-05
65,85,114,0.13558408386400786
65,85,115,0.16209628280817923
65,85,113,0.05272399948417851
65,83,112,0.06182920335140084
65,83,111,0.01691751513687519
65,84,111,0.10030608916884245
65,84,112,0.2361812106577024
65,85,111,0.001294318831984141
65,85,116,0.03394861137536178
65,86,116,0.00017526559859384772
62,82,114,0.47896437841204853
62,82,113,0.09232162498127336
62,82,115,0.20881206313324951
62,83,113,0.00157049616128334
62,83,114,0.1020981984360642
62,83,115,0.11623323887608093
88,85,115,0.024621306857203488
88,83,117,0.08098301708247256
88,83,118,0.025848315126022172
88,83,116,0.06222865117473367
88,84,115,0.07391556332765324
88,84,116,0.17650233418600197
88,84,118,0.017384522421559738
88,84,117,0.1611871528616698
88,85,117,0.12761097819530295
88,85,116,0.14963331952968234
88,85,118,0.0018710979611758236
88,86,118,0.01769186162607244
88,86,117,0.06440589184160583
88,86,116,0.016115987808844042
79,81,109,0.012598824210603082
79,81,110,0.001016397079386221
79,82,111,0.06687075573366046
79,82,110,0.17457501984445536
79,82,112,0.007086234649739115
79,83,109,0.014088385664273066
79,82,109,0.1039649464317411
79,83,110,0.18161427549397616
79,83,112,0.14093608285640785
79,83,111,0.22008092586146877
79,84,111,0.06986793042071521
79,84,110,0.007300221753573714
80,81,109,0.09363740187254023
80,81,111,0.019924065994574656
80,81,110,0.18392952411215496
80,82,111,0.3727919242345673
80,82,110,0.1377133087679251
80,82,112,0.16458359054340954
80,83,112,0.02742018447482824
84,81,112,0.10513434597146569
84,81,113,0.15540530600287353
84,82,114,0.016915124783485162
84,82,112,0.23477646357675697
84,82,113,0.352614711270234
84,83,113,0.12370186735437469
84,83,112,0.011452181040809974
82,78,105,0.04547380225267036
82,78,104,0.04119407727050087
82,79,104,0.15965213281813692
82,79,105,0.20595695687801144
82,79,106,0.016961072599129434
82,80,104,0.10933881921081093
82,80,105,0.17912725866361273
82,80,106,0.17040580397996755
82,80,107,0.04956754346247376
82,81,107,0.022322532864685857
81,79,102,0.10376615594244157
81,78,103,0.07665597107730113
81,78,104,0.0040504510143635685
81,79,104,0.17830914675004786
81,79,103,0.4446922750586979
81,80,104,0.057691621134278954
81,80,103,0.13483437902286916
74,78,101,0.14248860305064603
74,78,100,0.03465866905785908
74,78,102,0.2688412627458956
74,79,101,0.2019160693384141
74,79,102,0.2774345367337062
74,79,100,0.022746228302347387
74,78,103,0.03241085990184224
74,79,103,0.019503770869289453
83,79,100,0.18068806378126234
83,80,100,0.33072332853040864
83,79,99,0.2908662977312277
83,80,99,0.19772230995710144
69,78,97,0.26752922884398567
69,78,96,0.2202920050432174
69,78,98,0.17476030919095434
69,79,97,0.034749049859044874
69,78,95,0.18245847539363863
69,78,94,0.0005537110350320747
69,79,95,0.04145315163130367
69,79,96,0.07820406900282331
60,79,97,0.19340594047482945
60,80,97,0.24783997353637247
60,80,96,0.19466747900290352
60,79,95,0.001013636965992456
60,79,96,0.3630729700199021
75,77,99,0.07114129364384218
75,77,100,0.009612581087076244
75,77,98,0.016366202688766304
75,78,101,0.042912127593061886
75,78,100,0.159176066383788
75,78,99,0.22143110037961905
75,79,101,0.10954687729045634
75,79,100,0.1534645519942429
75,80,100,0.03738397480291035
75,78,98,0.07980957517373516
75,79,99,0.03683220928339822
75,79,98,0.008602631772018038
75,80,101,0.05372080790708542
67,82,113,0.0038375838209686393
67,82,115,0.0007292311132806163
67,83,113,0.1374243280037229
67,83,114,0.17134538567429716
67,84,114,0.19414029710477243
67,84,113,0.06659662047379847
67,85,114,0.019444888511049627
67,85,115,0.02875849808680267
67,83,112,0.01898118670498535
67,82,116,0.0021271470330412505
67,83,115,0.1671378596737753
67,83,116,0.0694607153349976
67,84,115,0.11806893363072538
67,84,116,0.001947324833782622
72,77,105,0.0005117866643101998
72,78,105,0.19164321435555287
72,79,105,0.07204438548174423
72,79,106,0.04446307992143692
72,77,107,0.12249259897133209
72,77,106,0.08457062813668015
72,78,107,0.05108508156612133
72,78,106,0.43318922490282236
87,80,100,0.12432170486579652
87,80,101,0.2819836140499992
87,81,100,0.3474946684606881
87,81,101,0.24620001262351615
59,80,106,0.022582395744128785
59,80,107,0.007701394895879067
59,81,106,0.19960658211486335
59,81,108,0.16547905284103465
59,81,107,0.2516979966551869
59,81,109,0.06506151364873924
59,82,107,0.09123152931703876
59,82,108,0.09338945957631452
59,82,109,0.060947925515126296
59,82,106,0.04230214969168844
58,78,97,0.005347673017736472
58,78,98,0.02092663651442956
58,79,99,0.15236018493616346
58,79,98,0.37459618851375104
58,79,97,0.22815996747716327
58,80,97,0.054486152924144
58,80,98,0.15555260229501053
58,80,99,0.00855603033923524
58,81,98,1.4563982366514072e-05
56,80,98,0.33491486576666946
56,80,99,0.6248735497860887
56,81,98,0.01501849341326871
56,81,99,0.025193091033973287
86,76,93,0.06197637628326043
86,76,94,0.2970748330047262
86,77,94,0.47383579496014755
86,77,93,0.16711299575186592
91,78,82,0.020199152468571437
91,78,85,0.01364772145601686
91,78,84,0.1371616926640905
91,79,83,0.24331445981174657
91,79,84,0.24661180954057413
91,79,85,0.04322168746348564
91,80,85,0.0018686530716133067
91,80,84,0.04168553638861058
91,78,83,0.15959645734373115
91,79,82,0.044125734523579624
91,80,82,0.02678363736354131
91,80,83,0.021783457904438776
92,74,73,0.20199463230965903
92,74,72,0.06642289116135337
92,75,73,0.4909464494040262
92,75,72,0.24063602712496132
93,72,72,0.06085818328656891
93,72,71,0.08229048589124074
93,73,72,0.2092063683320741
93,73,71,0.20430499500715596
93,73,73,0.054589996725933426
93,74,71,0.06306771340782089
93,72,70,0.025694803050651804
93,73,70,0.0446636563208957
93,74,73,0.06782605289643118
93,74,72,0.18742289169621743
93,75,72,7.485338500978734e-05
94,72,80,0.00153969750315035
94,73,80,0.06308228396196068
94,72,81,0.038336693821976985
94,72,82,0.011706374603655118
94,73,82,0.1849383909418957
94,73,81,0.2312586103194669
94,73,83,0.0010587660350860945
94,74,82,0.20788789628442658
94,74,83,0.02021802104694611
94,74,81,0.19794064793140662
94,74,80,0.04203261755002903
95,76,77,0.041847245119184695
95,77,77,0.0035923796477572213
95,75,79,0.11662472294589311
95,75,78,0.02475497477534987
95,75,80,0.00087517261169573
95,76,79,0.3017498961559148
95,76,78,0.3253121258307377
95,76,80,0.054075778261704927
95,77,78,0.08155843721265381
95,77,79,0.049609267439108005
96,74,82,0.02756759415419353
96,74,83,0.032371871413715426
96,74,81,0.01353307153051738
96,75,81,0.14598616159555305
96,75,82,0.2727877079147553
96,75,84,0.09260105254686045
96,76,84,0.0038797722383133474
96,75,83,0.2485323688296745
96,76,82,0.10385643645808397
96,76,81,0.016421957041912877
96,76,83,0.04246200627642037
97,75,73,0.04219095381324168
97,75,71,0.05011194231198592
97,75,72,0.20582281347605155
97,76,71,0.05005059109151858
97,76,73,0.17981989868766862
97,76,72,0.2931083833661036
97,77,71,0.011750008202276918
97,77,73,0.07063144952085887
97,77,72,0.09651395953029421
98,75,71,0.013149510645082905
98,76,71,0.33943734568695877
98,77,71,0.09996677830956477
98,75,70,0.10798513390101874
98,75,69,0.016352377869128795
98,76,69,0.04212116458839126
98,76,70,0.3511533571327502
98,77,70,0.028443205798701757
98,77,72,0.001391126068402514
99,78,77,0.05986820756534865
99,77,79,0.07236768791074262
99,77,80,0.013233158694626426
99,78,80,0.007358728274772032
99,78,78,0.20028098915479595
99,78,79,0.24957286887394461
99,79,79,0.07196603089092132
99,79,77,0.15155580053095014
99,79,78,0.14681522812538944
99,80,77,0.026981299978508698
100,71,72,0.013621375868089971
100,72,73,0.08823323854205957
100,72,72,0.09601647889790718
100,72,71,0.013808898638836754
100,73,72,0.0016919416463336025
100,73,73,0.10465411848693511
100,71,74,0.00021123391702460758
100,72,75,0.07157819677856093
100,72,76,0.0009038629040905614
100,72,74,0.12923904314776216
100,73,74,0.14100670416874903
100,73,75,0.10326461101680577
100,74,76,0.0008297195305767648
100,74,75,0.0870106788109003
100,74,73,0.0670600735347294
100,74,74,0.08086982411063819
101,79,74,0.0030308678305491065
101,79,71,0.04952056558023547
101,79,73,0.13993779093630943
101,79,72,0.0478622647843679
101,80,73,0.037645816525992186
101,80,71,0.3263457931585714
101,80,70,0.15236917349165363
101,81,70,0.002009997144934769
101,80,72,0.23884654118031362
101,81,72,0.0006158834705180869
101,81,71,0.0018153058965545165
102,74,75,0.048163937241922576
102,74,73,0.014539607323618434
102,75,73,0.04506494961637769
102,74,74,0.3174861775469249
102,75,75,0.09935224109734352
102,75,74,0.47539308717381284
103,74,77,0.008493525526306103
103,72,80,0.12920398810686462
103,71,80,0.00029104746984995474
103,72,78,0.00012876227813331324
103,72,79,0.07068838618961941
103,73,79,0.22511381903238573
103,73,78,0.0548771465761935
103,73,80,0.16408786669276595
103,74,79,0.16483735437507274
103,74,78,0.10272166218191123
103,74,80,0.07589454164395236
103,75,79,0.0012741836086637439
103,75,80,0.0023877163182814865
104,72,68,0.026713270374358857
104,72,69,0.030109036381256296
104,73,67,0.0005470525444878063
104,73,69,0.10536892118685162
104,73,68,0.14817223139075206
104,74,67,0.02171424472670337
104,74,68,0.2093576668801458
104,74,69,0.15122846687908986
104,75,67,0.004197149283833486
104,75,69,0.1671496932350111
104,75,68,0.12888749251923093
104,76,69,0.006554774598278666
105,77,86,0.08218091834196711
105,75,84,0.02090077395310914
105,75,85,0.07197362043835714
105,76,86,0.06703251753698043
105,76,85,0.19858436707202623
105,76,84,0.22545661106000164
105,77,84,0.04979936792975021
105,75,83,0.000577854827929016
105,76,83,0.11940733380891064
105,77,83,0.031732402647228444
105,77,85,0.131898279651275
105,78,85,0.000455952732465008
106,75,81,0.13470034326157787
106,75,80,2.995188765899657e-05
106,76,79,0.07760908233848639
106,76,80,0.29143183836273284
106,77,79,0.030829817794542226
106,76,81,0.3849349500308614
106,77,80,0.0616153615141057
106,77,81,0.018848654810034494
107,79,86,0.3121625017232412
107,79,87,0.08203541125709862
107,80,87,0.09319822368780502
107,78,85,0.030017682444578343
107,78,86,0.03389131221328755
107,79,84,0.0009406500545584344
107,79,85,0.2958015013031263
107,80,85,0.07724826581961015
107,80,86,0.07470445149669441
108,74,79,0.15427002005761511
108,74,78,0.20122355760083466
108,75,79,0.33726805215353045
108,75,78,0.3048735300628316
108,75,80,0.0023648401251882747
109,76,82,0.17473560534761226
109,76,81,0.0412057710912398
109,77,82,0.2351413233346366
109,77,81,0.05054678502849543
109,78,82,0.21992733345539228
109,78,80,0.0013770048341433183
109,78,83,3.727825973750906e-05
109,78,81,0.2770288986487428
110,78,80,0.019274998113899725
110,78,79,0.006927142190092925
110,79,79,0.14583370099651222
110,79,77,0.01486519498533941
110,79,78,0.09227871714117404
110,80,79,0.18551394510069058
110,80,80,0.13221037805044128
110,80,77,0.054586951731759585
110,80,78,0.19208642397029346
110,81,79,0.00019093510656535974
110,79,80,0.11540581905261717
110,79,81,0.003582102510704704
110,80,81,0.022536764427984194
110,81,78,0.014706926621925579
111,74,81,0.046696649247100375
111,75,81,0.08700519007282917
111,74,80,0.23821730149979295
111,75,79,0.04107299434132843
111,75,80,0.48584297833756207
111,76,80,0.09776856827648789
111,76,81,0.0033963182248990826
112,78,75,0.12134799186463074
112,78,74,0.08505751544833876
112,78,76,0.17425369756078232
112,78,77,0.03392354442629498
112,79,75,0.17784500255780777
112,79,74,0.15904668536728703
112,79,76,0.18380061751695131
112,79,73,5.9967454687797806e-05
112,80,76,0.0014992123304781303
112,79,77,0.06316576547274094
113,74,76,0.14361594821913962
113,74,75,0.09192322277284212
113,74,77,0.004045248391571258
113,75,75,0.23835557940279653
113,75,76,0.2959176492501972
113,76,75,0.028095602621986238
113,76,77,1.6075998186587644e-05
113,76,76,0.05870796486848954
113,75,77,0.13444589061227466
113,75,78,0.004876817862516328
114,72,75,0.018572115250782038
114,72,76,0.08097634874034898
114,73,75,0.07518976496805951
114,73,76,0.2809134327204915
114,74,76,0.1420233450295968
114,74,75,0.002172489722712772
114,74,77,0.1855862118730074
114,72,77,0.010442595919559726
114,73,78,0.07061196538876412
114,73,77,0.13121569980216752
114,74,78,0.0022960305845095776
115,80,72,0.0031746524370562974
115,81,72,0.1182301731149389
115,81,71,0.04613464317341811
115,81,73,0.035499636460015534
115,82,71,0.13079662375550605
115,82,70,0.04750973961606771
115,82,73,0.03677173710902967
115,82,72,0.13131565579336268
115,83,72,0.1212501173376897
115,83,71,0.13127215286995278
115,83,70,0.09967847569376798
115,83,69,0.0019442488594959852
115,84,69,0.0031664350063828426
115,83,73,0.019600935392196567
115,84,70,0.04245781620477026
115,84,72,2.2755807446543604e-06
115,84,71,0.031194681595604176
116,75,73,0.0759108253517505
116,76,73,0.08457295685201285
116,75,75,0.013439146782736977
116,75,74,0.07907909325840728
116,75,76,7.814981855128037e-08
116,76,75,0.15237563619347413
116,76,77,0.12179959170821754
116,76,76,0.0616090239855058
116,76,74,0.218813436597263
116,77,74,0.06817464342354465
116,77,75,0.0018195596639468455
116,77,73,0.012200965559225447
116,75,77,0.0477469857719689
116,75,78,0.042986734221169075
116,76,78,0.019471322480958318
117,79,75,0.023826078546996154
117,79,74,0.03547817005466843
117,79,73,0.025135345681649525
117,80,73,0.15437876625226546
117,80,72,0.046749724235062275
117,81,72,0.01188897963796666
117,81,73,0.12670910402694957
117,82,73,0.05847422981613806
117,80,75,0.07402629932091821
117,80,74,0.17365456429995316
117,81,74,0.1696437497568966
117,81,75,0.06953317136651296
117,82,74,0.030501817004023
118,77,84,0.16890623589834014
118,76,82,0.035953209139619795
118,76,83,0.06958027462930855
118,77,82,0.08436317453407766
118,77,83,0.18596297567505915
118,78,82,0.03316851734270094
118,77,85,0.09032666494006628
118,78,85,0.15906258621001432
118,78,84,0.09614421886833781
118,78,83,0.07653214276247546
119,72,68,0.00839447464615366
119,73,71,0.006335739769445814
119,74,71,0.12657586120894762
119,72,69,0.05091233112804184
119,72,70,0.021775814048402904
119,73,69,0.08953957926083228
119,73,70,0.14087262413477405
119,74,69,0.050052186668494036
119,74,70,0.18026755955655854
119,74,72,0.009766955843939908
119,75,71,0.14365676846577763
119,75,72,0.01398139478898304
119,75,70,0.13271178752734714
119,75,69,0.02515548121035435
119,76,70,1.4417419469879543e-06
120,76,80,0.01162402560516203
120,77,79,0.008144416800363829
120,76,81,0.0003133801004219663
120,77,80,0.33955766181295227
120,77,81,0.344838230843857
120,78,80,0.2530890245681232
120,78,79,0.011808824464209257
120,78,81,0.03062443580491051
121,76,77,0.08510303393180421
121,76,76,0.05027957705699327
121,77,77,0.25692938374520785
121,77,76,0.02769504356294746
121,78,76,0.00021440845233288341
121,78,77,0.1613541916907333
121,76,78,0.003204199297573033
121,77,78,0.2011830389404065
121,77,79,0.1337084810880365
121,77,80,0.0010325351085902351
121,78,78,0.07109864137778558
121,78,79,0.008197465747589387
122,76,75,0.002347422540038519
122,77,74,0.17767760025373328
122,77,75,0.05326313238173198
122,78,74,0.14129692593852233
122,79,74,0.014296648948000947
122,77,73,0.18154223948498607
122,77,72,0.02293321766948665
122,78,73,0.24134590417897037
122,78,72,0.12336268388442512
122,79,73,0.041934224720104815
123,74,76,0.003462512541305878
123,74,77,0.29069795740537113
123,75,76,0.0004489425679754475
123,74,78,0.18681345296276974
123,75,77,0.3306808350905509
123,75,78,0.187896299432027
124,79,75,0.06568497717869812
124,79,76,0.003255788154522461
124,80,75,0.8436034986331381
124,80,76,0.021409469541226377
124,81,75,0.06604626649241482
125,79,75,0.0008054021372473298
125,79,76,0.048028800215826596
125,80,75,0.00987471602990601
125,80,76,0.3084275041483197
125,81,76,0.2384602656982322
125,81,75,0.06220064674933252
125,79,77,0.026639964511910478
125,80,77,0.18696618642164398
125,81,77,0.11859651408758118
126,78,73,0.021189973753773645
126,78,71,0.17790327162025085
126,78,72,0.1445998850302208
126,79,71,0.2361149156005316
126,79,73,0.0875095176396558
126,79,72,0.2680327962413921
126,78,70,0.011321460103180322
126,79,70,0.05332818001099492
127,78,82,0.055662136716001405
127,78,80,0.07540197876649489
127,78,81,0.059593275876678516
127,79,80,0.11860749679664276
127,79,82,0.23471230176542418
127,79,81,0.2805110603013152
127,80,82,0.12473601068548267
127,80,81,0.05077573909196048
128,76,75,0.0685546537049174
128,76,76,0.1106692740285959
128,77,74,0.0007649980943128746
128,77,77,0.00024696306644532445
128,77,75,0.26987092694410963
128,77,76,0.3067397191399893
128,78,75,0.15171311157196596
128,78,74,0.021655939153692332
128,78,76,0.06787603912745863
128,78,77,0.0019083751685127544
144,61,57,0.003560962441461886
144,62,57,0.009934735648964264
144,61,58,0.07689253886795154
144,61,60,0.0025442402102699695
144,61,59,0.08293983819933379
144,62,58,0.15696746465266787
144,62,60,0.07018049923769783
144,62,59,0.17023766366475268
144,63,60,0.10953885889646073
144,63,59,0.17023766366475268
144,63,58,0.038428673822874064
144,64,58,0.003119018318411596
144,64,59,0.07358485500427049
144,64,60,0.03183298737013048
141,64,63,0.027584731794535803
141,64,61,0.02781423162081723
141,64,62,0.044512149469001075
141,65,61,0.1536488116538147
141,65,62,0.3563230954579888
141,65,63,0.06480638063725101
141,66,63,0.06641072262092229
141,66,61,0.005670823794962595
141,66,62,0.25322905295070647
160,68,66,0.1303005345043862
160,68,64,0.00957391558330463
160,69,67,0.014568957387927479
160,69,65,0.11310704013221538
160,69,64,0.02638895954493068
160,69,66,0.07584130384826407
160,70,65,0.0046386053460941495
160,65,64,0.006033411376360841
160,65,65,0.016782030845351695
160,66,64,0.02243891714692771
160,66,66,0.014067616727455982
160,66,67,0.0010172319993455006
160,66,65,0.11128377689214362
160,67,67,0.033196560430052
160,67,65,0.08930804407294428
160,67,66,0.12943189422498863
160,68,65,0.123147401740461
160,68,67,0.07761940966030154
160,67,64,0.001254388536544787
132,67,69,0.06489455062058362
132,67,68,0.0644922733442998
132,67,70,0.06346519530809587
132,68,69,0.10649266085958754
132,68,70,0.052000438485656955
132,68,68,0.11225598059139012
132,69,68,0.11070171550341479
132,69,70,0.0005575648649629979
132,69,69,0.040890250170777055
132,70,68,0.05352012868535869
132,69,67,0.09970459234116831
132,69,65,0.01295071377421403
132,69,66,0.04645017534568751
132,70,67,0.05612904817806478
132,70,65,0.018604770712310315
132,70,66,0.003318300627808847
132,67,67,0.04818601457576707
132,68,67,0.045385626010851846
152,61,62,0.017380895369688697
152,62,61,0.1887657314016684
152,62,60,0.057076425341910694
152,63,60,0.09160639276966415
152,62,62,0.09468232139146325
152,63,61,0.2011881173328688
152,63,62,0.019164863352901514
152,64,61,0.21358414464876233
152,64,62,0.022027734128947065
152,65,61,0.006692992016453698
152,64,60,0.08783038224567137
137,48,60,0.04842776505408399
137,48,59,0.1233409059898418
137,49,61,0.07831890300740756
137,49,60,0.22009492466646147
137,49,59,0.19640876176342076
137,50,59,0.16887542369303035
137,50,60,0.1324271946466914
137,51,60,0.014409277838357866
137,51,59,0.01769684334070477
135,47,57,0.03293647350160578
135,48,55,0.001380400243018308
135,48,57,0.07679136274235479
135,48,56,0.010280408202462602
135,49,55,0.024214498739383333
135,49,57,0.08946751177728778
135,49,56,0.08928874510680584
135,50,56,0.08946751177728778
135,50,55,0.026459815509032494
135,50,57,0.08946751177728778
135,51,57,0.04884778131449977
135,51,55,0.002197252201832969
135,51,56,0.0669608244242072
135,52,56,0.0013260024342627258
135,47,58,0.05298671091673749
135,48,59,0.006238759819971474
135,48,58,0.05860858371080198
135,49,59,0.022056255726383246
135,49,58,0.08946751177728778
135,50,59,0.027230801139177103
135,50,58,0.0887183053432614
135,51,58,0.005606971815050457
133,49,63,0.008234411108824849
133,49,62,0.076794040929456
133,49,61,0.0493162860066737
133,49,60,0.003570189289064454
133,50,60,0.06831145937104256
133,51,61,0.12882181599152553
133,50,61,0.13885092281451342
133,50,63,0.051258984266362585
133,50,62,0.13885092281451342
133,51,62,0.13885092281451342
133,51,63,0.024156260176555658
133,52,63,0.007602862773159054
133,52,62,0.07944215410740296
133,52,61,0.023009078172330184
133,51,60,0.05989796401013535
133,51,59,0.003031725353926697
159,45,58,0.021440914250433853
159,45,60,0.0033762221881804663
159,45,59,0.027449081144051157
159,46,58,0.08235765102209094
159,46,59,0.13851538832913493
159,46,60,0.05517019768242565
159,47,59,0.13851538832913493
159,47,58,0.05106341370117917
159,47,60,0.10080768326611436
159,47,61,0.009386616648354024
159,48,60,0.11246131948867112
159,48,62,0.01127802984437102
159,48,61,0.10942953090704283
159,49,62,0.0017458424035956528
159,48,59,0.0630634261637506
159,48,58,0.047776408660950696
159,49,61,0.008162837200203598
159,49,60,0.018000048770315098
146,51,61,0.010316387754530575
146,52,62,0.03791072188996056
146,52,61,0.11916010155456863
146,51,60,0.05914228763425457
146,51,59,0.0006912426323200061
146,52,60,0.09788329016260616
146,52,59,0.00015412886577104658
146,53,60,0.119449519599923
146,53,59,0.0002343718849148514
146,53,61,0.14282826827066972
146,53,62,0.08762575464165155
146,54,61,0.13513233091720595
146,54,62,0.001520412820547215
146,55,61,0.01305109885756287
146,54,59,0.01634720692028951
146,54,60,0.13722566883712572
146,55,60,0.021327206756098324
153,51,57,0.03572563875542273
153,52,57,0.033574796381298046
153,53,57,0.09838988926305242
153,50,59,0.0029942938132025572
153,50,58,3.3846895865331924e-05
153,51,60,0.0020947676235854207
153,51,58,0.14280264436931112
153,51,59,0.1051557313674834
153,52,60,0.04794142701166841
153,52,59,0.1521861201998314
153,52,58,0.1490517115375574
153,53,58,0.10449740284570327
153,53,60,0.02114319750086157
153,53,59,0.08682541857868079
153,54,57,0.011552674102042857
153,54,58,0.006030439754433391
162,53,57,0.029142106314041533
162,53,56,0.023988026710592785
162,54,56,0.04190684108249618
162,55,57,0.057074053885076186
162,55,56,0.005629502647872999
162,56,57,0.0002658877075838413
162,53,58,0.03160032445692507
162,53,60,0.0013034841983611636
162,53,59,0.04310512121040791
162,54,57,0.09297737718695522
162,55,61,0.059361101492854895
162,54,58,0.09662404411817617
162,54,59,0.08909155741238821
162,54,60,0.003946395640288473
162,55,58,0.10060630996365452
162,55,60,0.08558371254969714
162,55,59,0.10060630996365452
162,56,58,0.019712418581307137
162,56,60,0.0572929281626702
162,56,59,0.03839333312739882
162,56,61,0.021789163587596846
140,53,64,0.008860842697471677
140,53,65,0.010727458083339242
140,54,64,0.08539859549809252
140,54,65,0.026883978258916662
140,53,63,0.0033965527487756224
140,54,62,0.016080671769293946
140,54,63,0.10191343554628363
140,55,62,0.006929108335711187
140,55,63,0.14070344028200105
140,55,64,0.022137668645673354
140,56,64,0.013365814644804064
140,56,63,0.14293057882301372
140,56,62,0.04907492513530133
140,57,64,8.721995058159246e-06
140,57,62,0.10520802608779481
140,57,63,0.13525093106199376
140,58,62,0.09557281516401689
140,58,61,0.00011666735434779937
140,58,63,0.03543976786811061
138,54,61,0.0028235711871246157
138,54,62,0.02904832877282354
138,55,62,0.16845217160008494
138,55,61,0.05628397910366629
138,55,63,0.009880134294141148
138,56,60,0.055670489739336644
138,56,62,0.11849379814681774
138,56,61,0.13840372868928544
138,57,62,0.05195532212653833
138,57,61,0.1766657265438575
138,58,62,0.001585316766956834
138,58,61,0.07792858766986212
138,57,60,0.09054467374346493
138,58,60,0.022264171616040104
130,57,57,0.019610537447862682
130,56,58,0.09672227357540589
130,56,60,0.02392991064585871
130,56,59,0.13227426877982704
130,57,58,0.1787097537703964
130,57,60,0.09873679982009677
130,57,59,0.213904345392516
130,58,59,0.1467797192128584
130,58,58,0.06966358621309199
130,58,60,0.019668805142086028
149,58,66,0.001924308564187259
149,57,64,0.007389734693072341
149,57,63,0.0002593893506917134
149,58,62,0.02474369699488443
149,58,63,0.11480041089081694
149,58,64,0.12246890861288545
149,58,65,0.0018758605686973258
149,58,67,0.000826691903941138
149,59,65,0.12427282282108862
149,59,64,0.11396068553532776
149,59,66,0.13696592470407018
149,59,67,0.06418660993404621
149,60,66,0.060423779999381165
149,60,65,0.06058955863937671
149,59,62,0.037822148780134325
149,59,63,0.1166755041924092
149,60,63,0.006820007837780968
149,60,67,0.00399395597720835
139,57,60,0.008092679952001618
139,58,59,0.07960286544858056
139,58,60,0.22624379981533105
139,59,59,0.23699343278933752
139,59,60,0.23641656255653098
139,60,60,0.06454305192606308
139,59,61,3.2531061219314875e-06
139,60,59,0.14810435440603323
155,58,62,0.046011431727862345
155,58,61,0.1379832669788637
155,58,60,0.014456545512996072
155,59,60,0.046545396618515894
155,60,60,0.0009207229789445343
155,59,62,0.18537966816525508
155,59,63,0.010767742362080224
155,59,61,0.24723069035360137
155,60,63,0.0005999019423284031
155,60,62,0.10395046992597652
155,60,61,0.20614852058070804
155,61,61,5.642852867920135e-06
134,59,60,0.013909236546790035
134,60,60,0.19741761200958338
134,60,61,0.02309725690970604
134,61,62,0.013898340450147617
134,62,61,0.06620124012957895
134,60,59,0.0846550173945053
134,61,61,0.1523476711931866
134,61,60,0.24620442157872152
134,61,59,0.10949357196027724
134,62,60,0.09137679797742006
134,62,62,0.0013988338500832223
136,61,63,0.08332601153227558
136,61,62,0.004050738286071876
136,62,63,0.16110682442171984
136,62,61,8.283315046047906e-05
136,61,64,0.007990349467657311
136,62,62,0.12542280401072495
136,63,61,0.04368926221183838
136,63,62,0.18637556680365205
136,63,63,0.16033874062810594
136,64,63,0.024172404801260317
136,64,61,0.012761799681314513
136,64,62,0.1589725095178266
136,63,64,0.03171015548709206
147,62,66,1.882879333483256e-05
147,62,65,0.009146023640997512
147,63,66,0.06937609557834581
147,63,63,0.021547583519136125
147,64,63,0.08660505990354325
147,65,63,0.08828439235898179
147,63,65,0.09858728019031293
147,63,64,0.0560619455754698
147,64,66,0.09657607260702152
147,64,64,0.1079106835617447
147,64,65,0.1079106835617447
147,65,64,0.10291400762093811
147,65,66,0.02122588676131863
147,65,65,0.07128489151332588
147,66,64,0.03491917423112455
147,66,63,0.027631390582659777
143,65,70,0.12034365230088745
143,65,68,0.022338184725425998
143,65,69,0.11053405842801294
143,66,68,0.04666759510557705
143,66,69,0.1214589892594679
143,66,70,0.11898887025543359
143,67,69,0.0512442311209781
143,67,68,0.00909159032026352
143,67,70,0.0178934837058417
143,65,72,4.082642238690664e-06
143,65,71,0.06557413441004334
143,66,71,0.05371011542168434
143,66,72,0.001953116944798775
143,63,70,0.0049879414562051146
143,63,69,0.014208177822323925
143,64,70,0.07147104460489372
143,64,68,0.0508366416170014
143,64,69,0.11869408985892263
161,65,68,0.1390878397500268
161,65,69,0.015935441448098126
161,66,68,0.10909303690321223
161,67,68,0.0621200226213175
161,64,69,3.7071268653065124e-05
161,65,67,0.08049343801688401
161,65,66,0.13908512061738007
161,65,65,0.03731311240406116
161,66,66,0.15803672033708724
161,66,67,0.17578074708109404
161,66,65,0.025856238163545896
161,67,67,0.0559801598970808
161,67,66,0.001181051491558871
145,59,57,0.03568666062552134
145,60,57,0.18895746679159123
145,61,57,0.10865000800442319
145,59,59,0.005384861149462887
145,59,58,0.10187942766816427
145,60,58,0.30896633650802263
145,60,59,0.05797611426676533
145,61,58,0.16941316403488205
145,61,59,0.02308596095116723
156,57,57,0.02967048127243206
156,57,56,0.007386190635686505
156,58,56,0.13708994552663323
156,58,57,0.22051381500136527
156,59,56,0.04468131000517686
156,59,57,0.17579153747398266
156,57,58,0.025770703677231922
156,58,59,0.013060717852352046
156,58,58,0.14869768085815077
156,59,59,0.04953664746432608
156,59,58,0.14780097023266264
151,54,56,0.00041407649897252284
151,55,57,0.12541117473801952
151,55,56,0.14117109504742847
151,56,56,0.030120236628121282
151,56,57,0.28899920606557555
151,57,57,0.2243335635660598
151,57,56,0.0737101456104992
151,56,58,0.1020205573042412
151,57,58,0.01381994454108263
142,61,63,0.009549803094050496
142,62,63,0.0642398350143935
142,61,64,0.17695390581808562
142,61,65,0.1268607263604847
142,62,64,0.3211022945405308
142,62,65,0.18137682177906367
142,63,63,0.0013467965826871144
142,63,65,0.014844583031148323
142,63,64,0.10372523377955586
157,61,65,0.10237960513565272
157,61,66,0.26751755290626444
157,61,67,0.12682877765035638
157,62,67,0.02774294629311471
157,62,66,0.29695803176853947
157,62,65,0.1531452449022216
157,63,66,0.007870945607854543
157,63,65,0.017556895735996097
154,65,68,0.003991422702243279
154,61,68,0.05102485346451308
154,62,68,0.09828995725526704
154,63,69,0.0418906402089423
154,63,68,0.12596219245039716
154,64,68,0.07485475707372094
154,64,69,0.002903662051650548
154,61,67,0.05344803864669076
154,62,67,0.12056649044266185
154,62,66,0.041247965424240585
154,63,66,0.0422273529824912
154,63,67,0.12873804735953148
154,64,67,0.12873804735953148
154,64,66,0.013522254087623212
154,65,67,0.07024660521892757
154,65,66,0.002347713271567593
148,68,64,0.2647522128731352
148,69,64,0.1512633325255537
148,66,64,0.09203850825164527
148,67,65,0.08989610286360726
148,68,65,0.015686745352012983
148,67,64,0.26311934398738834
148,67,63,0.005431932216511778
148,68,63,0.07412659095854862
148,69,63,0.04368523097159659
150,69,60,0.002203812768661952
150,70,60,0.0013342006313760565
150,69,62,0.14895088657300243
150,69,61,0.13008860687826623
150,70,61,0.007200788827004465
150,66,64,0.03119572931647881
150,66,63,0.0949569733546637
150,66,62,1.0504579099631732e-05
150,67,62,0.0006995963518733571
150,67,64,0.011916884553692584
150,67,63,0.14238090878563467
150,68,63,0.12687027260398018
150,68,61,0.06429353420737
150,68,62,0.1246137879233759
150,69,63,0.10544890696655018
150,68,60,0.007834605678969748
158,59,68,0.004339626808001486
158,60,68,0.007323449095326042
158,61,68,0.020533011471395347
158,59,67,0.006565310392009492
158,60,66,0.19575129950296744
158,60,65,0.12615440827794588
158,60,64,0.00047670713306171853
158,60,67,0.30180430066789593
158,61,64,0.0012079689988215361
158,61,65,0.11327689715478213
158,61,66,0.12649124735440484
158,61,67,0.09607577314338807
131,59,65,0.00881622177796923
131,59,64,0.044513439316590825
131,60,65,0.038385926335511834
131,60,64,0.1805032855181363
131,59,62,3.9298192051856215e-06
131,59,63,0.03339457283353768
131,60,63,0.17217477881930213
131,60,62,0.10476293473218887
131,60,61,0.01333464191665422
131,61,63,0.10060126766724599
131,61,62,0.15485087780243578
131,61,61,0.07057885078584245
131,61,64,0.07330818210099874
131,61,65,0.004207262641636517
131,62,62,0.0005638279327442164
168,88,43,0.45467546533312064
168,89,43,0.5453245346668795
176,88,41,0.05761384997187231
176,88,42,0.8388119176634522
176,89,42,0.1035742323646755
177,88,42,0.09232794467101046
177,89,43,0.1372882878751661
177,89,42,0.7703837674538234
166,88,43,0.0170971450938407
166,89,43,0.9829028549061594
167,88,43,0.5646868054713527
167,89,43,0.4353131945286472
169,88,42,0.3166249156395925
169,88,43,0.5989011044763788
169,89,43,0.08166634297367682
169,89,42,0.0028076369103518387
170,89,43,0.42185458815402443
170,89,42,0.5760541818283667
170,90,42,0.0020912300176090374
173,89,43,1.0
171,89,43,1.0
175,88,43,1.0
174,88,42,0.021379623724059507
174,88,43,0.9786203762759406
172,89,43,0.17210183229386092
172,89,42,0.8278981677061391
178,35,30,0.05382138246743109
178,36,30,0.38961882120381913
178,36,31,0.1562962801852243
178,36,29,0.15520761213267134
178,37,29,0.13929776330319696
178,37,31,0.030512003459908305
178,37,30,0.07524613724774892
179,34,30,0.16508283267125226
179,34,31,0.16477139645345124
179,35,31,0.26689581880008895
179,35,30,0.2658277090859101
179,35,29,0.0034046470364403445
179,36,30,0.029806833716925645
179,36,31,0.0787167943152051
179,36,29,0.025493967920726175
163,54,26,0.1165692935543897
163,54,27,0.11333570572943484
163,55,27,0.1578232640907063
163,55,26,0.6122717366254693
164,55,26,0.008404530723093526
164,56,26,0.18537924651145476
164,55,25,0.03690923586679177
164,56,25,0.7693069868986601
165,57,18,0.9855160106965053
165,57,17,0.014483989303494734
180,62,23,0.0415743910337125
180,62,22,0.007153787079538919
180,62,24,0.0005139383988815259
180,63,24,0.0014577680130643455
180,63,23,0.0907468358834647
180,63,21,0.0037914112842513635
180,63,22,0.06576120837701044
180,64,24,0.017751943328951587
180,64,22,0.04650869009663768
180,64,23,0.09063269900286179
180,65,23,0.09706684829666308
180,65,24,0.0672111304487452
180,66,23,0.08756787251171305
180,66,22,0.05650327599106405
180,66,24,0.08518438319204345
180,67,24,0.0030006066156602657
180,64,21,0.0005416677734017551
180,65,22,0.028940138262465834
180,67,22,0.08394019192709025
180,66,25,0.05654363621242407
180,67,23,0.028724493542680272
180,68,22,0.024907418180478105
180,68,23,0.013789087060157216
180,67,21,0.00013855274089884885
180,68,21,4.802474613966261e-05
181,57,20,0.0006720290658363768
181,57,19,0.011116130274572433
181,58,20,0.08026782449552541
181,58,19,0.08639146280898531
181,58,21,0.0038898526533728797
181,59,20,0.06925318737930036
181,60,19,0.09775906922019746
181,58,18,0.00285994853146769
181,59,17,0.007898514471256425
181,59,19,0.09775906922019746
181,59,18,0.08224138623279252
181,60,17,0.006387265208303702
181,60,18,0.09584102982211169
181,61,18,0.06029018267936451
181,61,17,0.013751114776636608
181,62,19,0.04435972587971292
181,62,18,0.004344505032204223
181,60,20,0.06349937098490706
181,61,20,0.06453497045831223
181,61,19,0.09775906922019746
181,62,20,0.009124291584745403
182,62,24,0.0014124280117922554
182,63,24,0.16842898482457283
182,63,23,0.014614350410847961
182,63,25,0.12565614194287436
182,63,26,0.06291453569132716
182,64,26,0.19568499260656175
182,64,25,0.19414419567750799
182,64,27,0.01395309133326312
182,65,27,0.020369473763233076
182,65,25,0.00161637173093639
182,64,24,0.14873697459295204
182,64,23,0.0038076256297709275
182,65,26,0.048660833784360265
183,66,27,0.02093455787594172
183,67,27,0.2067305572538322
183,67,28,0.0666846767036798
183,67,26,0.0652435822360565
183,68,26,0.0009072716138469782
183,68,28,0.2202150820728307
183,68,27,0.19110316659280116
183,69,28,0.06256566933184741
183,69,27,0.14776682117817866
183,70,28,0.00011613038337791649
183,70,27,0.0061433515178606676
183,68,29,0.010936196005865822
183,69,29,0.0006529372338802958
184,70,22,0.03797869078226948
184,70,25,0.015338418284245831
184,70,23,0.014957103299858363
184,69,21,0.004377325483095867
184,69,22,2.1727648692104082e-05
184,70,19,0.01048642077580442
184,70,20,0.04023585129178114
184,70,26,0.005537752415182838
184,70,24,0.043510170273157636
184,71,22,0.06493660410472427
184,71,23,0.06412673660065672
184,71,24,0.06547941752693283
184,71,25,0.06421082406470975
184,72,23,0.058520672699153085
184,72,22,0.06547941752693283
184,72,25,0.006338117255400885
184,72,24,0.027143887534924985
184,71,19,0.01569541259808045
184,70,21,0.057791003390622056
184,71,21,0.06547941752693283
184,71,20,0.06535528377294557
184,72,20,0.06547941752693283
184,72,19,0.015805904409652155
184,72,21,0.06520400810749129
184,73,19,0.0015441609441440715
184,73,21,0.007474059364065345
184,73,20,0.011087557628979863
184,71,26,0.026264691246947393
184,73,22,0.01290278498958521
184,73,23,0.0012371609260979563
185,60,24,0.0034574556492411234
185,60,26,0.07558360985720265
185,60,25,0.06259659618364147
185,61,24,0.02034356525531655
185,61,25,0.12150220512130909
185,62,24,0.04058690387280164
185,63,24,0.013066006516609833
185,60,28,0.021207068042631158
185,60,27,0.07375724959886058
185,61,27,0.12994060524533357
185,61,26,0.1480797266488348
185,61,28,0.02713839281617882
185,62,25,0.13558364143030974
185,62,26,0.072572755397775
185,62,27,0.007984394201045363
185,63,25,0.044095338398447405
185,63,26,0.0025044857644611856
186,58,20,0.0006466286426011366
186,58,21,0.035850290507091036
186,59,21,0.10692641073598107
186,59,20,0.031179016478211013
186,59,22,0.09077156910128359
186,60,21,0.10692641073598107
186,58,22,0.002053728239863536
186,59,23,0.0016390930602965827
186,60,22,0.10692641073598107
186,60,23,0.051297632395341894
186,61,23,0.0560284251494077
186,62,23,0.019912537909259682
186,62,22,0.09505969481590876
186,60,20,0.03747239611034041
186,61,21,0.1028753614530105
186,61,20,0.005515265207697478
186,61,22,0.10692641073598107
186,62,21,0.041936368087040335
186,63,22,5.634989872184118e-05
187,62,22,0.010700829159866952
187,61,21,0.009450165199804898
187,61,20,0.08274546089956135
187,62,20,0.1923924712884881
187,62,21,0.1713640377803483
187,63,21,0.2740625608457227
187,63,22,0.09242207430601149
187,63,20,0.15030416328785057
187,64,21,0.01655823723234571
188,62,28,0.024785814371234137
188,63,28,0.07440958021184413
188,61,30,6.185462636941075e-05
188,62,29,0.11903572570231627
188,62,31,0.009785395723873668
188,62,30,0.17367709468185655
188,63,31,0.013143093251756376
188,63,30,0.17759713578988343
188,63,29,0.18643208870861322
188,64,31,0.029442547881158996
188,64,29,0.07517876280956078
188,64,30,0.11645090624153294
189,64,31,0.025069501631339898
189,64,29,0.015007647151118839
189,64,30,0.06569662837085348
189,65,30,0.19520535034254105
189,65,29,0.03079793802404434
189,65,31,0.19025226490796432
189,65,32,0.03633618737396602
189,66,32,0.009768953822811555
189,66,31,0.1658135935830964
189,66,29,2.009990379244004e-05
189,66,30,0.1658312743313263
189,67,30,0.0781614927524045
189,67,31,0.022039067804740957
190,56,28,0.0007207559481748602
190,57,28,0.20708510415675382
190,58,28,0.08704751394357435
190,56,29,0.05836812440262397
190,57,30,0.0577107798276075
190,57,29,0.39439375909670726
190,58,30,0.014779124293304361
190,58,29,0.17989483833125372
191,61,12,0.005914164358635951
191,61,11,0.004834046551640343
191,62,12,0.15246190482889233
191,61,13,0.03697617963149248
191,61,14,0.004024195257045043
191,62,14,0.01372477760338972
191,62,13,0.1483204839090102
191,63,12,0.15267324350210001
191,63,13,0.09936059883292256
191,64,13,0.013438601124787525
191,62,11,0.1294495260325236
191,62,10,0.006030347958632535
191,63,10,0.10289670181822753
191,63,11,0.10584125469827908
191,64,11,0.005662780773673433
191,64,12,3.808643190312858e-05
191,64,10,0.018353106686844565
192,66,23,0.004896174266423739
192,66,24,0.03893044594423579
192,67,24,0.23851891535371125
192,67,25,0.3115647970931309
192,66,25,0.07624188257045389
192,66,26,0.03500028411020973
192,67,26,0.09857229706834546
192,67,23,1.8392744783913385e-05
192,68,24,0.05924458487379059
192,68,25,0.13701222597491478
193,57,19,0.03735489336896598
193,58,19,0.02785888696934534
193,57,16,0.05427419355993291
193,58,15,0.04460906353033815
193,57,18,0.14856860365570781
193,57,17,0.16234101257724054
193,58,17,0.16240062876561287
193,58,16,0.23301514921093658
193,58,18,0.11718775834633716
193,59,16,0.012389810015582623
213,64,14,1.0
194,61,13,0.009119138880422822
194,61,14,0.041199784658833866
194,61,15,1.4516194263663872e-05
194,62,14,0.11121081677227743
194,62,16,0.03350290854610445
194,62,13,0.007773877894102203
194,62,15,0.0735534839926627
194,63,14,0.12080102730643659
194,63,16,0.07709249423728806
194,63,13,0.050510013467284565
194,63,15,0.12080102730643659
194,64,13,0.012738951996786886
194,64,15,0.1068964605653183
194,64,14,0.054460222271497626
194,64,16,0.07281736056302553
194,65,16,0.08025858969060753
194,65,15,0.027249325656651276
195,58,19,0.0016300500791315159
195,58,14,0.0016094388375353125
195,58,15,0.046679232668565857
195,58,17,0.0471288621460017
195,58,16,0.015703882635095732
195,58,18,0.06310850431320361
195,59,16,0.11148452656085947
195,59,17,0.10736291232657943
195,59,18,0.018540099632625984
195,60,17,0.10720044569464662
195,59,14,0.05693592755432815
195,59,15,0.11679983956408589
195,60,14,0.05902729773073375
195,60,15,0.10464657760031222
195,61,14,0.003408960736813164
195,61,15,0.0020215848018905348
195,60,16,0.11668402679567658
195,60,18,0.0021981759527987545
195,61,16,0.011370488526856576
195,61,17,0.0064591658422592565
196,66,21,0.00022804399144961486
196,67,19,0.014027295890325187
196,67,20,0.015643942496294562
196,67,21,0.003359015891006197
196,68,19,0.017354229390777222
196,68,20,0.008052777687902699
196,69,20,3.832018953355525e-05
196,70,19,0.010137255327597948
196,66,9,0.0021414553751508735
196,67,9,0.013519580727427838
196,67,8,3.184472306761306e-05
196,68,8,0.007356014084095653
196,68,9,0.017354229390777222
196,68,7,0.002551807075149895
196,69,8,0.010867865861414798
196,69,7,0.012376914228645158
196,70,8,0.0066670961896680815
196,70,7,0.002359440892659518
196,71,9,0.004734033793978148
196,65,14,2.1074119650878776e-05
196,65,13,0.003252300553706836
196,66,15,0.00417928399739605
196,66,14,0.013869014484640122
196,66,13,0.017354229390777222
196,67,14,0.017354229390777222
196,67,12,0.017354229390777222
196,67,15,0.013931661545580062
196,65,12,0.004839021970113016
196,65,11,0.0025258748150473577
196,66,11,0.017353339288021432
196,66,10,0.012090767223425182
196,66,12,0.017354229390777222
196,67,11,0.017354229390777222
196,67,10,0.017354229390777222
196,68,11,0.017354229390777222
196,68,12,0.017354229390777222
196,68,10,0.017354229390777222
196,66,18,4.030915167155487e-06
196,66,17,1.0658988829241591e-06
196,67,18,0.01378722914463407
196,67,17,0.010653727323826074
196,67,16,0.012323265067139842
196,68,16,0.017354229390777222
196,68,17,0.017354229390777222
196,68,18,0.01716237553319602
196,69,16,0.017354229390777222
196,69,19,0.003316257334395223
196,67,13,0.017354229390777222
196,68,14,0.017354229390777222
196,68,13,0.017354229390777222
196,68,15,0.017354229390777222
196,69,15,0.017354229390777222
196,69,13,0.017354229390777222
196,69,14,0.017354229390777222
196,69,12,0.017354229390777222
196,70,15,0.017354229390777222
196,70,13,0.017354229390777222
196,69,10,0.017354229390777222
196,69,9,0.01626707071714913
196,69,11,0.017354229390777222
196,70,12,0.017354229390777222
196,70,11,0.017354229390777222
196,70,9,0.011673016765673085
196,70,10,0.017354229390777222
196,71,12,0.010471070971421666
196,71,10,0.009243949597763665
196,71,11,0.009392564570224901
196,69,17,0.017354229390777222
196,69,18,0.012579851171328696
196,70,18,0.017061575484443686
196,70,17,0.017354229390777222
196,70,16,0.017354229390777222
196,71,19,0.012447867640959153
196,71,17,0.006906222026366003
196,71,18,0.015439848007686692
196,71,16,0.015411518529551414
196,72,18,0.007095124232651521
196,70,14,0.017354229390777222
196,71,14,0.004798545048561527
196,71,15,0.014128820948217692
196,71,13,0.004597317175677867
196,71,20,3.289958468166187e-05
196,72,19,0.01311683969519986
196,73,19,0.0008748573934865268
196,72,16,0.0012429847901727791
196,73,18,0.0011254921129448406
197,64,26,0.005495668515412459
197,64,25,0.02775189036574634
197,65,28,0.0008851321875321677
197,65,27,0.12244822781800553
197,65,25,0.20495830213174437
197,64,24,0.03188809071823795
197,65,24,0.06349812309006751
197,66,24,0.0006574987382018306
197,65,26,0.1616889599818668
197,66,27,0.12574528655141645
197,66,28,0.003874977042748394
197,66,25,0.03945915439992497
197,66,26,0.18499407468393664
197,67,27,0.01050003129578594
197,67,26,0.016154582479372667
198,66,23,0.013321699320972578
198,66,24,0.0005846302601711092
198,67,24,0.041726402301019046
198,67,23,0.11255657133407215
198,68,22,0.0529301846631566
198,68,23,0.13385204166395556
198,68,24,0.13175758307748855
198,69,25,0.11753837702192098
198,69,24,0.15956719164582983
198,69,23,0.04754347020917434
198,70,25,0.10527794101893012
198,70,23,0.0005243417428319452
198,69,22,7.430351803878916e-05
198,68,25,0.050907434540654606
198,70,24,0.03183782768178372
199,66,27,0.08316157776643283
199,66,28,0.15893608778950144
199,67,27,0.00690843532989593
199,67,28,0.19771210032282843
199,68,28,0.0025178848295179593
199,66,29,0.06643769260065079
199,66,30,0.022562593746211994
199,67,29,0.2821390877097563
199,67,30,0.11372423524839928
199,68,30,9.099872906454493e-05
199,68,29,0.06580930592774069
200,66,19,0.1005255345690876
200,67,19,0.01742553398089391
200,64,19,0.004483692065769778
200,64,17,0.08262677345596076
200,64,16,0.0036037304568420883
200,64,18,0.10260192878907225
200,65,19,0.016708230769521406
200,65,16,0.03481507767098071
200,65,18,0.1410205995452412
200,65,17,0.14262285932714372
200,66,16,0.040529077981866286
200,66,18,0.14258973191860835
200,66,17,0.13665713365658036
200,67,18,0.02637686917973038
200,67,17,0.007413226632701221
201,60,28,0.09406289799127428
201,61,27,0.017412633232131308
201,61,28,0.20813922046426675
201,62,28,0.12545450592219795
201,62,27,0.007147779337826977
201,60,29,0.1718562465866608
201,60,30,0.02696217920809873
201,61,30,0.00814462121757192
201,61,29,0.22512554881477426
201,62,29,0.10753912220274264
201,62,30,0.008155245022454422
202,56,28,0.00107977441866292
202,56,26,0.0075650946934752526
202,56,27,0.03618667185987592
202,57,27,0.29850918036372787
202,57,25,0.03373300519557624
202,58,25,0.11207264273190028
202,57,28,0.08088903396610327
202,57,26,0.23243355953952066
202,58,26,0.18924959635326286
202,58,27,0.008281440877894663
203,63,28,0.018759804297783185
203,64,28,0.18168686734589823
203,64,27,2.9938362954021168e-05
203,65,28,0.20093012377025257
203,65,27,0.003393973179094423
203,66,27,0.0005594700930927474
203,66,28,0.0905159187575703
203,63,29,0.020966389167841614
203,64,29,0.12101860401581142
203,65,29,0.1813408611523215
203,66,29,0.1655271717384187
203,66,30,0.01527087811896147
204,68,22,0.02859932767542615
204,68,23,0.0025273332162107673
204,69,24,0.00023620381633841518
204,69,23,0.08569224320095248
204,70,22,0.051222132550292704
204,70,23,0.09370154953898803
204,68,21,0.0824531621299246
204,68,20,0.04990648329414229
204,69,21,0.1138071545100877
204,69,20,0.12169094354135906
204,69,22,0.12186309522494473
204,70,19,0.0311869664248251
204,70,20,0.04701800456927749
204,70,24,0.016632214150763647
204,71,22,0.0010110300473364722
204,71,23,0.002519468025237272
204,68,18,0.0013482905621513318
204,69,19,0.09865459821339698
204,69,18,0.033552878084292366
204,70,18,0.002056682648245498
204,70,21,0.014320238575806962
205,60,12,0.00023967956823363868
205,61,12,0.19012998239325596
205,61,11,7.411037410474869e-05
205,62,12,0.03699430387453702
205,59,14,0.04861618061317835
205,59,13,0.0016518491104873581
205,60,13,0.1720164606717197
205,60,14,0.15311099224578334
205,61,13,0.2200784159899473
205,61,14,0.1501691262860502
205,61,15,0.0024412845733153576
205,62,13,0.024477614299387128
206,60,17,0.0009208628901273274
206,60,15,0.009607365448728297
206,61,14,0.011208551091386578
206,61,15,0.0899949256635692
206,62,14,1.162969939225257e-05
206,60,16,9.155201237773989e-05
206,61,16,0.0833437399322225
206,61,18,0.03538892964151909
206,61,17,0.07096928645449789
206,62,16,0.066724903631219
206,62,19,0.050420497507167227
206,62,18,0.0882289462423581
206,62,17,0.09233230933307192
206,63,19,0.03287612493641163
206,62,20,0.02182637281312285
206,63,20,0.021228752542105097
206,62,15,0.036112894747233976
206,63,16,0.03208767862535765
206,63,17,0.09233230933307192
206,63,18,0.07733340831671957
206,64,17,0.038840738333012284
206,64,16,0.031301940677873716
206,64,18,0.016816280127454238
207,67,25,0.01251804521795709
207,67,26,0.05625891242474439
207,68,26,0.16611739943336526
207,69,25,0.04417031924415935
207,70,25,0.017890020709591066
207,68,25,0.04584043846731948
207,68,27,0.024195376716726072
207,69,26,0.1667942538523942
207,69,27,0.05249948471555607
207,70,28,0.01341603026119144
207,70,26,0.15268806114336778
207,70,27,0.12172643971298815
207,71,27,0.01078622865771111
207,71,26,0.08127162167470248
207,72,26,0.03380144777542331
207,72,27,2.591999280282851e-05
208,57,27,0.011237067190723619
208,58,24,0.00039300966064964273
208,58,25,0.034917283421445136
208,59,24,0.007141556701694908
208,60,24,0.0012888155584981752
208,58,26,0.06973313330615162
208,58,27,0.07437881422016297
208,59,25,0.16280632858533658
208,59,27,0.14357792649371814
208,59,26,0.165723277784328
208,59,28,0.020920918972109404
208,60,26,0.08234254264480514
208,60,25,0.04574846887478396
208,60,28,0.07985185421108404
208,60,27,0.08435730829648387
208,60,29,0.015581694078024719
209,62,19,1.2463327607319749e-05
209,62,18,2.4281727660267444e-08
209,63,19,0.05087972259144723
209,63,21,0.00048463419765755147
209,63,20,0.01874216929272492
209,64,22,0.04115491544003341
209,64,23,0.003897105514066429
209,66,22,0.03301920890695338
209,64,20,0.07901351781595778
209,64,21,0.07401452169418171
209,65,21,0.07901351781595778
209,65,20,0.07901351781595778
209,65,22,0.05545591632457163
209,66,19,0.02332205184685834
209,66,20,0.07901351781595778
209,66,21,0.0779752373152516
209,67,19,0.005493671636736026
209,67,22,0.010685247487909378
209,68,22,0.01405126510268348
209,67,20,0.007786907788566017
209,67,21,0.06360719081858769
209,68,21,0.025556081042929453
209,68,20,0.01001679631674609
209,63,18,0.012835332953714538
209,64,19,0.07652953814684071
209,64,18,0.007781164878578484
209,65,19,0.06975710481309873
209,65,18,0.0008876570166971387
210,57,27,0.004250093156044039
210,57,28,0.025883786120027907
210,58,27,0.12032746868301686
210,58,28,0.18114598613022762
210,59,27,0.030578056693852388
210,59,28,0.1960192773181849
210,60,28,0.0015356456753322257
210,58,30,0.004073309570246935
210,58,29,0.06560371355865949
210,59,29,0.1757123864430737
210,59,30,0.024106213441989394
210,60,31,0.05632075590403785
210,60,29,0.028137220354307546
210,60,30,0.08630608695099905
211,61,27,0.011589166306341221
211,61,26,3.3137724490667476e-05
211,62,28,0.06729391449389699
211,62,25,4.030317550112682e-05
211,62,26,0.09010043436021643
211,62,27,0.1601371390925874
211,63,27,0.17430589764471888
211,63,25,0.004217398221207895
211,63,28,0.09637072628816132
211,63,26,0.12254254326071025
211,64,28,0.028044402400599105
211,64,26,0.017703056798401333
211,64,27,0.16344627051002783
211,65,28,0.011805867156086204
211,65,27,0.052369742567053304
212,54,25,1.2042201482854395e-05
212,54,27,0.00032271905025427986
212,55,28,0.028281371569668444
212,55,27,0.18797099059164007
212,55,26,0.10498120130229584
212,56,28,0.06650862887815676
212,56,26,0.22697125430812443
212,56,27,0.21825680603032707
212,55,25,0.0890563047459675
212,56,25,0.0024257448900524728
212,57,25,0.005044242842874124
212,57,28,8.879594954940562e-05
212,57,26,0.07007989763960669
214,94,42,3.578745782700692e-05
214,95,43,0.03955403445712535
214,95,42,0.3531542937418834
214,96,43,0.07173135540725571
214,95,41,0.25490140609998896
214,95,40,0.014562992061468842
214,96,41,0.051565373793285664
214,96,42,0.2144947569811651
215,88,37,0.12050528321738072
215,88,38,0.01489996627465467
215,88,36,0.003693047844532694
215,89,37,0.20566050903436184
215,89,36,0.08050719501021252
215,89,38,0.19329490321277318
215,90,37,0.03896470754557037
215,90,36,0.04314346143274797
215,89,39,0.10740400008202088
215,90,39,0.06254709840366907
215,90,38,0.12937982794207606
216,88,37,0.03198870393200368
216,88,38,0.3698878914101743
216,89,38,0.02960980980774403
216,88,39,0.2855279041668325
216,88,40,0.025880298458755877
216,89,39,0.21641485137805497
216,89,40,0.040690540846434614
217,87,43,0.3351433472860841
217,87,44,0.28401925680949136
217,88,44,0.11055284505810366
217,88,43,0.2702845508463208
218,91,35,0.05509520759100037
218,91,36,0.01873338519563118
218,92,36,0.2607482957968432
218,92,38,0.02300552425137954
218,92,35,0.09803652402659555
218,92,37,0.17188683779479064
218,93,38,0.03562436069356515
218,93,37,0.1747575098309448
218,93,36,0.14881252802280578
218,93,35,0.01329982679644377
219,87,42,0.22682366972853044
219,87,43,0.08526318431831999
219,87,41,0.21983168509391848
219,88,41,0.1526720921352245
219,88,42,0.29523399931944116
219,88,43,0.020175369404565397
220,90,37,0.13368516270306333
220,90,36,0.07093791246558191
220,91,35,0.006588541938025063
220,91,38,0.16493371978359125
220,91,37,0.16493371978359125
220,91,36,0.14457280890673654
220,92,36,0.0030112602090578257
220,92,38,0.06950275474877655
220,90,39,0.04219408760221776
220,90,38,0.061174877662461054
220,91,39,0.07333820317337618
220,92,39,0.006933486086720346
220,92,37,0.05819346493680071
221,87,41,0.00355363873410059
221,88,41,0.23938658320364045
221,88,39,0.05279799630606471
221,88,40,0.26392402703079826
221,89,40,0.1379804567058026
221,88,42,0.0020271415878899183
221,89,41,0.2267591724290456
221,89,42,0.0735709840026579
222,92,38,0.12192442043276291
222,90,39,0.011640670833890306
222,90,40,0.023732968905736302
222,91,41,0.009794106559976784
222,91,39,0.1376272997969517
222,91,40,0.18968991138238336
222,92,41,0.047112597743311155
222,92,39,0.20706427755349083
222,92,40,0.1156729897087729
222,93,39,0.040391061397246006
222,93,38,0.09534969568547785
223,92,39,0.03539677347497635
223,92,40,0.06737205589125471
223,93,40,0.2873267625139082
223,93,39,0.21684782308543876
223,94,39,0.17761817915436295
223,94,40,0.11787378459773204
223,94,41,0.012585168471061028
223,93,41,0.06745045204481301
223,95,39,0.005393431350601412
223,95,40,0.012135569415851583
224,92,42,0.14998370853069506
224,92,43,0.00029362646169576057
224,93,42,0.26990466465900925
224,92,41,0.15429955888795946
224,92,40,0.0814054390555289
224,93,40,0.0016899737259140003
224,94,41,0.004735017898939277
224,93,41,0.20724139387619678
224,93,43,0.030686001808721226
224,94,42,0.07043701063520469
224,94,43,0.029323604460135634
225,94,40,0.19179095830509632
225,94,41,0.3698597523385832
225,93,41,0.0009548034708831861
225,94,42,0.26420315480812673
225,95,42,0.05498348073100634
225,95,41,0.1182078503463041
226,85,38,0.025210022787230477
226,88,38,0.060562599992330594
226,85,39,0.027518497471829852
226,86,39,0.14735889832915183
226,86,38,0.20907487765315247
226,87,39,0.2965531439181214
226,87,38,0.16695858612777498
226,88,39,0.06676337372040841
227,85,43,0.10549556970254362
227,85,42,0.22086660083702372
227,86,42,0.3297993053585164
227,86,43,0.08045715354558025
227,87,42,0.23336798496210012
227,87,43,0.025831435502640266
227,87,41,0.004181950091595755
228,85,43,0.009198871815148784
228,85,44,0.006758564415678311
228,86,44,0.2541463255315509
228,86,42,0.00019093163410715486
228,86,43,0.41032821378207435
228,87,43,0.20895013391509001
228,87,44,0.11042695890635035
229,96,43,0.025411031241306673
229,97,41,0.10050485308750327
229,96,42,0.27489576000944765
229,97,42,0.5180173904707981
229,97,43,0.038323580167798216
229,98,42,0.009753759347575153
229,98,41,0.03309362567557084
230,91,41,0.23983192785363902
230,91,42,0.38337992045959507
230,91,43,0.032100443608395264
230,92,42,0.20962779262664055
230,92,43,0.01048460200093311
230,92,41,0.12457531345079684
231,86,41,0.03966259242214599
231,86,40,0.12585378184138307
231,87,40,0.43792506935296444
231,87,41,0.20306249071543336
231,87,39,0.05406274517365951
231,88,41,0.009252927464386544
231,88,39,0.03705196537027376
231,88,40,0.09312842765975318
232,89,39,0.015507820345075423
232,89,40,0.21451678169153895
232,90,39,0.15914061214841582
232,90,40,0.31828743758736544
232,89,41,0.13813669846326057
232,90,41,0.1544106497643438
233,91,35,0.0388350636198818
233,91,34,0.04987469102366931
233,91,33,0.007500128226004336
233,92,32,0.028557228628351566
233,91,32,0.0026829529577531482
233,92,33,0.1532479865409106
233,92,35,0.08492913231072927
233,92,34,0.15632076472008039
233,93,34,0.15249778054731616
233,93,33,0.1570562527690924
233,93,32,0.0464637234552165
233,94,33,0.053333853494281
233,94,32,0.011746200199463744
233,94,34,0.018642180777444572
233,93,35,0.03831206072980533
234,90,40,0.03694561672011587
234,89,43,0.00808487587076018
234,89,41,0.006868515878121036
234,89,42,0.0511099808928448
234,90,42,0.3126385738196383
234,90,41,0.19357493473436482
234,90,43,0.07727011795698539
234,91,41,0.15546669419979664
234,91,42,0.08095798017905949
234,91,43,0.0036803418823721746
234,91,40,0.07340236786594125
235,94,42,0.029167548904073227
235,94,44,0.008650786033676135
235,94,43,0.19356188253460616
235,95,43,0.3534052887346586
235,95,44,0.22634166158648117
235,95,42,0.026657421345736763
235,96,43,0.11018616430463087
235,96,44,0.05202924655613704
236,99,40,0.18430580742646427
236,100,40,0.1412099934286572
236,99,42,0.019000786278539964
236,99,41,0.3424482620118399
236,100,41,0.3113304583961974
236,100,42,0.00170469245830127
244,97,45,0.022654137878944654
244,97,44,0.025249878979853962
244,98,44,0.11308641726425632
244,98,43,0.07438367266628575
244,98,42,0.013668671067099883
244,98,46,0.00023947437789703183
244,98,45,0.09810082815788108
244,99,45,0.1288716264729423
244,99,42,0.02908408782987441
244,99,44,0.1209264268318719
244,99,43,0.07479246669816346
244,100,44,0.003075680275273552
244,99,46,0.10777216658276208
244,99,47,0.039305416440173775
244,100,45,0.10026917651765514
244,100,47,0.0013550324753423527
244,100,46,0.02271490460004396
244,101,45,0.0244499348836783
240,99,48,0.061465887482840646
240,99,47,0.022043494935053233
240,100,45,0.008557281027454509
240,100,47,0.10242258458945763
240,100,46,0.08526612486192271
240,101,48,0.10351096002340175
240,101,46,0.06524721833053845
240,101,45,0.02083274800934146
240,101,47,0.10237156016556342
240,102,47,0.018442384418285697
240,98,50,0.0045741212809919255
240,98,49,0.0002799016280088889
240,99,50,0.018901734920713873
240,99,49,0.06778312925926885
240,100,48,0.10351096002340175
240,100,49,0.06264306742073472
240,101,49,0.05010828347860596
240,102,49,0.03969329192143548
240,102,48,0.062345266222978916
246,97,41,4.1522416219680297e-05
246,97,42,0.0714173718525236
246,97,43,0.008900362084601241
246,98,43,0.0722126720649355
246,98,42,0.30099584648525607
246,98,41,0.25334417364590794
246,98,40,0.002970227529098184
246,99,40,0.006779142642782334
246,99,42,0.15073948430170214
246,99,41,0.13259919697697323
245,96,43,0.12264768807992259
245,96,44,0.19425476180486587
245,96,42,4.232896866958573e-05
245,97,42,0.022940058336360338
245,97,45,0.07523921179378935
245,97,43,0.21685896798154436
245,97,44,0.18889348378751977
245,98,44,0.02877507117839738
245,98,43,0.049687352803594174
245,96,45,0.10066107526533649
241,99,44,0.00703879197335091
241,100,44,0.11588499675722999
241,100,43,0.022315761742035457
241,101,43,0.07390083421745236
241,101,44,0.11946723465413848
241,100,45,0.01663879865640528
241,101,45,0.06800459080683958
241,101,42,0.005229013823207342
241,102,42,0.06952230055985155
241,102,44,0.11946723465413848
241,102,43,0.11946723465413848
241,103,42,0.0467307253646657
241,103,43,0.10343048018998448
241,103,44,0.03454138063157299
241,104,43,0.004604395927432771
241,104,42,0.002448404891937391
241,102,45,0.069877890630065
241,103,45,0.0014299298655538245
237,103,38,0.019036939706601204
237,103,41,0.043413145458170835
237,103,39,0.01870519877053539
237,103,40,0.05266927496426759
237,104,42,7.896365977881295e-06
237,104,40,0.09893508536262316
237,104,39,0.09842355132292974
237,104,41,0.05969016171026015
237,105,38,0.09118826773819716
237,105,40,0.03707508886240325
237,105,39,0.09978102705900971
237,106,40,0.09980555234526563
237,106,39,0.07251750720151441
237,107,41,0.009147383638246619
237,105,41,0.002606432802513091
237,106,41,0.04907676296341405
237,107,40,0.02542237594750977
237,107,39,0.001619037897610065
237,104,37,0.002950674259585929
237,104,38,0.09019183198414968
237,105,37,0.003852746035231797
237,106,37,0.004762708633856827
237,106,38,0.019121348970126146
243,101,40,0.0001686674605134606
243,99,42,0.049870179863384004
243,99,44,0.0004550094016377775
243,99,41,8.77469747686459e-05
243,99,43,0.06984180356709915
243,100,44,0.0010183905807156057
243,100,43,0.13534536838926184
243,100,41,0.06468849701895507
243,100,42,0.1659326031559257
243,101,43,0.06348026507900321
243,101,41,0.14165750944453573
243,102,41,0.09167716269973773
243,101,42,0.15914955912696238
243,102,42,0.05662723723749973
239,102,37,0.04517000780687536
239,101,40,0.017853765653528992
239,101,41,0.00031744805606611325
239,101,38,0.009653465920517744
239,101,39,0.05390928516834276
239,102,39,0.11393765381333891
239,102,41,0.05110725077655697
239,102,40,0.11199854041154382
239,103,38,0.09220515301566137
239,103,41,0.064377365613643
239,103,39,0.09258386725591146
239,103,40,0.053810601996437245
239,102,42,0.008867320211404147
239,103,42,0.06936987567350186
239,104,42,0.017556836395677143
239,104,39,0.0015776873165118692
239,104,41,0.009914442493189856
239,102,38,0.10602361497362732
239,102,36,0.001393200504737178
239,103,36,7.209084260326042e-05
239,103,37,0.07400954695829463
239,104,37,0.0005731588691370438
239,104,38,0.003717820272891936
238,100,40,0.3074716336943223
238,101,40,0.49551408600234326
238,100,41,0.03582098604643907
238,101,41,0.08604958430775107
238,101,39,0.06475665848166828
238,102,41,0.0003619755617708937
238,102,40,0.010025075905705245
247,100,38,0.043388059486133106
247,99,39,0.07552840593614422
247,100,40,0.09003885833447249
247,100,39,0.4003204621809159
247,101,40,0.0004601908632232012
247,101,38,0.2124834893540632
247,101,39,0.1777805338450479
242,101,46,0.017310702369014355
242,101,45,0.0018630109310081495
242,101,47,0.0005154700232051674
242,102,46,0.04682886047263519
242,103,43,0.00628609961057438
242,103,44,0.0332893029629052
242,104,44,0.04682886047263519
242,104,43,0.0450240257405788
242,104,42,0.038649493362234645
242,102,45,0.019438070019413483
242,102,47,0.038485436293095636
242,103,45,0.0462683554408285
242,103,47,0.04682886047263519
242,103,46,0.04682886047263519
242,104,45,0.04682886047263519
242,104,46,0.046780713598242686
242,104,47,0.040520101708874295
242,105,48,0.001435447156740831
242,105,45,0.04454926088441428
242,104,40,0.00040842393953379434
242,104,41,0.014747301548953906
242,105,40,0.029433193372453176
242,105,39,1.1507287732416372e-05
242,107,41,0.006596227503777917
242,105,41,0.04560591971260667
242,105,44,0.046292618456539994
242,105,42,0.04682886047263519
242,105,43,0.04397870261233888
242,106,44,0.0033490234396393167
242,106,43,0.00469317393286608
242,106,42,0.026277986285436202
242,106,41,0.02360496822868589
242,105,47,0.013808078429318825
242,105,46,0.008873835975270214
242,106,45,0.010759367132707452
242,102,49,0.002299025587927569
242,102,48,0.01862355958058356
242,103,48,0.030608876347594637
242,103,49,6.756469155758254e-05
242,104,48,0.008571992997534252
259,107,28,0.011509702462903067
259,108,28,0.013143257853795389
259,109,28,0.008997764799586295
259,105,31,0.0273751432129028
259,105,32,0.01621569072612016
259,106,32,0.0038667480340510117
259,106,30,0.12313931953973688
259,106,29,0.0600518983581478
259,106,31,0.11370792369977357
259,107,30,0.1472585406282716
259,107,31,0.007023276969780921
259,107,29,0.16975884178172784
259,108,30,0.12676177355394774
259,108,29,0.16698547411097067
259,108,31,0.0007911448203272931
259,109,29,0.003413499447957125
260,110,28,0.006272388062939074
260,111,28,0.0819714836467101
260,112,28,0.08344084185085193
260,110,29,0.028790240369574577
260,110,30,0.023054283475346098
260,110,31,0.009202498649592486
260,111,29,0.1219039738375927
260,111,30,0.04173512134218854
260,113,32,0.01076918780025452
260,112,29,0.11709594253682036
260,112,30,0.015765844365529223
260,113,31,0.07117826300990536
260,113,29,0.06443077713714873
260,113,30,0.10023239027976047
260,114,31,0.10520550466546029
260,114,30,0.02711943405020654
260,114,32,0.0917699189870723
260,115,32,6.190593304647177e-05
262,109,28,0.01937308859297774
262,110,28,0.04949938410850627
262,111,28,0.0019818945803540926
262,108,30,0.04366876344903184
262,108,29,0.008754706818570773
262,108,31,0.06985415554423292
262,108,32,0.03423163660005029
262,109,32,0.06174061302592567
262,109,30,0.15118771796099906
262,109,31,0.15118771796099906
262,109,29,0.14829239801097222
262,110,32,0.005050117122890845
262,110,29,0.11833066492788517
262,110,30,0.06956698976896614
262,110,31,0.0672801515276378
248,107,36,0.0009119099963263442
248,108,35,0.1403524146109765
248,109,34,0.016888287097111737
248,108,36,0.10741661942116099
248,109,35,0.23427135802046134
248,109,36,0.09643134447842583
248,110,35,0.1688886578976054
248,110,36,0.07283628611757458
248,111,36,0.07047105597713027
248,111,34,0.001665259004345121
248,111,35,0.08986680737888192
251,110,33,0.0023329822302425203
251,111,33,0.013773207031778525
251,110,32,0.1443338575106689
251,110,30,0.11334805263558519
251,110,31,0.15043120907808982
251,111,30,0.09504348676032476
251,111,31,0.21848387764034932
251,111,32,0.22649393656386785
251,112,32,0.031377448265350036
251,112,31,0.0043819422837430505
255,104,35,0.12773703834870156
255,105,38,0.022422516451427375
255,103,36,0.043944554672283344
255,103,35,0.012680426412159903
255,104,37,0.18203212535995236
255,104,36,0.25983533409472326
255,104,38,0.005366388820891867
255,105,36,0.10552958362431993
255,105,35,0.012672846916904054
255,105,37,0.22438599661538017
255,106,37,0.003393188683255927
269,105,36,0.1689352854287927
269,105,34,0.014946927589868111
269,105,35,0.22486024952128664
269,106,34,0.15136479401649497
269,107,35,0.01190005909188928
269,107,34,0.014092143821078424
269,105,37,0.027354570367449205
269,106,36,0.11507474699761494
269,106,37,0.011138387858093797
269,106,35,0.2603328353074319
249,109,33,0.10796750112757887
249,109,32,0.23894295524622045
249,110,34,0.011600411276456115
249,110,33,0.38428441230308474
249,111,33,0.0004926231051635803
249,110,32,0.2567120969414963
250,111,33,0.046246299559615775
250,111,32,0.04162172389445374
250,111,34,0.0007189389753340287
250,111,35,0.00642360465762137
250,112,32,0.06809125394039807
250,112,33,0.15722816405439125
250,112,34,0.1288735982996893
250,113,33,0.14505088497848218
250,113,34,0.13147939438017298
250,113,35,0.06242866786133489
250,113,32,0.06226437637136254
250,113,31,0.0010913146359157416
250,112,35,0.13177171704532561
250,114,35,0.00038844494834321006
250,114,33,0.004352743279560546
250,114,34,0.005839511320211093
250,114,32,0.006129361797787439
253,110,34,0.06838148550767066
253,110,33,0.002005354303532123
253,111,33,0.19959714309048515
253,110,35,0.0031484097822093177
253,111,36,0.051415280859116154
253,111,34,0.37373380500801634
253,111,35,0.22726322771132676
253,112,34,0.07104231382280275
253,112,36,0.00021180083794692335
253,112,35,0.0032011790768935247
257,108,35,0.021315811457074473
257,108,34,0.25253842696708984
257,108,32,0.09194538261763607
257,108,33,0.2643179234622105
257,109,34,0.22209142990463754
257,109,33,0.0983869986667481
257,109,32,0.047810907455298646
257,109,35,0.0015931194693048273
258,111,29,0.018501386208767057
258,111,30,0.08769042730525435
258,111,31,0.0683607442587467
258,111,32,0.0009875407711637295
258,112,32,0.10796769443896898
258,113,32,0.1211930370387722
258,112,29,0.019093668190824083
258,112,31,0.22858276510483547
258,112,30,0.2042680377992337
258,113,31,0.105673947365766
258,113,30,0.037680751517667664
261,109,34,0.1593284881591034
261,109,33,0.07715601531238303
261,110,34,0.5310512040416561
261,110,33,0.0364730793300166
261,109,35,0.00040660224555731856
261,110,35,0.19558461091128354
263,106,33,0.0003413995171851701
263,106,32,0.09445960990355338
263,106,31,0.07784187061145975
263,107,30,0.04256909464251395
263,107,31,0.2352176326386602
263,107,32,0.2304289496665656
263,108,31,0.13064221022727737
263,107,33,0.03259864896461068
263,108,32,0.14375448023735188
263,108,33,0.012146103590821992
264,107,35,0.46460092605995096
264,107,34,0.20094340073226497
264,106,35,0.03833382592647921
264,107,36,0.013327988752571943
264,108,35,0.180854865540864
264,108,34,0.10191236466844607
264,108,36,2.6628319422771568e-05
265,106,34,0.12047834231740272
265,106,33,0.1274033442256189
265,106,32,0.013608635906207863
265,107,34,0.18344849511326902
265,107,32,0.019696551910597066
265,107,33,0.28959989053265695
265,108,34,0.10010358314934728
265,108,32,0.001877417844539177
265,108,33,0.14378373900036123
267,109,34,0.3405920662527531
267,109,33,0.6194391778250011
267,109,32,0.03996875592224563
268,110,34,0.1372135442853671
268,110,33,0.42381802440079475
268,111,33,0.34902850654914674
268,111,34,0.08993992476469137
256,106,39,0.008374438894191741
256,107,38,0.07782390649991607
256,107,41,0.02673830490089854
256,107,40,0.05867959401753591
256,107,39,0.07508626795368767
256,108,40,0.03973584341651653
256,108,39,0.07019413504247243
256,108,41,0.001015588135760388
256,109,38,0.07873486419830829
256,109,39,0.030161370116214205
256,110,39,0.00010282458193639464
256,106,37,8.751271754990693e-05
256,106,38,0.002671394320658598
256,107,36,0.00745432513955849
256,107,37,0.05534989465699129
256,108,38,0.07873486419830829
256,108,37,0.07873486419830829
256,108,36,0.04006889308925682
256,109,37,0.07873486419830829
256,109,36,0.046445850253114165
256,110,38,0.022175376816052975
256,110,36,0.05434640554011055
256,110,37,0.05738243891366603
256,111,37,0.005821901269480898
256,111,36,0.005344276931197128
252,105,38,3.8251493275548334e-05
252,106,39,0.04485785110422752
252,107,38,0.003106878207054485
252,107,39,0.00808769004735411
252,107,35,0.008134056245780836
252,105,37,0.0006881842771931159
252,106,36,0.15982011357725784
252,106,37,0.2413923503708069
252,106,38,0.2079725921170249
252,106,35,0.0020386165041116565
252,107,36,0.23491786583075414
252,107,37,0.07975590125510935
252,108,36,0.009189648970049626
266,104,33,0.00017066130519753764
266,104,35,0.30848457061889545
266,104,34,0.3803388054471384
266,105,34,0.2154247029712138
266,105,35,0.09558125965755487
254,104,33,0.12523396930632422
254,104,34,0.022195870017061036
254,105,32,0.09393050482527181
254,105,33,0.22921517180962336
254,105,34,0.17229927046115862
254,105,35,0.006422383372034164
254,106,34,0.028766542088884434
254,106,33,0.16615357801726466
254,106,32,0.14853984607457482
254,106,31,0.007242864027802872
276,68,69,0.008809449108272981
276,68,70,0.007934588005801428
276,70,70,0.023837425533347636
276,69,68,0.002375752141205907
276,69,70,0.09106636837695047
276,69,69,0.10908517997811734
276,70,68,0.08977993973542853
276,70,69,0.16227019230982653
276,71,69,0.1541286725378799
276,71,68,0.1574915589953486
276,72,68,0.0855738971132313
276,71,70,0.013881088914104564
276,72,69,0.08969789516840901
276,70,67,0.0021633020348527836
276,71,67,0.0019046900472231808
271,70,72,0.02483948440952765
271,70,73,0.09439675226504275
271,71,72,0.08162420031140603
271,69,75,0.0006041370919732667
271,69,74,0.0777956903905871
271,70,75,0.047053982508801495
271,70,74,0.1432413328608282
271,71,73,0.18550303693015588
271,72,73,0.06942675669778355
271,72,72,0.0053245130122553525
271,71,75,0.07496829289947012
271,71,74,0.18085405960993908
271,72,74,0.014367761012229486
283,71,76,0.05686668159895558
283,72,75,0.013810373806927808
283,72,76,0.2727673321144134
283,71,77,0.1256378296135725
283,72,77,0.3433199382635966
283,73,78,0.007708994790393906
283,73,77,0.1798888498121402
277,70,77,0.017217428745943543
277,70,79,0.09504534892582314
277,70,78,0.11168669063281911
277,71,78,0.14157942545918611
277,71,79,0.14157942545918611
277,71,77,0.04014257204945317
277,70,80,0.03344675301613032
277,72,80,0.0025355093133915176
277,71,80,0.07022834420952788
277,72,78,0.14149863142781066
277,72,77,0.02261257819344588
277,72,79,0.09722482274105079
277,73,79,0.00032801843512903
277,73,78,0.06900451982092068
277,73,77,0.015869931570182124
272,70,82,0.031529056484501404
272,70,81,0.037084555214267824
272,71,82,0.1318750839087094
272,71,81,0.27804365620126936
272,72,80,0.11386991875339592
272,71,80,0.13838880706449916
272,72,81,0.23582435001718124
272,72,82,0.033384572356175625
278,72,83,0.0442198484341833
278,72,84,0.03459227141945889
278,73,84,0.11402971947916406
278,72,82,4.305066880848999e-05
278,73,82,0.05396586042877539
278,73,83,0.30522234743937504
278,74,83,0.2435144844598387
278,74,84,0.1300182968531705
278,75,84,0.04789567771471145
278,75,83,0.026498443102514212
290,73,85,0.15584045209420935
290,73,84,0.053251816243782765
290,73,86,0.006596813740243826
290,74,86,0.04931404942657134
290,74,84,0.18304523811284748
290,74,85,0.2928665800593537
290,75,84,0.1320722642772354
290,75,85,0.1270127860457561
286,71,85,0.09490187449768481
286,71,84,0.029344787049632604
286,72,84,0.17429129291176013
286,72,85,0.3045589030542534
286,72,86,0.009412419915281226
286,73,85,0.1885012530402926
286,73,84,0.17983898837754797
286,73,86,0.0191504811535472
273,69,80,0.30856196820355364
273,69,78,0.00023424848999751985
273,69,79,0.18827378144543136
273,70,79,0.1137553476185172
273,70,78,0.001031272259276566
273,69,81,0.1845617725531956
273,70,80,0.1787571063171449
273,70,81,0.02482450311288328
270,69,76,0.012471951277129079
270,70,76,0.0014014971168292464
270,68,80,0.01313502893988185
270,68,77,0.02490612697379816
270,68,79,0.1623999923155834
270,69,80,0.013457818108492422
270,68,78,0.10810112329289503
270,69,77,0.22407269892088294
270,69,78,0.24496612820625577
270,69,79,0.11178325657883269
270,70,77,0.04380183505033182
270,70,78,0.03950254321908774
285,67,74,0.012101512567613633
285,67,72,0.03540120304545708
285,67,73,0.12180201122097639
285,68,72,0.3195311784505206
285,68,73,0.4062888296148504
285,69,73,0.01143402066962083
285,69,72,0.042680699813486773
285,68,74,0.0507605446174741
275,63,79,0.0022821223529225143
275,63,80,0.048390574895960624
275,64,79,0.1476280490267288
275,64,78,0.012160734522974673
275,65,80,0.10383063150410508
275,65,79,0.1642070781570168
275,63,82,0.001731427585266422
275,63,81,0.10126093562087245
275,64,80,0.20015798334269627
275,64,81,0.10986347769095817
275,65,81,0.0018726254015287804
275,66,80,0.03966999961143791
275,66,79,0.06694436028753153
287,69,71,0.0005912737270935659
287,70,71,0.13773236438025446
287,70,72,0.09541546278800858
287,70,70,0.13595185972740198
287,71,72,0.07212705594103275
287,69,70,0.015866096623953954
287,70,69,0.00864079776124273
287,71,69,0.016191217927034745
287,71,71,0.15912967043398177
287,71,70,0.14625639166097604
287,72,72,0.000469688877587274
287,72,71,0.08170401227510986
287,72,69,0.008116255374167436
287,72,70,0.12059740245122119
287,73,70,0.001210450050933567
284,67,70,0.008224767094938914
284,67,71,0.012232360011513637
284,68,71,0.11781790583283923
284,68,72,0.0018226087494084564
284,68,73,0.023027081864157545
284,68,70,0.08160447230393
284,69,73,0.16232707847106087
284,69,72,0.15130362833164193
284,69,71,0.16574272007845497
284,70,71,0.022369645343725535
284,70,72,0.044333234849653055
284,70,70,0.0011197273406569482
284,70,73,0.08170497017799651
284,68,74,0.011983191626649512
284,69,74,0.041007016345711036
284,70,74,0.012724581526179106
284,69,70,0.06065501005148258
280,69,76,0.050916836350532624
280,69,75,0.12004135646505446
280,69,74,0.022251342060245642
280,70,75,0.12103366793844413
280,70,74,0.024541703445612257
280,70,76,0.15360308621000715
280,71,76,0.14059624622078018
280,71,75,0.09663067444256537
280,71,74,0.0038212509206066855
280,72,75,0.06388771493153053
280,72,76,0.010907345916031699
280,72,74,0.0009732804506221572
280,69,77,0.0036979835992018077
280,70,77,0.11094660190334148
280,70,78,0.007623528222550469
280,71,77,0.06852738092287333
288,68,76,0.17458551165938216
288,68,75,0.05787010510215084
288,69,76,0.32182196629868376
288,69,75,0.08462873054614477
288,70,76,0.023866186503828907
288,68,77,0.29593869327320316
288,68,78,0.0014287717892732335
288,69,77,0.0319755566236817
288,70,77,0.007884478203651584
274,70,84,0.052122041694932876
274,70,83,0.07260022293994516
274,70,82,0.007066879399085587
274,71,82,0.09748840730330596
274,71,83,0.18686015060913158
274,72,83,0.1599214394925782
274,71,85,0.012821602619672452
274,71,84,0.1690258314369579
274,72,84,0.08217139495933912
274,72,82,0.15530728892944598
274,73,82,0.004551399802605961
274,73,83,6.334081299918478e-05
281,69,83,0.0259435776370487
281,69,82,0.05098647574596527
281,69,81,0.02985154900661209
281,70,83,0.13960510801561038
281,70,82,0.330553256477837
281,70,80,0.09635394438987535
281,70,81,0.31060285229329804
281,71,82,0.004588346010641439
281,71,81,0.006399909526090195
281,71,80,0.0051149808970215255
289,66,74,0.027164609688629875
289,66,76,0.011038698936791167
289,67,75,0.08348114021107775
289,67,74,0.10310514051381586
289,67,76,0.13012760585423064
289,66,73,0.0001756580040016206
289,68,76,0.09294126621768166
289,68,75,0.12560482805333284
289,68,74,0.116322201325805
289,69,75,0.01269044788378453
289,69,74,0.027922959765409257
289,66,78,1.1967917106719342e-05
289,66,77,0.09291963954945405
289,67,77,0.13053470395149583
289,67,78,0.0011445180769441867
289,68,77,0.043490315813766375
289,68,78,0.001324298236672624
282,64,74,0.00498740254459852
282,65,75,0.03670563764950518
282,65,74,0.09939158105316656
282,65,76,0.03496256645053649
282,66,75,0.2678027666858222
282,66,74,0.14478747936897046
282,66,76,0.24025416879938424
282,67,75,0.11075146642621089
282,67,74,0.03445799287822724
282,67,76,0.0221668974767564
282,66,77,0.0037320406668218194
279,65,74,0.026179530479707256
279,66,74,0.035815800781811624
279,67,74,0.015775689948503632
279,66,70,0.0026901483042952204
279,67,70,0.0314660694308291
279,65,72,0.051032254652107124
279,65,71,0.013770767693889008
279,66,71,0.07378369939867559
279,66,72,0.13015102480307927
279,66,73,0.13211425598803317
279,67,72,0.12234767725786813
279,67,73,0.09811126539580282
279,67,71,0.12255183094190833
279,68,71,0.03859784612682298
279,68,72,0.04119677284317712
279,65,73,0.06441536595348946
292,64,74,0.10016443730101655
292,65,74,0.07749525869420636
292,65,70,0.0017299076305193118
292,65,72,0.11570069478218842
292,65,71,0.06706664979599213
292,64,70,0.0371689847717155
292,63,71,0.009449474314409735
292,63,72,0.004136105258393562
292,64,71,0.17883742345984327
292,64,72,0.1660448748723998
292,64,73,0.14555884033061744
292,65,73,0.09664734878869778
293,64,74,0.01882024960767179
293,65,75,0.08519433544228684
293,65,74,0.0021335614304244565
293,65,76,0.07864968444843237
293,66,75,0.0005438176287405056
293,62,78,0.019481339111387115
293,62,77,0.032198468187473336
293,63,77,0.09863955324600407
293,62,76,0.006046307212864267
293,62,74,0.004375837424538276
293,62,75,0.018482071281905904
293,63,76,0.09433994211912741
293,63,75,0.09782922272404976
293,63,74,0.02193720490562334
293,64,75,0.09863955324600407
293,64,76,0.09863955324600407
293,63,78,0.05254789658796997
293,64,78,0.027422730015767543
293,64,77,0.09854800399646986
293,65,77,0.04550299847115022
293,65,78,2.766966610474025e-05
291,65,76,0.019453809791017664
291,66,76,0.008005743044465257
291,64,79,0.000753319183829638
291,64,78,0.08776730718829784
291,64,77,0.0002479393222929953
291,65,77,0.14390769391222322
291,65,79,0.04798203142145325
291,65,78,0.267066783280418
291,66,79,0.05682876221792149
291,66,78,0.25706081270493736
291,66,77,0.08838521434395585
291,67,77,0.002622525939419248
291,67,78,0.019918057649768124
294,37,36,0.008768743094941401
294,37,38,0.0006999937697488016
294,37,37,0.017106257760365205
294,38,35,0.001246341508836038
294,39,34,0.007735012678831498
294,39,35,0.07492949382166704
294,40,35,0.10286633684877823
294,40,34,0.030307527345446547
294,38,38,0.08416286436935703
294,38,37,0.10576031379447826
294,38,36,0.08768171518369265
294,39,37,0.1100477212157322
294,39,36,0.11263581414148577
294,39,38,0.0693136413251705
294,40,36,0.061151826479626414
294,40,37,0.009243387029556748
294,41,35,0.018320949144254892
294,38,39,0.0644550703701345
294,39,39,0.010877426500193759
294,41,36,0.0226895636177024
297,25,45,0.0010921728420241878
297,26,46,0.021432866127424052
297,27,46,0.05162342948339798
297,27,45,0.22752346050478797
297,26,43,0.04408898855255122
297,26,44,0.014715191542163953
297,26,45,0.11404407433677023
297,27,43,0.16819268609064314
297,27,44,0.24475850937187113
297,28,43,0.011666756055084404
297,28,44,0.0986833244356112
297,28,45,0.0021785406576705214
296,36,31,0.010930209414731227
296,35,32,0.0002577672934618941
296,35,33,9.144524491289735e-05
296,36,32,0.045547107704778
296,36,34,0.00023658672139615465
296,36,33,0.03322446783701322
296,37,35,0.03621545275766921
296,37,34,0.0513326646461296
296,37,33,0.0552585822343437
296,37,36,0.004040029977729443
296,38,35,0.05464732215048901
296,37,31,0.025756789357287597
296,37,30,0.0005366294650437907
296,38,32,0.04438509476464395
296,38,31,0.0002951952468816078
296,39,31,0.003947661951153766
296,37,32,0.054785895152025796
296,38,34,0.0552585822343437
296,38,33,0.0552585822343437
296,39,34,0.05146499559283387
296,39,32,0.04097285505803134
296,39,35,0.018509899508214096
296,39,33,0.0552585822343437
296,40,35,0.004808456612891523
296,40,34,0.040354986051818746
296,40,32,0.04806814007864015
296,38,36,0.012112111077325006
296,39,36,1.7080038477473136e-05
296,41,35,0.04415563573773694
296,40,31,0.009707500195246785
296,40,33,0.05406722756306698
296,41,33,0.02064538377690949
296,41,34,0.05186801057980291
296,41,32,0.0010729070472379756
296,42,34,0.010030733851487388
296,41,36,0.0007797308183028642
296,42,35,0.004099697789254405
302,26,37,0.01794125292290251
302,27,34,0.004234277689713172
302,27,35,0.0836563754719414
302,28,34,1.0078562441357247e-05
302,26,35,2.3708700905085603e-05
302,26,36,0.035012650630852835
302,27,37,0.07942891713736655
302,27,36,0.10128365323993593
302,27,38,0.031129949413822414
302,28,37,0.10379549565918154
302,28,38,0.10229833810133068
302,28,36,0.10358045684789849
302,29,35,2.244697404277333e-06
302,29,36,0.04190156977111223
302,28,35,0.07190229116801665
302,28,39,0.048377948212933265
302,29,39,0.021292768832155046
302,29,38,0.09067906299088033
302,29,37,0.0625163817842863
302,30,38,0.0009325781649199556
295,34,43,0.0019925898689282036
295,33,40,0.0021715285331846317
295,34,39,0.00040717199592912103
295,34,40,0.13942711952009634
295,34,42,0.06804268699221586
295,35,42,0.16513403199572893
295,35,43,0.012820567302459037
295,36,41,0.09441541594767289
295,36,42,0.10359532850047257
295,37,42,0.0829753047089478
295,37,43,0.00010616613259879174
295,34,41,0.0844200653821424
295,35,40,0.060463365405260205
295,35,41,0.17260825235739605
295,36,40,0.009099871735284884
295,37,41,0.002320533621682306
300,20,41,0.006628189841899171
300,20,40,0.0014574066663441472
300,21,41,0.12798192017802848
300,21,43,0.04520436392775525
300,21,42,0.052094835215299215
300,21,44,0.016568207698931026
300,22,44,0.11380158430710419
300,22,42,0.12589494837576387
300,22,43,0.13350439425403507
300,22,45,0.034882475594171146
300,23,45,0.016820891151932135
300,21,40,0.08384117896032164
300,22,40,0.013607686817585266
300,22,41,0.06749699138511497
300,23,41,0.0033151718515685297
300,23,42,0.013599381410857708
300,23,44,0.054953912040725174
300,23,43,0.088346460322563
303,28,39,0.004894781641813256
303,29,41,0.023898042718565916
303,30,42,0.006661307836145591
303,31,42,0.022310566032902972
303,28,40,0.004547646799971868
303,29,39,0.070331368411494
303,29,38,0.001917005516349931
303,29,40,0.07768414636534564
303,30,40,0.08848288445016755
303,30,39,0.08848288445016755
303,30,41,0.07359029149416399
303,31,41,0.08848288445016755
303,31,40,0.08848288445016755
303,30,38,0.0272333168724649
303,31,38,0.012324667768459623
303,32,42,0.009752851893593272
303,31,39,0.08591270860847136
303,32,39,0.01820024709534497
303,32,40,0.052107305139342565
303,32,41,0.0746221329575387
303,33,40,0.001966116225530961
303,33,41,0.05072169223830032
303,34,41,0.027392266583529924
313,35,38,0.10136005341751242
313,36,38,0.12985144400115634
313,36,37,0.01094006769972426
313,37,38,0.09849256368023325
313,37,37,0.003109085423729624
313,38,38,0.03364540866128125
313,38,37,0.008155695771058093
313,36,41,0.04482574744324781
313,35,40,0.011024722264386612
313,35,39,0.07495470622143238
313,36,40,0.12595690024600523
313,36,39,0.13297599194295318
313,37,41,0.00487281480803298
313,37,40,0.06472906669072653
313,37,39,0.13265107780859986
313,38,40,0.002588614770387862
313,38,39,0.019866039149532434
322,32,37,0.0017069739298289244
322,32,38,0.047949125217241303
322,33,38,0.1304822394699114
322,33,37,0.07509112223792637
322,34,37,0.043892807143002845
322,35,38,0.012612258404900299
322,32,39,0.001507860700564747
322,32,40,0.016452171610789223
322,33,40,0.12630848975208672
322,33,39,0.1001944952442316
322,33,41,0.020031803484549488
322,34,39,0.13145092348904683
322,34,38,0.12806219363021612
322,34,40,0.02676134734660999
322,34,41,0.0028465313345872115
322,35,40,0.0752837851522684
322,35,41,0.0017741509440296224
322,35,39,0.05748964244120756
322,36,40,0.0001020784670012537
316,36,41,0.010809166817124665
316,37,42,0.02567553364271769
316,37,41,0.08330640092981875
316,37,40,0.045001004510015714
316,37,39,0.0002142435336297222
316,38,40,0.08597549159183979
316,38,42,0.08342210134935286
316,38,41,0.08768238555851145
316,38,44,0.03403730405207214
316,38,43,0.06035620808944322
316,39,43,0.08768238555851145
316,39,41,0.08679619342395099
316,39,42,0.08768238555851145
316,39,44,0.051748540197019896
316,40,42,0.04659680793456582
316,38,39,0.024422882215072505
316,39,40,0.05914400490035492
316,39,39,0.010938749802584014
316,40,41,0.012124008518240331
316,40,44,0.0008609737735931344
316,40,43,0.01552322804306939
301,27,46,0.06681145088386076
301,27,45,0.032746743357229456
301,27,47,0.0025307631822823933
301,28,43,0.0012760780726812975
301,28,44,0.120562507063615
301,29,43,0.00038326411030229325
301,29,44,0.057542834304850854
301,28,47,0.04383975508293627
301,28,46,0.1762672110531508
301,28,45,0.17514734877573598
301,29,46,0.15871936547733442
301,29,45,0.13362477439516987
301,29,47,0.004528522041236917
301,30,45,0.009392565164717422
301,30,46,0.016626817034896157
305,29,38,0.017404090342880183
305,29,37,0.0009719419206496943
305,30,38,0.11371233789108147
305,30,36,0.021461691433467506
305,30,37,0.048616330980353235
305,31,36,0.06106018655972195
305,31,37,0.16601416330064425
305,31,38,0.14325019467451566
305,32,37,0.09552468629777897
305,32,38,0.10586438686370206
305,33,38,0.001610930695566906
305,33,37,0.0007531256038236953
305,31,39,0.0048343856475718565
305,32,39,0.13029380684166827
305,32,40,0.047638925534188754
305,33,40,0.0011192773244355656
305,33,39,0.039869538087949866
306,34,34,0.034470808315030285
306,34,35,0.013933464578397354
306,34,33,0.0013030794990112557
306,34,36,0.009193844820430154
306,35,34,0.16776293960953248
306,35,33,0.01124914858651919
306,35,35,0.16934332689920134
306,36,34,0.17359828455689025
306,36,33,0.057741662976471216
306,37,35,0.028560331115276703
306,37,34,0.012386547457467537
306,35,36,0.035437239045096276
306,36,36,0.09003491123342248
306,36,35,0.17434473238380788
306,37,36,0.020639678923445648
307,34,36,0.05665824343372928
307,34,37,0.08547701058407327
307,35,38,0.022632689507545867
307,37,35,0.0288105470113093
307,35,37,0.15934753642337104
307,35,36,0.12695862129944824
307,36,36,0.0770574603139353
307,36,38,0.003744202315675396
307,36,37,0.14623785541415685
307,37,36,0.11643174033847342
307,37,38,0.04033213047651289
307,37,37,0.13142886985188626
307,38,36,0.0004139348329322591
307,34,38,0.004469158196950667
309,31,35,4.6321951822692745e-05
309,31,36,0.034698867656804286
309,31,37,0.00038806210953072287
309,32,36,0.15405888958341374
309,33,34,0.04137331720373341
309,34,34,0.027845474816211892
309,34,35,0.14210269345156354
309,32,37,0.06379996533132616
309,32,35,0.0452488975181077
309,33,35,0.1536391103894199
309,33,36,0.15444585907072736
309,33,37,0.06572535198529035
309,34,36,0.091385972144143
309,34,37,0.020147163824565186
309,35,34,0.0006634839632361956
309,35,35,0.004430569000103892
308,24,38,0.02053111413083981
308,25,37,0.07603772877734812
308,25,36,0.0016416956438723856
308,26,38,0.1099693548869415
308,26,37,0.09096093841120673
308,26,36,0.009704226359062195
308,27,37,0.025815926826386986
308,27,38,0.07698776514684426
308,28,38,0.0015862099771802817
308,24,39,0.008966425971950433
308,25,38,0.08537830462444061
308,25,40,0.017460104324721656
308,25,39,0.09881008460618888
308,26,40,0.091745103842346
308,26,41,0.000425771836093229
308,26,39,0.1099693548869415
308,27,39,0.10492014026969244
308,27,40,0.009266166612687497
308,28,39,0.05136389871836372
308,28,40,0.008459684146891727
310,41,39,0.0006920569603870126
310,41,40,0.031225481715353
310,41,41,0.016522379587720546
310,43,38,0.004876278818167819
310,41,42,0.005200453152497209
310,41,44,2.4329634372659388e-06
310,42,42,0.0612772777198289
310,42,43,0.05264595138463125
310,42,44,0.02516171545838106
310,43,42,0.0671636747901634
310,43,44,0.01266908804626314
310,42,41,0.06676758887305737
310,42,40,0.05422828763578251
310,42,39,0.00020556299715303932
310,43,40,0.06538347172844408
310,43,41,0.0671636747901634
310,43,39,0.04476909293749031
310,44,40,0.06601275124016513
310,44,41,0.0671636747901634
310,44,39,0.005650735523380164
310,44,45,0.0027218843577620673
310,43,43,0.06686701652800556
310,44,43,0.06429189039274263
310,44,42,0.06667524702988789
310,44,44,0.04371292973010637
310,45,42,0.009477210398393004
310,45,43,0.0013910729718427815
310,45,40,0.018534956996532265
310,45,41,0.011546160482097287
298,25,44,0.13181404291842577
298,25,43,0.0013748901091103745
298,25,45,0.17829190366991174
298,27,45,0.03987432790023099
298,26,43,0.0233905287645918
298,26,44,0.3264920924851676
298,26,45,0.21345205468408612
298,27,44,0.08531015946847562
312,25,45,0.0001795150832043038
312,25,46,0.026633601915947797
312,25,47,0.040801039805800826
312,26,46,0.17500403334439457
312,26,47,0.18184823182781448
312,27,46,0.08717757484518657
312,27,47,0.18531693320342854
312,28,48,0.005651170738260799
312,26,45,0.00491582201556222
312,28,47,0.1217661142010249
312,28,46,6.200396350398041e-05
312,25,48,5.0417171391949924e-05
312,26,48,0.06434200864083126
312,27,48,0.10625153324364767
314,23,40,0.000726533446070061
314,24,40,0.09853702053965371
314,24,41,0.14647303923439864
314,24,39,0.0006543090704581783
314,23,41,0.009873618265380154
314,23,42,0.05216129543471511
314,23,43,0.039497795499421735
314,24,43,0.04044402982746525
314,24,42,0.14350938091465681
314,25,42,0.08676699693174594
314,26,42,0.0014812938818495871
314,25,40,0.12778345313247574
314,25,41,0.1519011755127431
314,25,39,0.011980019287802532
314,26,40,0.0049347923200929456
314,26,41,0.08327524670107057
315,21,38,0.0004479691336699516
315,22,38,0.0024438070450821703
315,23,38,0.03609437803075611
315,24,38,0.05822350124353932
315,22,42,0.0067959461903113975
315,21,40,0.01938001291765978
315,21,39,0.030948949829450467
315,22,39,0.10772284695824642
315,22,40,0.1070789628007369
315,23,40,0.1186616202022598
315,23,39,0.11650720930661776
315,24,40,0.04188716442959074
315,24,41,0.004260710901388764
315,24,39,0.10899665757265857
315,22,41,0.058950778445026795
315,23,41,0.10852103412514799
315,23,42,0.06482965551221573
315,23,43,0.0004737450234906156
315,24,42,0.005079337607074453
315,25,39,0.002695712725076292
318,28,34,0.013373160661317746
318,28,36,0.00018250011308303156
318,29,35,0.08808772669807677
318,29,36,0.0525284175741547
318,28,35,0.024729705288913436
318,29,33,0.00031446310554146913
318,29,34,0.056425453311360084
318,30,34,0.08808963173804456
318,30,33,0.06320553975169176
318,31,33,0.02940478266923019
318,31,34,0.07525995489440557
318,29,38,1.1557398419741317e-05
318,29,37,0.034518514175965846
318,30,35,0.08808963173804456
318,30,36,0.07673034625611945
318,30,37,0.06235788620430648
318,31,35,0.08806321158212714
318,31,36,0.03598075650211198
318,32,36,0.00022071164508014176
318,32,34,0.057012195158447534
318,32,33,9.735255178081228e-07
318,33,34,0.0026712410762533474
318,32,35,0.062281502320361073
318,33,35,0.00046013661142563634
304,25,34,0.08616104475676074
304,24,37,0.008300440653638493
304,24,36,0.07661999408182685
304,24,35,0.03593983433205594
304,25,37,0.008563595498339589
304,25,36,0.15252255544984383
304,25,35,0.15092397554457923
304,25,33,0.010029835473725681
304,26,34,0.15257005287974443
304,26,33,0.048919036314042305
304,27,33,0.0002862410839712966
304,27,34,0.008503152098565416
304,27,35,0.013186358463052333
304,26,35,0.154785333068261
304,26,36,0.08894157979436128
304,27,36,0.0037469705072315103
321,30,33,0.007936534371518058
321,31,33,0.04816325923429149
321,31,34,0.010529447745327488
321,30,32,0.02529897634371144
321,31,32,0.05350639842619427
321,32,31,0.009817652174889172
321,33,30,0.0010967243893272253
321,32,32,0.07070886907991164
321,32,34,0.02550557184811901
321,32,33,0.07229526783167275
321,33,34,0.05073691267091293
321,33,32,0.07229606681407845
321,33,33,0.07229606681407845
321,34,34,0.044967491045510836
321,34,32,0.07229606681407845
321,34,33,0.07175571482732056
321,33,31,0.05114523040449083
321,34,30,0.0013758114184426295
321,34,31,0.04085642763049201
321,35,31,0.02137030892591505
321,36,31,0.016566386936110938
321,35,34,0.0024187155964571936
321,35,32,0.07195882396931025
321,35,33,0.06751170783948296
321,36,32,0.012705744213191102
321,36,33,0.004883822635164707
323,39,37,0.0016360149614438033
323,39,38,0.02704342312931761
323,40,36,0.03213426013185904
323,40,38,0.07027700006248074
323,40,37,0.06451154500017074
323,41,35,0.00023406373869562977
323,39,39,0.04480771969535823
323,40,39,0.06727011304246557
323,40,40,0.010956332397424981
323,41,39,0.06955286328467176
323,41,40,0.011146413602506207
323,41,38,0.07027700006248074
323,41,37,0.07027700006248074
323,41,36,0.05513299942158117
323,42,36,0.028482386915562354
323,42,35,0.003770253323395402
323,42,38,0.07027700006248074
323,42,37,0.06278738595074346
323,43,38,0.05719472413486626
323,43,36,0.002287218140243311
323,43,37,0.06628788138295338
323,44,38,0.0008541273122143654
323,44,36,0.0016280030801786806
323,44,37,0.0114546292475761
323,42,40,0.013534997998498081
323,42,39,0.07006190833605418
323,43,40,0.00034259137355985097
323,43,39,0.01578014414873678
324,39,41,0.0014138594783436435
324,40,42,0.06554925402903913
324,39,40,0.04553105180754836
324,39,39,0.01974099854673689
324,40,41,0.12054826868852501
324,40,39,0.005985419712163871
324,40,40,0.11808195360108877
324,41,40,0.05266584826790413
324,41,41,0.10487102655136385
324,40,44,0.013766498321663921
324,40,43,0.09285772196152499
324,41,42,0.12905958175530824
324,41,44,0.0441805902997763
324,41,43,0.13989130242864672
324,42,42,0.01226043326774406
324,42,43,0.030238119665783717
324,42,44,0.0025330873527892274
324,42,41,0.0008249842640492892
317,24,45,0.0012731185285230083
317,23,44,0.06998090382463104
317,23,43,0.015577737858476312
317,24,44,0.1960087556637694
317,24,43,0.15660179551271355
317,24,42,0.0023216868258972827
317,25,44,0.1272637601261009
317,25,43,0.2064007402923364
317,25,42,0.01942424443874952
317,26,43,0.16178597258492666
317,26,42,0.018652001317853925
317,26,44,2.4384293415369196e-05
317,27,43,0.021776525492343702
317,27,42,0.002908373240262529
334,17,38,0.027777702406581194
334,18,38,0.00018314136799973127
334,15,41,0.009946844493282175
334,16,40,0.08771559818928572
334,16,41,0.13779490533650351
334,17,41,0.16131061574181235
334,17,40,0.14275902290097428
334,17,39,0.08588894199908574
334,17,42,0.006652561063632078
334,18,39,0.042661624807044066
334,18,40,0.1671559704198196
334,18,41,0.06163212820838877
334,19,41,0.02288992744809215
334,19,40,0.04563101561749854
325,10,40,0.0037565557443562892
325,11,40,0.4078284060126293
325,11,39,0.004403294246863581
325,11,41,0.05637531151245301
325,12,40,0.2024903475683928
325,12,39,0.12086087240781757
325,13,39,0.18322178585062557
325,13,40,0.016816508755312574
325,14,39,0.004246917901549246
331,12,42,0.05164597017113756
331,12,40,0.18116276494936182
331,12,41,0.22473431753912607
331,13,39,0.0014236488603361227
331,13,41,0.24575515780900728
331,13,40,0.2778891768124498
331,13,42,0.017388963858581276
330,9,43,0.053717008443066455
330,9,41,0.07398201948208981
330,9,40,0.0024154306807538193
330,10,41,0.27568249051875865
330,10,40,0.1290027001921006
330,11,40,0.0038027791448336534
330,11,41,0.0007510007675040671
330,9,42,0.08361946751549272
330,10,43,0.0678825481843099
330,10,42,0.29816590091513434
330,11,42,0.010978654155955954
332,18,37,1.565057847270163e-05
332,19,38,0.1334794836317053
332,19,37,0.1259790618841893
332,20,37,0.28744186526871957
332,20,38,0.21198995763814893
332,20,39,0.003421673967761258
332,20,36,0.023356081210306325
332,21,37,0.1745245376023779
332,21,38,0.010936956413407473
332,21,36,0.028854731804911347
329,22,35,0.00735460985911195
329,23,34,0.042685876708910775
329,24,34,0.2219889208261273
329,25,34,0.15170142088142707
329,23,36,0.022625755931894753
329,23,35,0.24084675511672776
329,24,36,0.014688468092794454
329,24,35,0.28767860609650264
329,25,35,0.009524936396973929
329,25,33,0.000904650089529432
333,17,38,0.08591291261595847
333,18,37,0.013868695957843801
333,18,38,0.21013625388492044
333,19,38,0.12415929747791742
333,19,37,0.004912801484519891
333,20,38,0.0029070935718776758
333,18,39,0.15870798065551087
333,18,40,0.0018924548292096675
333,19,39,0.21244540217286587
333,19,40,0.08604289721434352
333,20,39,0.08421294323825282
333,20,40,0.014801266896779712
338,20,38,0.11540834296140641
338,20,39,0.1199921586692085
338,20,40,0.0008514244638252352
338,21,37,0.06183144734154982
338,21,38,0.3318285049549898
338,22,38,0.07594519000467656
338,21,40,0.03227223759395719
338,21,39,0.26187069401038654
335,10,41,0.028410843784836833
335,11,40,0.02149077233813676
335,11,41,0.25558609440767355
335,10,43,0.01934582752295213
335,10,42,0.007361885818721248
335,11,42,0.2762264476830933
335,11,43,0.15068182459302426
335,12,43,0.040312322537529456
335,12,42,0.0741783596495418
335,12,40,0.027083979836037577
335,12,41,0.09932164182845317
327,11,43,0.01958924145136051
327,12,43,0.12129525782152552
327,12,44,0.004746731455190174
327,12,42,0.10284443632963873
327,13,41,0.04925548716520905
327,14,41,0.08340019710272713
327,13,42,0.165234655529272
327,13,43,0.06187522282469572
327,14,43,0.07896872620132088
327,14,42,0.1736560177006561
327,15,43,0.08443428809180595
327,15,42,0.05469973832659809
337,15,38,0.003320920486835467
337,17,38,0.05203592442725182
337,15,42,0.0007848674307634788
337,15,40,0.08883536413136205
337,15,41,0.07333545218649279
337,15,39,0.16793994884800095
337,16,40,0.11984172054552347
337,16,41,0.000998044237901347
337,16,39,0.2497111046113419
337,16,38,0.08230454550091379
337,17,40,0.03834588842733809
337,17,39,0.1225462191662747
326,13,39,0.0071323245530679445
326,13,41,0.0006268506790650026
326,13,40,0.03978854898779396
326,14,41,0.12895859691572084
326,14,39,0.14931010793912422
326,14,40,0.24762699019514464
326,14,42,0.0005354805856767654
326,15,42,0.05644410074871838
326,15,40,0.1595330550977155
326,15,41,0.14827431532157148
326,15,39,0.06176962897640128
336,8,41,0.0236095266094979
336,7,42,0.034628719191724555
336,7,43,0.011206358452783555
336,8,43,0.146447453124142
336,8,42,0.29868031522558064
336,9,43,0.06974309908973698
336,9,41,0.1635388900081988
336,9,42,0.25214563829833553
328,21,35,0.0017287763237640536
328,21,37,0.07151480128560313
328,21,38,0.006079742734219024
328,21,36,0.12166103189602435
328,22,36,0.25376552535466823
328,22,35,0.1299854143553631
328,22,37,0.19053095036665796
328,22,38,0.016437123634738298
328,23,37,0.0016711111330839582
328,23,36,0.11821662250737287
328,23,35,0.08840890040850506
340,104,46,4.2224073601576235e-06
340,104,47,0.0005532685096109053
340,105,48,0.003980933028490831
340,105,45,0.00019991740275907265
340,105,44,4.702760592780509e-05
340,105,43,0.00023777226390070755
340,106,44,0.0037115276124152696
340,106,43,0.0009942298254577494
340,107,44,0.0022845952112079677
340,105,47,0.002895872159867014
340,105,46,0.003328597688110687
340,106,45,0.0031632394849578477
340,106,47,0.004106819552096272
340,106,46,0.004106819552096272
340,107,46,0.004106819552096272
340,107,45,0.004106819552096272
340,107,47,0.004106819552096272
340,108,47,0.004106819552096272
340,108,46,0.004106819552096272
340,108,43,0.0011270826753322766
340,108,44,0.003296459747974003
340,109,43,0.003895403851320107
340,109,44,0.004106819552096272
340,109,42,0.002615802569968807
340,110,43,0.004106819552096272
340,110,44,0.004106819552096272
340,110,42,0.004106819552096272
340,109,41,0.0010368960153363952
340,109,40,0.00024214149152449493
340,110,40,0.0009446467329533609
340,108,45,0.004106819552096272
340,109,47,0.004106819552096272
340,109,45,0.004106819552096272
340,109,46,0.004106819552096272
340,110,47,0.004106819552096272
340,110,45,0.004106819552096272
340,110,46,0.004106819552096272
340,111,45,0.004106819552096272
340,111,46,0.004106819552096272
340,111,47,0.004106819552096272
340,110,41,0.0038998869460404504
340,111,41,0.003128891700856778
340,112,41,0.004004040153905581
340,112,40,0.000502245023038297
340,113,38,0.0030652139960057746
340,111,44,0.004106819552096272
340,111,43,0.004106819552096272
340,111,42,0.004106819552096272
340,112,43,0.004106819552096272
340,112,42,0.004106819552096272
340,112,44,0.004106819552096272
340,113,43,0.004106819552096272
340,113,44,0.004106819552096272
340,113,42,0.004106819552096272
340,114,43,0.004106819552096272
340,112,46,0.004106819552096272
340,112,48,0.004106819552096272
340,112,45,0.004106819552096272
340,112,47,0.004106819552096272
340,113,45,0.004106819552096272
340,113,47,0.004106819552096272
340,113,46,0.004106819552096272
340,114,45,0.004106819552096272
340,114,47,0.004106819552096272
340,114,46,0.004106819552096272
340,104,52,0.000653258693859983
340,104,51,0.0016591624809416694
340,105,52,0.0028612479196058814
340,103,50,0.00010164630820822224
340,104,48,0.0007061728472146957
340,104,50,0.003973031741764483
340,104,49,0.0012374726391453817
340,105,51,0.004106819552096272
340,105,49,0.003837995387264217
340,105,50,0.004106819552096272
340,106,48,0.004106819552096272
340,106,51,0.0040094053644079185
340,106,52,0.0003780720245661525
340,107,52,0.0005428417574492997
340,106,50,0.004106819552096272
340,106,49,0.004106819552096272
340,107,48,0.004106819552096272
340,107,50,0.0034791703005630347
340,107,49,0.004106819552096272
340,107,51,0.0026589895623445616
340,108,49,0.004106819552096272
340,108,50,0.0009775003273021054
340,108,48,0.004106819552096272
340,109,49,0.004106819552096272
340,110,52,0.0005147017859879984
340,111,52,0.0029408107026437265
340,109,50,0.0025492111359037848
340,109,48,0.004106819552096272
340,110,51,0.001451455604184168
340,110,50,0.002353465527677191
340,110,48,0.004106819552096272
340,110,49,0.004106819552096272
340,111,49,0.004106819552096272
340,111,48,0.004106819552096272
340,111,50,0.004106819552096272
340,111,51,0.004106819552096272
340,112,52,0.0035276607279452823
340,112,53,0.0017097212259605888
340,113,53,0.004003164132220981
340,113,51,0.004106819552096272
340,113,54,0.002672848531177482
340,113,52,0.004106819552096272
340,114,52,0.004106819552096272
340,114,53,0.004106819552096272
340,114,51,0.004106819552096272
340,112,50,0.004106819552096272
340,112,51,0.004106819552096272
340,112,49,0.004106819552096272
340,113,49,0.004106819552096272
340,113,48,0.004106819552096272
340,113,50,0.004106819552096272
340,114,50,0.004106819552096272
340,114,48,0.004106819552096272
340,114,49,0.004106819552096272
340,115,50,0.004106819552096272
340,111,36,9.005119181507537e-06
340,111,35,2.398080163689364e-07
340,113,33,0.0003180720712542056
340,113,34,0.0006725611239976174
340,113,35,0.0024761748433304713
340,114,31,0.0008389708251443926
340,114,30,4.62845624090935e-06
340,115,30,0.0033572929767828026
340,112,36,0.002850238164214754
340,112,37,0.0017127516389301486
340,112,38,0.00011980553422523905
340,112,35,0.0006315529339031161
340,113,37,0.004106819552096272
340,113,36,0.004106819552096272
340,114,35,0.004096673320863698
340,114,36,0.004106819552096272
340,114,37,0.004106819552096272
340,115,36,0.004106819552096272
340,114,33,0.003993125346523974
340,114,34,0.003954290777059287
340,114,32,0.0011017820476744186
340,115,34,0.004106819552096272
340,115,32,0.0041049004207425405
340,115,33,0.004106819552096272
340,115,35,0.004106819552096272
340,116,34,0.004106819552096272
340,116,33,0.004106819552096272
340,117,33,0.004106819552096272
340,115,29,0.001661583914789446
340,115,31,0.004106819552096272
340,116,31,0.004106819552096272
340,116,30,0.004106819552096272
340,116,32,0.004106819552096272
340,116,29,0.0026291057111934623
340,117,31,0.004106819552096272
340,117,29,0.004106819552096272
340,117,30,0.004106819552096272
340,118,31,0.004106819552096272
340,115,38,0.004106819552096272
340,115,37,0.004106819552096272
340,116,38,0.004106819552096272
340,116,37,0.004106819552096272
340,116,35,0.004106819552096272
340,116,36,0.004106819552096272
340,117,35,0.004106819552096272
340,117,37,0.004106819552096272
340,117,36,0.004106819552096272
340,118,36,0.004106819552096272
340,117,32,0.004106819552096272
340,117,34,0.004106819552096272
340,118,34,0.004106819552096272
340,118,35,0.004106819552096272
340,118,33,0.004106819552096272
340,119,34,0.004106819552096272
340,119,33,0.004106819552096272
340,119,32,0.004106819552096272
340,120,33,0.004106819552096272
340,120,32,0.004106819552096272
340,118,29,0.004106819552096272
340,118,32,0.004106819552096272
340,118,30,0.004106819552096272
340,119,29,0.004106819552096272
340,119,30,0.004106819552096272
340,119,31,0.004106819552096272
340,120,31,0.004106819552096272
340,120,30,0.004106819552096272
340,120,29,0.004106819552096272
340,121,30,0.003577804734251358
340,118,37,0.004106819552096272
340,119,36,0.004106819552096272
340,119,38,0.004106819552096272
340,119,35,0.004106819552096272
340,119,37,0.004106819552096272
340,120,35,0.004106819552096272
340,120,38,0.0020411568875351085
340,120,36,0.004106819552096272
340,120,37,0.003632364096642455
340,121,35,0.004106819552096272
340,120,34,0.004106819552096272
340,121,34,0.004106819552096272
340,121,33,0.004106819552096272
340,121,32,0.004106819552096272
340,122,33,0.0027544395181970643
340,122,34,0.0014385399869247
340,121,36,0.0032794225994579643
340,121,37,0.0005060337660424523
340,122,35,0.002608552551890046
340,122,36,0.0003414080234187723
340,121,29,0.0020763143530301686
340,121,31,0.004083424426766811
340,122,31,0.0006558884229879185
340,122,30,1.9011214389265036e-05
340,122,32,0.002051272863377333
340,122,29,0.0003699319895152683
340,116,28,0.0010411243414604429
340,116,27,0.00012634606741605538
340,117,26,0.00033114960705816576
340,117,25,0.0004216166517772501
340,117,24,4.8096148914885985e-05
340,118,25,0.00410325884871655
340,117,27,0.003607346493205386
340,117,28,0.004106819552096272
340,118,26,0.004102964295867537
340,118,28,0.004106819552096272
340,118,27,0.004106819552096272
340,119,27,0.004106819552096272
340,119,28,0.004106819552096272
340,119,26,0.004106819552096272
340,120,28,0.004106819552096272
340,120,26,0.002315106194196463
340,118,24,0.0013767695064254288
340,119,25,0.0030092576938841042
340,119,24,0.0006094397646665448
340,120,25,2.454104334015744e-05
340,120,27,0.004106819552096272
340,121,26,0.0001999873561086335
340,121,27,0.0013707860662303107
340,121,28,0.0015434687889844844
340,113,40,0.0035897263712521958
340,113,39,0.002844242309334768
340,113,41,0.004106819552096272
340,114,39,0.004106819552096272
340,114,38,0.004106819552096272
340,114,40,0.004106819552096272
340,114,41,0.004106819552096272
340,115,41,0.004106819552096272
340,115,39,0.004106819552096272
340,115,40,0.004106819552096272
340,114,44,0.004106819552096272
340,114,42,0.004106819552096272
340,115,43,0.004106819552096272
340,115,42,0.004106819552096272
340,115,44,0.004106819552096272
340,116,42,0.004106819552096272
340,116,43,0.004007035630210982
340,116,44,0.002157879239928262
340,117,44,0.00020317313160795133
340,117,42,0.0027193236362764934
340,115,47,0.004106819552096272
340,115,46,0.004106819552096272
340,115,45,0.004106819552096272
340,116,47,0.003884243681188285
340,116,46,0.0027369320816194773
340,116,45,0.0018299045534112713
340,117,47,0.0007784346490902459
340,116,41,0.004106819552096272
340,116,40,0.004106819552096272
340,116,39,0.004106819552096272
340,117,38,0.004106819552096272
340,117,39,0.004106819552096272
340,117,41,0.003938170143453987
340,117,40,0.004106819552096272
340,118,40,0.004106819552096272
340,118,38,0.004106819552096272
340,118,39,0.004106819552096272
340,117,43,0.001690504323139689
340,118,41,0.00233378791982721
340,119,40,0.0018736360247727886
340,119,39,0.004004405836500991
340,119,41,0.0002809484144352512
340,120,39,0.00022629118452277905
340,113,55,6.503107934248991e-07
340,114,55,0.000779862721760536
340,115,55,0.002092274995327584
340,114,54,0.004106819552096272
340,115,52,0.004106819552096272
340,115,53,0.004106819552096272
340,116,53,0.004106819552096272
340,116,54,0.004106819552096272
340,116,52,0.004106819552096272
340,117,53,0.003001123226726614
340,117,52,0.004017994641814278
340,117,54,0.0025810183162448034
340,118,52,0.00045079285864144174
340,115,48,0.004106819552096272
340,115,49,0.004106819552096272
340,115,51,0.004106819552096272
340,116,50,0.004106819552096272
340,116,48,0.004106819552096272
340,116,51,0.004106819552096272
340,116,49,0.004106819552096272
340,117,51,0.003953763725362985
340,117,49,0.0037721982692575356
340,117,48,0.002447081014309913
340,115,54,0.004106819552096272
340,116,55,0.0031115352459260594
340,117,55,0.00014866039760054966
340,117,50,0.003834902649944648
340,118,50,3.035130816513302e-05
340,118,51,0.001186312088718022
339,107,41,0.019313261202976217
339,105,43,0.0001338887525283157
339,106,44,0.0011164993919632678
339,106,43,0.029685395915680438
339,106,42,0.019807957806965842
339,106,41,0.00018990560315804584
339,107,44,0.020027152930249644
339,107,42,0.045135991974883244
339,107,43,0.045135991974883244
339,108,42,0.045135991974883244
339,108,43,0.032748792112921775
339,108,44,0.00890625778699255
339,109,43,0.0023235638314633203
339,109,42,0.01638701912417073
339,108,40,0.022356798439401884
339,108,39,0.004896106528697637
339,108,41,0.0445537901966467
339,109,41,0.0337399884170637
339,109,39,0.02784551496220837
339,109,40,0.042474736402391106
339,110,40,0.03475385396837677
339,110,41,0.0022742923880134276
339,110,39,0.045077046175555864
339,111,38,0.045135991974883244
339,111,40,0.045135991974883244
339,111,41,0.010747914069667375
339,111,39,0.045135991974883244
339,112,41,0.001129596767783574
339,112,39,0.045135991974883244
339,112,40,0.039616069065752664
339,113,38,0.011447763755945119
339,110,38,0.03242361048796776
339,110,37,0.012240611654126843
339,111,37,0.04179849604276352
339,111,36,0.022555252524692697
339,112,36,0.01378618763380719
339,112,37,0.026311998553925877
339,112,38,0.04381926949347381
339,113,40,0.005683111557441506
339,113,39,0.013876352631043854
342,68,37,0.008231390000818668
342,69,38,0.25803651998354077
342,69,37,0.11578105891657084
342,70,38,0.12239881275646301
342,70,37,0.005839668584693629
342,71,38,0.0014593779407038234
342,68,39,0.02439228899507832
342,68,38,0.06506068853779048
342,69,39,0.19643959310211612
342,69,40,0.006369898730398617
342,70,39,0.14001966787250672
342,71,39,0.05597103457931907
343,62,31,0.1402953741686617
343,62,30,0.002713274067170856
343,62,32,0.04052526278799813
343,63,32,0.16826300004878045
343,63,33,0.006272621042013411
343,64,33,0.06476281671677182
343,63,31,0.20061529960324534
343,63,30,0.029919747242183246
343,64,32,0.16598359370858737
343,64,31,0.15458136718710128
343,64,30,0.02045571749072833
343,65,31,0.005436946747900603
343,65,32,0.0001749791888575305
344,65,61,0.06400775104967653
344,65,60,0.06852450502654471
344,65,59,0.0029840828027542237
344,66,59,0.10841263567912598
344,66,60,0.15045998471050914
344,66,63,0.0006112921581003034
344,66,61,0.18417271842253458
344,66,62,0.054136497998598425
344,67,62,0.1748882187064599
344,67,63,0.02804685985842095
344,68,62,0.009473968777815613
344,67,60,0.01162095063096342
344,67,59,0.06002318227651421
344,67,58,5.72130030558115e-06
344,67,61,0.08263163060167635
345,71,44,0.0003774093257003021
345,71,46,0.062105494991041794
345,71,45,0.03740650225610002
345,71,47,0.0016632795032529614
345,72,46,0.14773103571154692
345,72,44,0.0745114672739629
345,73,44,0.055935682371151534
345,74,44,0.01029402872666601
345,72,47,0.07033862444298308
345,72,45,0.14053418889788583
345,73,46,0.13741058367613737
345,73,45,0.14508787744662152
345,73,47,0.059248924496726196
345,74,45,0.026347918889503608
345,74,46,0.031006981990719946
346,59,56,0.0032445409702016384
346,59,57,0.0030085376454838915
346,60,55,0.008864615773787941
346,60,56,0.0706107583525522
346,60,57,0.03005083717322694
346,61,56,0.07736675707678788
346,61,54,0.07736675707678788
346,61,57,0.04854191073598158
346,61,55,0.07700603413582159
346,62,55,0.07736675707678788
346,62,56,0.07736675707678788
346,60,52,0.008690651126006721
346,60,53,0.01601803615329577
346,60,54,0.022418557289109974
346,61,53,0.05624811530248627
346,61,52,0.003689737126094204
346,62,53,0.002452519337778516
346,62,54,0.05942538214783798
346,62,57,0.07285178510742887
346,63,56,0.04082265477088107
346,63,57,0.0520869120043305
346,63,55,0.061013146035966685
346,64,57,0.0011102740000063019
346,63,54,0.014434984153632344
346,62,58,0.006030817395088402
346,63,58,0.03191216495584899
347,59,36,0.00012361557597254943
347,60,33,0.0023954673469045555
347,60,34,0.02880287790117111
347,61,32,0.045575498828503855
347,61,34,0.1311913381809648
347,61,33,0.12766171180471592
347,60,37,4.495437285141233e-05
347,60,36,0.07682207554981099
347,60,35,0.11208917946272298
347,61,36,0.008232852947013135
347,62,35,0.11491095337597541
347,62,36,0.009606062858269865
347,61,35,0.08419807172562144
347,62,32,0.04981064779947086
347,62,34,0.11192154141176705
347,62,33,0.09633706438267108
347,63,35,0.0002760864755931446
348,59,45,0.000591267159356972
348,60,47,0.018861970188395027
348,60,46,0.05967758683301483
348,60,45,0.06756999604107117
348,61,47,0.07112463493489361
348,61,45,0.07116751492798085
348,61,46,0.07116751492798085
348,62,47,0.06609488181764851
348,62,46,0.07116751492798085
348,59,44,0.00045863266061070275
348,60,44,0.03381044528657555
348,61,43,0.036231851792324486
348,61,44,0.046262142001842754
348,61,42,0.0034121954454413065
348,61,48,0.023725904638982647
348,62,48,0.01404886698170036
348,62,45,0.07116751492798085
348,63,45,0.05873824407586886
348,63,46,0.05972958768991404
348,63,47,0.04034468564682017
348,64,47,0.003435299960253052
348,62,44,0.057384165214234305
348,62,43,0.01476407484210543
348,63,44,0.03873040390115504
348,63,43,0.00033310317586775874
349,78,50,0.042887264591701384
349,78,49,0.03452618207198417
349,79,49,0.10992083645176287
349,79,50,0.10831610179904223
349,79,48,0.07698455422458934
349,80,49,0.15472826165883122
349,80,50,0.11037421792030237
349,80,51,0.00019788035424471074
349,81,50,0.01971817340025787
349,81,49,0.08553896661497229
349,81,48,0.04156874727987072
349,79,51,0.00038339476282601954
349,79,47,0.00890622940040252
349,80,48,0.15070465422059356
349,80,47,0.05524453524861871
350,66,43,0.015190618107525271
350,66,44,0.020510064700829497
350,67,43,0.16818847671577253
350,67,44,0.21291820877822135
350,68,44,0.1491789419261239
350,67,45,6.83558761371444e-05
350,68,43,0.09994437734343602
350,69,43,0.17439529033234447
350,69,44,0.1469046808082516
350,70,44,0.00018437612396556035
350,70,43,0.009005443158966673
350,69,45,0.0035111661284258893
351,58,39,0.03415995770014032
351,58,40,0.008685962090065022
351,59,40,0.18695692200574332
351,59,41,0.01419734505623506
351,59,39,0.2075239478553782
351,60,39,0.17459356382176378
351,60,40,0.17794353470014881
351,60,41,0.09065254798186281
351,59,38,0.008569916387375516
351,60,38,0.09671630240128729
352,70,50,0.0001632217012761538
352,70,51,0.0011061234264948916
352,71,52,0.004635319751170728
352,71,53,0.0009353973397919804
352,72,53,0.07519259689028934
352,72,51,0.07285342051705568
352,71,51,0.06466230543501057
352,71,50,0.01013058869759977
352,72,50,0.031765881639684086
352,73,50,0.00019277759712391795
352,73,51,0.025486666595481274
352,71,54,3.894413339553501e-05
352,73,54,0.0425291704858745
352,72,54,0.001107822629322998
352,72,52,0.07222246278887008
352,73,52,0.0804402613041862
352,73,53,0.08007985425854577
352,74,53,0.07877909116681671
352,74,54,0.07375448703240399
352,74,52,0.0741375021474103
352,75,52,0.012096277606552713
352,75,53,0.0029916176540331803
352,74,51,0.01095632333785737
352,75,51,0.01609466043951698
352,74,55,0.032687509319879855
352,75,54,0.05450833414571917
352,75,56,0.004657439873699675
352,75,55,0.07068107378033966
352,76,55,0.005112868304596955
353,62,47,0.00517254233101046
353,60,50,0.003068342704358598
353,61,51,0.03405948414538154
353,62,51,0.0674788904289157
353,62,52,0.002119035157249064
353,63,51,0.06145375697147577
353,61,48,5.706465480218927e-06
353,61,50,0.0658777595829507
353,61,49,0.010830996628105672
353,62,48,0.05629769563137595
353,62,49,0.07131079840213357
353,62,50,0.0725692112066988
353,63,48,0.0725692112066988
353,63,50,0.0725692112066988
353,63,49,0.0725692112066988
353,64,49,0.07228990286467257
353,64,51,0.055562362061171475
353,65,51,0.0287298511985531
353,64,50,0.0725692112066988
353,64,48,0.031096234972128746
353,65,48,0.004877854175824315
353,65,50,0.02037023392947732
353,65,49,0.010125101005247718
353,63,47,0.03141775409153181
353,64,47,0.0050096412194617435
354,67,53,0.004719285454168042
354,67,51,0.04351047653237968
354,67,52,0.049847731417358904
354,68,53,0.07343491519699898
354,68,51,0.04258791846641595
354,68,52,0.09642738053973737
354,68,54,0.0042142066740675785
354,69,53,0.08754591856159846
354,69,50,2.683122849344141e-05
354,70,50,0.005252304312259483
354,69,54,0.00635888954414647
354,69,52,0.09642738053973737
354,69,51,0.04456766152671889
354,70,53,0.07330822222002308
354,70,51,0.0876638582834582
354,70,52,0.09642738053973737
354,71,52,0.09087081304079225
354,71,53,0.07465491564301145
354,72,53,0.003404805853319153
354,71,51,0.008898057551939342
354,72,52,0.009851046873638605
356,63,39,0.018974208582390434
356,63,40,0.004069923592691138
356,64,38,0.006919423602269127
356,64,42,0.05033765787029141
356,64,43,0.0002073184245200626
356,64,41,0.09139031314373022
356,63,41,0.013848084168778668
356,64,40,0.09336163685408562
356,64,39,0.09048999527730439
356,65,41,0.08046966494701498
356,65,38,0.01771657282054907
356,65,39,0.09112235118483654
356,65,40,0.08680495076868096
356,66,41,4.998124922111278e-05
356,66,39,0.10147293780712731
356,66,38,0.06260572629507329
356,65,42,0.06215748595997157
356,66,42,0.0002877028139848085
356,66,40,0.03930055318258336
356,67,39,0.040952077001974625
356,67,40,0.018208979661128055
356,67,38,0.029252454791793385
357,62,35,0.0026577265337468445
357,62,32,0.01577080552644729
357,62,34,0.012989079141130986
357,62,33,0.02334369050052501
357,63,34,0.08735179672860711
357,63,32,0.01875726541335133
357,63,35,0.08568486529867402
357,63,33,0.08479468375445127
357,64,33,0.05047673328779707
357,64,35,0.08735179672860711
357,63,36,0.04613330016600554
357,64,36,0.0724658730476108
357,64,37,0.005277537777088877
357,65,37,0.0017806541952173046
357,65,36,0.03744830322037787
357,66,35,0.06280385670847505
357,64,34,0.08735179672860711
357,65,33,0.01695068595217329
357,65,35,0.08518913387055463
357,65,34,0.0755383333432779
357,66,34,0.039315121544997916
357,67,35,0.0005669605322759563
358,65,56,0.0019444865223016566
358,65,57,0.01926234519606331
358,66,57,0.12352657724991596
358,66,56,0.037790252505802736
358,67,56,0.0361903402859438
358,67,57,0.08256724626723899
358,64,61,0.003366854955019754
358,65,61,0.02479573478589795
358,64,58,0.01318747011688187
358,64,59,0.060074735423479624
358,64,60,0.05819983546154217
358,65,60,0.07829791934116671
358,65,59,0.1215569744019294
358,65,58,0.10529744389380062
358,66,58,0.12352657724991596
358,66,59,0.04879169704791099
358,67,59,0.007034376373459398
358,67,58,0.054589132921729074
359,70,43,0.051304882898721725
359,70,42,0.01970085605212083
359,71,42,0.1008256265108256
359,71,43,0.09292216722546405
359,71,44,0.047129085613732066
359,71,41,0.004974230997344795
359,71,45,0.0020075527138640236
359,72,44,0.05447256706922855
359,72,42,0.06703728904782101
359,72,43,0.10990625761286388
359,73,42,0.07215304490674858
359,73,43,0.10990625761286388
359,73,44,0.06818001310868363
359,74,42,0.07644987368744022
359,74,44,0.010589585370273094
359,74,43,0.08776736573349657
359,72,45,0.005354179614952297
359,72,41,0.010498861584896572
359,73,41,0.007831359845368565
359,74,41,0.000988942793290217
360,78,48,0.10593003344554158
360,78,49,0.0011388913760922356
360,79,49,0.0001074122660506678
360,79,48,0.07626990945380423
360,77,47,0.06307389323828456
360,77,48,0.00231267430276089
360,77,46,0.08572573880057556
360,77,45,0.01527650075161264
360,78,45,0.09515465009685771
360,78,46,0.15257055074189982
360,78,47,0.15257055074189982
360,79,46,0.09545752702833245
360,79,47,0.12475196768929195
360,79,45,0.029659700066995875
361,62,42,0.11478138707469097
361,62,41,0.0079004551671768
361,62,44,0.041422269852110144
361,62,43,0.14175856514031265
361,63,42,0.21293223425336916
361,63,44,0.01931538361230999
361,63,43,0.20004744133411848
361,64,42,0.10549722967104458
361,64,43,0.10433727419705822
361,64,41,0.021251240477712516
361,63,41,0.030756519220096486
362,63,36,0.002165214818647579
362,63,37,0.008389074010398822
362,64,38,0.11473342940647789
362,64,36,0.0308218296045185
362,64,37,0.1667884733738024
362,65,37,0.1783505060591466
362,65,36,0.10294355159912755
362,66,36,0.0827689209298196
362,66,37,0.11110539385751991
362,64,39,0.002647657134869106
362,65,38,0.1502748988557901
362,65,39,0.01857092721266132
362,66,38,0.030440123137220484
363,65,54,0.003857886549638532
363,65,53,0.006743125508511182
363,66,51,0.0009366318833875366
363,66,55,0.014704970482252128
363,66,54,0.08189281985739838
363,66,56,0.004018779724195749
363,67,54,0.13906826037072678
363,67,56,0.08328400068853989
363,67,55,0.12446146036767994
363,66,53,0.12330964858042578
363,66,52,0.01157324252695643
363,67,53,0.13226207301366624
363,67,51,0.0011860226441155798
363,67,52,0.06477624113737918
363,68,53,0.033159898557351866
363,68,54,0.11485874799272906
363,68,55,0.058234886920934766
363,68,56,0.0016713031941109787
364,64,33,0.02471198633047252
364,64,32,0.04644901491282608
364,65,32,0.167568304755452
364,65,33,0.16610688651451216
364,65,34,0.027873105981547755
364,66,32,0.18013614073620043
364,66,33,0.20610093826665143
364,66,34,0.10653209689792337
364,67,34,0.009770497403373416
364,67,33,0.044395697375468036
364,66,31,0.01664722571664889
364,67,32,0.0037081051089238974
365,67,56,0.006131170446621806
365,67,55,0.011171722242838687
365,68,54,0.018144617996901816
365,69,53,0.01115324810652324
365,68,55,0.0808907258646501
365,68,57,0.0001573696685105671
365,68,56,0.103587044565302
365,69,56,0.13916693125654997
365,69,55,0.13916693125654997
365,69,54,0.12086707519653263
365,70,57,0.09884352684436316
365,70,55,0.041561683339584
365,70,56,0.07836515314217057
365,70,54,0.029448760526549145
365,71,57,0.0002556053810243769
365,70,58,0.007052342191958077
365,69,57,0.10180974753310308
365,69,58,0.012226344440266988
366,60,39,0.02047756370643951
366,60,40,0.019034151251539764
366,60,41,0.01862938276266845
366,61,39,0.09248670517787516
366,60,42,0.001579165109882533
366,61,43,0.007445396407644166
366,61,42,0.07210576470258753
366,62,42,0.04434272676152549
366,61,38,0.0087509450957026
366,61,40,0.0957052399204969
366,61,41,0.0957052399204969
366,62,40,0.0957052399204969
366,62,39,0.07990653691799998
366,62,38,0.0019060708844115674
366,62,41,0.09216993473881334
366,63,38,0.006754591666527356
366,63,39,0.06269283947612835
366,63,40,0.09186664982628918
366,60,38,0.0033658263864713013
366,62,43,0.01241639187191419
366,63,42,0.0004220676001357532
366,63,41,0.06888131337675492
366,64,40,0.007650256517198068
367,59,36,2.2434814996794902e-14
367,59,37,1.485783401027192e-06
367,61,39,0.0030012949286823964
367,61,38,0.0810851847049584
367,62,39,0.014732345925378743
367,62,38,0.08746805389874641
367,63,38,0.08294679127502164
367,63,39,0.01409635839900683
367,59,38,4.6267119699047626e-05
367,60,37,0.08671946057231805
367,60,38,0.04535466709633676
367,60,36,0.03388525679459182
367,61,36,0.08365682987519048
367,61,37,0.08924547167937093
367,62,37,0.08924547167937093
367,62,35,0.008526044440035355
367,62,36,0.08272466475996776
367,61,35,0.03208996720167855
367,63,35,0.0015156547890761143
367,63,36,0.04105068701699925
367,63,37,0.0851332041796232
367,64,38,0.026918283786235623
367,64,36,9.997842553863524e-05
367,64,37,0.0020949389079421487
367,64,39,0.008361636760807537
368,70,57,0.08183401484062888
368,70,55,0.00110178003524748
368,70,56,0.07936579026801506
368,71,57,0.20607804822477427
368,71,56,0.006682487456006381
368,72,57,0.0014571471171729814
368,70,59,0.0027667281836632742
368,70,58,0.04351025357774312
368,71,58,0.30209630955800665
368,71,59,0.22431520276926245
368,71,60,0.0013589715257068759
368,72,58,0.008468599533297523
368,72,59,0.04096466691047519
369,63,56,0.04474804724241609
369,63,57,0.030955027766557994
369,63,55,0.0200249045198322
369,64,57,0.09337563360282004
369,64,56,0.09473515785623912
369,64,55,0.0922656233280964
369,64,54,0.030152456865761047
369,65,56,0.09324388980898413
369,63,54,0.0024057492672715057
369,65,54,0.020731290544428908
369,65,55,0.06611141570125952
369,65,57,0.0799624558721269
369,66,55,0.08471793540595579
369,66,54,0.038948674327922476
369,66,56,0.06301536344856203
369,67,56,0.0034076240429858507
369,67,55,0.0023454166913617343
369,63,58,0.03427380929208784
369,64,58,0.08288571151916234
369,64,59,0.007713503034751531
369,65,58,0.013980309861416419
370,69,35,0.0189702368131879
370,69,34,0.03233843881822209
370,70,34,0.09565387315880337
370,69,36,4.4635399331876494e-05
370,70,35,0.12659080072717785
370,70,36,0.08242461382988406
370,70,37,0.04635249286307685
370,71,37,0.07635655652417786
370,71,36,0.12101286883935733
370,72,36,0.040625298472161744
370,72,37,0.10843583101604663
370,73,37,0.04692184639997928
370,72,38,0.009551946389865371
370,71,34,0.08826636287185262
370,71,35,0.09921256946717225
370,73,36,0.007241628409702793
371,72,62,0.08282162493677736
371,72,61,0.13871323813130287
371,72,63,0.026107048840945286
371,73,61,0.30405171208963366
371,73,63,0.12433365173319705
371,73,62,0.30713557864855695
371,74,61,0.015405367939903337
371,73,60,0.001431777679683628
372,81,48,0.052216833097676246
372,78,43,0.004595744906692554
372,78,44,0.035387053044443464
372,78,45,0.04019496699055726
372,79,42,0.00020555951585916567
372,79,43,0.07190414990092499
372,79,44,0.1331767098536465
372,80,44,0.019631085884353732
372,79,46,0.05167022909526122
372,79,47,0.017222394539153738
372,79,45,0.11119761132795833
372,80,45,0.0879825858853437
372,80,48,0.003589400372702892
372,80,47,0.08873466823759321
372,80,46,0.137449832158692
372,81,47,0.1140218726371194
372,81,46,0.030819302552021657
373,64,48,0.06066917254036918
373,65,48,0.09587108536490155
373,65,49,0.009054078661520816
373,66,48,0.030647529118635945
373,63,45,0.018540400968318643
373,63,46,0.017061641005608814
373,63,47,1.7778675673428793e-05
373,64,46,0.1061586217231209
373,64,47,0.0937058738881376
373,64,45,0.1061586217231209
373,65,47,0.10388763479240731
373,65,46,0.08152187030280282
373,65,45,0.07132864200542441
373,63,44,0.03879821474612381
373,63,43,0.006366747117658606
373,64,44,0.10507760050634153
373,64,43,0.034359790962745766
373,65,44,0.01410792268527792
373,66,47,0.006666773211809907
374,64,49,0.0005332562597137839
374,64,51,0.0006744815110766379
374,65,51,0.08204567891227796
374,65,52,0.06024875422850823
374,65,53,4.1687702166468973e-07
374,65,48,0.004113617851483278
374,65,50,0.09965843190291249
374,65,49,0.10740184313869466
374,66,49,0.10982516759464757
374,66,50,0.1385493389052818
374,66,51,0.13761620198464283
374,66,48,0.02834639065882074
374,67,49,0.017355847831014574
374,66,53,0.0006209796831384999
374,66,52,0.1243625745562757
374,67,51,0.04045636550747913
374,67,52,0.002392303065228025
374,67,50,0.04579834953178249
375,71,36,0.007209926772947318
375,72,36,0.11111734397683382
375,71,33,0.034095806487973675
375,71,34,0.04345275607106164
375,71,35,0.03538857170136332
375,72,35,0.16362881830174925
375,72,34,0.16362881830174925
375,72,33,0.061441951939418725
375,73,34,0.11701608801220706
375,73,33,0.02529549314401049
375,74,33,0.00934237785881748
375,74,34,0.00852589379927021
375,73,35,0.10726974168141405
375,73,36,0.039027953223078074
375,74,36,0.0007150918754781992
375,74,35,0.07284336685262736
376,74,48,0.0064739018150131705
376,74,49,0.07993367793687056
376,75,48,0.14023901487581827
376,75,49,0.465956753235978
376,75,50,0.07092920405586636
376,76,50,0.09766849704843428
376,76,49,0.12694775169144107
376,76,48,0.011851199340578223
377,60,47,0.008130892674984598
377,61,47,0.00021739100413720037
377,60,48,0.141657953085279
377,60,49,0.20661860320433165
377,60,50,0.046747863449014646
377,61,48,0.24048890830435363
377,61,50,0.03325496173048295
377,61,49,0.3069519002821767
377,62,48,0.009674911875962144
377,62,49,0.006256614389277366
378,69,53,0.001194575905370578
378,69,54,0.006546055586165907
378,70,55,0.06969063517470894
378,70,56,0.018251586317301796
378,71,55,0.09986222655526616
378,70,54,0.0787306346683062
378,70,53,0.023942687367090276
378,71,53,0.021386778167620534
378,72,53,0.0029886024126210605
378,71,54,0.09981387952345534
378,71,57,0.0008333479995209605
378,71,56,0.0794339018275755
378,72,55,0.0988169238079892
378,72,56,0.02821197768553797
378,73,55,0.09976015025119331
378,73,57,5.3013974009504665e-05
378,73,56,0.03626876977141934
378,73,54,0.04706456541630468
378,72,54,0.09848692477729012
378,73,53,0.00044742582209869315
378,74,54,0.008300026556369964
378,74,56,0.03295650518836182
378,74,55,0.046958805244421996
379,66,49,0.01732271762038931
379,66,48,0.04233822125874018
379,67,49,0.04708746696089488
379,67,48,0.08355510236980358
379,68,49,0.012339685436420174
379,68,48,0.07156824222194252
379,69,48,0.009732640434056836
379,65,47,0.0017874435669593108
379,65,46,0.010008051716290281
379,65,45,0.0025584815996039473
379,65,44,0.0015358889047303015
379,66,43,0.0013766695377062247
379,66,44,0.06460619138286168
379,67,44,0.013959749557233503
379,68,44,0.017241400004266133
379,66,45,0.07329308388078547
379,66,47,0.07830783267896395
379,66,46,0.06899629327709142
379,67,46,0.08186526046003698
379,67,47,0.08355510236980358
379,67,45,0.08353275927691418
379,68,45,0.0403584995997094
379,68,46,0.019659496084258325
379,68,47,0.066623776893362
379,69,47,0.0067899429071756785
380,68,42,0.05933191871304247
380,68,40,0.024820714919867894
380,68,41,0.05939357484224961
380,69,39,0.0029668589749280963
380,68,43,0.0015161557532274925
380,69,42,0.11437594955214946
380,69,43,0.030755659696462722
380,70,43,0.022773865570264108
380,70,42,0.0938738947384134
380,71,42,7.273623085005981e-05
380,69,40,0.10471794520968492
380,69,41,0.11437594955214946
380,70,40,0.11437594955214946
380,70,39,0.05218004315955703
380,70,41,0.11406800360926571
380,71,41,0.02404183861324861
380,71,39,0.02920290182392453
380,71,40,0.037156039488565
381,66,35,0.0075680197237344106
381,66,34,0.004812285385091452
381,67,34,0.13879099884423443
381,67,33,0.09770411524803714
381,67,32,0.01893442019010519
381,68,32,0.008073449702787434
381,68,33,0.0837006796299139
381,68,34,0.14433992500778675
381,69,35,0.12382855337144742
381,69,34,0.08251711394677899
381,67,35,0.06911068660251078
381,68,36,0.020525379692523937
381,68,35,0.05492747339641533
381,69,36,0.12586592559820337
381,69,37,0.01187558388970904
381,70,36,0.007425389770720679
382,71,59,0.011081195610093205
382,71,60,0.0007989337430833583
382,72,60,0.13221620611680726
382,72,59,0.10810812872854053
382,72,61,0.019145722563181884
382,73,61,0.02845689447575439
382,73,62,0.0050784322649210165
382,74,61,0.09346758232484284
382,74,62,0.010833549871201331
382,73,58,0.012885742603506627
382,73,60,0.15740670490513578
382,73,59,0.14704332330116282
382,74,59,0.10016280843280398
382,74,58,0.00036129370295275254
382,74,60,0.14901460974487135
382,75,60,0.0152963392718092
382,75,59,0.008623482657087287
382,75,61,1.904968224442657e-05
383,67,49,0.021423247867037223
383,67,51,0.01709048956480326
383,68,51,0.03843894861850264
383,67,50,0.04608772285177226
383,68,49,0.05867758120340254
383,68,48,0.009876512558479936
383,68,50,0.06884480236700669
383,69,48,0.06082564269646653
383,69,49,0.06884480236700669
383,69,50,0.06882564607952324
383,70,50,0.06495520058065193
383,70,48,0.06884480236700669
383,69,51,0.03702550132831267
383,70,51,0.0053100839961648365
383,72,51,0.005809497691416797
383,70,49,0.06884480236700669
383,71,51,0.00715075252689157
383,71,50,0.05133020694238673
383,71,49,0.028474402805333345
383,72,48,0.00047200722172624477
383,72,50,0.0030780378603543776
383,69,47,0.02235682549113327
383,70,46,0.001174711335153558
383,70,47,0.040062902700921235
383,71,46,0.005697025605165229
383,71,47,0.06485897739194263
383,71,48,0.05655148477134351
383,72,47,0.009067380843087848
384,71,57,0.04491382513295029
384,71,56,0.02438711423606465
384,72,57,0.13232765889420012
384,72,56,0.0935220387094704
384,73,55,0.00013590383072448794
384,73,57,0.13288543756154866
384,73,56,0.08466797915967009
384,74,57,0.10532178659197715
384,74,56,0.047483277968085554
384,75,57,0.006247044384139856
384,75,56,0.0009011750806053382
384,71,58,0.005611588347501361
384,72,58,0.12874603642541177
384,72,59,0.02476123799281853
384,73,58,0.12177069775705841
384,73,59,0.009233132185951823
384,74,59,3.8794145435246677e-07
384,74,58,0.03462571137574697
384,75,58,0.002457966424620138
385,65,46,0.012169863054049384
385,65,45,0.032237816373736176
385,64,42,0.0011558324331367217
385,64,44,0.0011035610126401024
385,64,43,0.02020607985617966
385,65,44,0.09197793066060111
385,65,41,0.022431284467272692
385,65,40,0.015665262838465047
385,66,41,0.10726904542756475
385,65,43,0.10837207842994093
385,65,42,0.041988507706231554
385,66,43,0.10014649835354891
385,66,44,0.01588180307207652
385,66,42,0.10802335428216946
385,67,43,0.037069029445147526
385,67,42,0.07970589431435643
385,68,42,0.022323458167463218
385,66,45,0.01330997438815045
385,66,46,0.01888296891623626
385,66,40,0.06583452901091773
385,67,40,0.0006058656989145299
385,67,41,0.013778553549297228
385,68,43,0.06456436140289115
385,69,43,0.005296447139012198
386,61,51,0.025933623574665318
386,60,52,0.0012066320151899376
386,61,53,0.022240157458309713
386,61,52,0.068096911655247
386,62,51,0.005715036601079094
386,62,52,0.07909625979414583
386,62,53,0.07889259456127669
386,63,51,0.012479611907598666
386,62,54,0.01889416032066825
386,64,55,0.002123881035248404
386,64,54,0.05554325006419484
386,63,52,0.08147535612448084
386,63,53,0.08147535612448084
386,63,54,0.06420477154692628
386,64,52,0.08147535612448084
386,64,53,0.08147535612448084
386,64,51,0.01869739968809966
386,65,51,0.0009717980873235113
386,65,54,0.06138555910993894
386,65,52,0.04604545984630452
386,65,53,0.07752454345773632
386,65,55,0.02461736105650757
386,66,53,0.00886726034524698
386,66,52,0.0015623033763689366
387,69,60,0.12301400925594487
387,70,59,0.11818556756332682
387,70,58,0.027257983400189232
387,70,60,0.07888810072525694
387,71,58,0.0002484283015316329
387,71,59,0.018791080025307307
387,71,60,0.02901036841338955
387,69,61,0.013713582849813628
387,66,59,0.003206672344078639
387,66,60,0.0244313379490846
387,67,62,0.007656559412612324
387,68,61,0.07784777686032515
387,68,62,0.02766034774116593
387,67,60,0.11687917358828877
387,67,59,0.02969395653250081
387,67,61,0.0695957585596348
387,68,59,0.040666967344237435
387,68,60,0.11891797378879235
387,69,59,0.07433435534451917
388,66,41,0.0019797453826829394
388,66,42,7.819827823068678e-05
388,67,42,0.05406712215917269
388,68,42,0.05626441017718997
388,66,40,0.0010655551837067585
388,67,39,0.09220487622146703
388,67,40,0.16657833650374257
388,67,41,0.17841229389188348
388,67,38,0.00013244582384020634
388,68,39,0.13521054786501863
388,68,40,0.16004312915373206
388,68,41,0.09825836907252618
388,69,39,0.043491086159094555
388,69,40,0.012213884127712064
389,75,41,0.01458938474860957
389,75,42,0.021298177184651407
389,76,42,0.10259311589883838
389,76,43,0.03391001109522316
389,77,42,0.10506869757894621
389,77,44,0.014730044088201872
389,77,43,0.08488658630951573
389,78,43,0.10157042765895571
389,78,44,0.07718674955428902
389,76,40,0.03281530114824513
389,76,41,0.10488261918986208
389,77,40,0.044566711782156425
389,77,41,0.10506703916679858
389,78,40,2.3042323063503887e-06
389,77,45,0.0002302336786182746
389,78,45,0.005506664606066713
389,78,42,0.09959627013895593
389,78,41,0.02972683267637641
389,79,42,0.01139452972262465
389,79,43,0.008318885665017855
389,79,44,0.002059413875740173
390,73,44,7.168103251632213e-05
390,74,44,0.05824128518410844
390,74,43,0.0069132133723310155
390,75,43,0.008464286439453728
390,74,48,3.880958733075709e-07
390,75,48,0.0006445578471757509
390,73,46,0.004903950651662401
390,73,45,0.001255944763975002
390,73,47,0.0017865581960261894
390,74,45,0.05767739754014092
390,74,47,0.04736369325484816
390,74,46,0.05546355889693469
390,75,46,0.07019709082148293
390,75,45,0.07019709082148293
390,75,42,0.003997879203167163
390,75,44,0.06623417009848684
390,76,42,0.0016539524714671175
390,76,43,0.042399362499405374
390,76,44,0.07019709082148293
390,77,44,0.06035585107558214
390,77,43,0.01348380184007696
390,78,44,0.0006316338233714013
390,75,47,0.058484630484160464
390,76,47,0.05171318941636469
390,76,46,0.07019709082148293
390,76,45,0.07019709082148293
390,77,47,0.011207733205332183
390,77,46,0.03075502652361769
390,77,45,0.06301461422076261
390,78,45,0.002296185755744788
392,69,65,0.0020255832553438963
392,69,64,0.03274617561150811
392,70,64,0.1221341481064763
392,70,65,0.056564616132446684
392,70,62,0.04333769885669141
392,70,63,0.10124847372827113
392,71,62,0.06313089399500534
392,71,63,0.12099304384128026
392,71,64,0.1221341481064763
392,71,65,0.060316983574111326
392,72,65,0.06074157078261387
392,72,64,0.1196372361244275
392,73,65,0.01135227566583858
392,72,63,0.04386368293882393
392,73,64,0.019777441867787363
392,69,63,0.019996027412897906
393,72,51,0.0018647998097762915
393,72,50,0.052729046689848916
393,72,49,0.007283059281378951
393,73,50,0.18666567589721683
393,73,51,0.1282803530732452
393,73,49,0.07958967463345559
393,74,51,0.15625782965127014
393,74,50,0.187751925004004
393,74,49,0.13988818491370922
393,75,51,0.005663359060956583
393,75,49,0.0003946732864598147
393,75,50,0.0536314186986783
394,65,36,0.0006800928788133216
394,66,36,0.06328005601938992
394,66,37,0.04522102280221512
394,66,35,0.026580064160711302
394,65,35,0.0028726620800677365
394,69,35,2.8601976022155745e-05
394,67,36,0.11602927065295023
394,67,37,0.11602927065295023
394,67,35,0.06023862160798299
394,68,36,0.0996835100627589
394,68,35,0.07228677509809679
394,68,37,0.11232792567156581
394,69,36,0.007330636490521856
394,69,37,0.037919783212856474
394,66,38,0.02504302402240381
394,67,39,0.016861762980853654
394,67,38,0.08250535577747285
394,68,39,0.02830762589302175
394,68,38,0.08677393795934503
395,67,56,0.0043528094886691624
395,67,57,0.051315714584148193
395,68,57,0.15458471773316723
395,68,56,0.03770651054626598
395,70,57,0.004771934314446409
395,70,59,0.006632541134655097
395,70,58,0.09066929771482297
395,67,59,0.05943577920677574
395,67,58,0.08636323764740646
395,68,59,0.10425616549062817
395,68,58,0.15475971969352562
395,69,57,0.041542823639061005
395,69,59,0.06244525934782864
395,69,58,0.1411634894585993
396,68,44,0.020254552566856154
396,67,46,0.0019499850708714504
396,68,45,0.04984651524335907
396,68,46,0.07373203234632884
396,68,47,0.019537822868700504
396,69,46,0.09641801477083524
396,69,44,0.04100799815882112
396,70,44,0.0963484711454342
396,70,43,0.028814630799535768
396,71,43,0.01489971830002382
396,71,44,0.054826525407765433
396,69,47,0.05696858527055423
396,69,45,0.09509366096241192
396,70,46,0.0947728167170954
396,70,45,0.09641801477083524
396,70,47,0.040309413807937226
396,71,46,0.04790553784135545
396,71,45,0.07024314229698375
396,71,47,0.0006525616542952786
397,52,28,7.031169938477066e-05
397,47,33,0.0017260205456869325
397,47,34,0.00043057602500963787
397,48,32,0.00737855094919424
397,48,34,0.03593083440271733
397,48,33,0.03398729321120262
397,49,32,0.033262311726125454
397,49,33,0.042558046723894384
397,49,35,0.01908236097108772
397,48,36,0.004381126477914723
397,48,35,0.01604744838773844
397,49,36,0.01676796933093846
397,50,36,0.0025308582190770534
397,50,35,0.012478156431061095
397,49,34,0.027143482070356408
397,50,33,0.040350015714881726
397,50,34,0.00961601602598196
397,50,32,0.042558046723894384
397,51,34,0.042498517441928695
397,51,32,0.042558046723894384
397,51,33,0.042558046723894384
397,52,33,0.042558046723894384
397,52,32,0.042558046723894384
397,52,34,0.04151540966257333
397,49,31,0.001579162736475716
397,50,31,0.025411841952932303
397,51,29,0.00038649715453972983
397,51,30,0.011803531610817278
397,51,31,0.03358141043012997
397,52,31,0.042558046723894384
397,52,30,0.042558046723894384
397,52,29,0.030583031489125348
397,51,35,0.04211720945702667
397,51,36,0.017108361440659785
397,52,35,0.026576417796747798
397,52,36,0.00325449314371595
397,53,32,0.04129844815699402
397,53,34,0.001512672399001833
397,53,33,0.018875471433582435
397,54,32,0.016229081328129395
397,54,33,0.0015470806267221316
397,53,31,0.022011491028419868
397,53,30,0.00828370630183064
397,53,29,0.005682875046873112
397,54,31,0.006495583382260217
400,49,35,0.03790744313728639
400,49,36,0.03594027869428164
400,49,37,0.05671728260206045
400,50,38,0.06872075019265958
400,50,37,0.06872075019265958
400,50,36,0.06463403830537306
400,50,35,0.048571604802431216
400,49,34,0.0248907205200664
400,50,33,0.0035654255556520076
400,50,34,0.05319325572240473
400,51,34,9.612510982125531e-05
400,49,41,0.013449912167952473
400,48,39,0.014832691946705735
400,48,38,0.006404332945964171
400,48,40,0.0030826529092374683
400,49,38,0.06713596737474795
400,49,40,0.06556847825810433
400,49,39,0.06872075019265958
400,50,40,0.02966027673718226
400,50,39,0.067737018509623
400,51,39,0.03597687489955531
400,51,38,0.05100384523320605
400,51,35,0.0007118434708382038
400,51,37,0.06679723502850138
400,51,36,0.04108937043853471
400,52,37,0.0014282656142931662
400,52,38,0.0005622351161164593
400,52,36,0.0028193062843452532
400,51,40,6.126803773619095e-05
401,57,53,0.13140150221404925
401,57,52,0.03855422127557893
401,58,54,0.11875340785821115
401,58,52,0.017834176153819537
401,58,53,0.16770167949862597
401,59,52,0.05528547669209067
401,59,53,0.1553554791133942
401,57,54,0.04791324494680693
401,59,54,0.05900609661929923
401,60,52,0.06770915831652474
401,60,53,0.13176142097986399
401,60,54,0.008724136331735598
403,52,51,0.02113420175252295
403,52,50,0.014497870892225848
403,53,49,0.002694906212601803
403,53,50,0.04100894704336872
403,54,50,0.010811119989877004
403,55,51,0.0636646448831554
403,55,49,0.007168385257099035
403,55,50,0.053293726954387485
403,52,53,0.0061831786294481335
403,52,52,0.024495143851314512
403,53,51,0.06357252178071825
403,53,52,0.0636646448831554
403,53,53,0.036247578988513475
403,54,53,0.050330271100815074
403,54,52,0.0636646448831554
403,54,51,0.06318564405903476
403,54,54,0.015145096780948374
403,55,53,0.0636646448831554
403,55,54,0.01984604152324384
403,56,54,0.017997611298898267
403,56,49,0.002403323588587101
403,56,51,0.04813605728219548
403,56,50,0.01987981920992463
403,57,51,0.001422666450630853
403,55,52,0.0636646448831554
403,56,52,0.0636646448831554
403,56,53,0.0636646448831554
403,57,53,0.015473229925234136
403,57,52,0.01604174511958646
403,57,54,0.003378398126735969
406,57,32,0.022258443536381217
406,57,34,0.032672859761917236
406,57,33,0.0787112416898298
406,58,33,0.09929140552545934
406,58,32,0.10000847519715955
406,57,30,0.009361344666755407
406,57,31,0.008930999934553542
406,58,30,0.0824541720487737
406,58,31,0.10000847519715955
406,58,29,0.001393705582642519
406,59,31,0.04304537537038178
406,59,35,0.0020244019960403634
406,58,34,0.014417293397295671
406,59,32,0.07754019651522093
406,59,34,0.07103069979818734
406,59,33,0.10000847519715955
406,60,32,0.008421051636151474
406,60,33,0.058040427082998225
406,60,34,0.07809847322075307
406,61,34,0.0002128058652599484
406,61,33,0.00017763587386089273
406,59,30,0.007202396527530127
406,60,35,0.0046896443785284505
407,49,55,0.025091849965497705
407,49,54,0.01990612358420402
407,50,55,0.0351961410571344
407,51,54,0.03673828421788889
407,50,53,0.0007704346739072912
407,50,54,0.039874372629758466
407,52,54,0.041976133554780484
407,51,57,0.010970876509738296
407,51,55,0.0487492250634463
407,51,56,0.01257225053008248
407,52,56,0.04923590576329038
407,52,57,0.03896283556805932
407,52,55,0.04997661160531507
407,53,55,0.04997661160531507
407,53,54,0.04997661160531507
407,53,57,0.0032246208333925963
407,53,56,0.03806045749404394
407,52,53,0.005118270406923098
407,53,53,0.021522338750001965
407,54,53,0.010467455221704046
407,54,54,0.03808774265873546
407,54,56,0.02908783232630062
407,54,55,0.04997661160531507
407,55,57,6.592205405299847e-06
407,55,56,0.022845213657494305
407,55,55,0.04997661160531507
407,55,54,0.034397510976850926
407,56,56,0.044784518234328795
407,56,57,2.7164428260878084e-05
407,56,55,0.04997661160531507
407,56,54,0.03584852479419315
407,57,55,0.017698271327118705
407,57,56,0.027989219841905034
407,57,54,0.009848031257509757
407,52,58,0.0010821328361532946
408,58,54,0.04383605930706939
408,59,53,0.014577482777247698
408,57,55,0.08962329201044221
408,57,56,0.021122344165991135
408,57,54,0.06575612383817428
408,58,56,0.052496582448465993
408,58,55,0.13876390226362298
408,59,55,0.13876390226362298
408,59,54,0.09159623293623899
408,59,56,0.10482769445875345
408,59,57,0.006718854092818227
408,60,55,0.12286445496460284
408,60,56,0.012117462099807581
408,61,55,0.0006469874764792092
408,60,53,0.004708132220191949
408,60,54,0.09158049267647088
409,51,42,0.05584760102647886
409,51,43,0.05008262567253916
409,51,44,0.002123663859395445
409,52,44,0.05408813570291027
409,52,41,0.0030289262243375988
409,53,40,0.00822222853403755
409,53,41,0.0893542735071575
409,54,41,0.02022287432239416
409,52,43,0.15402778711949963
409,52,42,0.14262992824830403
409,53,42,0.15288520022432023
409,53,43,0.15087928620271152
409,53,44,0.023443604548348623
409,54,43,0.029523917741207148
409,54,42,0.06363994706635842
410,55,33,0.0017062845720737397
410,55,34,0.017286283814867135
410,56,36,0.014641764262442566
410,56,37,0.005744210419472173
410,56,35,0.02358867304031688
410,56,34,0.06048126209789964
410,56,33,0.017684890728570216
410,57,34,0.041096603004750216
410,57,33,0.0005901916630867586
410,58,33,0.0004376454783123052
410,58,35,0.061037662991893685
410,57,36,0.061037662991893685
410,57,35,0.061037662991893685
410,57,37,0.059437410472775835
410,57,38,0.036523247361366154
410,58,37,0.061037662991893685
410,58,36,0.061037662991893685
410,58,38,0.05846830215632762
410,59,35,0.05980212003865069
410,59,36,0.0609802723844553
410,59,37,0.061036646819926585
410,58,34,0.05223842978786239
410,59,34,0.017685857979239456
410,56,38,0.005082634885998371
410,58,39,0.024959162164265494
410,58,40,0.001344205891845355
410,59,39,0.004010755870708056
410,59,38,0.058651034316678174
410,60,37,0.0017067441673745136
410,60,38,0.001294302115548803
410,60,36,0.002196577550592779
410,60,35,0.006136171995124427
412,37,31,0.03565603198519317
412,37,30,0.005478201089222464
412,38,29,0.0014343662605416398
412,38,32,0.018916014973570473
412,38,31,0.09561681605374488
412,38,30,0.03465570492219919
412,39,31,0.08926281830821867
412,39,29,0.0034188021053342633
412,39,30,0.08480304745433596
412,37,32,0.0008223080177224412
412,39,32,0.02485210287209985
412,40,32,0.012508821283226812
412,40,30,0.09566701287153838
412,40,29,0.00942512240082864
412,40,31,0.07924274086993417
412,41,31,0.09559980485480493
412,41,30,0.0961303511753606
412,41,29,0.027912730270961274
412,42,30,0.046140450876902224
412,42,29,0.031707603213160504
412,42,31,0.0070402826255982764
412,43,30,2.895147909325642e-06
412,40,33,0.0020725349492057496
412,41,33,0.011278703744433521
412,41,32,0.08029371381482556
412,42,32,0.00015203239934217106
412,43,29,0.009908985459784749
413,46,42,0.018974543772444345
413,45,41,9.008387866184028e-05
413,46,41,0.08310344301663333
413,46,40,0.036734988933150366
413,46,39,0.005592616709751441
413,47,41,0.10148782969707189
413,47,39,0.03289601309216504
413,47,40,0.10148782969707189
413,47,43,0.017739376392107077
413,47,42,0.08666010184865498
413,48,42,0.10148782969707189
413,48,41,0.10148782969707189
413,48,43,0.05546994217731058
413,49,41,0.04849220409803225
413,49,42,0.06219908350316785
413,48,39,0.038157455598588914
413,48,40,0.09693532186514643
413,49,40,0.004094919175970368
413,49,43,0.006908587149927665
414,50,26,0.0236942660759481
414,50,25,0.976305733924052
416,59,47,0.011805826900983342
416,60,47,0.0004341486645085051
416,56,51,0.005875707421354631
416,57,50,0.033917531554804876
416,57,49,0.0007157463039022952
416,57,51,0.06896235195263986
416,58,49,0.04975435710441037
416,58,48,0.0021146447420143906
416,57,52,0.038185810740242736
416,58,52,0.06514692514224948
416,58,53,0.002463554513158102
416,59,52,0.04948259698712715
416,58,50,0.07260622251335708
416,58,51,0.07260622251335708
416,59,51,0.07260622251335708
416,59,48,0.05588788081146222
416,59,50,0.07260622251335708
416,59,49,0.07260622251335708
416,60,48,0.029523355341461468
416,60,49,0.03102716885496597
416,60,50,0.06012897262670484
416,61,51,0.015418791140247764
416,60,51,0.07260622251335708
416,60,52,0.03505510570809087
416,61,52,0.008459411873922093
416,61,50,2.7765356065144e-06
417,48,45,0.01012913754627435
417,49,45,0.05124533936875606
417,49,46,0.0032805071843518864
417,47,43,0.0002612751850915336
417,47,44,0.0148787607050624
417,48,44,0.057532884414588724
417,48,43,0.021971026672746325
417,49,44,0.06911456923445584
417,49,42,0.02036116276725566
417,49,43,0.06440972899586589
417,50,44,0.06911456923445584
417,50,42,0.023434074853574845
417,50,43,0.0671042533257276
417,51,43,0.040030811456506325
417,51,44,0.06816164953349939
417,52,44,0.04484441467525829
417,50,45,0.05270120483267535
417,50,46,0.0005437242356144368
417,51,45,0.066036535070801
417,51,46,0.02420995963508282
417,51,47,0.00863434286841976
417,52,46,0.03174802636243173
417,52,47,0.03469802227681742
417,52,45,0.03359917235464613
417,53,44,0.006440426173036639
417,53,45,0.001574998254899267
417,53,46,0.050120217197576505
417,53,47,0.051802168022765015
417,54,47,0.005184036728491647
417,54,46,0.00683300083327128
419,52,28,0.001029182393408429
419,53,28,0.026262617827159086
419,54,28,0.04042619335201356
419,54,27,0.006385855980521063
419,55,28,0.04117618970277951
419,55,27,0.005877894751324755
419,56,28,0.03369394289918964
419,57,28,0.006736391612395091
419,52,29,0.0023121302163882427
419,54,32,0.028791645604169632
419,54,33,0.010503552950685235
419,55,33,0.03487306821584874
419,55,34,0.003730960624772018
419,53,31,0.022468378118100662
419,53,30,0.037480191413349434
419,53,29,0.04032429146222678
419,54,29,0.046538714319445
419,54,30,0.046538714319445
419,54,31,0.03943556643941277
419,55,29,0.046538714319445
419,55,31,0.046538714319445
419,55,30,0.046538714319445
419,56,29,0.04005611302456023
419,55,32,0.046538714319445
419,56,32,0.046538714319445
419,56,33,0.03305471055775386
419,57,32,0.03618079872386192
419,57,33,0.009460621781490734
419,56,30,0.046538714319445
419,56,31,0.046538714319445
419,57,30,0.03577284013907717
419,57,31,0.04238269400494896
419,57,29,0.002735739329557401
418,58,28,7.704524293261199e-05
418,59,28,0.002063052722255355
418,58,30,0.014739189101272835
418,58,29,0.024026562681866946
418,59,29,0.027938784762726595
418,59,31,0.06855605216623617
418,59,32,0.027040952653359988
418,60,32,0.11022701023142009
418,60,33,0.0483162020898557
418,61,32,0.07863748324735495
418,61,33,0.0032737033825385705
418,59,30,0.09901403510866591
418,60,31,0.0907376871102465
418,60,29,0.012818024452553074
418,60,30,0.062190723773324776
418,61,30,0.11646681685599777
418,61,31,0.12036188802104451
418,61,29,0.013695116957560557
418,62,31,0.03584972592318243
418,62,30,0.013704060273402869
418,62,32,0.030265883242201804
420,51,25,0.010632870134112179
420,51,26,0.012650503386797454
420,52,25,0.07776022743849426
420,52,27,0.018601448238777806
420,52,26,0.1029769409341462
420,53,28,0.028880460976278496
420,53,27,0.12418356960409394
420,53,26,0.13800744820446403
420,54,28,0.01812627256999726
420,53,25,0.10663738781540458
420,54,26,0.1272617421449945
420,54,25,0.0933727102599851
420,54,27,0.10844153436885146
420,55,27,0.0003349389278608863
420,55,26,0.019680065465187715
420,55,25,0.012451879530554323
422,46,28,0.0009034529463071014
422,47,28,0.020117842446364612
422,48,27,0.0029552628293600465
422,48,28,0.04394920288573841
422,49,28,0.045087793627380905
422,49,27,0.001596025620648189
422,50,28,0.023969865538993773
422,51,28,0.004433926040410694
422,46,31,0.005732337161650535
422,46,29,0.016546653888251082
422,46,33,0.01943207693713042
422,46,34,0.0317086592298109
422,46,35,0.0008354481737349579
422,46,32,0.012247913538048756
422,46,30,0.000180639821143326
422,47,30,0.042331528148791736
422,47,29,0.04576510735857693
422,47,31,0.04664734352449463
422,48,31,0.04665381789539181
422,48,30,0.04665381789539181
422,48,29,0.04665381789539181
422,49,29,0.04665381789539181
422,49,30,0.04665381789539181
422,47,33,0.04118995573914132
422,47,32,0.04665381789539181
422,47,34,0.019019198304944904
422,48,32,0.0385651578460032
422,48,33,0.009395599760524481
422,49,32,0.010190353204021455
422,49,31,0.04492267710284782
422,50,30,0.04665381789539181
422,50,31,0.018796349375979144
422,50,29,0.04665381789539181
422,51,29,0.036145199477366274
422,51,30,0.033714318630629056
422,51,31,0.009840544555051584
422,52,29,0.0005490231235192096
423,45,28,0.002317542543414883
423,46,26,0.028702263586989123
423,46,28,0.09316738239385843
423,46,27,0.037759290716645404
423,47,27,0.10464603768867306
423,47,26,0.06952476394898059
423,47,28,0.05952105984489831
423,48,26,0.09177478490565265
423,48,27,0.09801728661594053
423,48,28,0.0060665398246323565
423,49,28,0.0035126435941233622
423,49,27,0.10106610008045995
423,49,26,0.09478795048534897
423,50,27,0.09491047212838068
423,50,28,0.05084842614085868
423,50,26,0.053116678679391405
423,51,28,0.0014647917769249935
423,49,25,0.0042129051649691315
423,51,27,0.00021587946029282473
423,46,29,0.002716443015035487
423,47,29,0.0016507574045288988
424,40,27,0.004931528069554133
424,40,28,0.03682233373750483
424,41,27,0.022212452412163478
424,41,28,0.0887090197322992
424,42,28,0.0887090197322992
424,42,27,0.03258419916772837
424,43,27,0.049643753863071946
424,43,28,0.0887090197322992
424,44,28,0.0887090197322992
424,44,27,0.07332011556672928
424,45,27,0.08800317446381573
424,45,28,0.07722399506263639
424,45,26,0.004921259796940695
424,46,26,0.012442661576417777
424,46,28,0.0015288376435457338
424,46,27,0.05670026202638671
424,40,29,0.005628340819787799
424,41,29,0.05898059698785541
424,42,29,0.059414278073655416
424,43,29,0.024651138616869725
424,44,29,0.02910618341171909
424,45,29,0.007048809774420549
425,41,35,0.00299286984157064
425,41,31,0.0004720666673465699
425,42,30,0.04092666576831969
425,42,29,3.3735822488078894e-05
425,42,31,0.07905720333299542
425,43,30,0.0028676867106633315
425,41,33,0.04354200854073362
425,41,34,0.005248240722596683
425,41,32,0.012430293621813401
425,42,32,0.08539907511688596
425,42,33,0.08553434969198996
425,42,34,0.07000785114228295
425,43,34,0.043079360591867885
425,43,33,0.08516256600801456
425,43,35,0.0329965952771659
425,42,36,0.050868350284896446
425,42,35,0.07459967114120086
425,42,37,0.00911563202643607
425,43,36,0.045359761724726326
425,43,37,0.004636151174708535
425,43,29,0.018570474836767097
425,43,31,0.03903943788513868
425,44,31,0.006088411256058151
425,43,32,0.08553434969198996
425,44,34,0.03557860773450747
425,44,32,0.011415233518236267
425,44,33,0.029405794569421988
425,45,34,3.755529917768955e-05
426,45,28,0.007519362478203774
426,46,28,0.005121013013980746
426,42,30,0.0029104266172457613
426,42,31,0.0001743770089014512
426,43,30,0.06771244559832779
426,43,29,0.028160115233227923
426,43,31,0.03808527139656846
426,44,31,0.06507637092112256
426,44,30,0.07006355739056175
426,44,29,0.04707510866188429
426,45,30,0.07006355739056175
426,45,29,0.06449631417611047
426,45,31,0.07006355739056175
426,46,31,0.061454874289686906
426,46,29,0.043395461760420716
426,44,34,0.0005324022338843368
426,44,32,0.06071302311267608
426,44,33,0.04597645574252403
426,45,34,0.0012620522076060934
426,45,32,0.06966422351641706
426,45,33,0.044486306064179436
426,46,33,0.008019834383376008
426,46,32,0.05166994178097027
426,46,30,0.06979227694564567
426,47,30,0.006491108539039057
426,47,29,1.0839095183516902e-05
426,47,31,9.723051132481975e-06
427,36,30,0.0015511359099844202
427,37,29,0.07044417244588226
427,37,31,0.01007152225699644
427,37,30,0.10972946520325638
427,38,29,0.14270825266377618
427,38,30,0.09264320295949055
427,39,29,0.139717678436279
427,39,30,0.01707041457854196
427,37,28,0.0007391422212910319
427,38,28,0.0699201253051609
427,39,28,0.12025958097328374
427,39,27,0.00014330630980452917
427,40,27,0.012020499395094145
427,40,28,0.08473565776866877
427,40,30,0.0006982576905467089
427,40,29,0.12106327712997139
427,41,29,0.006484308751971673
428,43,34,0.02450311999901073
428,43,33,0.00021457690639467022
428,43,35,0.03032244097081369
428,43,38,0.005605582442166311
428,43,36,0.021580301179320707
428,43,37,0.00012640695983294573
428,44,38,0.04876661122707445
428,44,34,0.02845708969481357
428,45,34,0.048455685361882134
428,45,32,0.00028136960325605607
428,45,33,0.018021664386720843
428,45,35,0.049366599284656296
428,46,33,0.02315385027295207
428,46,34,0.015814175395969382
428,44,36,0.04822299646123022
428,44,35,0.049366599284656296
428,44,37,0.041320210117266554
428,45,38,0.035575153697537894
428,45,37,0.04918231641715176
428,45,36,0.049366599284656296
428,46,37,0.04610403687179317
428,46,35,0.04848257227301176
428,46,36,0.049366599284656296
428,47,37,0.045100842351912085
428,47,35,0.04905924130938611
428,47,33,0.003779415537400446
428,47,34,0.028742030152131583
428,48,34,0.007687451850326542
428,47,36,0.016934060410539003
428,48,37,0.00308539181008749
428,48,35,0.02126948647441357
428,43,40,0.0010678278145800706
428,43,39,0.005375571410520225
428,44,40,0.0008459510572872873
428,44,39,0.04521318603378667
428,45,39,0.016509778110949013
428,45,40,0.0013058512591852577
428,46,38,0.012123801018237883
428,47,38,0.010243556022432543
415,50,26,0.3423913801602239
415,50,25,0.10210354945807193
415,51,25,0.3152436171908748
415,51,26,0.2402614531908293
429,50,27,0.01582088723165196
429,50,28,5.268457975707522e-05
429,50,26,0.03150029480795578
429,51,28,0.15151386397904504
429,51,25,0.015161191423932907
429,51,26,0.13023251587224902
429,51,27,0.16970537013826623
429,52,28,0.16601451654393562
429,52,27,0.14713502331085399
429,52,26,0.04316545655402935
429,53,28,0.03850326206478172
429,53,27,0.017034124756682013
429,51,29,0.03676020439291486
429,52,29,0.037400604343944585
405,45,38,0.026993223296118207
405,45,37,0.000360686525627523
405,46,37,0.006385630510712642
405,47,37,0.008349126905164974
405,47,35,0.0006015745344389514
405,47,36,0.06305246089691725
405,48,37,0.09058361285504937
405,48,36,0.08667570278568636
405,48,35,0.01855927167376454
405,49,36,0.008020388196990235
405,49,37,0.016877068007383804
405,45,39,0.06430881412249538
405,45,40,0.06740199384173451
405,45,41,0.030639008080610822
405,46,41,0.014189395222148229
405,46,40,0.06164857307540723
405,46,39,0.09129797203776824
405,46,38,0.07289324120719431
405,47,38,0.0765733393305258
405,47,39,0.06530350743621094
405,48,39,0.03943929698231555
405,48,38,0.08761788240863562
405,49,38,0.002228230067099543
431,53,41,0.0023593368963378326
431,54,41,0.10959778140095751
431,54,40,0.0009993284262135138
431,54,44,0.032242071840426066
431,54,43,0.09214348192675756
431,54,42,0.08273858013625848
431,55,44,0.13084100400494791
431,55,43,0.14099286364520655
431,54,45,0.005134796533013316
431,55,45,0.011248119710595333
431,55,41,0.03354291997585413
431,55,42,0.13423247770886018
431,56,42,0.01318159458611981
431,56,44,0.1271809794699233
431,56,43,0.042710082446936956
431,57,44,0.026839195209993425
431,56,45,0.010459553205086411
431,57,45,0.003555832876511631
430,56,47,0.01596805368056328
430,57,48,0.11421192930998325
430,57,47,0.0405065336266096
430,58,47,0.09824545035544249
430,59,46,0.0168737751436144
430,59,47,0.08267267547889616
430,55,49,0.01618091131246287
430,56,49,0.10590770884254315
430,56,51,0.018615012884796778
430,56,50,0.07854829668521544
430,56,48,0.06201460331952192
430,57,50,0.060858558452631994
430,57,49,0.11308603729363256
430,57,51,0.003179716887187809
430,58,49,0.0359467211809253
430,58,48,0.11088552494090533
430,59,48,0.026298490605067514
432,52,46,0.028800196445863117
432,52,47,0.004338976284388962
432,52,45,0.027373428965437166
432,53,43,0.0010888972089436984
432,53,44,0.04019810174711681
432,54,44,0.041088229978928026
432,54,43,0.008245540024826557
432,55,44,0.0038355761525076908
432,53,45,0.05205600418380846
432,53,46,0.014639863042657046
432,53,47,0.0018071206793988828
432,54,45,0.051329902186082764
432,54,47,0.048073274500762916
432,54,46,0.04800340805018691
432,55,46,0.053269931286948395
432,55,45,0.049020166096005305
432,55,47,0.053269931286948395
432,56,47,0.0458222230879104
432,56,44,0.002650255397983814
432,56,45,0.037871547682931744
432,56,46,0.050323841268776086
432,57,46,0.0031080313341161738
432,57,47,0.005982476364729438
432,53,49,0.020480733205853884
432,53,48,0.011937742683288526
432,53,50,0.01629813386777151
432,54,49,0.053269931286948395
432,54,48,0.05323438234553235
432,54,50,0.04422397461739225
432,55,49,0.03972496157843284
432,55,50,0.008677627692135596
432,53,51,7.708189287435527e-05
432,54,51,0.0004007929524169778
432,55,48,0.053269931286948395
432,56,49,0.0018622706912259156
432,56,48,0.02434551264192045
398,55,41,0.023777611035660912
398,56,41,0.07147402598690576
398,57,41,0.06520681142711253
398,55,42,0.006352958063538049
398,56,42,0.12010847309980464
398,56,44,0.006084704316604374
398,56,43,0.09235957727850372
398,57,43,0.12109121507477576
398,57,44,0.0870486961504738
398,57,42,0.1324956531224643
398,58,42,0.1324956531224643
398,58,43,0.015919578443754998
398,58,44,0.0001065043301491942
398,58,41,0.054235214048764795
398,59,41,0.013082768732174734
398,59,43,0.011442296522090424
398,59,42,0.0467182592447576
399,57,43,0.005069478835638512
399,57,44,0.008767821202941783
399,58,43,0.05182017218685416
399,58,44,0.05884936943533722
399,56,45,0.012655628092449576
399,56,46,0.0032572787820578765
399,57,45,0.05727872080821938
399,57,46,0.05546038694548607
399,57,47,0.03139394534055951
399,58,45,0.058896712535044325
399,58,47,0.008233580562588633
399,58,46,0.058896712535044325
399,59,46,0.050195258229714025
399,59,40,9.94730422695806e-06
399,59,41,0.03107717390229784
399,60,41,0.023394997816779454
399,59,47,0.006687485963616131
399,59,45,0.058407392485702994
399,60,47,0.041607502813975523
399,60,46,0.009508818633647111
399,60,45,0.002977229652266626
399,59,43,0.053810404923281346
399,59,42,0.03802413035166074
399,59,44,0.058517157958795515
399,60,42,0.05776223162127738
399,60,44,0.030915911480793118
399,60,43,0.058802098826081776
399,61,43,0.024330133044717955
399,61,44,0.020611153716597087
399,61,42,0.010957226529947319
399,60,48,0.011823937482399625
402,53,38,0.000514016300737558
402,54,38,0.02493867743807865
402,55,38,0.012412349178741044
402,57,38,0.029218065696089254
402,58,38,0.003118409833658028
402,53,40,0.003561759434539227
402,53,39,0.0023679950778090395
402,53,41,0.00030762227159323186
402,54,41,0.006769342036052331
402,54,39,0.07231399189428493
402,54,40,0.06731950040115137
402,55,40,0.07408085538732503
402,55,41,0.043162125396685465
402,55,39,0.06873111500458853
402,56,39,0.07408085538732503
402,56,40,0.07408085538732503
402,56,41,0.03411835957478772
402,56,38,0.04275878148442663
402,57,39,0.07408085538732503
402,57,41,0.03762247917829086
402,57,40,0.07408085538732503
402,58,39,0.032395176147701606
402,58,40,0.06955247749938459
402,58,41,0.04375690924900484
402,59,40,0.01171478585452157
402,59,41,0.022941784111248472
421,49,41,0.03764268295511916
421,49,42,0.010668661881560897
421,49,40,0.0006366864850466697
421,50,40,0.06553732342089044
421,50,39,0.0016505468512569657
421,51,39,0.03602221892047068
421,50,41,0.11530259704189523
421,50,42,0.07620794999685057
421,50,43,0.00335377399755892
421,51,41,0.11530259704189523
421,51,42,0.07349602721877131
421,51,43,0.011028905051781453
421,51,40,0.11519979892274143
421,52,39,0.013967934213997318
421,52,40,0.10424329145281362
421,52,41,0.11303519408528798
421,53,40,0.05131098529262286
421,53,41,0.04600525951023596
421,52,42,0.008532244429027986
421,53,42,0.0008553212301752336
411,51,39,0.01555148641227392
411,51,38,0.024437805035869235
411,51,37,0.0026531997926733724
411,51,36,7.717641665806771e-06
411,52,37,0.08891638237821328
411,52,38,0.0940144176867725
411,52,36,0.0034372770001732497
411,53,37,0.09081438779576247
411,53,36,0.0014885402278271185
411,53,38,0.09413222842923322
411,54,36,0.0026585118651247255
411,54,37,0.08801886982959714
411,54,38,0.06287972648633024
411,55,37,0.07055034192088079
411,55,38,0.07890775226163506
411,56,37,0.017557277430783738
411,52,39,0.08330693753364277
411,52,40,0.009091823608667938
411,53,40,0.04298985761923653
411,53,39,0.09175997544251951
411,54,39,0.0022607848861681996
411,54,40,0.007979619926129283
411,55,39,0.006845244270344863
411,56,38,0.019739834518475084
404,52,34,0.0017625095536322856
404,52,37,0.0029625749628185817
404,52,35,0.02701589528288248
404,52,36,0.060879887042048546
404,53,37,0.0030172746844732484
404,53,36,0.070811846514945
404,53,32,0.0021292687458189445
404,53,35,0.07194158611602994
404,53,34,0.06938451265906058
404,53,33,0.0400338399163596
404,54,33,0.053089494895166976
404,54,34,0.07194158611602994
404,55,33,0.016022167904456344
404,55,35,0.07194158611602994
404,55,34,0.04579975406095343
404,54,35,0.07194158611602994
404,54,36,0.0699238871127791
404,54,37,0.005138955572151728
404,55,36,0.07194158611602994
404,55,37,0.018396835595953266
404,56,36,0.05468417990247595
404,56,37,0.051845978170852354
404,56,35,0.04413897261953669
404,56,34,0.000655797762696535
404,57,37,0.0018861256930298904
404,56,38,0.0007123107677588988
433,71,110,0.0005238110169024954
433,72,110,0.0039073249010991625
433,71,109,0.05282109761730899
433,72,109,0.7100622521206067
433,73,109,0.22550384072469232
433,73,110,0.0071816736193902
434,69,110,0.002757710675728277
434,69,111,0.006207343067116489
434,70,109,0.11180375792415152
434,70,111,0.11402019345207794
434,70,110,0.2777913291310517
434,71,111,0.07249517752509373
434,71,110,0.3172293643020994
434,72,111,0.0019870633292850006
434,72,110,0.06761396870240916
434,71,109,0.0280940918909868
435,70,109,0.07556136874068345
435,71,110,0.00018079273512066024
435,70,107,0.0016343053001779192
435,70,108,0.14998818764196345
435,71,109,0.24686491322354834
435,71,108,0.19669533630326888
435,72,108,0.20797797239697557
435,72,109,0.12052628422432324
435,72,107,0.0005708394339383556
436,73,110,0.6818904074441529
436,73,111,0.0005633807711621959
436,74,110,0.3120738431317085
436,74,111,0.005472368652976463
437,72,110,0.05436551412830765
437,72,109,0.055795216716329935
437,73,109,0.37808637528976574
437,73,110,0.32619024773225574
437,74,110,0.09467692684675076
437,74,109,0.09088571928659013
438,72,107,0.06249732582019567
438,72,106,0.177211361280302
438,73,107,0.3996864619164286
438,73,106,0.3606048509830737
439,71,110,0.14396501556143462
439,72,110,0.6620972519833677
439,71,109,0.08232197046832385
439,72,109,0.11161576198687383
440,72,112,0.05721075848582166
440,72,111,0.03287398310737535
440,72,110,3.475828452073031e-05
440,73,113,0.005092201730001156
440,73,112,0.24717305422110455
440,73,110,0.0028348538634562184
440,73,111,0.25201178669722596
440,74,111,0.08651395454752156
440,74,112,0.18610751964803438
440,75,112,0.008726204603593477
440,74,113,0.10635452124685436
440,75,113,0.015066403564490625
441,72,109,7.732707514990015e-05
441,73,109,0.07190527190418083
441,75,109,0.06496992197450142
441,73,110,0.06335000671027813
441,73,111,0.05062287844729675
441,74,110,0.35753366204294207
441,74,111,0.04041059428367409
441,74,109,0.1381816321118167
441,75,110,0.19110349699791832
441,75,111,0.021845208452241912
442,72,108,0.13661232275455124
442,72,109,0.0171638738921463
442,72,107,0.12481000478486201
442,73,109,0.14059376766863632
442,73,107,0.1272131400794786
442,73,108,0.4536068908203255
443,70,107,0.07116301962777771
443,70,106,0.025321524354765507
443,70,108,0.0004993816247959223
443,71,107,0.3056003134274305
443,71,108,0.09867610286267113
443,71,106,0.1370558283457075
443,72,108,0.01148609787334511
443,72,107,0.2319739602267789
443,72,106,0.08061951209762448
443,73,107,0.035399211549818156
443,73,106,0.0022050480092850747
444,75,110,0.2002023607138696
444,75,112,0.00025434662293501544
444,75,111,0.2160203457707936
444,76,110,0.2686506061870007
444,76,111,0.20626624407209276
444,76,112,0.049647852274418994
444,76,109,0.0589582443588893
445,73,109,0.046562755382184996
445,73,107,0.10564499410972625
445,73,108,0.04036955016141115
445,74,108,0.2222630749259268
445,74,107,0.09360235247104624
445,75,107,0.007313026695879485
445,75,109,0.17285943399873363
445,74,109,0.14648474918039475
445,75,110,0.017415987111715714
445,75,108,0.11295239066863279
445,76,110,0.006181243552236985
445,76,109,0.028350441742111248
446,70,111,0.004224325538551101
446,71,111,0.3046351176536957
446,71,112,4.7053729724805215e-06
446,72,112,0.021368086362525684
446,72,111,0.5271243893922812
446,72,110,0.1394321952018489
446,73,110,0.0015970284514309424
446,73,111,0.0016141520266939346
447,72,111,0.00011096345828574625
447,72,110,0.5795830224907259
447,73,110,0.41853595568361845
447,73,111,0.0017700583673697934
448,74,110,0.0008855072848835026
448,74,111,0.2065022254720383
448,74,112,0.11603388204731901
448,75,112,0.30362687806494726
448,75,111,0.130652106972549
448,75,113,0.0011822006372826574
448,76,113,0.01381553899280052
448,76,112,0.2134424460094585
448,77,112,0.013859214518721132
451,76,97,0.16330306329714384
451,76,98,0.0005983032522295563
451,77,97,0.28207695470289207
451,77,98,0.0547758401239288
451,76,96,0.31660440721478916
451,76,95,0.019220441885564
451,77,96,0.16342098952345244
452,74,104,0.05415707824292487
452,74,105,1.636997249627008e-05
452,74,103,0.04469746535337486
452,75,103,0.23489048006752308
452,75,104,0.3440739654131938
452,75,105,0.1593237002108936
452,76,103,0.04646521276854352
452,76,104,0.09935905555092403
452,76,105,0.017016672420126045
453,74,101,7.273607599973904e-05
453,75,101,0.21697939991965015
453,75,100,0.14120711801539737
453,76,100,0.04438650686190558
453,76,102,0.23149372084015998
453,76,101,0.20264910832300065
453,77,101,0.006781398177764524
453,75,99,0.002069908647795054
453,75,102,0.12460451170353438
453,76,103,0.0003956917178902105
453,77,103,0.0033529485941258116
453,77,102,0.026006951122776425
454,77,97,0.1992352749619658
454,77,98,0.126586404920256
454,78,97,0.13713965733533828
454,78,96,0.1791644420005849
454,78,98,0.05731601121326833
454,77,95,0.00518392097775198
454,77,96,0.2953742885908348
455,77,99,0.004235756952656745
455,77,100,0.07270452877582612
455,77,101,0.13049747356059607
455,77,103,0.03204444308765892
455,77,102,0.2619131572094767
455,78,101,0.17741606589834588
455,78,100,0.06804180582261757
455,78,102,0.18224948440478084
455,78,103,0.070897284288041
456,75,98,0.0599972095583412
456,75,97,0.29059371765913133
456,76,97,0.10302942433734225
456,75,95,0.10907253411335482
456,75,96,0.3190185657988717
456,76,96,0.1006991578226184
456,76,95,0.017589390710340408
457,75,95,0.0005277408848570668
457,75,94,0.14792425152347186
457,75,93,0.05028978964921725
457,76,93,0.05718308689568985
457,76,94,0.6743045656417118
457,76,95,0.06977056540505215
459,78,96,0.01778158896197393
459,75,95,0.10641812979757179
459,75,94,0.059241445722772124
459,76,96,0.004470265414069997
459,76,94,0.01785815805529546
459,76,95,0.21603082541121332
459,77,95,0.2590527967816221
459,77,94,0.17802367349774062
459,77,96,0.024845358006760014
459,78,95,0.09626366914213069
459,78,94,0.020014089208850123
460,74,103,0.00023627485206868286
460,75,103,0.11946904118403641
460,76,102,0.025363164631251073
460,75,102,0.10869635945490447
460,76,103,0.3333403716507595
460,76,104,0.22441687809513236
460,76,105,0.008618444748004276
460,77,104,0.06066240034564763
460,77,103,0.11919706503819542
458,75,100,0.1649915423521249
458,76,100,0.09799979086523589
458,75,98,0.2355482148077551
458,75,99,0.3793189075405605
458,75,97,0.0017762272607817755
458,76,99,0.11790419403287063
458,76,98,0.002461123140671068
449,76,100,0.2819039969078793
449,76,101,0.10845035948880878
449,77,100,0.2960951912282287
449,77,101,0.3135504523750832
450,76,100,0.040398612639718265
450,77,99,0.16755588476751374
450,77,100,0.05316778436659418
450,75,98,0.043776118015176224
450,75,99,0.0001353969239436993
450,75,97,0.013878690024439169
450,76,99,0.19543969095456099
450,76,97,0.09042754258413632
450,76,98,0.25072197644861033
450,77,98,0.1444983032753072
462,66,107,0.11260635868598666
462,67,107,0.30707879031181823
462,67,108,0.003957426450225868
462,68,107,0.17996259479248555
462,68,108,0.04842650630808215
462,69,107,0.27252257962527576
462,69,108,0.04989958138181744
462,70,107,0.019781124770959044
462,70,108,0.005765037673349333
463,65,106,0.25788029600161566
463,66,105,0.00782478166827647
463,67,105,0.009448989692972764
463,65,107,0.00010442019962228654
463,66,107,0.024150542150294226
463,66,106,0.6445689382688424
463,67,106,0.05602203201837605
471,67,105,0.1761734828841613
471,68,105,0.11383578036501973
471,69,105,0.003220460043573886
471,66,107,0.026550158252375097
471,66,106,0.08309556088262801
471,67,106,0.35010768549922283
471,67,107,0.024137411048299372
471,68,106,0.22287946102471987
467,64,105,0.02765456718717829
467,65,104,0.06851693226663254
467,65,105,0.19045773173414074
467,65,106,0.03819766021363647
467,66,104,0.1807590973085701
467,66,103,0.0013539440393072794
467,66,105,0.19078802332185876
467,67,104,0.16321978089851347
467,67,105,0.10135603222958484
467,67,103,0.006156696822083591
467,68,104,0.005772705902849341
467,68,105,0.0017160476822777968
467,64,106,0.013013871869791286
467,66,106,0.011036908523575197
468,67,104,0.03078130844584532
468,67,103,0.0008255007171097321
468,68,103,0.049218543253009235
468,68,104,0.2245781389567224
468,68,105,0.027535495623731265
468,69,104,0.23149788107266708
468,69,103,0.09027773589835643
468,69,105,0.01873302876459324
468,70,105,0.005752810942013854
468,70,103,0.04894345246636856
468,70,104,0.20773218000496
468,71,104,0.03768483852027008
468,71,103,0.026439085334352835
465,69,105,0.02124042671462205
465,70,105,0.37774458474703626
465,70,104,0.048470084956839334
465,71,104,0.08442337720475243
465,71,105,0.39867959654292423
465,72,105,0.0579974276816279
465,71,106,0.011444502152197762
461,67,105,0.032648778854046524
461,68,105,0.20446249681227055
461,69,104,2.715301640818617e-05
461,69,105,0.2774257627327223
461,69,106,0.041947882576603764
461,70,105,0.05580245217670595
461,71,105,0.0377548380892187
461,72,105,0.011715693051717888
461,68,106,0.004980514213591924
461,70,106,0.14524701980142474
461,71,106,0.168622074341096
461,72,106,0.019365334334193567
469,62,105,0.017020026715870076
469,63,105,0.061206941860698014
469,65,106,0.0016380876485930728
469,62,106,0.1314279036329289
469,63,106,0.4190807176600875
469,63,107,0.07806502860834683
469,64,107,0.03598278063567015
469,64,106,0.25557851323780545
470,69,106,0.3394080791366435
470,68,106,0.09127241561971015
470,69,107,0.10503092113935111
470,70,107,0.2654663544264278
470,70,106,0.19882222967786745
466,62,104,0.026376379245423416
466,62,105,0.05740263286962727
466,63,104,0.05378105061202669
466,63,105,0.3033788947497509
466,64,105,0.30508231201216257
466,64,104,0.1150797396877882
466,65,104,0.06356475294137962
466,65,105,0.00395033768169062
466,63,106,0.0019084831157906114
466,64,106,0.06947541708436021
476,79,114,0.000497414927803781
476,79,113,0.0012621588432730865
476,80,114,0.08673351938214592
476,80,113,0.6728017178765973
476,81,113,0.23870518897017995
485,79,114,0.212059236914137
485,79,113,0.6313622629363729
485,79,112,0.05487133768674346
485,80,114,0.00041752089548764633
485,80,113,0.10128964156725885
483,78,113,0.6357847628250373
483,78,114,0.08690185550174838
483,79,114,0.03216019425001122
483,79,113,0.2451531874232032
473,77,109,0.09165085341582725
473,78,109,0.9083491465841728
472,77,108,0.08331674673562602
472,77,110,0.262707824645665
472,77,109,0.6466558266669044
472,78,109,0.007319601951804618
479,77,110,0.3112596707766231
479,78,110,0.6887403292233768
481,75,109,0.034622745948740166
481,75,108,0.13545245038907616
481,76,107,0.010880403814814718
481,76,108,0.33955026371532604
481,77,108,0.06132945258919589
481,76,110,0.03625417058736463
481,76,109,0.2792573920264252
481,77,110,0.006114732573660889
481,77,109,0.09653838835539637
475,76,110,0.1174578412659811
475,76,111,0.07529851261007629
475,77,111,0.29670760336382757
475,77,110,0.467566709532863
475,78,111,0.004662551158801694
475,78,110,0.03830678206845038
478,79,114,0.062068758714873995
478,79,115,0.0003093892693149822
478,80,115,0.008351724151583995
478,80,114,0.27026134665721474
478,80,113,0.002691572361060268
478,81,113,0.0854137560946933
478,81,114,0.3180804744853975
478,81,115,0.10950352293047871
478,82,114,0.08054333271454012
478,82,113,0.003061441727616698
478,82,115,0.05971468089322567
474,76,114,0.006863905441833382
474,76,113,0.0002078091748070632
474,77,113,0.2769322911730149
474,77,112,0.012914655284107655
474,77,114,0.33357778360020535
474,78,112,0.022654635149438617
474,78,113,0.2924552110545993
474,78,114,0.05439370912199362
482,76,114,0.005135733968258328
482,76,113,0.19403485215918448
482,77,113,0.19403487441189537
482,76,111,0.12617576836613073
482,76,112,0.08784810333117055
482,77,111,0.1336580715376384
482,77,112,0.25858552907023336
482,77,114,0.0005270671554886319
477,79,113,0.008195183020584137
477,79,112,0.24817177340484722
477,80,113,0.1321650010902949
477,80,112,0.40126462773000654
477,81,112,0.0785579194470633
477,81,113,0.06944895290467823
477,79,111,0.021133273324613844
477,80,111,0.041063269077911906
487,77,113,0.025431527241786246
487,77,111,0.08527110527697081
487,78,111,0.09858481182396787
487,77,112,0.10292968199397548
487,78,112,0.4280402736791101
487,78,113,0.05823279822243451
487,79,113,0.03646376683236027
487,79,112,0.1551443414833221
487,79,111,0.00990169344607258
486,78,111,0.21014078991722948
486,78,110,0.15529273751970843
486,78,112,0.004048113959203179
486,79,112,0.0012078493498463001
486,79,111,0.3910351616507849
486,79,110,0.11372342932197499
486,80,111,0.12455191828125269
484,77,111,0.03659820341122417
484,78,111,0.6938688729245528
484,78,110,0.26953292366422316
480,77,114,0.006486322900435354
480,78,115,0.043037248989300225
480,78,113,0.005576463216255201
480,78,114,0.5476755990411923
480,79,114,0.393237164390512
480,79,115,0.003987201462304761
518,17,53,0.10429431568394033
518,18,53,0.8957056843160597
519,21,36,1.0
520,21,53,0.15647125832267694
520,22,53,0.8435287416773231
528,96,31,0.003982847900553275
528,96,32,0.0070136452567053365
528,98,35,0.0030771228276177723
528,97,34,0.03329593213950521
528,97,32,0.16873048915642652
528,97,33,0.08001847034098766
528,98,33,0.2489174715162254
528,97,31,0.08513099968566856
528,98,31,0.0008881094019217508
528,98,32,0.11809284415905225
528,98,34,0.22463047670355632
528,99,34,0.02175545813929285
528,99,33,0.0044661327724872845
533,96,36,0.025120539226736738
533,96,38,0.024123333640943028
533,96,37,0.00730215694796054
533,97,36,0.17565488518358963
533,97,37,0.16538215915133855
533,98,36,0.07142519067297023
533,98,37,0.08790626654360185
533,98,35,0.0019796106421389945
533,97,35,0.0011054532196067405
533,96,39,1.9727305263291573e-05
533,97,38,0.1782808616863864
533,97,39,0.09971211854158342
533,98,38,0.09295729104022164
533,98,39,0.06903040619765885
539,97,39,0.0017604402596467675
539,98,41,0.050074227961076585
539,97,40,0.13412732738316716
539,98,40,0.3719656796988314
539,98,39,0.045269998894925396
539,99,40,0.3082539457804456
539,99,39,0.06765802159372285
539,100,40,0.008259068871626899
539,100,39,0.009777541578675235
539,99,41,0.0028537479778819757
535,92,35,0.02777142860768615
535,94,35,0.15833610496336717
535,93,37,0.06217532322125404
535,93,36,0.13548986936397103
535,93,35,0.19318313797231013
535,94,36,0.3080959931022814
535,94,37,0.056908370310361715
535,95,37,0.0001462102835520176
535,95,36,0.04974978100721806
535,95,35,0.008143781167998227
543,94,33,0.05301629281630077
543,94,32,0.161297146869987
543,94,31,0.0005146699251560219
543,95,31,0.049453564024800424
543,96,31,0.023521795693514536
543,96,32,0.2433100803838607
543,95,33,0.10142811853120427
543,95,32,0.2519675090085382
543,96,33,0.09511291851759063
543,97,32,0.020377904229047294
541,95,42,0.00336156504998573
541,96,41,0.257361672412637
541,97,41,0.42036980079008635
541,96,42,0.09532973900139655
541,97,42,0.0037067542294013578
541,98,41,0.06723917984289306
541,97,40,0.14897400404108113
541,98,40,0.003657284632518788
531,98,36,0.14675485741299174
531,98,37,0.12780271920674668
531,98,35,0.08570893203152977
531,98,34,7.153154549262705e-05
531,99,34,0.004742206434985708
531,99,37,0.11805366939895502
531,99,35,0.06023515251264289
531,99,36,0.2037671991536194
531,100,36,0.10822598225186543
531,100,37,0.11478538345060373
531,98,38,0.026552116473685963
531,99,38,0.003300250126881026
537,102,37,0.0006223261265352317
537,102,36,0.011271308317733533
537,103,36,0.4975412340497679
537,103,35,0.0368044159175539
537,103,37,0.240841281995725
537,104,37,0.18255210697653435
537,104,36,0.0007710403649821842
537,104,38,0.029596286251167832
525,96,32,8.945909008126932e-05
525,95,34,0.0009566534466972025
525,96,33,0.2788600099334061
525,96,34,0.2052348922813346
525,97,34,0.04723469568379883
525,97,32,0.14313819139234166
525,97,33,0.32448609817234036
536,96,36,0.014488625233278629
536,96,35,0.11327700593992018
536,97,36,0.006629665982935553
536,98,36,0.00470616704379791
536,98,35,0.18727809680858645
536,96,34,0.0943297166827305
536,97,34,0.2289916495399491
536,97,35,0.2929267286826004
536,98,34,0.05737234408620143
530,99,37,0.004634309883484538
530,100,38,0.1746019375485774
530,100,36,0.0030287643235853436
530,100,37,0.10520254619392443
530,101,36,0.07110770007665722
530,101,37,0.19438025999421887
530,102,37,0.11714317154652776
530,99,38,0.101080215603778
530,99,39,0.08066422674195455
530,100,39,0.007944042562675408
530,101,38,0.08105123588060836
530,102,38,0.013501532423931562
530,102,36,0.04566005722007645
524,93,34,0.005732749681818133
524,94,33,0.08894867089553227
524,94,34,0.17406999287583333
524,94,35,0.09602175589259042
524,93,35,0.015613032801303588
524,95,36,7.61404745647504e-05
524,95,35,0.1777403144951537
524,96,35,0.07944035948874953
524,95,34,0.19709897101730411
524,95,33,0.11813220584112853
524,96,33,0.001961429461046621
524,96,34,0.04516437707497501
544,98,33,0.008014451234862972
544,98,32,0.009735083047530898
544,99,34,0.19600326361614445
544,99,33,0.267988334603971
544,99,32,0.10436341841413913
544,100,32,0.008324374826545536
544,100,33,0.183275349469679
544,100,34,0.16016176810841515
544,99,35,0.007616339669255525
544,100,35,0.05451761700945619
527,94,32,0.024845912366111698
527,94,31,0.15408261348935318
527,94,30,0.11965036093865661
527,95,31,0.18638804244224708
527,95,30,0.16274985677514878
527,96,31,0.20689412808049507
527,96,32,0.002453395737739118
527,96,30,0.10793481091486921
527,95,32,0.00036763294588066595
527,97,31,0.03463324630949869
538,93,39,0.017551887786190035
538,94,39,0.07779856738695069
538,94,40,0.016387786294320732
538,93,38,0.007989858226471655
538,94,38,0.07262061721610356
538,96,38,0.03382460100954566
538,95,41,0.02621387958994789
538,95,39,0.18277032184274125
538,95,40,0.1863128029096202
538,95,38,0.04063731115704251
538,96,40,0.11572437780377424
538,96,41,0.09282466794755
538,96,39,0.12924620805047118
538,97,41,9.711277927027955e-05
542,99,37,0.038686490432367465
542,98,38,0.19696477688015931
542,98,40,0.1108689066992972
542,98,39,0.2726185204343048
542,99,38,0.23407886046726395
542,99,40,0.007008159820646958
542,99,39,0.13977428526596042
523,95,37,0.06096410634638194
523,95,36,0.3574311819999106
523,95,35,0.03445053174776619
523,96,36,0.3791916544978649
523,96,35,0.09980467108229985
523,96,37,0.06815785432577655
529,101,34,0.04618888216899162
529,100,36,0.0035589758871588635
529,100,35,3.0315781243564216e-05
529,101,36,0.15127861220282315
529,101,35,0.18360257132738
529,102,34,0.14820078095605427
529,102,36,0.18539922758670363
529,102,35,0.23170687656790095
529,103,36,0.026637630087437823
529,103,35,0.023396127434306194
532,98,34,0.0004093684957098927
532,99,34,0.09153319234324063
532,99,35,0.36112345010219193
532,99,36,0.09163091577494176
532,100,36,0.2596724107347455
532,100,35,0.17921252839110724
532,101,36,0.016418134158062973
526,96,38,0.01578662117385119
526,96,40,0.24596280542454207
526,96,41,0.0007232329370766397
526,96,39,0.2072241546851357
526,97,41,0.0007106068283451607
526,97,39,0.25469821572095075
526,97,40,0.27459554642933814
526,98,39,0.0002988168007603469
522,100,32,0.017008632641914143
522,100,33,0.07590527519888575
522,100,34,0.10141265997626546
522,101,34,0.20026805413552728
522,101,33,0.24526979803100263
522,100,36,0.0028995949710174302
522,100,35,0.10725281191509149
522,102,32,0.0009068936148883559
522,101,32,0.07777100752137121
522,101,35,0.06638614669699375
522,102,33,0.07250841054599301
522,102,34,0.03241071475104954
534,96,38,0.5013495079105195
534,96,37,0.4133094661718521
534,97,37,0.07765907344429647
534,97,38,0.007681952473331951
540,93,38,0.10074823648072284
540,93,37,0.03200197102510646
540,94,36,3.0460723479314028e-05
540,94,38,0.14203474350615986
540,94,37,0.18604630007862266
540,95,37,0.1983263846852789
540,95,36,0.01680745041718316
540,96,38,0.03569868733034214
540,96,37,0.08890766704899952
540,95,39,0.017178508982855844
540,95,38,0.18221958972124933
545,79,33,0.12602186936443824
545,79,34,0.06968143384242632
545,79,35,0.002300723531517469
545,79,32,0.10891871691669446
545,79,31,0.027006184043668936
545,80,31,0.018654174708246717
545,80,35,0.009846736715414002
545,80,33,0.16524933221050894
545,80,32,0.11029195204874558
545,80,34,0.15887666981189524
545,81,33,0.10008033997252251
545,81,32,6.654980136420927e-05
545,81,34,0.0658792410488964
545,82,33,0.012390060760302624
545,82,34,0.02473601522335826
546,83,43,0.0071876032259228645
546,83,42,0.10748755245335719
546,84,42,0.0659224185198052
546,82,41,0.009689565064618367
546,82,39,0.01466983940170933
546,82,40,0.007661816050272643
546,83,41,0.13450859827570485
546,83,39,0.1191779518454503
546,83,40,0.13494510126402273
546,84,40,0.11706799414207436
546,84,39,0.03893815238776127
546,83,38,0.0007816801628963985
546,84,41,0.14350887149979327
546,85,42,0.015814208304800074
546,85,40,0.02853638318044805
546,85,41,0.054102264221363085
547,89,25,0.039647164102340086
547,90,25,0.04230209998153919
547,89,26,0.07978637638437149
547,89,27,0.009372647779823884
547,90,27,0.1137306193328978
547,90,26,0.12495306569564715
547,90,28,0.029249583357635743
547,91,28,0.12302345798288797
547,91,26,0.027754759964021734
547,91,27,0.14544442961793028
547,92,27,0.07644442565672231
547,92,28,0.1363239248167925
547,91,29,0.020903186459876426
547,92,29,0.03106425886751357
548,75,21,0.0034672081631378355
548,76,21,0.03565925195686124
548,77,20,0.0024657485781203552
548,77,21,0.048928625605775045
548,78,21,0.06182854940179535
548,76,25,0.00186939355532441
548,75,22,0.0027185214713564363
548,76,24,0.034232361260191024
548,76,22,0.05898044952262128
548,76,23,0.06073760851069552
548,77,23,0.07328952890025439
548,77,25,0.03745825616928693
548,77,22,0.07328952890025439
548,77,24,0.07328952890025439
548,78,24,0.07297383267073052
548,78,22,0.07328952890025439
548,78,23,0.07328952890025439
548,79,25,0.006264142599542437
548,79,22,0.059305518020266
548,79,23,0.035255560458535076
548,79,24,0.04331143338535104
548,78,25,0.017422819779701143
548,78,20,0.0018022206410938076
548,79,20,3.631976276429282e-06
548,79,21,0.048867221772066226
549,66,32,0.011916988214225646
549,67,33,0.017731335120697782
549,66,31,0.010953371893511872
549,67,30,0.02546212767826074
549,67,31,0.13921552619105146
549,68,30,0.059182840609352666
549,68,31,0.15693364299896714
549,67,32,0.13371557621306396
549,68,32,0.14823760213245118
549,68,33,0.04597729720612757
549,69,33,0.006099279017269323
549,70,32,0.012343604565209526
549,69,32,0.10642900118619746
549,69,30,0.00021537618998073623
549,69,31,0.12400623077702017
549,70,31,0.001580200006612832
550,72,42,0.03895869696068405
550,73,42,0.034309572223045245
550,74,42,0.030404676538304736
550,74,44,0.0004280639232743062
550,74,43,0.010282911946009256
550,75,43,0.0878376485021988
550,72,41,0.0713444296987863
550,72,40,0.024207763688164324
550,73,41,0.09276418683558968
550,73,40,0.06508130148432001
550,74,41,0.0989824762261096
550,74,40,0.08466357546136125
550,74,39,0.03216505675951505
550,75,41,0.08481481054578895
550,75,42,0.07394612069177238
550,75,44,0.005638714148711861
550,76,43,0.007316710116841787
550,75,40,0.09988121309533914
550,75,39,0.04279908147383421
550,76,40,0.013029269945935121
550,76,41,0.000176891268863259
550,76,39,0.0009668284655506214
551,73,19,0.016868542868762916
551,74,20,0.019227556328519697
551,74,21,0.009479652636303825
551,75,19,0.036739519514310065
551,75,21,0.0331583453901954
551,75,20,0.036739519514310065
551,76,21,0.01886379015987761
551,76,20,0.036739519514310065
551,77,19,0.036739519514310065
551,77,20,0.035503457291471564
551,77,21,0.012211947537441984
551,78,21,0.005745307498289597
551,75,22,0.0026198324687824927
551,78,19,0.036739519514310065
551,78,20,0.03583607912649324
551,79,19,0.0352431624209902
551,79,20,0.03673769883043768
551,79,21,0.010633250900172218
551,80,21,0.0010915755064311342
551,80,20,0.0161015523300308
551,73,18,0.009854213008202144
551,74,18,0.02945361863899695
551,74,19,0.03483516512280849
551,75,17,0.01256771486921568
551,77,15,0.016692790613138966
551,75,18,0.036472422273908546
551,76,19,0.036739519514310065
551,76,18,0.036739519514310065
551,76,17,0.029825233180148698
551,77,17,0.034470338893825385
551,77,18,0.036739519514310065
551,77,16,0.02735712827636149
551,78,18,0.03360824853232417
551,78,15,0.03658372201964254
551,78,14,0.003771036609919394
551,79,15,0.0033509796238825585
551,79,14,2.74568221390943e-05
551,79,16,0.008965865539541755
551,78,16,0.036739519514310065
551,78,17,0.03673914370185407
551,79,18,0.011967944924893682
551,79,17,0.005543004623920264
551,80,19,0.007936545802285018
552,77,30,0.058581388174604225
552,77,31,0.05385059475446347
552,78,29,0.015994318696628804
552,78,30,0.11515342591559838
552,78,32,0.12896853369052685
552,77,32,5.79040348548152e-06
552,78,33,0.017759972223877332
552,79,33,0.0037655526472376625
552,79,32,0.05594881525991801
552,78,31,0.15511079616861048
552,79,31,0.13062593027190328
552,79,29,0.0461438524373086
552,79,30,0.15524663043985076
552,80,29,0.003346172543511645
552,80,30,0.0318348657756747
552,80,31,0.0276633605968003
553,81,43,0.07323265353869499
553,81,44,0.04022597736060815
553,81,42,0.00279508386008052
553,82,42,0.10944125567182268
553,82,44,0.18480743737449656
553,82,43,0.2365348610736792
553,83,43,0.13137435938872116
553,83,44,0.14362590782312742
553,83,42,0.043711468021814595
553,82,45,0.02338591124802506
553,83,45,0.010865084638929542
554,74,31,0.011700589577933511
554,75,31,0.10298285545931515
554,75,30,0.02480819174120299
554,74,34,0.0013401994296742333
554,75,33,0.07747081178609791
554,75,35,0.07994773939477194
554,75,32,0.08506815638032074
554,75,34,0.08272860820118466
554,76,32,0.09816004673184792
554,74,36,0.00955149050851701
554,74,35,0.029929248959942544
554,75,36,0.01927911474030519
554,76,30,0.024815289631841604
554,76,31,0.10461387117316046
554,77,30,0.004120198843829487
554,77,31,0.054574415263287435
554,78,32,0.014368454762909471
554,76,33,0.03394451465668565
554,77,32,0.10215335413689323
554,77,33,0.029848679458151617
554,78,33,0.008502636425396002
554,78,31,9.153273673104109e-05
555,83,26,1.5096192539647715e-08
555,83,27,0.009195019378757007
555,83,28,0.003107050489930107
555,84,27,0.022477151466078177
555,84,28,0.01775423673784992
555,84,26,0.018669815173731466
555,85,28,0.022479357974135472
555,85,27,0.022479357974135472
555,85,26,0.022479357974135472
555,86,26,0.022479357974135472
555,86,27,0.022479357974135472
555,86,25,0.022479357974135472
555,86,28,0.022479357974135472
555,87,26,0.022479357974135472
555,84,24,0.003357166815210216
555,84,25,0.0069846447917556115
555,84,23,0.004417348249581953
555,85,23,0.016503000297744385
555,85,25,0.022479357974135472
555,85,24,0.022479357974135472
555,86,24,0.022479357974135472
555,86,23,0.022449100777241986
555,87,25,0.022479357974135472
555,87,24,0.022479357974135472
555,85,22,0.0004934520639353527
555,86,21,8.973904660154072e-06
555,86,22,0.01666909035888213
555,87,22,0.007264143751642232
555,87,23,0.021690878234497737
555,88,23,0.011958204221773744
555,88,24,0.022479357974135472
555,89,24,0.017942956175215186
555,89,25,0.016492977139193368
555,89,23,0.0024995953727070656
555,90,25,0.00041940422701609083
555,90,24,8.020441837124285e-05
555,87,27,0.022479357974135472
555,87,28,0.022479357974135472
555,88,28,0.022479357974135472
555,88,26,0.022479357974135472
555,88,27,0.022479357974135472
555,88,25,0.022479357974135472
555,89,26,0.01043230126047035
555,89,27,0.021064168759164895
555,90,27,0.0053070124776672676
555,90,28,0.011781861309704045
555,84,30,0.0002286963266653407
555,84,29,0.008657420725885165
555,85,30,0.009169201600175304
555,85,29,0.022149677932039057
555,85,31,0.002637653817097066
555,86,31,0.012070342546138561
555,86,30,0.022479357974135472
555,86,29,0.022479357974135472
555,87,29,0.022479357974135472
555,87,30,0.021405787426455252
555,87,31,0.01192726646795874
555,88,29,0.022479357974135472
555,88,30,0.01737943393524707
555,89,30,0.020912327830826773
555,89,28,0.022479357974135472
555,89,31,0.0013421213075843167
555,89,29,0.022479357974135472
555,90,29,0.011987982997462216
555,90,30,0.006629146589888026
555,90,31,1.9860220080707462e-05
556,75,35,0.005171742244092739
556,74,37,0.016755743853847368
556,74,36,0.04034997746458559
556,75,36,0.09824962736019534
556,75,38,0.04107364307427681
556,75,37,0.09146193988531381
556,76,35,0.016374361529313073
556,76,37,0.12044651311049143
556,76,38,0.12044651311049143
556,76,36,0.11634009832006047
556,77,37,0.07979012867233135
556,77,36,0.0327788720821984
556,78,38,0.00018524177834978236
556,78,37,9.130553067198182e-06
556,75,39,0.001605567656258933
556,76,39,0.047488028232854244
556,77,39,0.0676942210317349
556,77,38,0.10377865004053727
557,71,31,0.0030705746116511737
557,71,32,0.031981364829808914
557,72,33,0.03190227152026208
557,72,32,0.09446037688027062
557,73,34,0.03215806496423278
557,73,33,0.09543598990035894
557,72,31,0.04565035630628825
557,73,31,0.10191082890697298
557,73,30,0.00310629206542549
557,74,31,0.06025931935345884
557,75,31,0.0014811993404369136
557,73,32,0.11288731932848937
557,74,33,0.10644202440072871
557,74,32,0.11288731932848937
557,74,34,0.1055591258711819
557,75,33,0.023639298679223354
557,75,32,0.021091498886133975
557,75,34,0.005046232551915145
557,74,35,0.011030542274671293
558,84,30,0.02353807641758511
558,84,31,0.01615954313328323
558,84,29,8.837239287680492e-07
558,85,33,0.022515881400923796
558,85,32,0.03758636210877757
558,85,30,0.028994203339476624
558,85,29,0.0007181591191679357
558,85,31,0.04064599439253401
558,86,31,0.022674497684605104
558,86,32,0.04896795031785549
558,87,30,0.0023386143546450557
558,87,31,0.02298616771966769
558,87,36,0.003117127861974486
558,88,37,0.0011071045840870563
558,88,35,0.04257463885346068
558,88,36,0.04467503428490832
558,86,33,0.0328023598880521
558,87,34,0.03049608181200676
558,87,35,0.002547096843891414
558,87,32,0.04896795031785549
558,87,33,0.0486396880957638
558,88,32,0.04896795031785549
558,88,34,0.048967632514045324
558,88,33,0.04896795031785549
558,89,32,0.04074129659770939
558,88,31,0.04896795031785549
558,88,30,0.011109428803458903
558,89,30,0.0016902965831657535
558,89,31,0.03390918859830198
558,89,36,0.0297991155036262
558,90,36,0.007518689176448395
558,89,35,0.04796963731246786
558,89,33,0.04396929220235394
558,89,34,0.04808556760418995
558,90,35,0.007135905845366111
558,90,33,0.004520040352187723
558,90,34,0.005452060497978806
558,90,32,0.00017458120068284473
559,80,39,0.11868831477178526
559,80,40,0.04636933526292602
559,81,41,0.013104796599111401
559,81,39,0.14160287416580547
559,81,42,0.0038239326039020824
559,82,42,0.08803270972831242
559,83,42,0.01234891164523321
559,81,40,0.12463847817446397
559,82,41,0.15532765911041027
559,82,39,0.08137479111551925
559,82,40,0.19010853572814612
559,83,41,0.012595258381735697
559,83,40,0.011984402712649037
560,83,43,0.12305240810486019
560,83,44,0.09556537962916921
560,83,42,0.0014904951117081307
560,84,42,0.17087989647126597
560,84,43,0.29591176905560534
560,84,44,0.03576658330078328
560,85,43,0.17552814857792878
560,85,42,0.10180531974867911
561,79,43,6.769001351414043e-05
561,79,44,0.0035259106242830148
561,80,43,0.07423997791008743
561,80,44,0.19430240766447782
561,81,43,0.0056778313917302875
561,80,45,0.08235523721017494
561,80,46,0.0009559633223259879
561,81,47,0.023231446883379435
561,81,45,0.2218927386718724
561,81,44,0.1409426551795797
561,81,46,0.17522873191648403
561,82,47,0.031097460370820628
561,82,45,0.023786505521728635
561,82,46,0.02269544331954153
562,82,35,0.03394313981600809
562,80,33,0.0029870358004526485
562,80,32,0.007600127583928424
562,81,33,0.041617791924470515
562,81,32,0.060637665126404096
562,82,33,0.09359867538394702
562,82,32,0.09994899510518188
562,82,34,0.07294858830840281
562,82,31,0.005208970831051082
562,83,31,0.030990972955097947
562,84,31,0.05518697253629225
562,83,35,0.007364095804086314
562,83,33,0.10070918577216728
562,83,32,0.1009432329588917
562,83,34,0.08809253445346515
562,84,33,0.06340315575043177
562,84,32,0.1009432329588917
562,84,34,0.0007842452536933586
562,85,33,0.0043185605109454525
562,85,32,0.023462168675093584
562,85,31,0.005310652491096929
563,80,37,0.01480396053156187
563,80,35,0.1469415004909604
563,80,36,0.20767487550702834
563,81,37,0.00037540312469658364
563,81,36,0.22162414134716932
563,82,35,4.9992409127998913e-05
563,82,36,0.016017028252086462
563,80,34,0.023353595632821557
563,81,34,0.15748713905667922
563,81,35,0.2116723636478683
564,68,28,0.0011366405679604976
564,69,28,0.11975285908865775
564,69,27,0.0017709941750932163
564,70,28,0.027551459888704864
564,67,29,4.520320094747016e-05
564,67,30,0.006397285498581031
564,68,30,0.11589337769109813
564,68,29,0.13364024751527512
564,69,29,0.18561327923898746
564,70,32,0.00016316761164066556
564,69,30,0.18590145709321826
564,69,31,0.039058968906475866
564,70,29,0.05191137891051007
564,70,31,0.05464719081045181
564,70,30,0.07651648980239772
565,90,28,0.02937559996448368
565,91,28,0.018257843979124548
565,92,27,0.003552484900232132
565,92,28,0.008865525190469663
565,93,27,0.015548032791471414
565,94,28,0.04440467375283861
565,90,29,0.04906661933059912
565,90,30,0.06203348365412014
565,90,31,0.002315709246019533
565,91,29,0.09037156426472637
565,91,31,0.02628950147353986
565,91,30,0.08612551390623333
565,92,30,0.022663504091220144
565,92,29,0.08198833309265767
565,93,30,0.07096079778938755
565,93,29,0.10303671684735247
565,93,28,0.10513133709985384
565,93,31,0.022865574189752963
565,94,31,0.022206161699367035
565,94,30,0.05086861183997547
565,94,29,0.07838846267495717
565,95,29,2.506097835256209e-07
565,95,30,0.005683697611833892
566,79,41,0.007419603494543693
566,79,40,0.04607040302638431
566,80,40,0.20951906469624343
566,81,41,0.25628536299514526
566,80,42,0.03415578443227819
566,80,41,0.20818397574108416
566,81,42,0.06332435478815344
566,82,42,0.02717885604514902
566,81,40,0.10418401261642639
566,82,41,0.043678582164592236
567,89,32,0.011650953611101685
567,89,30,0.002440538316541606
567,89,31,0.017186339270231634
567,90,30,0.0079788611832951
567,90,31,0.0677617690677638
567,90,36,0.014326266901203897
567,91,35,0.03504605212813576
567,91,36,0.0036697586602926274
567,89,35,0.0014138553670548998
567,89,33,0.007079322383394452
567,89,34,0.0012496697216000756
567,90,35,0.05924440558534425
567,90,33,0.06294911087022426
567,90,34,0.061629142405205256
567,90,32,0.06910334377164526
567,91,34,0.047327659884172035
567,91,33,0.06603879697873874
567,92,32,0.056740711843944476
567,91,31,0.05200876433185845
567,91,30,0.012538030980415562
567,91,32,0.06816589448492871
567,92,30,0.05440064791486895
567,92,29,0.0007967508362304503
567,92,31,0.06935059344808966
567,93,30,0.02254141258729723
567,93,29,0.0013825820324783328
567,92,33,0.0016815982698951907
567,92,34,0.0003247660107359982
567,93,32,0.04883382484693971
567,94,32,0.012406436232167235
567,93,31,0.054267352685905275
567,94,31,0.008464787388299217
568,81,37,0.33568767648613257
568,82,36,0.011151639410621096
568,82,37,0.5504974900670009
568,81,38,0.053554246425469715
568,82,38,0.04910894761077592
569,80,37,0.04791232647789886
569,80,38,0.04208604933184327
569,80,36,0.00027892267048896103
569,81,37,0.07013139104245741
569,81,36,0.033967281464282906
569,82,35,0.06183567599159035
569,82,36,0.08825458132277977
569,82,37,0.05563796239345495
569,81,34,0.015042450337563495
569,81,35,0.03663182414512017
569,82,34,0.012323034239708807
569,80,39,0.005510704726879143
569,81,39,0.02751730687955783
569,81,38,0.08964163986943977
569,82,39,0.04596133879186692
569,82,38,0.08994581244671755
569,83,39,0.00918529984150207
569,83,35,0.0075919425667841465
569,83,36,0.06608063893244631
569,83,37,0.08984293554707622
569,83,38,0.08034385136214112
569,84,37,0.0037566140158595256
569,84,38,0.020520415602540466
570,79,22,0.0028153263574716187
570,80,22,0.014272681963940716
570,81,22,0.014384573798418619
570,79,19,0.0007529797297520878
570,79,21,0.0008099031116755769
570,80,21,0.01793835132342464
570,80,20,0.010385202183640273
570,81,21,0.01848764148518205
570,81,20,0.01848764148518205
570,82,20,0.01848764148518205
570,82,22,0.012862695206459798
570,83,22,0.002470431441111078
570,78,18,0.0015756824278924224
570,78,15,8.473649902371778e-06
570,79,15,0.013969819182325437
570,79,16,0.013975941008673816
570,80,13,0.0010352791324918119
570,78,17,1.891120527445834e-07
570,79,18,0.012465268900813935
570,79,17,0.015698353993334767
570,80,18,0.01848764148518205
570,80,19,0.014493903533159535
570,80,17,0.01848764148518205
570,81,17,0.01848764148518205
570,81,16,0.01848764148518205
570,81,18,0.01848764148518205
570,80,16,0.01848764148518205
570,80,14,0.0026962365955180713
570,80,15,0.015390326959192456
570,81,15,0.01848764148518205
570,81,13,0.01690766319051453
570,81,14,0.01848764148518205
570,82,14,0.01848764148518205
570,82,13,0.01848764148518205
570,82,15,0.01848764148518205
570,83,12,0.0010233138866757798
570,81,12,0.005922537051017298
570,82,12,0.007691295176655224
570,81,19,0.01848764148518205
570,82,16,0.01848764148518205
570,82,17,0.01848764148518205
570,82,18,0.01848764148518205
570,83,18,0.01848764148518205
570,83,17,0.01848764148518205
570,83,19,0.01848764148518205
570,83,16,0.01848764148518205
570,84,18,0.01848764148518205
570,84,16,0.01848764148518205
570,83,15,0.01848764148518205
570,83,13,0.013779344608984195
570,83,14,0.01848764148518205
570,84,15,0.01848764148518205
570,84,13,0.0002690841232223359
570,84,14,0.012714090329426017
570,85,14,0.001690509015719158
570,85,15,0.017586693594682606
570,84,19,0.01848764148518205
570,84,17,0.01848764148518205
570,85,16,0.01848764148518205
570,85,17,0.010684902726472994
570,85,18,0.009201200146011085
570,86,17,0.0011014956965269872
570,86,16,0.010627807068839762
570,86,15,0.003306213550678031
570,82,19,0.01848764148518205
570,82,21,0.01848764148518205
570,83,21,0.017331411406278325
570,83,20,0.01848764148518205
570,84,20,0.01848764148518205
570,84,21,0.01664121134982091
570,84,22,0.003364684796351909
570,85,21,0.016369155017412505
570,85,20,0.01842289790139706
570,85,19,0.016028462054139807
570,85,22,0.002464660388321855
570,86,21,0.00024045856718748527
570,86,20,4.9478246222502954e-05
571,73,24,0.02484819498080922
571,73,23,0.01653424083491911
571,74,24,0.10042695897743742
571,74,25,0.013515516659425507
571,74,22,0.029125270147252275
571,74,23,0.08798708527413093
571,75,24,0.11724807324383527
571,75,23,0.11664330294691369
571,75,25,0.08944863607255724
571,75,26,0.025467420951489645
571,76,26,0.07882481868973408
571,76,25,0.11425743057243082
571,77,26,0.00830593773808798
571,75,22,0.03142682011284117
571,76,24,0.062483382290413524
571,76,22,0.019956669210118183
571,76,23,0.0200804740222676
571,77,25,0.04341976727533624
572,69,36,0.008038035743604009
572,69,37,0.01583326317329915
572,70,36,0.0329916799670544
572,70,38,0.0582098586617364
572,70,37,0.06753773163184747
572,71,37,0.04361200630531321
572,71,38,0.11011185222367278
572,72,37,0.014329796026367558
572,73,38,0.012928092191833681
572,71,42,0.009078940931195429
572,70,39,0.00012732120936905883
572,70,41,0.0002981515387305051
572,71,41,0.08244909904149794
572,71,39,0.05844371222783871
572,71,40,0.07476388482500929
572,72,39,0.11073815434421959
572,72,38,0.08043641042541581
572,72,41,0.02106036084071986
572,72,40,0.08389904227747368
572,73,39,0.0819739598650059
572,73,40,0.033138646548795746
573,85,36,0.06378283600462457
573,85,35,0.04189681242661173
573,86,36,0.14121576254995738
573,86,37,0.04191692419994872
573,86,35,0.12236588080337779
573,87,37,0.14165438665670196
573,87,36,0.13263716554468197
573,88,37,0.04624896194658753
573,88,35,0.018494558345111666
573,88,38,0.000596401630526108
573,88,36,0.009874849474852962
573,86,34,0.0031364263024737647
573,87,34,0.019858942108945902
573,87,35,0.13421851864359224
573,88,34,9.19342212887051e-07
573,86,38,0.007707369060596149
573,87,38,0.07439328495919642
574,79,26,0.9632311734931308
574,80,26,0.03676882650686917
575,77,25,0.0006338328571637412
575,78,24,0.0002292244294334622
575,79,25,0.04866658038808245
575,79,22,0.0020500250858745284
575,79,23,0.0276161509064971
575,79,24,0.021766847992671114
575,80,24,0.053214922683571836
575,80,22,0.011567298878961973
575,80,23,0.04409168695861928
575,80,25,0.053214922683571836
575,78,28,0.003801597816690297
575,78,26,0.03678869620377522
575,78,27,0.014012262341273913
575,78,25,0.04001092621077889
575,79,28,0.05220218332673797
575,79,27,0.05305810990939164
575,79,26,0.03370093511845293
575,80,27,0.053214922683571836
575,80,26,0.05247002733239976
575,81,28,0.051584156636381336
575,81,24,0.04580601097668487
575,81,25,0.04217676899835711
575,81,23,0.0038170370384713243
575,82,24,0.0026915096325196694
575,81,26,0.05066426843346916
575,81,27,0.05169516241884201
575,82,27,0.0027565317418083457
575,82,25,0.003342319590957924
575,82,28,0.000801784459147235
575,82,26,0.0058824124554392185
575,78,29,0.004899631282247724
575,79,29,0.037164057105799876
575,80,28,0.053214922683571836
575,80,29,0.03463204051653818
575,81,29,0.006560232222244372
576,79,41,0.15661259929303178
576,79,40,0.016304924563100894
576,81,41,0.0002652352317342394
576,78,42,0.009298849468519412
576,78,41,0.016243671618002015
576,79,42,0.15890699172574582
576,79,43,0.07134208287908024
576,79,44,7.559911694621736e-06
576,80,43,0.12017918566145293
576,80,42,0.1563288702785959
576,80,41,0.0431874376182007
576,80,44,0.0004138447121165565
576,81,43,0.11879623667710948
576,81,44,0.0005384102773555825
576,81,42,0.13157410008425974
577,78,32,0.00624765072920735
577,77,34,0.04573411247682529
577,77,33,0.00017956402641503512
577,78,33,0.15546180290451683
577,78,34,0.19527871494091947
577,79,33,0.04613326012644417
577,79,34,0.11443939075423488
577,79,35,0.05971130811537853
577,77,35,0.09848850995944404
577,78,35,0.1547132042095884
577,78,36,0.09855491208550718
577,79,36,0.025057569671518905
578,85,42,0.027349977177263597
578,86,42,0.09235710414024148
578,87,42,0.021964671460732575
578,85,40,0.1475980503131144
578,85,41,0.21127553483194453
578,85,39,0.004260429260620693
578,86,41,0.30934020947994195
578,86,40,0.1439674688403597
578,87,41,0.04188655449578114
579,72,37,0.0019258427542946982
579,73,38,0.12139596456429314
579,73,37,0.030424796047073453
579,72,38,0.02723800975301932
579,74,37,0.10190133285055454
579,74,36,0.0001404640870638927
579,75,38,0.09057239431173059
579,75,37,0.03307430100373394
579,73,39,0.03570038763781601
579,73,40,0.006756721051386713
579,74,38,0.13744153479569363
579,74,40,0.020940228973612945
579,74,39,0.09318081117393937
579,75,39,0.0767157488674451
579,76,40,0.07625113788392014
579,76,39,0.08192253418429442
579,77,40,0.04944051579009063
579,77,39,0.014977274270037531
580,83,39,0.016787263176840612
580,84,40,0.0435016095457673
580,84,39,0.17204401091493013
580,83,38,0.03151435674016983
580,85,38,0.08049361262656216
580,84,38,0.13281475813555318
580,85,40,0.08639591268073651
580,85,39,0.214662293419047
580,86,40,0.0691567163546791
580,86,39,0.13715802048584386
580,87,40,0.006759176653590046
580,87,39,0.008712269266280433
581,81,28,0.0019145844593434923
581,81,27,0.001784259238038684
581,82,27,0.058990864567175276
581,82,28,0.061535117243082506
581,82,26,0.0017803773006263182
581,83,26,0.0028266111086290868
581,83,27,0.03660765340852304
581,83,28,0.053841078968837455
581,84,28,0.013132437931186229
581,80,29,0.020470433803356534
581,80,30,0.04966502788936474
581,80,31,0.04449982327223842
581,81,31,0.062476444215072806
581,81,30,0.062476444215072806
581,80,32,0.017307935847568616
581,81,32,0.02492176876456982
581,82,32,0.000615360178023142
581,81,29,0.05477446962219225
581,82,29,0.062476444215072806
581,82,31,0.05925247400919842
581,82,30,0.062476444215072806
581,83,30,0.062476444215072806
581,83,31,0.043295309073616485
581,83,29,0.062476444215072806
581,84,30,0.031809448973703115
581,84,31,0.007702384084713894
581,84,29,0.0384139149655756
582,83,36,0.0015272656982538884
582,83,37,0.00857996418388436
582,84,36,0.025211339898977992
582,84,37,0.20205428886636342
582,85,37,0.23716973134001793
582,85,36,0.07994810210843481
582,85,38,0.14045568569853492
582,86,36,0.0007404240716361965
582,86,37,0.16836288045128953
582,84,38,0.05202179338106271
582,86,38,0.08392852430154409
583,73,26,0.0011879818053241416
583,73,27,0.010900951908003815
583,74,26,0.019231893036307207
583,74,28,0.005122328102958572
583,74,27,0.06297185850755431
583,75,26,0.04202544374284579
583,75,28,0.06198825474247224
583,75,27,0.07022932358329083
583,76,28,0.07022932358329083
583,76,27,0.07022932358329083
583,76,26,0.0230147848279887
583,77,26,0.06525422784881557
583,77,27,0.07022932358329083
583,77,28,0.07022932358329083
583,77,25,0.007491050154897453
583,78,28,0.06521224134886909
583,78,26,0.021678181918287166
583,78,27,0.0517369222703959
583,78,25,0.0007303790013239369
583,79,28,0.0013365423909293057
583,79,27,0.0002069505038160057
583,75,29,0.003386649484717727
583,76,29,0.046870129557701236
583,77,29,0.06979995463697987
583,77,30,0.013733254707463581
583,78,29,0.056527742061725963
583,78,30,0.018137067619742722
583,79,29,0.00030859190442588134
584,80,22,0.0006801127273549809
584,80,23,0.010980785699728225
584,81,22,0.014214943111472261
584,81,24,0.00891741419100036
584,81,25,0.01328559337850921
584,81,23,0.05945561559973291
584,82,24,0.06081030768667781
584,82,22,0.019487441461195312
584,82,23,0.06404982613983128
584,83,22,0.05549109762811927
584,83,25,0.06404982613983128
584,83,24,0.06404982613983128
584,83,23,0.06404982613983128
584,81,26,0.0030699840011668886
584,82,27,0.0002555796138818154
584,82,25,0.06002698859898684
584,82,26,0.05514450273553982
584,83,26,0.061151987767989094
584,83,27,0.0003211403477434038
584,84,27,6.286943675549044e-06
584,83,21,0.004005721097024933
584,84,21,0.006396896502131712
584,84,22,0.05239298627767775
584,85,21,0.007339426721844412
584,84,26,0.010854427173537027
584,84,24,0.0544843416146935
584,84,25,0.044148666815122854
584,84,23,0.0514635953537764
584,85,23,0.01702827414211401
584,86,23,8.621101201984099e-05
584,85,22,0.05410511164319056
584,86,21,0.00809554891918419
584,86,22,0.010099706675584076
585,68,33,0.02110680847227464
585,68,34,0.0014844581442974717
585,69,33,0.1530657351214146
585,69,34,0.02837711284635152
585,70,34,0.03887204521421817
585,70,32,0.14658944589706663
585,70,33,0.15925524394317242
585,69,32,0.05123772936692263
585,70,31,0.057527708016405533
585,71,31,0.022572321168974074
585,71,33,0.12607077169655354
585,71,32,0.10747328918837043
585,71,34,0.005922035452855609
585,72,33,0.05444957485188678
585,72,32,0.025995720619235867
586,73,28,6.788868869080734e-05
586,74,28,0.06553497476605046
586,75,28,0.01825830351438342
586,73,30,0.0024781794816064306
586,73,29,0.044674412997855927
586,74,30,0.14569103206848916
586,74,31,0.05253658710453516
586,74,29,0.1518420298723734
586,75,31,0.0003842842769597801
586,75,30,0.11869704082382879
586,75,29,0.14809169234940386
586,76,30,0.11825818717268144
586,76,29,0.05175290518847591
586,77,29,0.0009512781282164166
586,77,30,0.06032763346492144
586,77,31,0.020453570101527506
587,70,29,0.07733355310057394
587,70,31,0.08862825183458845
587,70,30,0.15575024172138888
587,71,30,0.24372959881845693
587,71,31,0.21069056881421852
587,71,29,0.17455153052366243
587,72,30,0.00032774629411306145
587,71,32,0.010703549654369022
587,72,29,0.03451680428652353
587,72,31,0.0037681549521052255
588,72,23,0.0007389902205535449
588,72,19,0.0004128877666901034
588,72,21,0.0006264978441504933
588,73,19,0.06954064544748371
588,73,21,0.13194985092341055
588,73,20,0.12372991103391429
588,74,20,0.07099813847757393
588,73,22,0.11960065492361754
588,73,23,0.11018901085515541
588,74,22,0.11195105411014096
588,74,23,0.037173107667969475
588,75,23,0.0007682991218591678
588,74,21,0.11051872271267384
588,75,21,0.007472364374041646
588,75,22,0.09288062129613624
588,76,22,0.0037284859706443302
588,74,19,0.007720757253984785
589,78,38,0.01972025707288289
589,77,40,0.04095759539143319
589,77,39,0.03365105133167541
589,77,41,2.9913972103334312e-06
589,78,40,0.1895158066731702
589,78,39,0.14915794179992062
589,79,41,0.01815040523543688
589,79,38,0.04632253619209582
589,79,39,0.18692105058892122
589,79,40,0.14041696243993318
589,80,39,0.05536145348316805
589,80,40,0.001165560651566709
589,78,41,0.1186563877425854
590,75,33,0.009834365556591774
590,75,35,0.03788966619197872
590,75,34,0.0323203781544854
590,76,34,0.1964777855297798
590,76,32,0.012121080313796677
590,76,35,0.16976718835547921
590,76,33,0.13272578977780716
590,77,32,0.004613826989131435
590,77,34,0.15056962739536173
590,77,33,0.14023802735420898
590,78,33,0.001978602892837705
590,78,34,0.00045591825649627564
590,76,36,0.006698569046581491
590,77,35,0.07747327146198624
590,77,36,0.02683590272347727
591,82,35,0.00010040985800393515
591,83,35,0.096651329809833
591,83,36,0.032617801178090225
591,83,37,0.00014116731905007183
591,84,36,0.1022383611942017
591,84,37,0.013114776057361598
591,84,35,0.11428813866345068
591,85,37,0.0009327003352946003
591,85,36,0.024616274320449157
591,83,33,0.00026498871242854364
591,83,34,0.01454958762127718
591,84,33,0.04250295362725639
591,84,34,0.11340021455330493
591,85,35,0.08048538238331086
591,85,33,0.05684799407450441
591,85,34,0.11428813866345068
591,86,35,0.015562154364608213
591,86,33,0.037729478743247356
591,86,34,0.11175763937835949
591,87,34,0.027089799886362436
591,87,35,5.456572527650454e-05
591,87,33,0.000766143530878135
592,71,25,0.002644176429390013
592,72,23,0.013750469855075782
592,72,25,0.12327040682317791
592,72,24,0.07990416775080039
592,73,24,0.10755694359467759
592,71,26,0.0048215792081038895
592,72,26,0.07769220289044163
592,73,26,0.13223063218512573
592,73,27,0.011719710451413989
592,74,26,0.09910660011606538
592,74,27,0.0005905543974184025
592,73,25,0.1364811798190222
592,73,23,0.012377380460483183
592,74,24,0.019580411493621466
592,74,25,0.12074860862609614
592,75,25,0.03235959345404676
592,75,26,0.02516538244503955
593,79,34,0.0006501695722766505
593,79,35,0.07224884545689027
593,77,37,0.0357888719446703
593,77,35,0.010868892596435488
593,77,36,0.06269020060644419
593,78,35,0.022219901603061788
593,78,38,0.09483077908585132
593,78,37,0.10601823357546918
593,78,36,0.05264020475628336
593,79,37,0.10602627098949459
593,79,36,0.092452872710103
593,80,37,0.047078149394755034
593,80,35,0.055189007250958495
593,80,38,0.058202756161436116
593,80,36,0.042087704168728486
593,77,39,0.016056766299565862
593,77,38,0.014672333146328521
593,78,39,0.022580389570853135
593,79,38,0.08011129244090742
593,79,39,0.0014539523193042437
593,80,39,0.006132406350182518
594,69,28,0.005974909591523604
594,69,27,0.0009640063491780041
594,70,28,0.05991060050400089
594,70,27,0.018632785452079092
594,71,27,0.07270272027061775
594,71,28,0.07772930889577277
594,70,29,0.032779393842204324
594,71,30,0.006089250974451755
594,71,31,0.002644973389254759
594,71,29,0.025844027084274357
594,72,30,0.07763297359793624
594,71,26,0.005672726104866354
594,72,28,0.07772930889577277
594,72,26,0.01707188427827526
594,72,27,0.07771722968392576
594,73,28,0.07769539428316385
594,73,26,0.0011059392402963544
594,73,27,0.05898955743543062
594,74,28,0.03932116663859468
594,74,27,0.007696175101044596
594,72,29,0.06707110154716091
594,72,31,0.045034483801670216
594,73,31,0.007557934935834886
594,73,30,0.07435244656312182
594,73,29,0.05522164631340405
594,74,30,0.004813829427671252
594,74,31,0.000169432878509169
594,74,29,0.0018747929199637422
596,83,87,0.24460514038340925
596,84,87,0.41821719099481947
596,83,86,0.1294842421895097
596,84,86,0.2076934264322616
599,83,88,0.303456474598062
599,83,90,0.027685320705411926
599,83,89,0.668858204696526
598,82,87,0.014652091604279577
598,82,88,0.041840836997445945
598,83,88,0.33063461313000586
598,83,87,0.2713000670592361
598,84,88,0.10831374560052265
598,84,87,0.23325864560850998
597,85,90,0.0008997166549300919
597,84,88,0.1271286459350596
597,84,87,0.03741122453810169
597,84,89,0.09413251169862208
597,85,89,0.15188641322492363
597,85,87,0.13939163088493134
597,85,88,0.1662822274533179
597,86,87,0.05729277139156683
597,86,89,0.11482848776619381
597,86,88,0.1095511840378901
597,86,90,0.00029505222191844116
597,87,89,4.473822170071805e-06
597,87,88,0.00010227964490484795
597,84,86,0.0002490847600426747
597,85,86,0.0003500027114931405
597,86,86,0.0001942932539337365
595,83,88,0.3428157466634698
595,83,90,0.03069581636942709
595,83,89,0.36141368678645897
595,84,88,0.12003341435927466
595,84,89,0.14504133582136952
600,82,87,0.017188181409090172
600,83,87,0.7196028249006978
600,82,86,0.00045669859927300916
600,83,86,0.26275229509093906
601,18,52,0.01675233301746691
601,18,51,0.22243193387020702
601,19,52,0.1539507134045255
601,19,51,0.3796200383567813
601,18,50,0.1589508088897929
601,19,50,0.037829096087969555
601,20,51,0.02738396753212269
601,20,52,0.003081108841134093
602,23,54,0.10186489196165417
602,24,55,0.03934761642783045
602,23,53,0.059445524616318815
602,24,54,0.27987193046467945
602,24,53,0.14212364327283572
602,25,54,0.19539486446108778
602,25,55,0.12194121750842382
602,26,55,0.03926327689705393
602,25,53,0.0006153868929097648
602,26,54,0.020131647497205987
603,25,55,0.02155977766260096
603,26,55,0.6921146698487083
603,27,55,0.2863255524886908
604,15,42,0.06693790608893992
604,16,43,0.004787530586675194
604,15,41,0.007776370317565707
604,16,41,0.028663550071069223
604,17,41,0.0069763879968566716
604,16,42,0.1299742406674902
604,17,43,0.04470905818320654
604,17,42,0.15381775407051906
604,18,42,0.1601340830616273
604,18,43,0.04477755228005014
604,19,43,0.020599409976952053
604,18,41,0.10161695041710472
604,19,41,0.06631717722517998
604,19,42,0.156914419861093
604,20,42,0.005964488010405053
604,20,43,3.312118526508116e-05
605,19,53,0.02634609587449714
605,19,52,0.08404861733121115
605,19,51,0.00019211487922661267
605,20,50,0.12710760647072664
605,20,51,0.18040447112579647
605,20,53,0.1265336570929238
605,20,52,0.20255636871894475
605,21,51,0.012544862520686643
605,21,52,0.14014806268378044
605,21,53,0.0987566563440377
605,22,53,0.0009643647508780722
605,21,50,0.00039712220729071007
606,21,47,0.006267672427575505
606,21,48,0.02854030189289503
606,22,46,0.13694274854250713
606,22,47,0.1227567086251841
606,22,45,0.0891717305920539
606,22,48,0.16721114148064517
606,23,45,0.029227224897729796
606,23,46,0.15841622210766118
606,23,47,0.11863021424593696
606,24,47,0.0017745927591585728
606,24,46,0.0488282600032951
606,21,49,6.891761516866231e-05
606,22,49,0.053888655003650476
606,23,49,0.0023283036261121555
606,23,48,0.03594730618042619
607,14,46,0.00599803665107174
607,14,45,0.02458467541012531
607,14,47,0.0087435277771914
607,15,47,0.08792424409581262
607,15,46,0.10915499057400958
607,14,43,0.00020517124794254757
607,15,43,0.03189283628363373
607,15,44,0.1041471090915383
607,16,43,0.008563171120019733
607,15,45,0.11224522474930336
607,16,47,0.045819656255141394
607,16,45,0.12510541970222228
607,16,46,0.12510541970222228
607,17,47,0.01290867316322074
607,17,45,0.021960450777542957
607,17,46,0.047371529079052975
607,16,44,0.1194865596149732
607,17,44,0.008783304704976
608,18,45,0.02522709649747146
608,18,44,0.0030386383071302017
608,19,43,0.029882407794358
608,19,44,0.08815676374155841
608,20,41,0.002266047244653769
608,21,41,0.0054155915629206545
608,18,46,0.005247361330747771
608,19,46,0.0006816597273795113
608,19,45,0.10433532834825793
608,20,45,0.04808270922906312
608,21,45,0.03827297999700282
608,19,42,0.0002117693666549602
608,20,42,0.07822362347988251
608,20,44,0.13092053691591146
608,20,43,0.1308934580874991
608,21,43,0.08659106274817181
608,21,42,0.07983395032794399
608,21,44,0.11467299195832048
608,22,44,0.01932147980160128
608,22,45,0.0087245435334708
609,20,49,0.023759455812163592
609,20,50,0.04467987585389383
609,20,51,0.008976417509217694
609,21,51,0.1959481919908654
609,21,52,0.031038194953364226
609,22,51,0.0609019046766992
609,21,50,0.22825001370083078
609,21,49,0.16657734338622934
609,22,49,0.08371273892192059
609,22,50,0.15615586319481534
610,24,53,0.06436031124795269
610,25,52,0.01777304001088265
610,25,54,0.13632344013015585
610,26,55,0.009351717237306488
610,25,53,0.3531295261267971
610,26,53,0.17555435264682195
610,26,52,0.01346008849651925
610,26,54,0.23004752410356394
611,6,43,0.001293398226594259
611,6,44,0.04266133068953043
611,7,42,0.005057352599380741
611,7,43,0.3363729550565349
611,7,44,0.31816891651618956
611,8,43,0.20241639788868662
611,8,44,0.09402964902308335
612,16,47,0.033284447531527574
612,17,47,0.19503407175523196
612,17,45,0.05199334382444663
612,17,46,0.16060899199204703
612,18,47,0.10728735931549532
612,18,45,0.07612435004636357
612,18,46,0.20381279636946706
612,17,48,0.13996815897386025
612,18,48,0.03188648019156077
613,23,45,0.10251489340108545
613,23,46,0.007869430514476736
613,23,47,0.04270451552711692
613,24,45,0.14569820682441845
613,24,47,0.14501876436666922
613,23,44,0.03817960601578341
613,24,44,0.011962289149995918
613,25,44,0.0026566705680471114
613,24,46,0.10382039874268606
613,25,45,0.06952194789118649
613,25,46,0.12584901900874398
613,25,47,0.05191595318058452
613,26,46,0.0007695253954958604
613,23,49,0.006079509940644213
613,23,48,0.10916706770017388
613,24,48,0.036119816551610125
613,25,48,0.0001523852212818361
614,12,44,0.004982784655804209
614,13,46,0.16617512658356803
614,13,45,0.16802501045835064
614,13,47,0.014489886437342848
614,14,46,0.1947061488479071
614,14,45,0.1138744689911136
614,14,47,0.17788669630853024
614,15,47,0.04681476360360798
614,15,46,0.026074341896102773
614,13,44,0.02793199110525442
614,15,48,0.016916864240543266
614,14,48,0.042121916871874915
615,18,52,0.14363779769345844
615,18,53,0.29263717432746494
615,19,53,0.48288407926941784
615,19,52,0.07435061258325106
615,20,53,0.006490336126407763
616,15,54,0.0018861003283080512
616,15,53,0.1702666066421376
616,16,53,0.4128515914937555
616,17,53,0.3651262867509348
616,18,53,0.04986941478486406
617,18,47,0.05348538267542807
617,18,46,0.039100236821974076
617,19,47,0.2195015685318177
617,19,46,0.21960221730300816
617,19,45,0.04482307823991676
617,20,46,0.10940219096418775
617,20,45,0.04788298969830064
617,20,47,0.16180365538490948
617,19,48,0.04483171744517326
617,20,48,0.05956696293528427
618,19,51,0.011238928606887532
618,18,50,0.04928055363759546
618,18,49,0.041010555455313145
618,19,49,0.30677695056992993
618,19,50,0.38816599040969085
618,20,49,0.12227381832685863
618,20,50,0.07826037522923916
618,20,51,0.0029928277644853
619,15,48,0.04191988132864345
619,13,50,0.004026790017258153
619,14,51,0.04988776849897222
619,15,51,0.017735282480236182
619,16,51,0.019806830926017965
619,14,50,0.09631060987398904
619,15,50,0.1599188497554942
619,15,49,0.12723645548561024
619,16,48,0.07251908735755434
619,16,49,0.16278247733357928
619,16,50,0.16302648452838067
619,17,50,0.03119917916507951
619,17,49,0.03924574428198069
619,17,48,0.0141965839979049
619,17,51,0.00018797496929914405
620,10,48,0.003106702652499363
620,11,51,0.02199928461564825
620,11,50,0.054006505851374675
620,11,49,0.11935136150513677
620,10,47,0.0016133747298098194
620,11,47,0.05411940937845278
620,12,47,0.037984157344640515
620,11,52,0.001773048136252146
620,11,48,0.17954600497060905
620,12,50,0.03591925196973172
620,12,49,0.1572688250015966
620,12,48,0.15670295413441676
620,13,48,0.00027925455677888444
620,13,50,0.11120806271421128
620,13,49,0.04494749497409558
620,14,49,3.829737905648861e-05
620,14,50,0.020136010085689347
621,25,52,0.12954455901082662
621,25,51,0.13892414963130809
621,26,51,0.16708499654714756
621,26,53,0.1341727939179442
621,26,52,0.37679975970330537
621,27,52,0.01441675319280492
621,27,53,0.039056987996663205
622,20,46,0.0726043600647653
622,20,45,0.05985341806655991
622,20,47,0.038436465427904805
622,21,46,0.14393905605520535
622,21,45,0.10186027496430068
622,21,47,0.13854992344696912
622,19,49,0.0020959972527981228
622,19,48,0.00838466423571026
622,20,49,0.08786826144709366
622,21,48,0.11939924907626853
622,22,46,0.026191576403113922
622,22,47,0.03838915870876101
622,22,45,0.020065552884342544
622,22,48,0.00016590494904174342
622,20,48,0.10315904249370388
622,21,49,0.03903709452346124
623,13,46,1.8438067263568195e-05
623,13,47,0.09257984658941916
623,14,47,0.010802807000607593
623,15,48,0.11010582959024022
623,12,49,0.02716876173601739
623,12,48,0.022491621862079716
623,13,48,0.17741283354949272
623,13,50,0.0017823007205802883
623,13,49,0.1357212578480232
623,14,49,0.1791235706245472
623,14,50,0.053741587915858514
623,14,48,0.1422599780839533
623,15,50,0.0026724854269879732
623,15,49,0.03943428140831403
623,16,48,0.004684399576615169
624,9,43,0.02927484858745031
624,9,44,0.08786472335657734
624,10,43,0.19034874707465563
624,10,44,0.25063213003138124
624,11,44,0.24128881306351238
624,11,43,0.0973072519978752
624,12,43,0.005689971837392527
624,12,44,0.005631186876295579
624,10,45,0.024273741925327597
624,11,45,0.06768858524953222
625,15,52,0.022633118423440683
625,15,51,0.1332753159278666
625,16,51,0.1892431729717557
625,16,52,0.058176772983907846
625,15,50,0.0010790558492687014
625,16,50,0.0001622693506968682
625,17,50,0.1763151016744636
625,17,49,0.008130081739562943
625,17,52,0.001061091423126248
625,18,52,0.11625056198085322
625,18,51,0.08017220715466364
625,19,52,0.017287203386067162
625,17,51,0.17875086855607905
625,18,50,0.017463178578247716
626,19,41,0.13323074220153994
626,19,40,0.09602363718875775
626,20,41,0.27615447386922587
626,20,39,0.07508066658107963
626,20,40,0.2714075202015526
626,19,42,0.005009101861221327
626,20,42,0.10810773639573376
626,21,40,0.03498612170088913
627,12,43,0.032115603314342274
627,12,44,0.038009530523937164
627,13,45,0.0002046508367769113
627,14,45,0.06522776758280442
627,13,44,0.2088333344892218
627,13,43,0.17041328685492635
627,14,43,0.14400749472728444
627,14,44,0.2644274615731911
627,15,43,0.0052808206986365855
627,15,44,0.04429826371101008
627,15,45,0.02718178568786898
628,26,55,0.007737437990163223
628,27,55,0.1521938999523376
628,27,54,0.22402700655923022
628,26,51,0.014630811365402983
628,26,53,0.06260853575495261
628,26,52,0.00934053190691296
628,26,54,0.09409445092968702
628,27,51,0.0026804874064179506
628,27,52,0.1419902024958798
628,27,53,0.1208969958215064
628,28,54,0.07898827531790151
628,28,55,0.09081136449960774
629,15,53,0.017343460164905906
629,15,52,0.04969301720218852
629,16,51,0.006014696661124337
629,16,52,0.2452887432737882
629,16,53,0.062009808915859936
629,17,52,0.3308582133550152
629,17,53,0.07142962070874669
629,18,52,0.06958700377638195
629,18,51,0.022819924740136208
629,18,53,0.060691294912418155
629,17,51,0.06426421628943507
630,7,45,0.0017264006782310368
630,7,46,0.0155701073037825
630,8,47,0.001610694056669205
630,8,46,0.14711354873790278
630,8,45,0.03264965625891974
630,10,48,0.00019083127837501429
630,9,45,0.03313568834709821
630,9,47,0.019508590006229762
630,9,46,0.1604567605895451
630,10,46,0.1604567605895451
630,10,47,0.09187393369150729
630,10,45,0.10101393101605363
630,11,47,0.08109488379808867
630,11,45,0.051406269648444726
630,11,46,0.10219194399960739
631,15,47,0.01149387365184057
631,15,48,0.005439146597997534
631,16,47,0.08515244560854354
631,17,47,0.024866443833238557
631,18,47,0.0581772939179841
631,19,47,0.0009530959828957766
631,16,48,0.0884636606341683
631,17,50,0.002390082938390745
631,17,49,0.12110148637235463
631,17,48,0.06226796339382959
631,18,50,0.06720527150623368
631,18,48,0.147700920230924
631,18,49,0.15225537753927787
631,19,49,0.045737086013406904
631,19,48,0.12432717043658856
631,20,49,0.0002002487851952691
631,20,48,0.002268432557130275
632,7,45,0.136600916619063
632,7,46,0.0103156920029178
632,8,45,0.15669173222911525
632,7,44,0.05534588622321045
632,8,43,0.025886495997787567
632,8,44,0.1559354319830568
632,9,43,0.10125014856234815
632,9,44,0.13250536092539825
632,10,43,0.0006869445588220705
632,10,44,0.01354870312890463
632,9,45,0.15609585604355827
632,10,45,0.05513683172581763
633,23,49,0.055766511499744736
633,23,48,0.015268140726170573
633,24,49,0.2615725522949122
633,24,48,0.2843133861450728
633,25,50,0.0004749123513738543
633,25,49,0.27086664929821347
633,25,48,0.11138602355431598
633,26,49,0.0003518241301963019
634,15,43,0.034901340099303985
634,15,42,0.005323468715480175
634,16,43,0.13115506013007094
634,17,45,0.09087929498113612
634,17,46,0.0006525840941718881
634,18,45,0.07490251673606152
634,16,42,0.027396165414448014
634,16,44,0.006533059043637489
634,17,43,0.10484812994747975
634,17,44,0.1352479388270116
634,18,43,0.10478591226137518
634,18,44,0.14208420024465032
634,19,43,0.09354741989419989
634,19,44,0.04751303020226166
634,19,45,2.3443633448160933e-06
634,19,42,0.0002275350453665884
635,22,51,0.019903942752654308
635,22,49,0.03789912282612225
635,22,50,0.038523392509492146
635,23,49,0.09677500035571886
635,23,51,0.05616177449456725
635,23,50,0.12145333961403411
635,24,49,0.03725186329951549
635,23,52,0.004356660174832101
635,23,53,0.0016008347145359955
635,24,51,0.10261784851157148
635,24,52,0.11522927739749184
635,24,53,0.042716341536166234
635,25,52,0.07775251619653717
635,25,51,0.06372414663758456
635,24,50,0.12145333961403411
635,25,50,0.03844643420909839
635,25,49,0.00041023555403096087
635,25,53,0.02372392960201288
636,25,51,0.04462896713632326
636,25,50,0.22931612556187345
636,25,49,0.09368654751632084
636,25,48,0.002251484157451618
636,26,50,0.25139971997946553
636,26,49,0.233547283374459
636,26,48,0.0012336879280940994
636,26,51,0.13431887998948774
636,27,51,0.009617304356524569
637,21,51,0.0157857982211645
637,21,52,0.03350744429953628
637,21,53,0.010254990597877564
637,22,53,0.12259333610532722
637,22,52,0.1916441692648409
637,22,51,0.11003657853652259
637,23,51,0.10381249584825805
637,23,54,0.030592944918209332
637,22,54,0.005732162893309067
637,23,52,0.1861817606284122
637,23,53,0.15001404829528517
637,24,51,0.029948115630196608
637,24,52,0.009896154761060354
638,11,44,0.018548511585050827
638,12,43,0.003533746321427324
638,12,44,0.14033402373358703
638,11,47,0.03629025040509701
638,11,45,0.07666817950780876
638,11,46,0.06502239171075319
638,12,46,0.17906659542276435
638,12,45,0.17906659542276435
638,12,47,0.1423762177048299
638,13,46,0.033548001818056866
638,13,45,0.031808116093243174
638,13,47,0.07384821363334107
638,13,44,0.013190783975584429
638,12,48,0.005221282969826855
638,13,48,0.0014770896958648159
639,51,48,0.10532865955068618
639,51,47,0.06412927498905241
639,52,47,0.0753680266814142
639,51,49,0.06663594825381472
639,51,50,0.0014520838507804802
639,52,48,0.18095083703821324
639,52,49,0.1720360314062158
639,53,47,0.039187546986796676
639,54,47,0.004079873246793903
639,52,50,0.03755954123082817
639,53,49,0.10372092640673904
639,53,48,0.14039992062625387
639,53,50,0.00903057472954846
639,54,48,0.00012075500286278922
640,43,57,0.026174768445703715
640,43,56,0.02392363362220228
640,44,57,0.10095098211918827
640,44,55,0.01952078018201983
640,44,56,0.09076643039799
640,45,55,0.052491633387249235
640,45,56,0.10188867451095483
640,45,57,0.10160138844953885
640,46,57,0.10036162851661327
640,46,56,0.0779318306994987
640,46,55,0.021568434994987718
640,47,57,0.01641723873606216
640,47,56,5.201219054237194e-06
640,43,58,0.06648606206103334
640,43,59,0.02375614573907205
640,44,59,0.02166696514902198
640,44,58,0.07433656808377777
640,45,58,0.03485877990869531
640,46,58,0.0413083158973868
640,47,58,0.003984537879949936
641,45,52,0.05874865206208176
641,46,52,0.37600185364428257
641,46,53,0.12424232438183026
641,47,51,0.009025070405567763
641,46,51,0.1384305105417924
641,47,52,0.16086997211396323
641,47,53,0.1326816168504821
642,43,47,0.00029947574666964723
642,44,47,0.0016997648368395537
642,43,48,0.317330724639157
642,44,48,0.6806700347773339
643,48,49,0.00954971737260089
643,48,50,0.019509852166865765
643,49,51,0.07718900556528879
643,49,49,0.24210520273945893
643,49,48,0.04389913103539061
643,49,50,0.23271593908007307
643,50,49,0.15698160949764586
643,50,50,0.17041957974441543
643,50,48,0.04162252906907801
643,50,51,0.006007433729182654
644,44,51,0.07501216102584159
644,44,52,0.10434401916017916
644,45,52,0.1775324225860197
644,46,52,0.013570133870249936
644,45,50,0.15366747177784285
644,45,49,0.0007013500523003958
644,45,51,0.3431373015690845
644,46,50,0.0061387962656791195
644,46,51,0.12589634369280267
645,47,55,0.003230765911469484
645,48,55,0.1175379779077646
645,47,54,0.01943945012402181
645,47,52,0.024408599908709142
645,47,53,0.15912721500199503
645,48,52,0.017314097206721533
645,48,54,0.23703692933557108
645,48,53,0.1840027111011326
645,49,53,0.044803286631051875
645,49,55,0.056483906325195406
645,49,54,0.13661506054636738
646,37,47,0.0053275995174868074
646,37,46,0.01023759462937679
646,37,45,8.355085145653392e-06
646,38,47,0.033201952652177756
646,38,46,0.2151969704343605
646,38,45,0.2745673074510871
646,39,45,0.21744128683307937
646,39,46,0.026151074789305482
646,38,44,0.11245466190743919
646,39,44,0.10541319670054129
647,46,47,0.007414186005763648
647,46,46,0.022800698980831646
647,47,46,0.18830761884944167
647,47,47,0.16360155756532285
647,47,45,0.11200695767084791
647,48,45,0.11877753552838195
647,48,47,0.07863922299938325
647,48,46,0.08571218716835756
647,47,44,0.02296110693846038
647,48,44,0.029849677708684148
647,46,48,0.00011976657130420601
647,47,48,0.12259698936926393
647,48,48,0.0472124946439568
648,47,50,0.04195471775018065
648,47,51,0.2955586370669671
648,48,51,0.20102763176920058
648,48,50,0.20329681681725784
648,47,52,0.18584242314017743
648,48,52,0.03676921233169806
648,49,51,0.00931307708564805
648,49,50,0.026237484038870378
649,41,56,0.03903578520209605
649,41,55,0.001713626718121248
649,42,54,0.04158180024315627
649,42,55,0.10266060030521253
649,42,57,0.03487754479563825
649,42,56,0.07403368971770626
649,43,55,0.16988216438328357
649,43,57,0.12603065301803545
649,43,56,0.1269704840308313
649,44,55,0.0873804580649238
649,44,56,0.01854446445376565
649,43,54,0.1541316353309091
649,43,53,0.010567101370007931
649,44,54,0.0037979365988703535
649,42,58,4.0865073104439897e-05
649,43,58,0.008751190694337723
650,51,54,0.03953232471381276
650,51,49,0.002453727808589147
650,51,50,0.096271985438306
650,52,49,0.00801511272859273
650,50,51,0.023882398432500864
650,51,51,0.15310348741900995
650,51,52,0.10061354007279528
650,51,53,0.11920773359618225
650,52,51,0.10868257993410115
650,52,54,0.02604398777185051
650,52,50,0.09187211720338041
650,52,53,0.13022699895208154
650,52,52,0.10009400592879744
651,44,55,0.05972272348583111
651,45,55,0.09846712714513527
651,43,54,0.008745347237232037
651,43,53,0.012122081036393059
651,44,53,0.16416551773553054
651,44,52,0.03387677273957765
651,44,54,0.19856232538118598
651,45,52,0.0008260720872221266
651,45,53,0.04986407456017255
651,45,54,0.1837201834221139
651,46,55,0.09116010978516577
651,46,54,0.09876766538443982
652,40,46,0.0903466021872116
652,40,45,0.10445673942511463
652,40,47,0.0004265981804403466
652,41,45,0.1488004898821439
652,41,47,0.16664700428592213
652,41,46,0.27371685707256926
652,42,46,0.08159675358119876
652,42,47,0.07230940719456004
652,42,45,0.0616995481908394
653,49,51,0.02128202184375142
653,49,53,0.11249495306089183
653,49,54,0.00969326900927463
653,51,54,0.0040828768658115995
653,50,50,0.04782628799090331
653,51,50,0.05620916352780042
653,49,52,0.05419113069573864
653,50,53,0.18358115730716482
653,50,52,0.18645553808384308
653,50,54,0.03768999825187534
653,50,51,0.15465062125427642
653,51,51,0.010985884775959262
653,51,52,0.07102378803255557
653,51,53,0.049833309300153755
654,45,48,0.10851547267375286
654,45,46,0.009149334437747535
654,45,47,0.14352400605203292
654,46,45,0.027548436902329585
654,46,47,0.25580063916629286
654,46,46,0.1998259749792876
654,47,47,0.0430690755018115
654,46,48,0.19126282151310542
654,47,48,0.02130423877363962
655,44,47,0.010708652807318005
655,45,48,0.1648440315724515
655,43,48,0.004085783833631119
655,44,48,0.5259335712363442
655,44,49,0.2371839248400447
655,45,49,0.057244035710210375
656,46,53,0.004579367790005605
656,46,57,0.002596548601012391
656,46,56,0.04073558328551275
656,46,55,0.058813945482782945
656,47,57,0.08155373869803421
656,47,55,0.17099660989594448
656,47,56,0.17323996200680122
656,48,55,0.08863895151244951
656,46,54,0.02241237847554104
656,47,54,0.15969738958933724
656,47,53,0.010493110077942487
656,48,54,0.008008219541244517
656,48,57,0.024546649857956626
656,48,56,0.15334137357965014
656,49,56,0.00034617160578498846
657,38,48,0.027730325984096083
657,38,50,0.0022951044091365333
657,38,49,0.03422914498491484
657,39,50,0.07784111327378106
657,39,51,0.028208332852963442
657,39,49,0.11450455775095593
657,40,51,0.0015329150241254936
657,38,47,0.032528138895607454
657,39,47,0.06297189419284158
657,39,48,0.1162011478144883
657,40,46,0.0026161211343442717
657,40,47,0.09865939493480297
657,41,47,0.0387827181579765
657,40,50,0.0498895345040012
657,40,49,0.08605659477358299
657,40,48,0.1162011478144883
657,41,48,0.08180716741242983
657,41,49,0.027944646085463154
658,39,51,0.0008272271767092415
658,40,52,0.004543773893048199
658,40,51,0.051821873644005534
658,41,52,0.09735578353683054
658,41,53,0.015092771424787947
658,41,51,0.10230939078990292
658,42,53,0.0007362036932118751
658,42,51,0.10230939078990292
658,42,52,0.09417537627521635
658,43,52,0.049305653859371135
658,40,50,0.0583841114110378
658,40,49,0.02654079512340587
658,41,50,0.10230939078990292
658,41,49,0.049259367357005715
658,42,49,0.03466127206317924
658,42,50,0.09667241703391777
658,43,51,0.07963189876201399
658,43,50,0.0340633023765502
659,39,45,0.002717585356872433
659,39,44,0.01354254729171617
659,40,45,0.15811132378645115
659,41,45,0.14437947839663648
659,42,45,0.09168876228416702
659,40,44,0.2782597698336024
659,40,43,0.04966766698504963
659,41,44,0.2134731784146123
659,42,44,0.048159687650892256
660,49,46,0.0038173492279397116
660,50,45,0.04653582959755672
660,50,47,0.11120484588752032
660,50,46,0.17489443352857953
660,51,45,0.008726966015557518
660,51,46,0.1273153516432346
660,51,48,0.08189323674530896
660,51,47,0.10202869391752895
660,50,49,0.07419615644672604
660,50,50,0.013509930449649018
660,50,48,0.11568558591695818
660,51,49,0.12083911093344356
660,51,50,0.01935250968999693
661,48,45,0.04307697672587755
661,48,47,0.10498893533064621
661,48,46,0.0986194044165739
661,49,45,0.04545407842298062
661,49,46,0.16403770953245242
661,49,47,0.17580718776155563
661,50,47,0.07603697805986018
661,50,46,0.017513196128318836
661,48,48,0.08931415629113329
661,49,49,0.0016015544031818942
661,49,48,0.14049710853163164
661,50,48,0.0430527143957878
662,48,51,0.13979466525551126
662,48,52,0.2762168907879465
662,48,53,0.08706293237530881
662,49,51,0.1855531014102395
662,49,53,0.07256554648989443
662,49,50,0.0009241566614351921
662,49,52,0.23788270701966457
663,47,49,0.2063962123039669
663,47,50,0.09935109560952077
663,47,48,0.07059897769333358
663,48,49,0.3738648766205919
663,48,50,0.1294106635859827
663,48,48,0.0971914917979671
663,49,49,0.012663092152290686
663,49,48,0.010523590236346334
664,41,47,0.009484292404918741
664,42,46,0.05224071543275572
664,42,47,0.10862612760058016
664,43,46,0.05504751399738631
664,43,47,0.14699822195513065
664,44,47,0.05789789742900356
664,44,46,0.01951892492652008
664,41,48,0.04351288798226099
664,41,49,0.04087461759459951
664,42,49,0.09097549603095763
664,42,48,0.1470096647481768
664,43,48,0.13400448687304936
664,43,49,0.08307804907508304
664,44,48,0.006520267935606672
664,44,49,0.004210836013970752
665,44,47,0.0975600048219492
665,44,45,0.03609568216134117
665,44,46,0.07310657204642959
665,45,45,0.16451531894524662
665,45,48,0.009118168745646159
665,45,46,0.15965834115934868
665,45,47,0.07609819388385461
665,46,45,0.14513876410422524
665,44,44,0.031099812677125267
665,45,44,0.07363494414445393
665,46,44,0.01747570199106462
665,46,46,0.02177562776163492
665,47,46,0.00585698509145714
665,47,45,0.07048132173427156
665,47,44,0.017051554307869435
665,44,48,0.0013330064240820655
666,45,48,0.05982717977984935
666,45,50,0.008932813098672873
666,45,49,0.1387643811088372
666,46,50,0.1990738108508813
666,46,49,0.20267071486012125
666,46,48,0.056764042673770075
666,47,49,0.09501339455242022
666,47,50,0.12618344574617302
666,47,51,0.024787479163564205
666,47,48,0.02233349455520169
666,46,51,0.06564924361050872
667,41,53,0.11374635143147131
667,41,54,0.11662646735377741
667,42,53,0.20341956150114612
667,42,54,0.12395747271147932
667,42,52,0.016289905959595515
667,43,52,0.09984943843987452
667,43,54,0.010174161861444722
667,43,53,0.17992005040303502
667,44,51,0.0005429853503777067
667,44,53,0.03917088070878658
667,44,52,0.09630272427901193
668,41,46,0.0022943151796228907
668,42,46,0.06966391478813379
668,42,45,0.09620573073089399
668,43,45,0.1990316828095168
668,43,46,0.12430692657692462
668,42,44,0.09014474779832155
668,43,44,0.1614883244184273
668,44,45,0.14751677224663948
668,44,46,0.08460613493346313
668,45,45,0.0010020752911684644
668,43,43,0.0008791120098936141
668,44,44,0.022860263216994678
669,38,47,0.08464832379245667
669,38,46,0.07078991067343836
669,39,47,0.15354857071652728
669,39,45,0.07892768432064587
669,39,46,0.30473115876296153
669,40,46,0.21830396735011737
669,40,45,0.03891978327305217
669,40,47,0.050085750390333715
669,41,46,4.4850720466956066e-05
670,44,53,0.0002240963514165694
670,44,52,0.0009616630345535052
670,45,52,0.14630412553296923
670,45,53,0.3151841602950568
670,46,52,0.047217267334417744
670,46,53,0.2896851577157176
670,45,54,0.03986679379096373
670,46,54,0.16055673594490474
671,43,52,0.006592628358974563
671,42,49,0.009083956359922887
671,42,50,0.011812365291604102
671,43,51,0.047521033683444645
671,44,51,0.16732920560645947
671,44,52,0.012697574505505443
671,43,50,0.14301072897593167
671,43,49,0.09323439293836339
671,44,50,0.21439090353909257
671,44,49,0.13373735488835964
671,45,50,0.109696354346264
671,45,49,0.04918370616101487
671,45,51,0.0017097953450627712
677,66,99,0.009304594433082963
677,66,101,0.17018656781011182
677,66,100,0.12571756995816008
677,67,100,0.3802633606227169
677,67,99,0.06631885107454645
677,67,101,0.1987191242744206
677,68,101,0.0037425882053702107
677,68,100,0.04574734362159112
679,69,100,0.26411271403238396
679,70,100,0.3553009943144016
679,69,99,0.22801437538676425
679,70,99,0.1525719162664502
672,69,103,0.025476035301973787
672,68,101,0.06802023091816559
672,68,102,0.07736505016789459
672,69,102,0.2616044513148391
672,69,101,0.12218320878593336
672,70,101,0.1378382765140142
672,70,103,0.003483780595675463
672,70,102,0.2467555635107097
672,71,102,0.0026094802286039448
672,71,101,0.05466392266219022
674,69,100,0.07485817269958703
674,69,101,0.23027271997468318
674,70,100,0.25546972433501564
674,70,101,0.3834150014335568
674,71,101,0.05598438155715744
678,70,103,0.04291525086403143
678,71,103,0.09722987226182572
678,70,102,0.172305622040669
678,71,102,0.6775195322435613
678,72,102,0.010029722589912467
675,69,103,0.16304916375939973
675,70,103,0.38235331816230383
675,71,103,0.27420878041388097
675,70,102,0.019415939353920417
675,71,102,0.04303866790147143
675,72,102,0.0020288786314159564
675,72,103,0.11590525177760774
676,67,100,0.00809108543299088
676,67,99,0.06850706889001595
676,68,99,0.40383084042385214
676,68,100,0.058815663012679764
676,69,100,0.2070964704902449
676,69,99,0.25365887175021634
673,66,101,0.0066103264770143565
673,67,100,2.179487056262841e-05
673,67,101,0.11186649665924113
673,68,101,0.3209187347347482
673,68,100,0.3472371659629364
673,68,102,0.0002165461429642354
673,69,100,0.09565352692277414
673,69,101,0.11747540822975878
756,93,53,0.13879834460739687
756,93,52,0.009119721946826743
756,94,54,0.2512058085282999
756,94,53,0.20116077283346884
756,93,54,0.06778682943838173
756,94,55,0.005150860008428708
756,94,52,0.08859463656119808
756,95,53,0.060654991529677245
756,95,54,0.17752803454632177
758,91,53,0.023200161783265803
758,90,54,0.10419270911593077
758,90,55,0.010316465112521414
758,91,55,0.24030193060414198
758,92,55,0.06975516921270575
758,91,54,0.3538081966702939
758,92,54,0.1846954921548003
758,92,53,0.013729875346340159
760,92,46,0.01484624774242778
760,93,45,0.1001386902742679
760,93,47,0.1391015778230277
760,93,46,0.2559643232531609
760,94,47,0.06007479480591293
760,94,46,0.2600465030064274
760,94,45,0.12202898626631553
760,95,45,0.0002083700273801558
760,95,46,0.04759050680107983
761,91,50,0.04763402092992505
761,90,53,0.06417488287662439
761,90,52,0.04089452705965914
761,91,53,0.1583768579347385
761,91,51,0.0974060365895492
761,90,54,0.02351482583764128
761,91,54,0.011875690245508214
761,91,52,0.16784280805755933
761,92,52,0.11048511800586278
761,92,51,0.12630035767695613
761,92,53,0.05657071020526513
761,91,49,0.0007456980067162862
761,92,50,0.09417846657399442
762,92,48,0.0064317679067932305
762,93,47,0.00968817395514651
762,94,48,0.10818701276541595
762,94,47,0.05800728759336102
762,95,48,0.002128111656776759
762,95,47,0.0004079852978148746
762,92,49,0.06661871802978543
762,92,50,0.04314109699334052
762,93,48,0.08910013285711754
762,93,50,0.11645915341002973
762,93,49,0.12674733961024454
762,93,51,2.151796424504186e-05
762,94,49,0.12674733961024454
762,94,50,0.1250473603947624
762,95,49,0.0503423563308413
762,94,51,0.031859967824045564
762,95,51,0.0010449702849056022
762,95,50,0.03801970751512943
764,95,49,0.009528138040267064
764,95,51,0.008115610199156647
764,95,50,0.2138119348160321
764,96,51,0.1386188152895187
764,96,49,0.029424441966024183
764,96,50,0.3296453403418613
764,97,50,0.15266325200945008
764,97,51,0.11819246733768993
765,94,48,0.024932247482136148
765,94,47,0.0009548079873882416
765,95,48,0.16740208609172755
765,95,47,0.09754371499959767
765,96,48,0.13084226074571748
765,96,46,0.05370778172307681
765,96,47,0.12472582601172437
765,97,48,0.005215607018248383
765,97,47,0.0008861371122991903
765,97,46,0.0012010715259477864
765,95,49,0.09778669436229885
765,95,50,0.002090761984043995
765,96,49,0.15528697426600602
765,96,50,0.002157267509054451
765,97,49,0.07119483247954897
765,97,50,0.06389829692586205
765,98,50,0.00016927861432647503
765,98,49,4.353160995250444e-06
766,90,50,0.001831304099344807
766,91,50,0.16053519039715275
766,89,53,0.018963489789146058
766,89,52,0.007262464000461349
766,89,54,0.08586864758175508
766,90,53,0.15484746249354298
766,90,52,0.17335440822982962
766,90,51,0.11623874577819075
766,91,51,0.10645492569148492
766,90,54,0.1248100589364381
766,91,52,0.0012202590466568015
766,91,49,0.04861304395599703
757,94,53,0.027844598092975046
757,94,52,0.04738748352493827
757,94,51,0.041995153887022456
757,95,51,0.08228474715734198
757,95,53,0.06780040194148211
757,95,52,0.08504893735051758
757,95,54,0.013760022405537253
757,96,53,0.08504893735051758
757,96,52,0.08504893735051758
757,96,54,0.049377404487946246
757,97,52,0.08504893735051758
757,95,50,0.004141505405555081
757,96,51,0.04981178035332971
757,96,50,0.00017488583523498453
757,97,51,0.031684973370568505
757,97,53,0.08504893735051758
757,97,54,0.056521634274342133
757,98,54,0.004043678869164253
757,98,52,0.045730949331912504
757,98,53,0.03509680130211459
757,98,51,0.017099293007946926
763,92,56,0.0022606892115913948
763,92,55,0.05375986082084435
763,93,55,0.09194154692329992
763,92,54,0.017383765937549853
763,93,53,0.0021449352554083665
763,94,54,0.014777589740472713
763,95,58,0.01962096099690245
763,93,56,0.021797197925972348
763,93,54,0.061876440930837356
763,94,56,0.08626203419953739
763,94,57,0.03473478057642154
763,94,55,0.09073326626030401
763,95,56,0.09232330563546232
763,95,57,0.08380450102362483
763,95,55,0.09232330563546232
763,96,55,0.07700755724390865
763,95,54,0.02258453499296368
763,96,54,0.03872257471464538
763,96,57,0.009878272412966653
763,96,56,0.04113447251821182
763,97,55,0.023785863215940478
763,97,54,0.021142543827672267
767,96,48,0.019199192111737293
767,96,46,0.0013614497181951431
767,96,47,0.013633101167112771
767,97,48,0.08038690977189274
767,97,47,0.08249562137379568
767,97,46,0.028370775060244397
767,98,46,0.06800729507919105
767,98,45,0.007087986647094116
767,98,47,0.08292722331356536
767,99,48,0.033684173337952775
767,99,46,0.01357722929395912
767,99,47,0.039974674707118026
767,97,49,0.04825106837855426
767,97,50,0.013965764762005124
767,98,50,0.07918024293989998
767,98,49,0.08270086144831121
767,98,48,0.08292722331356536
767,99,50,0.05440758852312844
767,97,51,0.02273747794388647
767,98,52,0.0018167016455675822
767,98,51,0.06601091613204937
767,99,51,0.04740549048904728
767,100,51,0.0029919408073150046
767,99,49,0.018419640525664915
767,100,50,0.008479451509146632
781,69,85,0.0002670016555464887
781,69,86,0.038568394282561626
781,70,85,0.005468028476438767
781,70,86,0.12734010266943832
781,71,86,0.07982702517500939
781,72,86,0.08874788240023378
781,73,85,0.0037752367831171865
781,69,87,0.04686351361488414
781,69,88,0.010592622239864761
781,70,87,0.13147716146178154
781,70,88,0.09529165666773363
781,70,89,0.010417926524839872
781,71,87,0.13140585716201914
781,71,88,0.11631122159351516
781,71,89,0.04270827796290053
781,72,87,0.035352322953789615
781,72,88,0.0004895770432998758
781,73,86,0.03509619133302611
789,60,86,0.00729677591914314
789,61,86,0.03377941025277797
789,62,86,0.00597846434088831
789,63,86,0.00773916120132973
789,64,86,0.0004984183500155059
789,60,87,0.023326938070548073
789,60,88,0.0258731020801767
789,60,89,0.025025713046955122
789,61,88,0.07148834785088548
789,61,89,0.07148834785088548
789,60,91,0.001421600203658167
789,60,90,0.021910523563453747
789,61,90,0.056044465110077366
789,61,91,0.000889447966703122
789,62,90,0.050979434410333424
789,61,87,0.07148834785088548
789,62,88,0.07148834785088548
789,62,89,0.07148834785088548
789,62,87,0.06361090831671701
789,63,89,0.06388621561283446
789,63,88,0.07148834785088548
789,63,87,0.06690484943649977
789,64,88,0.05075078377086347
789,64,89,0.014146532854345055
789,64,87,0.031788727195393
789,63,90,0.01921843019355024
789,65,88,1.0998423778318107e-08
788,65,80,0.045175908546560437
788,65,81,0.003865736103519445
788,66,81,0.04354077457112909
788,66,80,0.09075501234819124
788,66,79,0.05125312874981477
788,66,78,0.004261735546739486
788,67,77,0.007881174673676064
788,67,78,0.10383528610367622
788,67,79,0.11318816416980997
788,68,80,0.10712314788342961
788,68,77,0.0008638132227139046
788,68,79,0.0382009979587459
788,67,81,0.06866771608394817
788,67,80,0.11318816416980997
788,68,81,0.10786215756421269
788,68,82,0.0038221641554373373
788,69,82,0.0013183896819669563
788,69,80,0.006062164599900296
788,68,78,0.06189690039922034
788,69,81,0.027237463467498207
785,61,83,0.016465241451367456
785,61,84,0.012964168566953097
785,62,83,0.07738882121736625
785,62,85,0.002234151794508072
785,62,84,0.055672364332436816
785,63,85,0.033126020578238914
785,63,84,0.11353946466068755
785,63,83,0.08698736735015444
785,64,85,0.062280713099645835
785,64,84,0.11353946466068755
785,64,82,0.00885069237111808
785,64,83,0.10616184696963926
785,65,82,0.016396821570525553
785,64,86,0.0004088939111642404
785,65,85,0.04302986992697193
785,65,83,0.11235690308046695
785,65,84,0.10964835957256502
785,66,84,0.01314228648885342
785,66,83,0.015806548396649838
784,68,83,0.18530188723616448
784,68,82,0.01678784924523293
784,69,83,0.1969796065375858
784,69,82,0.3655944878793504
784,68,84,0.1472297247956565
784,69,84,0.02150108089403087
784,69,81,0.06556934023577103
784,70,82,0.0010360231762081868
783,62,90,6.854957179283501e-05
783,63,89,0.018926858343875138
783,64,88,0.034736682251427065
783,64,89,0.14276263232938127
783,63,90,0.06424940369046535
783,64,90,0.06834988640220128
783,65,90,0.04806173201953594
783,65,89,0.17798293829183162
783,65,88,0.17727995231325466
783,65,87,0.011832461797747692
783,66,89,0.14058297376365433
783,66,88,0.035027479167656285
783,67,89,0.05243298186976798
783,66,90,0.0074863793255042594
783,67,90,0.020219088861904436
778,78,91,0.03626846599062771
778,78,92,0.09243821020100428
778,79,92,0.2016506201975145
778,79,90,0.053747416882498324
778,79,91,0.195865777771764
778,79,89,0.03987725278775418
778,80,89,0.0043695360792113625
778,78,93,0.0021178747927262484
778,79,93,0.07407848999419751
778,80,93,0.04905033742577291
778,80,90,0.08319362490731994
778,80,92,0.06633419156059919
778,80,91,0.10100820140900996
776,61,82,0.001808714002579704
776,62,81,0.004641255299087703
776,62,83,0.03976383179729297
776,63,83,0.053780171309254374
776,65,80,0.01776072013895317
776,62,82,0.11719141382728687
776,63,82,0.22798016821880962
776,63,81,0.0657884876742829
776,64,81,0.10374295168879756
776,64,82,0.2120427641569052
776,64,83,0.014943058495095434
776,65,82,0.04290164581800393
776,65,81,0.09765481757365051
775,79,89,0.016924148587318583
775,80,89,0.18813023734470233
775,80,90,0.08547336343648604
775,80,91,7.898736172226641e-07
775,81,90,0.16315180177340755
775,82,90,0.043791313281827365
775,80,88,0.08148384916788401
775,81,89,0.2009248847216794
775,81,88,0.15432484456143605
775,82,89,0.06228899897316999
775,82,88,0.003505768278471353
774,64,85,0.004243876286076969
774,64,86,0.0014064046852797676
774,65,86,0.16208517570192527
774,65,85,0.1395979724558894
774,65,84,0.007703779648232212
774,66,85,0.08245954297985808
774,66,86,0.10134386870904634
774,66,84,0.013403018892273175
774,65,88,0.0005585887996907854
774,65,87,0.17247596513554067
774,66,87,0.21884535209691822
774,66,88,0.056225187426420034
774,67,87,0.01400690661879757
774,67,88,0.025644360564051116
769,65,80,0.0005048653996827617
769,65,82,0.06888163902689505
769,65,81,0.05475768835710684
769,66,81,0.0633520900480603
769,65,83,0.0010723437941088012
769,66,85,0.026638000699464703
769,66,84,0.08490112326393894
769,66,83,0.08862395666223626
769,66,82,0.10295729402320986
769,67,81,0.0404963266012906
769,67,82,0.10295729402320986
769,68,81,0.004844598656440567
769,68,83,0.05946078627373506
769,68,82,0.095539942434118
769,69,82,0.0012892878495403782
769,67,85,0.0075123884274811625
769,67,83,0.10295729402320986
769,67,84,0.08665730113601723
769,68,84,0.0065957793002538595
768,80,93,0.17385504695008608
768,80,94,0.00040553252117103044
768,80,90,0.012445976378802515
768,80,92,0.16673007542982787
768,80,91,0.12514049788168288
768,81,91,0.19974896484753651
768,81,93,0.09334633558752087
768,81,92,0.18635700967475693
768,81,90,0.0419459857256185
768,81,94,2.4575002996711485e-05
790,75,87,0.024913817151130183
790,76,88,0.007683741228602271
790,76,87,0.13853145728251878
790,77,86,0.13740256185974445
790,77,87,0.13339639763511807
790,77,88,0.014483556478218156
790,78,87,0.019448521115181854
790,79,86,0.027149903121292323
790,79,88,0.016496633142722393
790,79,87,0.11819299055574405
790,80,87,0.048963155669903044
790,80,88,0.041860102165551055
790,75,86,0.0037621232731123917
790,76,86,0.05164119126212471
790,77,85,0.001098303412194819
790,78,85,0.02214724685079122
790,78,86,0.1928282977960502
787,60,84,0.0008591530867902246
787,61,86,0.017045815770312524
787,61,84,0.11864890377576968
787,61,85,0.13302098289785888
787,62,85,0.17679961635481609
787,62,84,0.09191727577191942
787,62,86,0.13658450204689346
787,63,85,0.127730345456549
787,63,86,0.09603984366096083
787,64,85,0.07311956485050608
787,64,86,0.01159298786469776
787,62,87,0.01074422695731301
787,63,87,0.005896781505613136
786,66,85,0.04904784949070547
786,66,86,0.07193423741893137
786,67,86,0.13098891175279567
786,67,85,0.12143116653312995
786,67,84,0.020737902546179462
786,68,84,0.07168176561233264
786,68,86,0.1215547097186325
786,68,85,0.11152307259917245
786,69,86,0.06434816009711695
786,66,87,0.003464265593222581
786,67,87,0.11243477945346396
786,67,88,0.0019489708252852364
786,68,87,0.10794249382388
786,68,88,0.0005142305854348516
786,69,87,0.010447483949716996
782,66,89,0.034984539207178866
782,66,88,0.10047729233260151
782,67,87,0.014412929507551938
782,67,89,0.07010529315714167
782,67,88,0.15824211905014446
782,68,87,0.03196339834671599
782,68,89,0.06705675781763008
782,68,88,0.17859668973732074
782,69,89,0.0007939713886159764
782,69,87,0.10242629239802067
782,69,88,0.13320132217530767
782,70,88,0.04995280157785286
782,70,89,0.057786593303917666
780,73,86,0.0891980991488396
780,73,87,0.004784847416408486
780,74,88,0.03146994661969297
780,74,87,0.15851626145244027
780,75,88,0.04082611721170065
780,75,87,0.13314706601719056
780,74,86,0.16387211414586486
780,74,85,0.016309237667527062
780,75,86,0.1904576227531446
780,75,85,0.05413244604641708
780,76,86,0.09176587255600685
780,76,85,0.025520368964766997
777,82,90,0.0015252522220039417
777,81,88,0.0023606392945741813
777,82,89,0.4253650697171081
777,82,88,0.4541811370279611
777,83,88,0.062301312720567374
777,83,89,0.054266589017785284
773,63,86,0.15070854614026974
773,64,85,0.013163722792838227
773,64,86,0.44556376813246834
773,65,86,0.13526102987580246
773,64,87,0.17537947043149166
773,65,87,0.07992346262712947
772,80,87,0.15854886828336934
772,80,88,0.0025557728172437453
772,81,87,0.270189567969517
772,81,88,0.07603079386601812
772,82,87,0.31902366915476804
772,82,88,0.06876796461652716
772,83,87,0.002566463042434599
772,80,86,0.00372807274913731
772,82,86,0.06223747857287042
772,83,86,0.036351348928114174
771,75,90,0.06429490446923089
771,75,88,0.18445891696628658
771,75,87,0.06245898444967164
771,75,89,0.22115099693115323
771,76,88,0.2258772070464311
771,76,89,0.12503980511613547
771,76,87,0.11671918502109116
770,69,83,0.07500835993489828
770,69,82,0.0017753205189851473
770,68,84,0.008212998345386703
770,68,86,0.011154291968645896
770,68,85,0.023014946314266822
770,69,85,0.15455694148300836
770,69,84,0.14727957615136372
770,69,86,0.033359987299983386
770,70,84,0.11167221305816838
770,70,83,0.03921501739285811
770,70,85,0.14843047384364794
770,70,86,0.004873183255200754
770,71,85,0.10651026958636647
770,71,84,0.003113290561286575
770,71,86,0.06084046466716297
770,72,85,0.03377391540004775
770,72,86,0.03720875021872272
320,26,34,0.003058873415026915
320,26,33,0.003929081180855076
320,27,33,0.12098317377419292
320,27,34,0.18917523809822182
320,27,35,0.02277381165807592
320,28,34,0.1774187407224492
320,26,35,1.7997882119477517e-05
320,28,35,0.005551321547507041
320,28,33,0.15846174512202654
320,29,33,0.19751247684741255
320,29,32,0.0025415445311280666
320,29,34,0.07519709886454633
320,30,33,0.03613014049847465
320,30,32,0.007248755857963206
504,55,81,0.04238662230050492
504,55,79,0.008280688549455803
504,56,79,0.10840814033636254
504,57,79,0.00012526702825435614
504,57,80,0.08311695491603109
504,55,80,0.041653565925477455
504,56,80,0.28398967005455034
504,56,81,0.18396378142990277
504,56,82,0.0031280136059013007
504,57,82,0.08057931863519702
504,57,81,0.1643679772183624
492,57,79,0.003808257867860605
492,57,80,0.022994020465893772
492,57,82,0.04215994458027544
492,57,81,0.12234475874087698
492,58,81,0.2719138901215306
492,58,80,0.2826476994687199
492,58,82,0.03502464892191202
492,58,79,0.0887217360067173
492,59,80,0.04335979893899878
492,59,79,0.02910987750907605
492,59,81,0.05791536737813847
491,57,65,0.026576651289791062
491,57,66,0.004917634515452265
491,57,67,0.0021926407833505706
491,58,66,0.1176693618711991
491,58,68,0.030466055585378404
491,58,69,0.002876227720358562
491,59,70,0.006542357758547719
491,59,69,0.1198186399995222
491,59,68,0.12130435660230875
491,60,69,0.10229965643683299
491,60,68,0.12032296917242244
491,61,68,0.024736736148095347
491,60,70,0.00043986892950994617
491,61,69,0.015142353198668045
491,58,65,0.09646539481708628
491,58,67,0.10647708511055445
491,59,65,0.0159114960876405
491,59,66,0.011580900253858701
491,59,67,0.0683535869423445
491,60,67,0.0059060267770781995
505,58,78,0.012862166271116244
505,58,79,0.01940299564223976
505,58,77,0.0041317493809907985
505,59,77,0.0791366235530223
505,59,79,0.05687491712881881
505,59,78,0.08002021917628023
505,60,77,0.08634929720467306
505,60,78,0.07108618812195601
505,60,79,0.0023194392797448093
505,61,77,0.07970221232317423
505,61,78,0.03254756992650628
505,62,77,0.03220937091630515
505,58,76,0.00033196175521456306
505,59,76,0.07782943144218188
505,59,75,0.011396421028216712
505,60,75,0.02478359166102359
505,60,76,0.08634929720467306
505,61,76,0.08634929720467306
505,61,75,0.04441726790717134
505,62,76,0.08103122474893903
505,62,75,0.0263955031699366
505,63,76,0.0037638897059200896
505,63,75,0.0007093652472223104
488,56,75,3.9941032902780594e-05
488,56,74,0.01797152905607061
488,57,75,0.03263521591768608
488,57,74,0.11242335144859389
488,56,73,0.014806809416935589
488,57,72,0.07524088741825494
488,57,73,0.11285089853931948
488,57,71,0.007117916657019638
488,58,72,0.07984842304846537
488,58,73,0.10886398505339966
488,58,71,0.01281294825959436
488,58,74,0.11290170250036329
488,58,75,0.047817170254863345
488,59,74,0.07734881774888201
488,59,76,0.0008572480803858027
488,59,75,0.08832674242497758
488,60,75,0.06302110515500094
488,60,74,0.01761683929873858
488,59,73,0.011390210451142418
488,61,75,0.006108258237403507
489,55,67,0.056235053326733855
489,55,66,0.0865153305709481
489,55,65,0.017254667075605745
489,56,66,0.11015270900480877
489,56,65,0.0726787201077492
489,56,67,0.11015270900480877
489,57,65,0.053971172171018066
489,57,66,0.1057518512830123
489,57,67,0.10819048507535377
489,58,66,0.003446816565479794
489,55,69,0.0003846919449801839
489,55,68,0.0027329215612951524
489,56,68,0.09007895812345622
489,56,69,0.0036486800704102107
489,57,69,0.006691240026246615
489,57,68,0.10546930465077553
489,58,68,0.05168011475042517
489,58,69,0.0003730988280923917
489,58,65,0.00032885236592041634
489,58,67,0.014262623492879503
490,58,81,0.0051548386919849165
490,58,80,0.0032246401745872613
490,59,80,0.1526801268538933
490,59,79,0.002877746830718201
490,60,84,0.011624198118013048
490,60,83,0.060705932791487345
490,61,83,0.1571448818880729
490,61,84,0.040369316192689526
490,59,81,0.14017949312859546
490,59,82,0.009870063490786419
490,60,81,0.16759533767166598
490,60,82,0.14046109565268255
490,61,82,0.03707449127495361
490,61,81,6.960000516382653e-05
490,60,80,0.038727229708620796
490,62,83,0.028030232740224054
490,62,82,0.00421077478586079
496,56,77,0.011844288173257096
496,57,78,0.04875632269005446
496,58,78,0.005788692465447874
496,58,77,0.09268517197537376
496,59,77,0.010251300939679927
496,56,75,0.05301797507246817
496,56,76,0.07046553345746655
496,57,75,0.11484149389913481
496,57,74,0.0006844020678148637
496,57,76,0.16153441779891775
496,57,77,0.14754413334040187
496,58,76,0.16091341391589842
496,58,75,0.09311987145594984
496,59,76,0.014711680562688435
496,59,75,0.013841302185446184
501,60,69,0.026309319016955778
501,61,68,0.10474053600059967
501,61,70,0.20766020083356182
501,60,70,0.024328276674402172
501,61,71,0.123163311395994
501,61,69,0.23908704229753516
501,62,69,0.008802866329756862
501,62,70,0.09618935152749856
501,62,72,0.0013087088143200218
501,62,71,0.16841038710937595
509,59,80,0.0038944734027056616
509,59,79,0.015465913631047302
509,59,78,0.0018989458995061778
509,60,78,0.012142681700112807
509,61,83,0.0027023674273021652
509,60,81,0.008938285896287083
509,60,82,0.004385896576492341
509,61,82,0.05493631491048231
509,61,81,0.06867101903788837
509,61,80,0.06869583551440722
509,62,81,0.06730941276595244
509,60,80,0.05488731086786214
509,60,79,0.06685058807864255
509,61,77,0.005288138577288092
509,61,79,0.06869583551440722
509,61,78,0.04280237045509996
509,62,79,0.06869583551440722
509,62,78,0.055128388956142825
509,62,77,0.020647352896158357
509,62,80,0.06869583551440722
509,63,79,0.0679125927020948
509,63,80,0.05208779961204204
509,63,78,0.03209974863197296
509,64,79,0.017834980474146778
509,64,78,0.022854604899375717
509,62,82,0.03218735776828537
509,63,81,0.014290112775482627
499,54,79,0.13721373329752207
499,55,81,0.035462080339239116
499,54,80,0.06574568440897975
499,55,78,0.07695375140304299
499,55,79,0.3828489203910571
499,56,78,0.0065644067473325275
499,56,79,0.0005456327065055622
499,55,80,0.294665790706321
503,52,71,0.005000087714649629
503,52,70,8.53928365787448e-05
503,53,69,0.06683861529726258
503,53,68,0.0069229247088116565
503,53,70,0.08467487111728192
503,53,71,0.02497409929242465
503,53,72,0.0042386535347374785
503,54,71,0.08611609425050336
503,54,70,0.09020783314796556
503,54,72,0.015165696875555381
503,55,71,0.09020783314796556
503,55,72,0.056577807564886874
503,54,69,0.0870065166976431
503,54,68,0.02803471388896571
503,55,70,0.09020783314796556
503,55,69,0.05188978443899276
503,56,70,0.07555315170073208
503,56,69,0.02742844559952815
503,56,72,0.018662264910779817
503,56,71,0.08296632986619921
503,57,71,0.007241050260570557
494,54,79,0.010119415963885003
494,54,78,0.008718449165833829
494,55,78,0.08149570077141578
494,55,77,0.010087349986277284
494,55,79,0.009938447840191217
494,56,78,0.17847908332184573
494,56,77,0.15566710561057234
494,56,79,0.10325580507759252
494,57,79,0.0035244710845512826
494,57,78,0.019564556918888577
494,55,75,0.011443069137025749
494,55,76,0.0639119005230092
494,56,75,0.1239525553493276
494,56,74,0.09617190961272833
494,56,76,0.10559753795148918
494,57,77,0.01622222128604501
494,56,73,0.0018504203993211638
507,47,64,0.004131699422302684
507,48,63,0.004425355690803781
507,49,64,0.08697642787297499
507,49,63,0.07586051337829383
507,49,62,0.0017401546556829355
507,47,65,0.014861343403669073
507,47,66,0.0010538818524269732
507,48,66,0.05829167972254906
507,48,64,0.05052356646261087
507,48,65,0.0796451177086862
507,49,65,0.08697835587347502
507,49,67,0.031117231013991404
507,49,68,0.0017110823388633012
507,50,68,0.0008704125142081251
507,49,66,0.07583084758695556
507,50,67,0.0618693778514768
507,50,66,0.07937454427484592
507,50,65,0.08697835587347502
507,51,65,0.01801229756846437
507,51,67,0.003717592884264607
507,51,66,0.006116914023109477
507,50,64,0.08697835587347502
507,50,63,0.054502005816306404
507,51,63,0.00758179255340497
507,51,64,0.020851093783683754
510,51,65,0.0804460239695574
510,52,64,0.11944878363189003
510,50,63,0.0005614474688909483
510,51,63,0.09833198085546169
510,51,64,0.1011818876568872
510,52,63,0.125799105246185
510,52,62,0.021617396670949824
510,52,65,0.014261272897915211
510,53,64,0.10663703931809523
510,54,64,0.0076720543214627915
510,53,63,0.13005331782730029
510,53,62,0.0514372939436401
510,54,61,0.005043956888620359
510,54,62,0.09542735184439341
510,54,63,0.04208108745875049
513,52,75,0.06530405612208451
513,52,76,0.002001587123777649
513,53,76,0.17030651887255763
513,53,77,0.08963174834823683
513,53,75,0.08961318800002842
513,54,76,0.03658723472632186
513,53,79,0.000251479090809454
513,53,78,0.030567707592581823
513,54,79,0.09702564891761849
513,54,77,0.1995512758563845
513,54,80,0.0009479127388927334
513,54,78,0.1907892903058172
513,55,78,0.0035077152059493624
513,55,77,0.02391463709893957
515,58,72,0.03193384891706984
515,58,73,0.0039009702232057847
515,58,71,0.07433456352034909
515,58,70,0.017932382730131164
515,59,70,0.09700171856457045
515,59,69,9.774089769697585e-05
515,60,69,0.0098147882415568
515,61,70,0.04114216132797091
515,59,73,0.03420778413519649
515,59,72,0.0960247788884549
515,59,71,0.10907800889692197
515,60,70,0.10072923102174176
515,60,71,0.10907800889692197
515,60,72,0.03721206801057001
515,61,73,0.0017780465652116792
515,61,72,0.07706881193737501
515,61,71,0.06878524256279056
515,62,72,0.059020102209640456
515,62,71,0.02014286522570926
515,63,71,0.0012868551438047367
515,63,72,0.00943002208311006
497,49,72,0.00013771992169419142
497,49,71,0.054065677652841745
497,49,69,0.0016345180652622012
497,49,70,0.05066232482804081
497,50,69,0.019192729763755252
497,50,72,0.011507994808564025
497,50,71,0.1713233363022653
497,51,72,0.020952470508796565
497,51,71,0.17493105305422849
497,51,70,0.08341867175675761
497,52,72,0.007039758177363747
497,52,71,0.14720119023674477
497,50,70,0.13540725064665124
497,52,70,0.11963562901818953
497,53,70,0.002688995909228331
497,53,71,0.00020067934961606087
498,51,74,0.019002731060341293
498,50,72,0.036615333385297336
498,50,71,0.001890495985084136
498,50,73,0.004775063065179473
498,51,72,0.0760184239674095
498,51,71,0.0005210276117802328
498,51,73,0.0778229759175414
498,52,73,0.08647186893589268
498,52,72,0.08301294539145405
498,52,71,0.009352844215766742
498,52,74,0.08454660231829868
498,52,75,0.009416649918159362
498,53,74,0.06872780503941951
498,53,75,0.00681770111573972
498,54,74,0.007186873148529446
498,53,71,0.06243347180746854
498,53,73,0.08647186893589268
498,53,72,0.08240875955691804
498,54,73,0.07844915517336061
498,54,71,0.003922279222480419
498,54,72,0.07193426054002935
498,55,72,0.009676577608341523
498,55,73,0.0325242860796155
508,45,61,0.002011325617584848
508,46,61,0.10836246270988659
508,46,62,0.04928392281779152
508,45,60,0.023093522720860356
508,46,60,0.07604779884306866
508,47,60,0.034406160058133725
508,47,61,0.11782274150956405
508,46,63,0.039887229481371744
508,47,64,0.0016624752871833167
508,47,62,0.1263875012653714
508,47,63,0.11278158852488511
508,48,62,0.11609693334782455
508,48,61,0.020088296559383503
508,48,63,0.11972996185749588
508,49,64,2.801560953743104e-06
508,49,63,0.00865996064433883
508,49,62,0.03401292220161162
508,48,64,0.009662394992690511
506,53,76,0.009230704804248866
506,53,74,0.05155736358711437
506,53,75,0.12356456207215268
506,54,76,0.17590327753974008
506,54,74,0.027884694082841704
506,54,75,0.04630426335484056
506,54,77,0.011026782092334016
506,54,78,0.009879700829164645
506,55,78,0.09134968814304968
506,55,77,0.20893306740949208
506,56,78,2.199380718902971e-05
506,56,77,0.024016456819306115
506,55,75,0.05725628421255221
506,55,76,0.1630711612459739
493,56,68,0.010275892002042819
493,56,70,0.03776017134726694
493,56,69,0.12861010471058146
493,57,69,0.08818540680017323
493,56,72,0.16690591713759304
493,56,71,0.018658911537303553
493,56,73,0.07569724181881173
493,57,72,0.07753379630367359
493,57,70,0.1936568267613945
493,57,73,0.00010459210610290499
493,57,71,0.19715338361820145
493,58,71,0.005457755856854715
495,59,74,0.07635409569384685
495,60,75,0.034056862994018305
495,60,74,0.19539833654126332
495,59,73,0.14201642175144003
495,59,72,0.029036869158877883
495,60,73,0.24263215846663413
495,60,72,0.15986555979960948
495,61,73,0.058928404714181114
495,61,72,0.0342647732808511
495,61,74,0.02744651759927785
512,54,64,0.06932806396207965
512,54,65,0.051787866753788186
512,55,64,0.15981957939980737
512,55,65,0.1519767735458549
512,56,64,0.17086689827739984
512,56,65,0.06385556110967718
512,57,65,0.05520563455074212
512,56,63,0.007692355582673373
512,57,64,0.1785147175433773
512,57,63,0.017042118725475237
512,58,63,0.0005449700186384523
512,58,64,0.035657748710098934
512,58,65,0.03770771182038766
500,56,78,0.007775902102392343
500,56,79,0.017042562622682726
500,57,79,0.24042112317029496
500,57,80,0.1564426101335264
500,56,80,0.0018845309160245099
500,57,78,0.14753683419116081
500,58,78,0.20257781795698276
500,58,79,0.11596280615604931
500,58,77,0.094024420277921
500,59,77,0.004986611559360445
500,59,78,0.011344780913604764
517,64,74,0.019021675554330816
517,60,75,0.0010600403567808077
517,60,74,0.0028405279396459117
517,61,68,0.0018782522324965617
517,60,73,3.490058258415563e-06
517,61,73,0.054413384783753925
517,61,72,0.011181617539797857
517,61,75,0.031693442076301544
517,61,74,0.06514021391326168
517,62,76,2.136769671978248e-05
517,62,74,0.07018997389661887
517,62,75,0.03723440845921729
517,63,74,0.05711355404254818
517,61,69,0.011744675088481293
517,62,68,0.01737139759859447
517,62,69,0.07150911593209464
517,62,70,0.052258952522208364
517,63,70,0.07043198718711563
517,63,69,0.04095669744723935
517,63,68,0.0015836947124584773
517,64,70,0.01573696142329807
517,62,72,0.03341847506050735
517,62,71,0.022786241007570537
517,62,73,0.07344827866349128
517,63,71,0.06889757114265257
517,63,73,0.07344827866349128
517,63,72,0.06548592106056877
517,64,71,0.0037224727251017756
517,64,72,0.008710079586177994
517,64,73,0.01669725162921629
502,52,68,7.008367046124444e-07
502,53,68,0.018740570884767674
502,51,65,0.01724223115135842
502,51,66,0.012118803720651971
502,52,67,0.033566254680854356
502,52,66,0.055706648667106555
502,52,64,0.009401542087505866
502,52,65,0.08191643679924304
502,53,64,0.01277906423109999
502,53,65,0.08514415822543372
502,53,66,0.09174797188769199
502,53,67,0.0917222960630069
502,54,66,0.09174797188769199
502,54,65,0.04988423420975853
502,54,67,0.09174797188769199
502,55,67,0.044908886963336635
502,55,66,0.019687954582704913
502,55,65,0.003089812927056564
502,54,69,0.003255973250194572
502,54,68,0.04818297525302872
502,55,69,0.03865184528255362
502,55,68,0.08947167734312451
502,56,68,0.009021458318514525
502,56,69,0.0002625588589182997
516,56,68,0.012094942138305058
516,56,69,0.03249104261289482
516,57,69,0.17057702837519426
516,57,68,0.012954179390953871
516,57,70,0.05083124592481911
516,57,71,0.002582436208239444
516,58,71,0.055314843581237866
516,58,68,0.08632084824851274
516,58,70,0.25459042436218127
516,58,69,0.29652810713154315
516,59,70,0.017537466566211735
516,59,69,0.007818530669443807
516,59,68,0.00035890479046273943
514,50,69,0.0394001770988968
514,51,70,0.052092641908612576
514,50,68,0.034748927605093356
514,50,70,0.022837586281868893
514,51,68,0.09844815921944183
514,51,69,0.09834115962859862
514,52,70,0.03161885814855022
514,52,68,0.09903330860235295
514,52,69,0.09903406509545462
514,53,69,0.025655739209035345
514,53,68,0.0712049399788249
514,53,70,0.004561171309372816
514,50,67,0.02254484669734956
514,50,66,0.008657744392497238
514,51,65,5.102276448205812e-05
514,51,67,0.09480119207777854
514,51,66,0.07898810197501302
514,52,67,0.06280217263309625
514,52,66,0.03890351662838883
514,53,67,2.771485015881317e-05
514,54,68,0.016246953895132775
511,54,76,0.02311663749785225
511,54,74,0.14952091111274482
511,54,75,0.15133942235537134
511,54,73,0.01721330498639972
511,55,72,0.04840550181964998
511,55,73,0.11574838944410838
511,55,75,0.13191745759879828
511,55,76,0.0018091822487459777
511,55,74,0.1855315665989471
511,56,75,0.0017926377102083593
511,56,74,0.06073746763739703
511,56,72,0.013923044508505159
511,56,73,0.09894447648127155
129,97,41,1.0
755,92,54,0.06959104820948016
755,92,52,0.07352864758498093
755,92,51,0.053538510088057656
755,92,53,0.13398520899435643
755,93,53,0.10929254599625915
755,93,52,0.20667910524606253
755,92,50,0.012516656738587982
755,93,50,0.017298698297951397
755,93,51,0.21314337156281313
755,94,50,0.0028592381321206834
755,93,54,0.02198561787517245
755,94,52,0.031250902218778236
755,94,51,0.054330449055379045
759,94,47,0.07117964414144796
759,94,46,0.024041977934007665
759,95,45,0.04382615201436652
759,95,47,0.09094960777071064
759,95,46,0.1626356848070806
759,96,46,0.14342398135646192
759,96,44,0.004145045885307393
759,97,45,0.10817642538359863
759,96,45,0.11866385098510165
759,96,47,0.022119662944402655
759,97,46,0.13970834380203054
759,98,46,0.0382222346779901
759,98,45,0.0329073882974939
319,25,43,0.002342973197167871
319,25,42,0.027382813538319443
319,26,43,0.0031102516054017965
319,26,42,0.07318229516540134
319,27,43,0.030985391046583207
319,27,42,0.07996182014351991
319,28,42,0.08106651334088774
319,28,43,0.07757968193033143
319,26,40,0.010800841572147226
319,26,41,0.03631037000787341
319,27,41,0.08106651334088774
319,27,39,0.0037221480888988056
319,27,40,0.07423573925751525
319,28,39,0.0009336662547897515
319,28,44,0.0011063166997575665
319,29,43,0.071297204848572
319,29,41,0.0591715331884637
319,29,42,0.06135736841330452
319,29,44,0.017071516107144954
319,30,42,0.029952695599935526
319,30,43,0.002094092636498366
319,28,40,0.07066378027231435
319,28,41,0.08106651334088774
319,29,40,0.009893620110350968
319,30,41,0.01364434029304531
299,46,45,0.002508920062961478
299,44,43,0.005762437825412622
299,44,42,0.0009800647302501445
299,44,44,0.006228131974972287
299,45,42,0.11575195711925008
299,45,43,0.13197736185720854
299,45,44,0.07473209543712186
299,46,43,0.1347686478319127
299,46,44,0.12052487399966794
299,46,42,0.1095717979724405
299,45,41,0.06874567105621875
299,46,41,0.0046218509104175515
299,47,43,0.11070254413850023
299,47,44,0.07600722793115923
299,47,42,0.019690172097640086
299,48,44,0.00197728874269078
299,48,43,0.01544895631217495
391,70,60,0.05298938223058915
391,71,59,0.010234960396260135
391,71,60,0.11180815723462335
391,72,60,0.024088936489650662
391,69,62,0.019256133558686606
391,69,61,0.019265010796416897
391,70,62,0.0951832878532137
391,70,61,0.14133230598243532
391,70,63,0.025229146430790737
391,71,61,0.14753367552228255
391,71,62,0.07127381720672878
391,71,63,0.0013784130729086188
391,72,62,0.1145837211929991
391,72,64,3.466399000323926e-05
391,72,61,0.0744721074624784
391,72,63,0.0813254345178874
391,69,63,0.010010846062045432
311,22,37,0.04569509040626245
311,22,38,0.12836440077866926
311,23,37,0.1821705459544434
311,23,38,0.12786514268481297
311,23,36,0.086951181470079
311,24,37,0.17354748621758165
311,24,36,0.08549171635547798
311,24,35,0.0009478911206056538
311,24,38,0.05962861516915638
311,25,37,0.04643997435512063
311,22,39,0.0177008710698205
311,23,39,0.004190560236705796
311,25,38,0.041006524181264485
355,76,49,0.022735827936226274
355,76,48,0.07791901393869735
355,77,50,0.00016474526874714327
355,77,49,0.18036273832171715
355,78,50,0.001959319957919809
355,78,48,0.07340402759576306
355,78,49,0.1844920844459373
355,79,49,0.06915249024166643
355,79,48,0.0006132398822948637
355,76,47,0.05020244125260591
355,77,47,0.10251441895951578
355,77,48,0.23647965219890887
680,81,49,0.051958791763396774
680,81,48,0.06011580310298789
680,81,47,0.01220164415137841
680,81,45,0.0039279681599059925
680,81,44,0.03514355943734585
680,82,44,0.03723781514065536
680,83,44,0.002208157550488271
680,81,46,0.0008919406375960789
680,82,47,0.13150910808963753
680,82,45,0.13561038414177665
680,82,46,0.15326351405697752
680,83,47,0.07000866701502022
680,83,45,0.08041840583397038
680,83,46,0.12951755803052198
680,84,47,0.008109049181063085
680,84,46,0.001021830509533682
680,82,49,0.011103979787891754
680,82,48,0.07575182340985234
681,84,45,0.0025111164865656457
681,84,46,0.00910518283704405
681,86,44,0.055035702525843326
681,85,46,0.1341536090906939
681,85,47,0.11213517708507939
681,85,45,0.04789410555955698
681,86,47,0.16734282717860424
681,86,45,0.14949408996928898
681,86,46,0.16726111849451045
681,87,47,0.001988939092226075
681,87,46,0.00015240659069589585
681,87,45,0.010759362532350108
681,85,48,0.02090341356061124
681,86,48,0.12126294899692984
682,79,64,0.09833800647433823
682,80,63,0.07763292841160133
682,79,67,1.476332758299826e-05
682,80,67,0.00026786462479500163
682,79,66,0.04851043203195324
682,79,65,0.18241199416722553
682,80,65,0.23092181270780807
682,80,66,0.09740768699276676
682,80,64,0.26077968789515416
682,81,64,0.0037148233667747624
683,78,61,0.059548305907543134
683,79,59,0.005382174659771475
683,78,62,0.04774924935813907
683,79,62,0.06740673320997503
683,80,62,0.0003631585426302059
683,80,61,0.14715158150287727
683,79,60,0.16222557738990526
683,79,61,0.26964636274721915
683,80,60,0.22548279539554694
683,80,59,0.0064202002256473125
683,81,60,0.007008379500631367
683,81,61,0.001615481560113655
684,88,48,0.03839439616400569
684,88,47,0.13447169366231598
684,89,47,0.2684156923056618
684,89,46,0.0025301260693349316
684,90,47,0.1986388622333794
684,90,46,0.043805536313131055
684,89,49,0.0026205259678755023
684,89,48,0.14455117256004787
684,90,48,0.16516670146858745
684,90,49,0.0014052932556600768
685,79,52,0.0005762692485362267
685,80,51,0.14684127896827728
685,81,51,0.06537421677325161
685,80,53,0.010919554623080818
685,80,52,0.2722658661357884
685,81,53,0.11608719383579139
685,81,52,0.33934491495013286
685,82,52,0.034336110790121534
685,82,51,0.01080038926918543
685,82,53,0.0034542054058343437
686,80,63,0.15800471730168755
686,80,62,0.13313424610726604
686,80,61,0.07363648402962307
686,81,62,0.1832408333398229
686,81,63,0.15110602173150725
686,80,64,0.025580965837757288
686,81,60,0.03925345862775891
686,81,61,0.2271698764626815
686,81,64,0.008873396561895622
687,77,66,0.1125540399348908
687,77,65,0.024440699967106183
687,77,67,0.0801836167110278
687,78,67,0.14203892890075787
687,78,68,0.0032835228501549353
687,79,67,0.15649677162415698
687,79,68,0.026958295603863106
687,80,67,0.005755372201504227
687,78,66,0.16451619381092175
687,78,65,0.09673303549085664
687,79,66,0.1376734992778207
687,79,65,0.04539251167096072
687,80,66,0.003973511955978259
688,89,43,0.08354522246399372
688,89,44,0.021767839214431185
688,90,44,0.1504549977022832
688,90,43,0.38407821231473055
688,91,44,0.08786759387427695
688,91,43,0.2722861344302845
689,83,61,0.05423115405459231
689,83,62,0.00474883784489378
689,84,61,0.10379129361579668
689,82,60,0.00851972212815585
689,83,60,0.10434215199400566
689,84,60,0.13857292865468057
689,84,59,0.02276473729261919
689,85,59,0.04847784851758995
689,85,60,0.13808256817795608
689,84,62,0.023671294170919194
689,85,61,0.02179680499878815
689,86,61,0.023054576331660293
689,86,59,0.08250582345325998
689,86,60,0.11299888984880262
689,87,58,0.023630489320903933
689,87,60,0.008014156646242662
689,87,59,0.07856499696463229
689,88,59,1.990790760185062e-06
689,88,58,0.0022297351937407336
690,77,71,0.16615969615335377
690,76,70,0.013044132698205283
690,77,70,0.18043483679731367
690,77,73,0.0004954578337597254
690,77,72,0.13436679199778104
690,78,71,0.09981559349632822
690,78,72,0.013978962813785054
690,77,69,0.035906336330748564
690,78,69,0.11845760604541176
690,78,70,0.21833100775411993
690,79,69,0.017643989137259928
690,79,70,0.0013655889419329783
691,82,63,0.013623823711970845
691,83,63,0.12292291707943405
691,83,62,3.611512137655094e-05
691,84,63,0.20476365759902931
691,82,64,0.008183392101391556
691,83,64,0.09759298421887434
691,84,65,0.08200175408117084
691,85,65,0.02790506292899401
691,85,64,0.055746758289316564
691,84,64,0.1961218888360477
691,84,62,0.054987203453815726
691,85,63,0.12938481582927636
691,85,62,0.0067296267493020916
693,80,60,0.034570236693306326
693,80,59,0.02986749360287184
693,81,59,0.14336212782748062
693,81,60,0.1470435917211325
693,81,58,0.003281029504541101
693,82,59,0.1787773689836989
693,82,58,0.06579064180987944
693,81,61,0.011341953745201883
693,82,61,0.03237406480120035
693,82,60,0.14767305062354968
693,83,59,0.1133874190947648
693,83,58,0.05529974877023372
693,83,60,0.03723127282213905
694,87,50,0.01842984763803436
694,86,52,0.021906265430905323
694,86,53,0.00354850467325099
694,87,53,0.04573475200660521
694,87,52,0.15477571907900808
694,87,51,0.12436702132334766
694,88,53,0.06669771527499116
694,88,52,0.16469535518561237
694,88,50,0.03455484419169203
694,88,51,0.1473670866217985
694,89,53,0.022046444768999418
694,89,51,0.03580689942159333
694,89,52,0.15629252383109526
694,90,52,0.003777020553066196
695,81,63,0.07911230129126037
695,80,65,0.04374197765251747
695,80,66,0.0014964707587321257
695,80,64,0.005632176268064523
695,81,66,0.04609536095684224
695,81,65,0.2407642590096905
695,82,66,0.011070924711496457
695,81,64,0.23536217679779922
695,82,63,0.03787469352725602
695,82,65,0.20223525769759634
695,82,64,0.09661440132874481
696,75,63,0.18068364301452716
696,75,65,0.0892088985108454
696,75,64,0.366160183931872
696,76,64,0.2604983682061232
696,76,65,0.02057154352840065
696,76,63,0.08287736280823166
697,90,47,0.05276432346525777
697,90,46,0.0046896226326173926
697,91,48,0.14625448322516385
697,91,46,0.0172513271130793
697,91,47,0.14625448322516385
697,92,47,0.14625448322516385
697,92,48,0.13883282929282204
697,92,46,0.06257353666329896
697,93,47,0.06560423695626623
697,93,46,0.002016669308713529
697,90,48,0.03949449694012466
697,90,49,0.0007583636178959386
697,91,50,8.417043782280033e-05
697,91,49,0.05812499188907267
697,92,49,0.06938276182627418
697,92,50,0.006217892059655238
697,93,48,0.04344132812160774
698,85,51,0.09303154916399357
698,85,52,0.009922550195639286
698,85,50,0.01500234117912314
698,86,49,0.10080776005779706
698,86,48,0.010275024803804694
698,86,50,0.15715103767272579
698,86,51,0.15997524115019693
698,87,48,0.006255669891850649
698,87,50,0.14207436351903535
698,86,52,0.07066541113082403
698,87,52,0.009641865534517412
698,87,51,0.03917777858914708
698,87,49,0.14547488549612467
698,88,49,0.016289394740436846
698,88,50,0.02425512687478361
699,86,47,0.016406522307774368
699,86,45,0.004567238477485336
699,86,46,0.016488531194932012
699,87,47,0.1563073626853036
699,87,46,0.18421121146529448
699,87,45,0.1469595815516527
699,88,45,0.13403420085250506
699,87,44,0.0012915643073242473
699,88,44,2.447283490300086e-05
699,88,47,0.08868884742364642
699,88,46,0.18436417800779945
699,89,47,0.0024714211836259713
699,89,45,0.00263524195425478
699,89,46,0.03851487467104466
699,86,48,0.009206672325358059
699,87,48,0.013828078757096055
700,73,67,0.14488020858573483
700,73,68,0.006366102543116193
700,74,67,0.2434047380340032
700,75,67,0.24760237575690935
700,73,66,0.013887275211404626
700,74,66,0.04585329836001674
700,75,66,0.04363835599097023
700,75,68,0.08394340903311386
700,76,67,0.1218839563505762
700,76,68,0.04854028013415496
701,74,57,0.032608290772322135
701,75,57,0.12894580609529682
701,76,57,0.0005750660002347449
701,74,59,0.07861109039228562
701,74,58,0.15830399564523895
701,74,60,0.00931799215733518
701,75,60,0.0792125554427607
701,75,59,0.18591030639826492
701,75,58,0.2107430377010696
701,76,59,0.020974248920598213
701,76,58,0.09479761047459306
702,79,71,0.026758109127070672
702,80,71,0.0005287734287287555
702,78,70,0.006405059268603313
702,79,69,0.14728720277829374
702,79,68,0.0063609011899845025
702,79,70,0.22619251377880756
702,80,68,0.07565387971896309
702,80,70,0.12953734139310996
702,80,69,0.27414728364676205
702,81,70,0.02198948028261222
702,81,69,0.08513945538706419
703,83,47,4.155128456515987e-05
703,84,47,0.12327772455632405
703,83,48,0.005409581987948358
703,83,49,0.01618173548973232
703,83,51,0.013824726470462772
703,84,49,0.24674948235723804
703,84,50,0.16360084801221714
703,84,48,0.20514534448170324
703,84,51,0.1053452420494737
703,85,49,0.04637883065371275
703,85,50,0.001836150679783459
703,85,48,0.07220878197683919
704,80,50,0.0797703232063349
704,80,51,0.10898144202476669
704,81,50,0.25843430249197574
704,81,49,0.04206490893062083
704,81,51,0.23949088340052474
704,82,51,0.11111480713465116
704,82,50,0.11735514492783145
704,82,49,0.04278818788329444
705,83,51,0.06595523063099575
705,83,53,0.08202038904840031
705,83,52,0.22575611057744122
705,84,52,0.2947673417422719
705,84,53,0.0708709026834618
705,85,51,0.0749558588234645
705,85,52,0.006657195023471568
705,85,53,0.001407720876079089
705,84,51,0.17746870098606776
705,85,50,0.00014054960834612807
706,77,57,0.11853435105476234
706,77,56,0.03963689997159004
706,78,55,0.063642436917765
706,78,57,0.13678093077034062
706,78,56,0.15521378651402395
706,79,56,0.04036370759430665
706,79,57,0.001606077204024914
706,79,55,0.0007144416086042969
706,76,59,0.044468470619915344
706,76,58,0.030080813676265836
706,77,59,0.08634792858423283
706,77,58,0.15445663021745956
706,78,59,0.019969251469240272
706,78,58,0.10818427379746837
707,82,47,0.02576712630850647
707,83,47,0.16645482072752107
707,84,47,0.0044804760910304355
707,82,49,0.15736193982728974
707,82,48,0.15759201483026872
707,83,48,0.278445280115686
707,83,49,0.12953873193392074
707,84,49,0.019383083417259757
707,84,48,0.06097652674851715
708,86,44,0.03254314703978659
708,86,45,0.005847299114659529
708,87,45,0.07278493676355555
708,88,45,0.07781101663554345
708,87,44,0.25329033274774776
708,88,44,0.4813298355549856
708,88,43,0.05429679208195609
708,89,43,1.4326282240711982e-05
708,89,44,0.022082313779524722
709,88,44,0.0002927520869786071
709,88,43,0.003990361042761146
709,89,43,0.20863214049414572
709,89,44,0.617784720539979
709,90,44,0.04932162478990957
709,89,45,0.11830963637306174
709,90,45,0.0016687646731641794
710,76,66,0.018558987807577046
710,77,66,0.005806522633088475
710,75,69,0.004549520195165557
710,75,68,0.016057780070116448
710,76,67,0.09813451798841548
710,76,69,0.17812663229695955
710,76,68,0.16929679683346896
710,76,70,0.01768188139751189
710,77,67,0.09603319563695258
710,77,68,0.1894377243796002
710,77,70,0.03154638569744224
710,77,69,0.17198490640754968
710,78,69,0.0020923091352404587
710,78,68,0.0006928395209114083
711,81,62,0.049352838820232725
711,81,63,0.01569211593832967
711,81,61,0.007902168379765954
711,82,61,0.1412828174452025
711,82,63,0.13458966908305495
711,82,62,0.17252459243660276
711,83,61,0.10527188213060813
711,83,63,0.06895530470793795
711,83,62,0.16660507220011544
711,82,64,0.09170458426467067
711,83,64,0.004168236744890405
711,82,60,0.019451027708079244
711,83,60,0.001516517012839996
711,84,62,0.020983173127669563
712,79,67,0.010082069122402258
712,79,69,0.006728423478106699
712,79,68,0.0804714849208806
712,80,67,0.18719598879980986
712,80,68,0.15003387187061032
712,80,69,0.0004621322059166504
712,81,68,0.18324090020350073
712,81,67,0.20348428791287204
712,81,69,0.000667264002016888
712,82,68,0.03342319952305112
712,82,67,0.12157961036020895
712,80,66,0.01314824232843923
712,81,66,0.009379187609130344
712,82,66,0.00010333766305437581
713,76,52,0.08554955070428105
713,76,51,0.0002266340216403855
713,76,55,0.03689829462996288
713,77,51,0.002025147119172033
713,76,54,0.025507037207109447
713,76,53,0.03799767825085143
713,77,52,0.1456572172042126
713,77,53,0.1772213970975205
713,78,53,0.02150663274916011
713,78,52,0.006732845878903585
713,78,54,0.11833226297454309
713,79,54,0.002935536603334511
713,77,55,0.12808504811613086
713,77,54,0.1772898025749663
713,78,55,0.0340349148682113
714,88,45,0.07844226068030886
714,88,44,0.0011358800365174704
714,89,44,0.049166207951556254
714,89,47,0.07340620570771948
714,89,45,0.35551868105802975
714,89,46,0.43943026125030427
714,90,46,0.002900503315564005
715,82,54,0.043885093821869114
715,82,55,0.06416767554078366
715,82,57,0.014332798102641731
715,82,56,0.06536946590675928
715,83,57,0.03323712450813224
715,83,53,0.057177666034267195
715,83,54,0.11231051573719548
715,84,53,0.0722046165660155
715,85,53,0.017226224631219724
715,85,54,0.05102882444634223
715,83,55,0.11454350273628638
715,83,56,0.08815754370226553
715,84,56,0.008806278824326016
715,84,55,0.10102905229140423
715,84,54,0.11454350273628638
715,85,55,0.04198011441420522
716,83,47,0.0009059549204996142
716,83,46,0.0549385921361633
716,84,47,0.19185229493521988
716,84,45,1.1537195322395719e-05
716,84,46,0.32524694675128263
716,85,46,0.10347120936537862
716,85,47,0.1494637883899482
716,84,48,0.022521001914645594
716,85,48,0.15158867439153967
717,77,51,0.04828409136731896
717,77,50,0.0024172690104153375
717,78,50,0.08220599654357115
717,78,51,0.1517803751504991
717,77,52,0.024294846394928304
717,77,53,0.0009405068264646346
717,78,53,0.12920868393482354
717,78,52,0.14604979406687868
717,78,54,0.019058977146496753
717,79,52,0.12629329418677177
717,79,53,0.024948604314299544
717,79,50,0.04552791429012764
717,80,50,0.0026297150926144555
717,80,51,0.0304856172267805
717,79,51,0.1514042848337813
717,80,52,0.01447002961422827
718,76,64,0.1065841107993216
718,76,66,0.038354259652916244
718,76,65,0.08769452426609922
718,77,66,0.04953003928828165
718,77,65,0.14662053454499874
718,77,64,0.17220322853019118
718,76,63,0.040185688505274667
718,77,63,0.12758263961478308
718,77,62,2.696131109003128e-05
718,78,63,0.008556553315027932
718,78,64,0.13328075705262618
718,79,64,0.013230314369568704
718,78,65,0.07095033280494843
718,79,65,0.005200055944872375
719,76,52,0.00443385907536916
719,74,51,0.0027978063158384907
719,74,50,1.6947504053286396e-05
719,74,48,1.8065695881443547e-05
719,75,48,0.07573189428635829
719,75,51,0.08670207274095117
719,75,49,0.01625358502241121
719,75,50,0.08042358342725213
719,76,51,0.12975767092337112
719,76,50,0.11300138171036388
719,76,49,0.09221136363609583
719,76,48,0.09050758792702823
719,77,51,0.09292225171846408
719,77,50,0.13627910683808028
719,77,49,0.03448764385169457
719,78,50,0.023981590213220185
719,78,49,1.8752044517788883e-06
719,77,52,0.003205798549549789
719,75,47,0.011226441925632316
719,76,47,0.0060394734339329
720,81,54,0.013716471978365561
720,81,53,0.07900339419564066
720,81,52,0.0021308854686797754
720,82,52,0.275415211635374
720,82,51,0.007341477283777851
720,82,54,0.1297007127945839
720,82,53,0.32472707215795854
720,83,53,0.07861849612854348
720,83,52,0.0829511601611113
720,83,54,0.006395118195964935
721,78,53,0.00613756723837013
721,78,54,0.005535867241709754
721,79,52,0.03629535653494016
721,79,53,0.1824502992313085
721,79,54,0.14681932217622284
721,79,55,0.011497277051992421
721,80,53,0.21135925525478758
721,80,54,0.2075323042260716
721,80,52,0.023482090375758984
721,81,54,0.06431266669439552
721,81,53,0.09154945683866574
721,80,55,0.013028537135776756
722,78,54,0.04266333118693192
722,79,54,0.07154881143938101
722,78,55,0.09482678155344237
722,79,56,0.12589552608375848
722,79,55,0.21688514215594948
722,80,54,0.01138352649072535
722,81,54,0.15231725315106745
722,82,54,0.03164057621389657
722,80,55,0.18609859027966785
722,80,56,0.019488597860828343
722,81,55,0.047251863584351045
723,84,49,0.011486775710911326
723,84,50,0.06502977521298207
723,85,51,0.03729376223286658
723,84,51,0.01876123317369836
723,85,49,0.29097347306982235
723,85,50,0.3130880202000764
723,85,48,0.08195705745412471
723,86,49,0.128767514548384
723,86,48,0.046496011102401216
723,86,50,0.006146377294732867
724,75,60,0.13110519961307998
724,75,59,0.030907452407766604
724,76,59,0.2464954946264299
724,75,61,0.009182325710222912
724,76,61,0.04485402728072227
724,76,60,0.36464125579687445
724,77,60,0.03026566040264922
724,77,59,0.14254858416225463
725,85,54,0.010377296348145108
725,85,57,0.021446924736543038
725,85,55,0.04905966388700216
725,85,56,0.03973848977975344
725,86,56,0.08845953801328345
725,86,54,0.008952184597221836
725,86,55,0.07328500951878593
725,86,57,0.08845953801328345
725,87,55,0.021841811950244296
725,87,57,0.08845953801328345
725,87,56,0.08840829859060848
725,88,55,0.0056119531622385085
725,88,56,0.07637475453715725
725,89,57,0.0008772218793474058
725,89,56,0.009015801576500468
725,89,55,0.0018514722697616673
725,85,59,0.02926308403888657
725,85,58,0.014316063675341691
725,86,59,0.03599821911609035
725,86,58,0.08706632632421786
725,87,58,0.0734340939406848
725,87,59,0.0019744182730198744
725,88,57,0.06622173302458355
725,88,58,0.01950656473401508
726,80,71,0.008507541918759616
726,80,70,0.018825157303711926
726,81,70,0.21705287762868752
726,81,68,0.027298167862086848
726,81,69,0.1631168506603802
726,82,69,0.15326331191868908
726,82,68,0.013843933470426763
726,80,72,0.0005605905770163588
726,81,72,0.0069742757572366235
726,81,71,0.1527661899579888
726,82,71,0.0009385924641273216
726,82,70,0.15155057036194944
726,83,70,0.04882669882507412
726,83,69,0.03647524129386524
727,71,50,0.017834536256645998
727,71,49,0.0814066542764661
727,72,48,0.1378733070948277
727,72,50,0.03881272590968971
727,72,49,0.13344061947137956
727,73,50,0.0004873607053220899
727,73,48,0.13882510665916847
727,71,47,0.005534806790209481
727,71,48,0.024789396842409328
727,73,49,0.07998313286941372
727,74,48,0.13597993504840017
727,74,49,0.014431572615545276
727,75,48,0.016431194735318053
727,72,47,0.05444251297029589
727,73,47,0.07961480647326107
727,74,47,0.04011233128164735
728,80,57,0.0001349793296347209
728,81,57,0.15535298126886773
728,82,57,0.2335011658945513
728,82,56,0.0214936287622108
728,83,57,1.3364115283379984e-05
728,80,59,0.008191472084606065
728,80,58,0.07739663090761162
728,81,59,0.05389169537384726
728,81,58,0.2669207971141529
728,82,58,0.17193293292230866
728,83,58,0.01117035222692554
729,74,53,0.0045116457329031235
729,74,52,0.00964496104215731
729,75,52,0.18561703732165022
729,75,53,0.210346210049662
729,76,52,0.10667287820799712
729,75,51,0.019381424701623705
729,76,51,0.013632580385121421
729,75,54,0.06915163697874437
729,76,55,0.02310263809565776
729,76,54,0.18474948293326568
729,76,53,0.17191955260250397
729,77,54,0.0012699519487133096
730,82,69,0.0826315780637946
730,82,68,0.1818316786014432
730,82,67,0.04759262408355952
730,83,70,0.007924247606850393
730,83,67,0.1385362862052368
730,83,69,0.1907584687715796
730,83,68,0.23286092828218444
730,84,69,0.03260084364702579
730,84,68,0.08506617657453427
730,83,66,0.00019716816379152324
731,82,52,0.015003451901217074
731,82,51,0.14296338142942303
731,82,50,0.15121062813984176
731,82,49,0.05910579248719581
731,83,49,0.12181231004549269
731,83,50,0.25044454270776534
731,83,51,0.18558706995650545
731,84,49,0.006230839138679093
731,84,50,0.058562479508938656
731,83,52,0.007087111299034602
731,84,51,0.0019923933859064416
732,83,44,0.01585193513881901
732,84,43,0.013050612245543184
732,83,45,0.09858482686914621
732,83,46,0.019683165151557547
732,84,45,0.2018192148005708
732,84,46,0.019798941732296075
732,84,44,0.18146751634989347
732,85,43,0.039609665229317935
732,85,44,0.20185027547119005
732,86,44,0.026933099388873893
732,85,45,0.15127050104796405
732,86,45,0.030080246574827642
733,77,67,0.0182828349844636
733,77,68,0.03160285634616015
733,77,69,0.0037510225684030604
733,78,67,0.054495015274789886
733,78,69,0.19129448847897743
733,78,68,0.3895574316007281
733,79,69,0.14177452315946693
733,79,68,0.16924182758701078
734,89,44,5.616801941026999e-07
734,90,44,0.16813043750473233
734,89,45,0.0608391732958203
734,89,46,0.012567058462455625
734,90,45,0.2627884563420733
734,90,46,0.21653031964215982
734,91,44,0.06629640498437184
734,91,45,0.09813893301602394
734,91,46,0.11470865507216868
735,74,67,0.001279345496061558
735,75,67,0.006634103723988986
735,72,64,0.003202201484955106
735,73,65,0.03399348423059872
735,73,66,0.008117500594661303
735,74,66,0.11983813580214873
735,74,64,0.1584537925656336
735,72,63,0.003045906241469447
735,73,63,0.10522451121820542
735,73,62,0.004437051357511707
735,73,64,0.10082967716082229
735,74,63,0.0702348824954858
735,74,62,5.738357222934816e-06
735,75,63,0.031003544763515828
735,74,65,0.1584537925656336
735,75,66,0.0550468541346011
735,75,65,0.06661639735812092
735,75,64,0.07358308044936292
736,88,49,0.08371112957815399
736,88,50,0.015475457306816128
736,89,50,0.08520015082192943
736,89,49,0.25824489195940414
736,89,48,0.00023522482561452656
736,90,50,0.06985428849011267
736,90,48,0.0591417839215053
736,90,49,0.29513135338412244
736,91,50,0.012089287849003257
736,91,49,0.12091643186333807
737,91,44,0.14217101173319308
737,91,43,0.013968796079079663
737,92,44,0.16346191694390338
737,91,45,0.15610962184013963
737,91,46,0.11110597131093669
737,92,46,0.12975252980371174
737,92,45,0.23736850686866998
737,93,45,0.016101603825745853
737,93,46,0.027905638898152858
737,93,44,0.0020544026964671
738,86,54,0.003039406584802478
738,87,54,0.08120324723719217
738,87,53,0.0814765856112447
738,88,53,0.10715279667729384
738,88,54,0.17992239844237
738,88,52,7.813085655574018e-06
738,87,55,0.033007687558004616
738,87,56,0.00010430760687808703
738,88,55,0.16865204290570218
738,88,56,0.016565777257761826
738,89,55,0.07470923274917962
738,89,53,0.14245459449662967
738,89,52,7.17424608034666e-05
738,89,54,0.11045246232811506
738,90,53,0.0011799049983667379
739,76,61,0.0007551160459670987
739,77,63,0.045883365592568205
739,77,61,0.13846954258869693
739,77,62,0.12320461469895923
739,78,61,0.1477293977717225
739,78,63,0.11212730692483037
739,76,60,0.010236863483628062
739,77,60,0.17036642777202946
739,77,59,0.009333541147367728
739,78,59,0.0003912281927078625
739,78,60,0.08288432694164707
739,78,64,0.007631628104630593
739,78,62,0.14284004135000455
739,79,60,0.005468888802419992
739,79,61,0.0026777105828203838
740,73,63,8.290580310169651e-05
740,73,62,0.014268349847215093
740,74,63,0.0711619606023431
740,74,61,0.04690291910129585
740,74,62,0.11904936856394306
740,75,63,0.06902549790894387
740,74,60,0.0017347714043496874
740,75,60,0.02514808366411672
740,75,61,0.12250536501766536
740,75,62,0.12781706932086748
740,76,61,0.11177356423030953
740,76,63,0.08249380652835571
740,76,62,0.12781706932086748
740,77,63,0.0017071053130940546
740,77,61,0.03301909009278977
740,77,62,0.04344963857137089
740,76,60,0.0008205202787720029
740,77,60,0.0012229144305987583
741,78,57,0.030063887838736324
741,79,57,0.04630234312582346
741,77,59,0.01116166550406684
741,78,59,0.15510033920954883
741,78,58,0.06161587277030628
741,78,60,0.09826427495671167
741,79,58,0.16038892666290627
741,79,59,0.17338263387519537
741,79,60,0.07105102700626231
741,80,60,0.0028716595567546445
741,80,59,0.13789541117549714
741,80,58,0.051901958318190944
742,88,50,0.13618968276822646
742,89,50,0.20407676226216417
742,89,49,0.0028937219433275573
742,90,50,0.2167203006987306
742,91,50,0.011708649482175195
742,88,51,0.03007864622372329
742,89,51,0.2236465231517661
742,89,52,0.006262961659524078
742,90,52,0.01383033767820319
742,90,51,0.1542853779959637
742,91,51,0.00030703613619574224
743,92,44,0.0004432671981352502
743,93,42,0.0002030283273289284
743,92,45,0.008273684213698252
743,93,45,0.10663072260811055
743,93,43,0.12651098389540968
743,93,44,0.1679936389338312
743,94,44,0.17570215496625696
743,94,43,0.07052794160747416
743,95,44,0.0747638471230366
743,94,45,0.1048264648091798
743,95,45,0.14289456218158503
743,95,46,0.01435068758415256
743,96,44,0.003515006194145
743,96,45,0.003364010357656043
744,87,47,0.039829043814721514
744,88,48,0.24695464453273067
744,88,47,0.0242915957060989
744,86,48,0.025960042236994392
744,87,48,0.24961647377658608
744,87,49,0.0255398541768951
744,88,49,0.17393255593740473
744,88,50,0.031020184774376555
744,89,49,0.03238044967466904
744,89,48,0.150475155369523
745,80,67,0.025188316824545566
745,81,67,0.007216885252746465
745,82,67,0.08562253232774014
745,80,65,0.019408523403629422
745,80,66,0.24304885906914853
745,81,66,0.3226046236243749
745,81,65,0.010582371696724971
745,82,66,0.28117361536074825
745,82,65,0.005154272440341863
746,84,52,0.0097128171259278
746,84,53,0.02276586592651104
746,85,51,0.011492296268622786
746,85,52,0.14496979436036797
746,85,53,0.13363983990857856
746,85,54,0.06913300369933155
746,86,52,0.06724751417675762
746,86,54,0.1394579515619712
746,86,53,0.1547229192483746
746,87,54,0.08682304968755945
746,87,53,0.042673381591711336
746,88,54,0.00013509483982056944
746,86,55,0.02712590920347254
746,87,55,0.09010056240099315
747,91,44,0.002384403662889788
747,91,42,5.886413679755627e-05
747,91,43,0.1730055194655715
747,92,42,0.020406212477933876
747,92,43,0.5036546121397386
747,92,44,0.1752851541593465
747,93,42,0.0017800920409993207
747,93,43,0.09411270590356453
747,93,44,0.029312436013158208
748,84,61,0.08981554723606543
748,85,60,0.0026378369660682403
748,84,62,0.15550860990418774
748,85,61,0.2980887215899128
748,85,63,0.03604142989897797
748,85,62,0.336673915410451
748,86,62,0.04169809667913617
748,86,61,0.03953584231520064
749,82,67,0.0011115445971572003
749,83,67,0.08229165750109012
749,84,67,0.03154806769372716
749,82,66,0.06751089350495416
749,82,65,0.039978763127367596
749,82,64,0.008832192865904469
749,83,66,0.23647330960821433
749,83,65,0.2366735544313415
749,83,64,0.11815381280379961
749,84,65,0.07944223112016617
749,84,66,0.0879954906411488
749,84,64,0.009988482105128677
750,82,57,0.001418067720710285
750,83,57,0.08406033453670611
750,83,56,0.027281574970466283
750,84,56,0.10932625179944204
750,84,55,0.013973170068267145
750,84,57,0.11843144125444399
750,85,57,0.08971785915724874
750,85,55,0.00934431725096549
750,85,56,0.06522873724321032
750,83,59,0.04331770879572825
750,83,58,0.07693517041702222
750,83,60,0.0039011653520769165
750,84,58,0.11843144125444399
750,84,60,0.0004658510916488037
750,84,59,0.09905207404544975
750,85,59,0.037984772703165345
750,85,58,0.09926480199496117
750,86,58,0.0018652603440433748
751,71,68,0.008376619371219007
751,72,68,0.03335540659002766
751,72,67,0.10196748579857856
751,73,67,0.047792667260754915
751,73,68,0.027431559172602548
751,69,66,0.0004244864869850866
751,70,67,0.04969721903291088
751,70,65,0.03381593621646208
751,70,66,0.0989533143454501
751,71,65,0.05160997922601528
751,71,66,0.10196748579857856
751,71,67,0.1008356055065024
751,72,65,0.051255499411610776
751,72,66,0.10196748579857856
751,73,65,0.07061434891381231
751,73,66,0.0915764409458589
751,74,66,0.007788254936193523
751,73,64,0.020570205187858903
752,78,63,0.09012897238044477
752,78,64,0.047714175791392005
752,78,62,0.017407313441777622
752,79,63,0.2577056171421034
752,79,64,0.15266929332724177
752,79,62,0.1968151263511325
752,80,63,0.031768388713362385
752,80,62,0.12370215541156415
752,80,61,0.05084345074601685
752,79,65,0.020708650678016968
752,80,64,0.00010685172153584494
752,79,61,0.010430004295411854
753,78,57,0.0009651416355980862
753,79,56,0.03171466442372671
753,79,57,0.11021215941994507
753,81,54,0.0002029409466225721
753,82,54,0.012698802114233182
753,80,55,0.019846458758847673
753,80,56,0.13850164287374875
753,80,57,0.15124960373667107
753,81,56,0.15132468522304757
753,81,57,0.06491047070403506
753,81,55,0.12023406227765364
753,82,55,0.06655206110433663
753,82,57,0.0006938456380299419
753,82,56,0.053008653526088724
753,79,58,0.013981572814278644
753,80,58,0.06382893012920104
753,81,58,7.43046739355963e-05
754,75,67,0.015687495311240713
754,75,66,0.22395074765155726
754,75,65,0.20385564133473594
754,76,66,0.3118804367565144
754,76,65,0.2091065435311579
754,76,67,0.03551913541479374
692,74,57,0.008873937252022826
692,74,56,0.044426778600573626
692,74,55,0.012563090811938581
692,75,57,0.05587702607249809
692,75,54,0.0009274024332258835
692,75,56,0.14818684386207773
692,75,55,0.019219361054519175
692,76,55,0.09888936613266026
692,76,57,0.15810840834186074
692,76,56,0.15853300853271415
692,76,54,0.00013832719463325655
692,77,55,0.044664795819689275
692,77,57,0.04539709822122925
692,77,56,0.12070130219351669
692,78,55,0.0021659299809030546
692,78,56,0.01038816381977671
692,76,58,0.05982832292573002
692,77,58,0.011110836750430477
779,64,88,0.32567354253464725
779,64,87,0.6644361096150657
779,65,88,0.005025558364858471
779,65,87,0.0048647894854284435
464,69,106,0.054578018293032375
464,67,106,0.15074952391923005
464,67,107,0.12559742062389398
464,68,107,0.3885647135549559
464,68,106,0.2197364305319794
464,69,107,0.06077389307690821
40,84,119,0.008598050407280225
40,85,121,0.06227154111234423
40,85,119,0.10216605701719561
40,85,120,0.20164444108362742
40,85,117,0.01784421128491989
40,85,118,0.03662975486609295
40,86,118,0.13784310458960422
40,87,118,0.022606626098337784
40,86,120,0.04014800728503425
40,86,121,0.00030367415718670656
40,86,119,0.22093880303897862
40,87,120,0.010229641107012145
40,87,119,0.13794934921300317
40,88,119,0.0008267387393828873
341,17,29,1.0
