cell_row,cell_col,lon,lat,district_id
0,0,66.5,6.5,
0,1,66.75,6.5,
0,2,67.0,6.5,
0,3,67.25,6.5,
0,4,67.5,6.5,
0,5,67.75,6.5,
0,6,68.0,6.5,
0,7,68.25,6.5,
0,8,68.5,6.5,
0,9,68.75,6.5,
0,10,69.0,6.5,
0,11,69.25,6.5,
0,12,69.5,6.5,
0,13,69.75,6.5,
0,14,70.0,6.5,
0,15,70.25,6.5,
0,16,70.5,6.5,
0,17,70.75,6.5,
0,18,71.0,6.5,
0,19,71.25,6.5,
0,20,71.5,6.5,
0,21,71.75,6.5,
0,22,72.0,6.5,
0,23,72.25,6.5,
0,24,72.5,6.5,
0,25,72.75,6.5,
0,26,73.0,6.5,
0,27,73.25,6.5,
0,28,73.5,6.5,
0,29,73.75,6.5,
0,30,74.0,6.5,
0,31,74.25,6.5,
0,32,74.5,6.5,
0,33,74.75,6.5,
0,34,75.0,6.5,
0,35,75.25,6.5,
0,36,75.5,6.5,
0,37,75.75,6.5,
0,38,76.0,6.5,
0,39,76.25,6.5,
0,40,76.5,6.5,
0,41,76.75,6.5,
0,42,77.0,6.5,
0,43,77.25,6.5,
0,44,77.5,6.5,
0,45,77.75,6.5,
0,46,78.0,6.5,
0,47,78.25,6.5,
0,48,78.5,6.5,
0,49,78.75,6.5,
0,50,79.0,6.5,
0,51,79.25,6.5,
0,52,79.5,6.5,
0,53,79.75,6.5,
0,54,80.0,6.5,
0,55,80.25,6.5,
0,56,80.5,6.5,
0,57,80.75,6.5,
0,58,81.0,6.5,
0,59,81.25,6.5,
0,60,81.5,6.5,
0,61,81.75,6.5,
0,62,82.0,6.5,
0,63,82.25,6.5,
0,64,82.5,6.5,
0,65,82.75,6.5,
0,66,83.0,6.5,
0,67,83.25,6.5,
0,68,83.5,6.5,
0,69,83.75,6.5,
0,70,84.0,6.5,
0,71,84.25,6.5,
0,72,84.5,6.5,
0,73,84.75,6.5,
0,74,85.0,6.5,
0,75,85.25,6.5,
0,76,85.5,6.5,
0,77,85.75,6.5,
0,78,86.0,6.5,
0,79,86.25,6.5,
0,80,86.5,6.5,
0,81,86.75,6.5,
0,82,87.0,6.5,
0,83,87.25,6.5,
0,84,87.5,6.5,
0,85,87.75,6.5,
0,86,88.0,6.5,
0,87,88.25,6.5,
0,88,88.5,6.5,
0,89,88.75,6.5,
0,90,89.0,6.5,
0,91,89.25,6.5,
0,92,89.5,6.5,
0,93,89.75,6.5,
0,94,90.0,6.5,
0,95,90.25,6.5,
0,96,90.5,6.5,
0,97,90.75,6.5,
0,98,91.0,6.5,
0,99,91.25,6.5,
0,100,91.5,6.5,
0,101,91.75,6.5,
0,102,92.0,6.5,
0,103,92.25,6.5,
0,104,92.5,6.5,
0,105,92.75,6.5,
0,106,93.0,6.5,
0,107,93.25,6.5,
0,108,93.5,6.5,
0,109,93.75,6.5,
0,110,94.0,6.5,
0,111,94.25,6.5,
0,112,94.5,6.5,
0,113,94.75,6.5,
0,114,95.0,6.5,
0,115,95.25,6.5,
0,116,95.5,6.5,
0,117,95.75,6.5,
0,118,96.0,6.5,
0,119,96.25,6.5,
0,120,96.5,6.5,
0,121,96.75,6.5,
0,122,97.0,6.5,
0,123,97.25,6.5,
0,124,97.5,6.5,
0,125,97.75,6.5,
0,126,98.0,6.5,
0,127,98.25,6.5,
0,128,98.5,6.5,
0,129,98.75,6.5,
0,130,99.0,6.5,
0,131,99.25,6.5,
0,132,99.5,6.5,
0,133,99.75,6.5,
0,134,100.0,6.5,
1,0,66.5,6.75,
1,1,66.75,6.75,
1,2,67.0,6.75,
1,3,67.25,6.75,
1,4,67.5,6.75,
1,5,67.75,6.75,
1,6,68.0,6.75,
1,7,68.25,6.75,
1,8,68.5,6.75,
1,9,68.75,6.75,
1,10,69.0,6.75,
1,11,69.25,6.75,
1,12,69.5,6.75,
1,13,69.75,6.75,
1,14,70.0,6.75,
1,15,70.25,6.75,
1,16,70.5,6.75,
1,17,70.75,6.75,
1,18,71.0,6.75,
1,19,71.25,6.75,
1,20,71.5,6.75,
1,21,71.75,6.75,
1,22,72.0,6.75,
1,23,72.25,6.75,
1,24,72.5,6.75,
1,25,72.75,6.75,
1,26,73.0,6.75,
1,27,73.25,6.75,
1,28,73.5,6.75,
1,29,73.75,6.75,
1,30,74.0,6.75,
1,31,74.25,6.75,
1,32,74.5,6.75,
1,33,74.75,6.75,
1,34,75.0,6.75,
1,35,75.25,6.75,
1,36,75.5,6.75,
1,37,75.75,6.75,
1,38,76.0,6.75,
1,39,76.25,6.75,
1,40,76.5,6.75,
1,41,76.75,6.75,
1,42,77.0,6.75,
1,43,77.25,6.75,
1,44,77.5,6.75,
1,45,77.75,6.75,
1,46,78.0,6.75,
1,47,78.25,6.75,
1,48,78.5,6.75,
1,49,78.75,6.75,
1,50,79.0,6.75,
1,51,79.25,6.75,
1,52,79.5,6.75,
1,53,79.75,6.75,
1,54,80.0,6.75,
1,55,80.25,6.75,
1,56,80.5,6.75,
1,57,80.75,6.75,
1,58,81.0,6.75,
1,59,81.25,6.75,
1,60,81.5,6.75,
1,61,81.75,6.75,
1,62,82.0,6.75,
1,63,82.25,6.75,
1,64,82.5,6.75,
1,65,82.75,6.75,
1,66,83.0,6.75,
1,67,83.25,6.75,
1,68,83.5,6.75,
1,69,83.75,6.75,
1,70,84.0,6.75,
1,71,84.25,6.75,
1,72,84.5,6.75,
1,73,84.75,6.75,
1,74,85.0,6.75,
1,75,85.25,6.75,
1,76,85.5,6.75,
1,77,85.75,6.75,
1,78,86.0,6.75,
1,79,86.25,6.75,
1,80,86.5,6.75,
1,81,86.75,6.75,
1,82,87.0,6.75,
1,83,87.25,6.75,
1,84,87.5,6.75,
1,85,87.75,6.75,
1,86,88.0,6.75,
1,87,88.25,6.75,
1,88,88.5,6.75,
1,89,88.75,6.75,
1,90,89.0,6.75,
1,91,89.25,6.75,
1,92,89.5,6.75,
1,93,89.75,6.75,
1,94,90.0,6.75,
1,95,90.25,6.75,
1,96,90.5,6.75,
1,97,90.75,6.75,
1,98,91.0,6.75,
1,99,91.25,6.75,
1,100,91.5,6.75,
1,101,91.75,6.75,
1,102,92.0,6.75,
1,103,92.25,6.75,
1,104,92.5,6.75,
1,105,92.75,6.75,
1,106,93.0,6.75,
1,107,93.25,6.75,
1,108,93.5,6.75,
1,109,93.75,6.75,
1,110,94.0,6.75,
1,111,94.25,6.75,
1,112,94.5,6.75,
1,113,94.75,6.75,
1,114,95.0,6.75,
1,115,95.25,6.75,
1,116,95.5,6.75,
1,117,95.75,6.75,
1,118,96.0,6.75,
1,119,96.25,6.75,
1,120,96.5,6.75,
1,121,96.75,6.75,
1,122,97.0,6.75,
1,123,97.25,6.75,
1,124,97.5,6.75,
1,125,97.75,6.75,
1,126,98.0,6.75,
1,127,98.25,6.75,
1,128,98.5,6.75,
1,129,98.75,6.75,
1,130,99.0,6.75,
1,131,99.25,6.75,
1,132,99.5,6.75,
1,133,99.75,6.75,
1,134,100.0,6.75,
2,0,66.5,7.0,
2,1,66.75,7.0,
2,2,67.0,7.0,
2,3,67.25,7.0,
2,4,67.5,7.0,
2,5,67.75,7.0,
2,6,68.0,7.0,
2,7,68.25,7.0,
2,8,68.5,7.0,
2,9,68.75,7.0,
2,10,69.0,7.0,
2,11,69.25,7.0,
2,12,69.5,7.0,
2,13,69.75,7.0,
2,14,70.0,7.0,
2,15,70.25,7.0,
2,16,70.5,7.0,
2,17,70.75,7.0,
2,18,71.0,7.0,
2,19,71.25,7.0,
2,20,71.5,7.0,
2,21,71.75,7.0,
2,22,72.0,7.0,
2,23,72.25,7.0,
2,24,72.5,7.0,
2,25,72.75,7.0,
2,26,73.0,7.0,
2,27,73.25,7.0,
2,28,73.5,7.0,
2,29,73.75,7.0,
2,30,74.0,7.0,
2,31,74.25,7.0,
2,32,74.5,7.0,
2,33,74.75,7.0,
2,34,75.0,7.0,
2,35,75.25,7.0,
2,36,75.5,7.0,
2,37,75.75,7.0,
2,38,76.0,7.0,
2,39,76.25,7.0,
2,40,76.5,7.0,
2,41,76.75,7.0,
2,42,77.0,7.0,
2,43,77.25,7.0,
2,44,77.5,7.0,
2,45,77.75,7.0,
2,46,78.0,7.0,
2,47,78.25,7.0,
2,48,78.5,7.0,
2,49,78.75,7.0,
2,50,79.0,7.0,
2,51,79.25,7.0,
2,52,79.5,7.0,
2,53,79.75,7.0,
2,54,80.0,7.0,
2,55,80.25,7.0,
2,56,80.5,7.0,
2,57,80.75,7.0,
2,58,81.0,7.0,
2,59,81.25,7.0,
2,60,81.5,7.0,
2,61,81.75,7.0,
2,62,82.0,7.0,
2,63,82.25,7.0,
2,64,82.5,7.0,
2,65,82.75,7.0,
2,66,83.0,7.0,
2,67,83.25,7.0,
2,68,83.5,7.0,
2,69,83.75,7.0,
2,70,84.0,7.0,
2,71,84.25,7.0,
2,72,84.5,7.0,
2,73,84.75,7.0,
2,74,85.0,7.0,
2,75,85.25,7.0,
2,76,85.5,7.0,
2,77,85.75,7.0,
2,78,86.0,7.0,
2,79,86.25,7.0,
2,80,86.5,7.0,
2,81,86.75,7.0,
2,82,87.0,7.0,
2,83,87.25,7.0,
2,84,87.5,7.0,
2,85,87.75,7.0,
2,86,88.0,7.0,
2,87,88.25,7.0,
2,88,88.5,7.0,
2,89,88.75,7.0,
2,90,89.0,7.0,
2,91,89.25,7.0,
2,92,89.5,7.0,
2,93,89.75,7.0,
2,94,90.0,7.0,
2,95,90.25,7.0,
2,96,90.5,7.0,
2,97,90.75,7.0,
2,98,91.0,7.0,
2,99,91.25,7.0,
2,100,91.5,7.0,
2,101,91.75,7.0,
2,102,92.0,7.0,
2,103,92.25,7.0,
2,104,92.5,7.0,
2,105,92.75,7.0,
2,106,93.0,7.0,
2,107,93.25,7.0,
2,108,93.5,7.0,
2,109,93.75,7.0,
2,110,94.0,7.0,
2,111,94.25,7.0,
2,112,94.5,7.0,
2,113,94.75,7.0,
2,114,95.0,7.0,
2,115,95.25,7.0,
2,116,95.5,7.0,
2,117,95.75,7.0,
2,118,96.0,7.0,
2,119,96.25,7.0,
2,120,96.5,7.0,
2,121,96.75,7.0,
2,122,97.0,7.0,
2,123,97.25,7.0,
2,124,97.5,7.0,
2,125,97.75,7.0,
2,126,98.0,7.0,
2,127,98.25,7.0,
2,128,98.5,7.0,
2,129,98.75,7.0,
2,130,99.0,7.0,
2,131,99.25,7.0,
2,132,99.5,7.0,
2,133,99.75,7.0,
2,134,100.0,7.0,
3,0,66.5,7.25,
3,1,66.75,7.25,
3,2,67.0,7.25,
3,3,67.25,7.25,
3,4,67.5,7.25,
3,5,67.75,7.25,
3,6,68.0,7.25,
3,7,68.25,7.25,
3,8,68.5,7.25,
3,9,68.75,7.25,
3,10,69.0,7.25,
3,11,69.25,7.25,
3,12,69.5,7.25,
3,13,69.75,7.25,
3,14,70.0,7.25,
3,15,70.25,7.25,
3,16,70.5,7.25,
3,17,70.75,7.25,
3,18,71.0,7.25,
3,19,71.25,7.25,
3,20,71.5,7.25,
3,21,71.75,7.25,
3,22,72.0,7.25,
3,23,72.25,7.25,
3,24,72.5,7.25,
3,25,72.75,7.25,
3,26,73.0,7.25,
3,27,73.25,7.25,
3,28,73.5,7.25,
3,29,73.75,7.25,
3,30,74.0,7.25,
3,31,74.25,7.25,
3,32,74.5,7.25,
3,33,74.75,7.25,
3,34,75.0,7.25,
3,35,75.25,7.25,
3,36,75.5,7.25,
3,37,75.75,7.25,
3,38,76.0,7.25,
3,39,76.25,7.25,
3,40,76.5,7.25,
3,41,76.75,7.25,
3,42,77.0,7.25,
3,43,77.25,7.25,
3,44,77.5,7.25,
3,45,77.75,7.25,
3,46,78.0,7.25,
3,47,78.25,7.25,
3,48,78.5,7.25,
3,49,78.75,7.25,
3,50,79.0,7.25,
3,51,79.25,7.25,
3,52,79.5,7.25,
3,53,79.75,7.25,
3,54,80.0,7.25,
3,55,80.25,7.25,
3,56,80.5,7.25,
3,57,80.75,7.25,
3,58,81.0,7.25,
3,59,81.25,7.25,
3,60,81.5,7.25,
3,61,81.75,7.25,
3,62,82.0,7.25,
3,63,82.25,7.25,
3,64,82.5,7.25,
3,65,82.75,7.25,
3,66,83.0,7.25,
3,67,83.25,7.25,
3,68,83.5,7.25,
3,69,83.75,7.25,
3,70,84.0,7.25,
3,71,84.25,7.25,
3,72,84.5,7.25,
3,73,84.75,7.25,
3,74,85.0,7.25,
3,75,85.25,7.25,
3,76,85.5,7.25,
3,77,85.75,7.25,
3,78,86.0,7.25,
3,79,86.25,7.25,
3,80,86.5,7.25,
3,81,86.75,7.25,
3,82,87.0,7.25,
3,83,87.25,7.25,
3,84,87.5,7.25,
3,85,87.75,7.25,
3,86,88.0,7.25,
3,87,88.25,7.25,
3,88,88.5,7.25,
3,89,88.75,7.25,
3,90,89.0,7.25,
3,91,89.25,7.25,
3,92,89.5,7.25,
3,93,89.75,7.25,
3,94,90.0,7.25,
3,95,90.25,7.25,
3,96,90.5,7.25,
3,97,90.75,7.25,
3,98,91.0,7.25,
3,99,91.25,7.25,
3,100,91.5,7.25,
3,101,91.75,7.25,
3,102,92.0,7.25,
3,103,92.25,7.25,
3,104,92.5,7.25,
3,105,92.75,7.25,
3,106,93.0,7.25,
3,107,93.25,7.25,
3,108,93.5,7.25,
3,109,93.75,7.25,
3,110,94.0,7.25,
3,111,94.25,7.25,
3,112,94.5,7.25,
3,113,94.75,7.25,
3,114,95.0,7.25,
3,115,95.25,7.25,
3,116,95.5,7.25,
3,117,95.75,7.25,
3,118,96.0,7.25,
3,119,96.25,7.25,
3,120,96.5,7.25,
3,121,96.75,7.25,
3,122,97.0,7.25,
3,123,97.25,7.25,
3,124,97.5,7.25,
3,125,97.75,7.25,
3,126,98.0,7.25,
3,127,98.25,7.25,
3,128,98.5,7.25,
3,129,98.75,7.25,
3,130,99.0,7.25,
3,131,99.25,7.25,
3,132,99.5,7.25,
3,133,99.75,7.25,
3,134,100.0,7.25,
4,0,66.5,7.5,
4,1,66.75,7.5,
4,2,67.0,7.5,
4,3,67.25,7.5,
4,4,67.5,7.5,
4,5,67.75,7.5,
4,6,68.0,7.5,
4,7,68.25,7.5,
4,8,68.5,7.5,
4,9,68.75,7.5,
4,10,69.0,7.5,
4,11,69.25,7.5,
4,12,69.5,7.5,
4,13,69.75,7.5,
4,14,70.0,7.5,
4,15,70.25,7.5,
4,16,70.5,7.5,
4,17,70.75,7.5,
4,18,71.0,7.5,
4,19,71.25,7.5,
4,20,71.5,7.5,
4,21,71.75,7.5,
4,22,72.0,7.5,
4,23,72.25,7.5,
4,24,72.5,7.5,
4,25,72.75,7.5,
4,26,73.0,7.5,
4,27,73.25,7.5,
4,28,73.5,7.5,
4,29,73.75,7.5,
4,30,74.0,7.5,
4,31,74.25,7.5,
4,32,74.5,7.5,
4,33,74.75,7.5,
4,34,75.0,7.5,
4,35,75.25,7.5,
4,36,75.5,7.5,
4,37,75.75,7.5,
4,38,76.0,7.5,
4,39,76.25,7.5,
4,40,76.5,7.5,
4,41,76.75,7.5,
4,42,77.0,7.5,
4,43,77.25,7.5,
4,44,77.5,7.5,
4,45,77.75,7.5,
4,46,78.0,7.5,
4,47,78.25,7.5,
4,48,78.5,7.5,
4,49,78.75,7.5,
4,50,79.0,7.5,
4,51,79.25,7.5,
4,52,79.5,7.5,
4,53,79.75,7.5,
4,54,80.0,7.5,
4,55,80.25,7.5,
4,56,80.5,7.5,
4,57,80.75,7.5,
4,58,81.0,7.5,
4,59,81.25,7.5,
4,60,81.5,7.5,
4,61,81.75,7.5,
4,62,82.0,7.5,
4,63,82.25,7.5,
4,64,82.5,7.5,
4,65,82.75,7.5,
4,66,83.0,7.5,
4,67,83.25,7.5,
4,68,83.5,7.5,
4,69,83.75,7.5,
4,70,84.0,7.5,
4,71,84.25,7.5,
4,72,84.5,7.5,
4,73,84.75,7.5,
4,74,85.0,7.5,
4,75,85.25,7.5,
4,76,85.5,7.5,
4,77,85.75,7.5,
4,78,86.0,7.5,
4,79,86.25,7.5,
4,80,86.5,7.5,
4,81,86.75,7.5,
4,82,87.0,7.5,
4,83,87.25,7.5,
4,84,87.5,7.5,
4,85,87.75,7.5,
4,86,88.0,7.5,
4,87,88.25,7.5,
4,88,88.5,7.5,
4,89,88.75,7.5,
4,90,89.0,7.5,
4,91,89.25,7.5,
4,92,89.5,7.5,
4,93,89.75,7.5,
4,94,90.0,7.5,
4,95,90.25,7.5,
4,96,90.5,7.5,
4,97,90.75,7.5,
4,98,91.0,7.5,
4,99,91.25,7.5,
4,100,91.5,7.5,
4,101,91.75,7.5,
4,102,92.0,7.5,
4,103,92.25,7.5,
4,104,92.5,7.5,
4,105,92.75,7.5,
4,106,93.0,7.5,
4,107,93.25,7.5,
4,108,93.5,7.5,
4,109,93.75,7.5,
4,110,94.0,7.5,
4,111,94.25,7.5,
4,112,94.5,7.5,
4,113,94.75,7.5,
4,114,95.0,7.5,
4,115,95.25,7.5,
4,116,95.5,7.5,
4,117,95.75,7.5,
4,118,96.0,7.5,
4,119,96.25,7.5,
4,120,96.5,7.5,
4,121,96.75,7.5,
4,122,97.0,7.5,
4,123,97.25,7.5,
4,124,97.5,7.5,
4,125,97.75,7.5,
4,126,98.0,7.5,
4,127,98.25,7.5,
4,128,98.5,7.5,
4,129,98.75,7.5,
4,130,99.0,7.5,
4,131,99.25,7.5,
4,132,99.5,7.5,
4,133,99.75,7.5,
4,134,100.0,7.5,
5,0,66.5,7.75,
5,1,66.75,7.75,
5,2,67.0,7.75,
5,3,67.25,7.75,
5,4,67.5,7.75,
5,5,67.75,7.75,
5,6,68.0,7.75,
5,7,68.25,7.75,
5,8,68.5,7.75,
5,9,68.75,7.75,
5,10,69.0,7.75,
5,11,69.25,7.75,
5,12,69.5,7.75,
5,13,69.75,7.75,
5,14,70.0,7.75,
5,15,70.25,7.75,
5,16,70.5,7.75,
5,17,70.75,7.75,
5,18,71.0,7.75,
5,19,71.25,7.75,
5,20,71.5,7.75,
5,21,71.75,7.75,
5,22,72.0,7.75,
5,23,72.25,7.75,
5,24,72.5,7.75,
5,25,72.75,7.75,
5,26,73.0,7.75,
5,27,73.25,7.75,
5,28,73.5,7.75,
5,29,73.75,7.75,
5,30,74.0,7.75,
5,31,74.25,7.75,
5,32,74.5,7.75,
5,33,74.75,7.75,
5,34,75.0,7.75,
5,35,75.25,7.75,
5,36,75.5,7.75,
5,37,75.75,7.75,
5,38,76.0,7.75,
5,39,76.25,7.75,
5,40,76.5,7.75,
5,41,76.75,7.75,
5,42,77.0,7.75,
5,43,77.25,7.75,
5,44,77.5,7.75,
5,45,77.75,7.75,
5,46,78.0,7.75,
5,47,78.25,7.75,
5,48,78.5,7.75,
5,49,78.75,7.75,
5,50,79.0,7.75,
5,51,79.25,7.75,
5,52,79.5,7.75,
5,53,79.75,7.75,
5,54,80.0,7.75,
5,55,80.25,7.75,
5,56,80.5,7.75,
5,57,80.75,7.75,
5,58,81.0,7.75,
5,59,81.25,7.75,
5,60,81.5,7.75,
5,61,81.75,7.75,
5,62,82.0,7.75,
5,63,82.25,7.75,
5,64,82.5,7.75,
5,65,82.75,7.75,
5,66,83.0,7.75,
5,67,83.25,7.75,
5,68,83.5,7.75,
5,69,83.75,7.75,
5,70,84.0,7.75,
5,71,84.25,7.75,
5,72,84.5,7.75,
5,73,84.75,7.75,
5,74,85.0,7.75,
5,75,85.25,7.75,
5,76,85.5,7.75,
5,77,85.75,7.75,
5,78,86.0,7.75,
5,79,86.25,7.75,
5,80,86.5,7.75,
5,81,86.75,7.75,
5,82,87.0,7.75,
5,83,87.25,7.75,
5,84,87.5,7.75,
5,85,87.75,7.75,
5,86,88.0,7.75,
5,87,88.25,7.75,
5,88,88.5,7.75,
5,89,88.75,7.75,
5,90,89.0,7.75,
5,91,89.25,7.75,
5,92,89.5,7.75,
5,93,89.75,7.75,
5,94,90.0,7.75,
5,95,90.25,7.75,
5,96,90.5,7.75,
5,97,90.75,7.75,
5,98,91.0,7.75,
5,99,91.25,7.75,
5,100,91.5,7.75,
5,101,91.75,7.75,
5,102,92.0,7.75,
5,103,92.25,7.75,
5,104,92.5,7.75,
5,105,92.75,7.75,
5,106,93.0,7.75,
5,107,93.25,7.75,
5,108,93.5,7.75,
5,109,93.75,7.75,
5,110,94.0,7.75,
5,111,94.25,7.75,
5,112,94.5,7.75,
5,113,94.75,7.75,
5,114,95.0,7.75,
5,115,95.25,7.75,
5,116,95.5,7.75,
5,117,95.75,7.75,
5,118,96.0,7.75,
5,119,96.25,7.75,
5,120,96.5,7.75,
5,121,96.75,7.75,
5,122,97.0,7.75,
5,123,97.25,7.75,
5,124,97.5,7.75,
5,125,97.75,7.75,
5,126,98.0,7.75,
5,127,98.25,7.75,
5,128,98.5,7.75,
5,129,98.75,7.75,
5,130,99.0,7.75,
5,131,99.25,7.75,
5,132,99.5,7.75,
5,133,99.75,7.75,
5,134,100.0,7.75,
6,0,66.5,8.0,
6,1,66.75,8.0,
6,2,67.0,8.0,
6,3,67.25,8.0,
6,4,67.5,8.0,
6,5,67.75,8.0,
6,6,68.0,8.0,
6,7,68.25,8.0,
6,8,68.5,8.0,
6,9,68.75,8.0,
6,10,69.0,8.0,
6,11,69.25,8.0,
6,12,69.5,8.0,
6,13,69.75,8.0,
6,14,70.0,8.0,
6,15,70.25,8.0,
6,16,70.5,8.0,
6,17,70.75,8.0,
6,18,71.0,8.0,
6,19,71.25,8.0,
6,20,71.5,8.0,
6,21,71.75,8.0,
6,22,72.0,8.0,
6,23,72.25,8.0,
6,24,72.5,8.0,
6,25,72.75,8.0,
6,26,73.0,8.0,
6,27,73.25,8.0,
6,28,73.5,8.0,
6,29,73.75,8.0,
6,30,74.0,8.0,
6,31,74.25,8.0,
6,32,74.5,8.0,
6,33,74.75,8.0,
6,34,75.0,8.0,
6,35,75.25,8.0,
6,36,75.5,8.0,
6,37,75.75,8.0,
6,38,76.0,8.0,
6,39,76.25,8.0,
6,40,76.5,8.0,
6,41,76.75,8.0,
6,42,77.0,8.0,
6,43,77.25,8.0,
6,44,77.5,8.0,
6,45,77.75,8.0,
6,46,78.0,8.0,
6,47,78.25,8.0,
6,48,78.5,8.0,
6,49,78.75,8.0,
6,50,79.0,8.0,
6,51,79.25,8.0,
6,52,79.5,8.0,
6,53,79.75,8.0,
6,54,80.0,8.0,
6,55,80.25,8.0,
6,56,80.5,8.0,
6,57,80.75,8.0,
6,58,81.0,8.0,
6,59,81.25,8.0,
6,60,81.5,8.0,
6,61,81.75,8.0,
6,62,82.0,8.0,
6,63,82.25,8.0,
6,64,82.5,8.0,
6,65,82.75,8.0,
6,66,83.0,8.0,
6,67,83.25,8.0,
6,68,83.5,8.0,
6,69,83.75,8.0,
6,70,84.0,8.0,
6,71,84.25,8.0,
6,72,84.5,8.0,
6,73,84.75,8.0,
6,74,85.0,8.0,
6,75,85.25,8.0,
6,76,85.5,8.0,
6,77,85.75,8.0,
6,78,86.0,8.0,
6,79,86.25,8.0,
6,80,86.5,8.0,
6,81,86.75,8.0,
6,82,87.0,8.0,
6,83,87.25,8.0,
6,84,87.5,8.0,
6,85,87.75,8.0,
6,86,88.0,8.0,
6,87,88.25,8.0,
6,88,88.5,8.0,
6,89,88.75,8.0,
6,90,89.0,8.0,
6,91,89.25,8.0,
6,92,89.5,8.0,
6,93,89.75,8.0,
6,94,90.0,8.0,
6,95,90.25,8.0,
6,96,90.5,8.0,
6,97,90.75,8.0,
6,98,91.0,8.0,
6,99,91.25,8.0,
6,100,91.5,8.0,
6,101,91.75,8.0,
6,102,92.0,8.0,
6,103,92.25,8.0,
6,104,92.5,8.0,
6,105,92.75,8.0,
6,106,93.0,8.0,
6,107,93.25,8.0,
6,108,93.5,8.0,
6,109,93.75,8.0,
6,110,94.0,8.0,
6,111,94.25,8.0,
6,112,94.5,8.0,
6,113,94.75,8.0,
6,114,95.0,8.0,
6,115,95.25,8.0,
6,116,95.5,8.0,
6,117,95.75,8.0,
6,118,96.0,8.0,
6,119,96.25,8.0,
6,120,96.5,8.0,
6,121,96.75,8.0,
6,122,97.0,8.0,
6,123,97.25,8.0,
6,124,97.5,8.0,
6,125,97.75,8.0,
6,126,98.0,8.0,
6,127,98.25,8.0,
6,128,98.5,8.0,
6,129,98.75,8.0,
6,130,99.0,8.0,
6,131,99.25,8.0,
6,132,99.5,8.0,
6,133,99.75,8.0,
6,134,100.0,8.0,
7,0,66.5,8.25,
7,1,66.75,8.25,
7,2,67.0,8.25,
7,3,67.25,8.25,
7,4,67.5,8.25,
7,5,67.75,8.25,
7,6,68.0,8.25,
7,7,68.25,8.25,
7,8,68.5,8.25,
7,9,68.75,8.25,
7,10,69.0,8.25,
7,11,69.25,8.25,
7,12,69.5,8.25,
7,13,69.75,8.25,
7,14,70.0,8.25,
7,15,70.25,8.25,
7,16,70.5,8.25,
7,17,70.75,8.25,
7,18,71.0,8.25,
7,19,71.25,8.25,
7,20,71.5,8.25,
7,21,71.75,8.25,
7,22,72.0,8.25,
7,23,72.25,8.25,
7,24,72.5,8.25,
7,25,72.75,8.25,
7,26,73.0,8.25,
7,27,73.25,8.25,
7,28,73.5,8.25,
7,29,73.75,8.25,
7,30,74.0,8.25,
7,31,74.25,8.25,
7,32,74.5,8.25,
7,33,74.75,8.25,
7,34,75.0,8.25,
7,35,75.25,8.25,
7,36,75.5,8.25,
7,37,75.75,8.25,
7,38,76.0,8.25,
7,39,76.25,8.25,
7,40,76.5,8.25,
7,41,76.75,8.25,
7,42,77.0,8.25,
7,43,77.25,8.25,
7,44,77.5,8.25,
7,45,77.75,8.25,532.0
7,46,78.0,8.25,
7,47,78.25,8.25,
7,48,78.5,8.25,
7,49,78.75,8.25,
7,50,79.0,8.25,
7,51,79.25,8.25,
7,52,79.5,8.25,
7,53,79.75,8.25,
7,54,80.0,8.25,
7,55,80.25,8.25,
7,56,80.5,8.25,
7,57,80.75,8.25,
7,58,81.0,8.25,
7,59,81.25,8.25,
7,60,81.5,8.25,
7,61,81.75,8.25,
7,62,82.0,8.25,
7,63,82.25,8.25,
7,64,82.5,8.25,
7,65,82.75,8.25,
7,66,83.0,8.25,
7,67,83.25,8.25,
7,68,83.5,8.25,
7,69,83.75,8.25,
7,70,84.0,8.25,
7,71,84.25,8.25,
7,72,84.5,8.25,
7,73,84.75,8.25,
7,74,85.0,8.25,
7,75,85.25,8.25,
7,76,85.5,8.25,
7,77,85.75,8.25,
7,78,86.0,8.25,
7,79,86.25,8.25,
7,80,86.5,8.25,
7,81,86.75,8.25,
7,82,87.0,8.25,
7,83,87.25,8.25,
7,84,87.5,8.25,
7,85,87.75,8.25,
7,86,88.0,8.25,
7,87,88.25,8.25,
7,88,88.5,8.25,
7,89,88.75,8.25,
7,90,89.0,8.25,
7,91,89.25,8.25,
7,92,89.5,8.25,
7,93,89.75,8.25,
7,94,90.0,8.25,
7,95,90.25,8.25,
7,96,90.5,8.25,
7,97,90.75,8.25,
7,98,91.0,8.25,
7,99,91.25,8.25,
7,100,91.5,8.25,
7,101,91.75,8.25,
7,102,92.0,8.25,
7,103,92.25,8.25,
7,104,92.5,8.25,
7,105,92.75,8.25,
7,106,93.0,8.25,
7,107,93.25,8.25,
7,108,93.5,8.25,
7,109,93.75,8.25,
7,110,94.0,8.25,
7,111,94.25,8.25,
7,112,94.5,8.25,
7,113,94.75,8.25,
7,114,95.0,8.25,
7,115,95.25,8.25,
7,116,95.5,8.25,
7,117,95.75,8.25,
7,118,96.0,8.25,
7,119,96.25,8.25,
7,120,96.5,8.25,
7,121,96.75,8.25,
7,122,97.0,8.25,
7,123,97.25,8.25,
7,124,97.5,8.25,
7,125,97.75,8.25,
7,126,98.0,8.25,
7,127,98.25,8.25,
7,128,98.5,8.25,
7,129,98.75,8.25,
7,130,99.0,8.25,
7,131,99.25,8.25,
7,132,99.5,8.25,
7,133,99.75,8.25,
7,134,100.0,8.25,
8,0,66.5,8.5,
8,1,66.75,8.5,
8,2,67.0,8.5,
8,3,67.25,8.5,
8,4,67.5,8.5,
8,5,67.75,8.5,
8,6,68.0,8.5,
8,7,68.25,8.5,
8,8,68.5,8.5,
8,9,68.75,8.5,
8,10,69.0,8.5,
8,11,69.25,8.5,
8,12,69.5,8.5,
8,13,69.75,8.5,
8,14,70.0,8.5,
8,15,70.25,8.5,
8,16,70.5,8.5,
8,17,70.75,8.5,
8,18,71.0,8.5,
8,19,71.25,8.5,
8,20,71.5,8.5,
8,21,71.75,8.5,
8,22,72.0,8.5,
8,23,72.25,8.5,
8,24,72.5,8.5,
8,25,72.75,8.5,
8,26,73.0,8.5,
8,27,73.25,8.5,
8,28,73.5,8.5,
8,29,73.75,8.5,
8,30,74.0,8.5,
8,31,74.25,8.5,
8,32,74.5,8.5,
8,33,74.75,8.5,
8,34,75.0,8.5,
8,35,75.25,8.5,
8,36,75.5,8.5,
8,37,75.75,8.5,
8,38,76.0,8.5,
8,39,76.25,8.5,
8,40,76.5,8.5,
8,41,76.75,8.5,
8,42,77.0,8.5,272.0
8,43,77.25,8.5,
8,44,77.5,8.5,532.0
8,45,77.75,8.5,532.0
8,46,78.0,8.5,
8,47,78.25,8.5,
8,48,78.5,8.5,
8,49,78.75,8.5,
8,50,79.0,8.5,
8,51,79.25,8.5,
8,52,79.5,8.5,
8,53,79.75,8.5,
8,54,80.0,8.5,
8,55,80.25,8.5,
8,56,80.5,8.5,
8,57,80.75,8.5,
8,58,81.0,8.5,
8,59,81.25,8.5,
8,60,81.5,8.5,
8,61,81.75,8.5,
8,62,82.0,8.5,
8,63,82.25,8.5,
8,64,82.5,8.5,
8,65,82.75,8.5,
8,66,83.0,8.5,
8,67,83.25,8.5,
8,68,83.5,8.5,
8,69,83.75,8.5,
8,70,84.0,8.5,
8,71,84.25,8.5,
8,72,84.5,8.5,
8,73,84.75,8.5,
8,74,85.0,8.5,
8,75,85.25,8.5,
8,76,85.5,8.5,
8,77,85.75,8.5,
8,78,86.0,8.5,
8,79,86.25,8.5,
8,80,86.5,8.5,
8,81,86.75,8.5,
8,82,87.0,8.5,
8,83,87.25,8.5,
8,84,87.5,8.5,
8,85,87.75,8.5,
8,86,88.0,8.5,
8,87,88.25,8.5,
8,88,88.5,8.5,
8,89,88.75,8.5,
8,90,89.0,8.5,
8,91,89.25,8.5,
8,92,89.5,8.5,
8,93,89.75,8.5,
8,94,90.0,8.5,
8,95,90.25,8.5,
8,96,90.5,8.5,
8,97,90.75,8.5,
8,98,91.0,8.5,
8,99,91.25,8.5,
8,100,91.5,8.5,
8,101,91.75,8.5,
8,102,92.0,8.5,
8,103,92.25,8.5,
8,104,92.5,8.5,
8,105,92.75,8.5,
8,106,93.0,8.5,
8,107,93.25,8.5,
8,108,93.5,8.5,
8,109,93.75,8.5,
8,110,94.0,8.5,
8,111,94.25,8.5,
8,112,94.5,8.5,
8,113,94.75,8.5,
8,114,95.0,8.5,
8,115,95.25,8.5,
8,116,95.5,8.5,
8,117,95.75,8.5,
8,118,96.0,8.5,
8,119,96.25,8.5,
8,120,96.5,8.5,
8,121,96.75,8.5,
8,122,97.0,8.5,
8,123,97.25,8.5,
8,124,97.5,8.5,
8,125,97.75,8.5,
8,126,98.0,8.5,
8,127,98.25,8.5,
8,128,98.5,8.5,
8,129,98.75,8.5,
8,130,99.0,8.5,
8,131,99.25,8.5,
8,132,99.5,8.5,
8,133,99.75,8.5,
8,134,100.0,8.5,
9,0,66.5,8.75,
9,1,66.75,8.75,
9,2,67.0,8.75,
9,3,67.25,8.75,
9,4,67.5,8.75,
9,5,67.75,8.75,
9,6,68.0,8.75,
9,7,68.25,8.75,
9,8,68.5,8.75,
9,9,68.75,8.75,
9,10,69.0,8.75,
9,11,69.25,8.75,
9,12,69.5,8.75,
9,13,69.75,8.75,
9,14,70.0,8.75,
9,15,70.25,8.75,
9,16,70.5,8.75,
9,17,70.75,8.75,
9,18,71.0,8.75,
9,19,71.25,8.75,
9,20,71.5,8.75,
9,21,71.75,8.75,
9,22,72.0,8.75,
9,23,72.25,8.75,
9,24,72.5,8.75,
9,25,72.75,8.75,
9,26,73.0,8.75,
9,27,73.25,8.75,
9,28,73.5,8.75,
9,29,73.75,8.75,
9,30,74.0,8.75,
9,31,74.25,8.75,
9,32,74.5,8.75,
9,33,74.75,8.75,
9,34,75.0,8.75,
9,35,75.25,8.75,
9,36,75.5,8.75,
9,37,75.75,8.75,
9,38,76.0,8.75,
9,39,76.25,8.75,
9,40,76.5,8.75,
9,41,76.75,8.75,272.0
9,42,77.0,8.75,272.0
9,43,77.25,8.75,532.0
9,44,77.5,8.75,532.0
9,45,77.75,8.75,532.0
9,46,78.0,8.75,
9,47,78.25,8.75,
9,48,78.5,8.75,
9,49,78.75,8.75,
9,50,79.0,8.75,
9,51,79.25,8.75,
9,52,79.5,8.75,
9,53,79.75,8.75,
9,54,80.0,8.75,
9,55,80.25,8.75,
9,56,80.5,8.75,
9,57,80.75,8.75,
9,58,81.0,8.75,
9,59,81.25,8.75,
9,60,81.5,8.75,
9,61,81.75,8.75,
9,62,82.0,8.75,
9,63,82.25,8.75,
9,64,82.5,8.75,
9,65,82.75,8.75,
9,66,83.0,8.75,
9,67,83.25,8.75,
9,68,83.5,8.75,
9,69,83.75,8.75,
9,70,84.0,8.75,
9,71,84.25,8.75,
9,72,84.5,8.75,
9,73,84.75,8.75,
9,74,85.0,8.75,
9,75,85.25,8.75,
9,76,85.5,8.75,
9,77,85.75,8.75,
9,78,86.0,8.75,
9,79,86.25,8.75,
9,80,86.5,8.75,
9,81,86.75,8.75,
9,82,87.0,8.75,
9,83,87.25,8.75,
9,84,87.5,8.75,
9,85,87.75,8.75,
9,86,88.0,8.75,
9,87,88.25,8.75,
9,88,88.5,8.75,
9,89,88.75,8.75,
9,90,89.0,8.75,
9,91,89.25,8.75,
9,92,89.5,8.75,
9,93,89.75,8.75,
9,94,90.0,8.75,
9,95,90.25,8.75,
9,96,90.5,8.75,
9,97,90.75,8.75,
9,98,91.0,8.75,
9,99,91.25,8.75,
9,100,91.5,8.75,
9,101,91.75,8.75,
9,102,92.0,8.75,
9,103,92.25,8.75,
9,104,92.5,8.75,
9,105,92.75,8.75,
9,106,93.0,8.75,
9,107,93.25,8.75,
9,108,93.5,8.75,
9,109,93.75,8.75,
9,110,94.0,8.75,
9,111,94.25,8.75,
9,112,94.5,8.75,
9,113,94.75,8.75,
9,114,95.0,8.75,
9,115,95.25,8.75,
9,116,95.5,8.75,
9,117,95.75,8.75,
9,118,96.0,8.75,
9,119,96.25,8.75,
9,120,96.5,8.75,
9,121,96.75,8.75,
9,122,97.0,8.75,
9,123,97.25,8.75,
9,124,97.5,8.75,
9,125,97.75,8.75,
9,126,98.0,8.75,
9,127,98.25,8.75,
9,128,98.5,8.75,
9,129,98.75,8.75,
9,130,99.0,8.75,
9,131,99.25,8.75,
9,132,99.5,8.75,
9,133,99.75,8.75,
9,134,100.0,8.75,
10,0,66.5,9.0,
10,1,66.75,9.0,
10,2,67.0,9.0,
10,3,67.25,9.0,
10,4,67.5,9.0,
10,5,67.75,9.0,
10,6,68.0,9.0,
10,7,68.25,9.0,
10,8,68.5,9.0,
10,9,68.75,9.0,
10,10,69.0,9.0,
10,11,69.25,9.0,
10,12,69.5,9.0,
10,13,69.75,9.0,
10,14,70.0,9.0,
10,15,70.25,9.0,
10,16,70.5,9.0,
10,17,70.75,9.0,
10,18,71.0,9.0,
10,19,71.25,9.0,
10,20,71.5,9.0,
10,21,71.75,9.0,
10,22,72.0,9.0,
10,23,72.25,9.0,
10,24,72.5,9.0,
10,25,72.75,9.0,
10,26,73.0,9.0,
10,27,73.25,9.0,
10,28,73.5,9.0,
10,29,73.75,9.0,
10,30,74.0,9.0,
10,31,74.25,9.0,
10,32,74.5,9.0,
10,33,74.75,9.0,
10,34,75.0,9.0,
10,35,75.25,9.0,
10,36,75.5,9.0,
10,37,75.75,9.0,
10,38,76.0,9.0,
10,39,76.25,9.0,
10,40,76.5,9.0,
10,41,76.75,9.0,266.0
10,42,77.0,9.0,266.0
10,43,77.25,9.0,528.0
10,44,77.5,9.0,528.0
10,45,77.75,9.0,
10,46,78.0,9.0,
10,47,78.25,9.0,
10,48,78.5,9.0,
10,49,78.75,9.0,
10,50,79.0,9.0,
10,51,79.25,9.0,
10,52,79.5,9.0,
10,53,79.75,9.0,
10,54,80.0,9.0,
10,55,80.25,9.0,
10,56,80.5,9.0,
10,57,80.75,9.0,
10,58,81.0,9.0,
10,59,81.25,9.0,
10,60,81.5,9.0,
10,61,81.75,9.0,
10,62,82.0,9.0,
10,63,82.25,9.0,
10,64,82.5,9.0,
10,65,82.75,9.0,
10,66,83.0,9.0,
10,67,83.25,9.0,
10,68,83.5,9.0,
10,69,83.75,9.0,
10,70,84.0,9.0,
10,71,84.25,9.0,
10,72,84.5,9.0,
10,73,84.75,9.0,
10,74,85.0,9.0,
10,75,85.25,9.0,
10,76,85.5,9.0,
10,77,85.75,9.0,
10,78,86.0,9.0,
10,79,86.25,9.0,
10,80,86.5,9.0,
10,81,86.75,9.0,
10,82,87.0,9.0,
10,83,87.25,9.0,
10,84,87.5,9.0,
10,85,87.75,9.0,
10,86,88.0,9.0,
10,87,88.25,9.0,
10,88,88.5,9.0,
10,89,88.75,9.0,
10,90,89.0,9.0,
10,91,89.25,9.0,
10,92,89.5,9.0,
10,93,89.75,9.0,
10,94,90.0,9.0,
10,95,90.25,9.0,
10,96,90.5,9.0,
10,97,90.75,9.0,
10,98,91.0,9.0,
10,99,91.25,9.0,
10,100,91.5,9.0,
10,101,91.75,9.0,
10,102,92.0,9.0,
10,103,92.25,9.0,
10,104,92.5,9.0,
10,105,92.75,9.0,
10,106,93.0,9.0,
10,107,93.25,9.0,
10,108,93.5,9.0,
10,109,93.75,9.0,
10,110,94.0,9.0,
10,111,94.25,9.0,
10,112,94.5,9.0,
10,113,94.75,9.0,
10,114,95.0,9.0,
10,115,95.25,9.0,
10,116,95.5,9.0,
10,117,95.75,9.0,
10,118,96.0,9.0,
10,119,96.25,9.0,
10,120,96.5,9.0,
10,121,96.75,9.0,
10,122,97.0,9.0,
10,123,97.25,9.0,
10,124,97.5,9.0,
10,125,97.75,9.0,
10,126,98.0,9.0,
10,127,98.25,9.0,
10,128,98.5,9.0,
10,129,98.75,9.0,
10,130,99.0,9.0,
10,131,99.25,9.0,
10,132,99.5,9.0,
10,133,99.75,9.0,
10,134,100.0,9.0,
11,0,66.5,9.25,
11,1,66.75,9.25,
11,2,67.0,9.25,
11,3,67.25,9.25,
11,4,67.5,9.25,
11,5,67.75,9.25,
11,6,68.0,9.25,
11,7,68.25,9.25,
11,8,68.5,9.25,
11,9,68.75,9.25,
11,10,69.0,9.25,
11,11,69.25,9.25,
11,12,69.5,9.25,
11,13,69.75,9.25,
11,14,70.0,9.25,
11,15,70.25,9.25,
11,16,70.5,9.25,
11,17,70.75,9.25,
11,18,71.0,9.25,
11,19,71.25,9.25,
11,20,71.5,9.25,
11,21,71.75,9.25,
11,22,72.0,9.25,
11,23,72.25,9.25,
11,24,72.5,9.25,
11,25,72.75,9.25,
11,26,73.0,9.25,
11,27,73.25,9.25,
11,28,73.5,9.25,
11,29,73.75,9.25,
11,30,74.0,9.25,
11,31,74.25,9.25,
11,32,74.5,9.25,
11,33,74.75,9.25,
11,34,75.0,9.25,
11,35,75.25,9.25,
11,36,75.5,9.25,
11,37,75.75,9.25,
11,38,76.0,9.25,
11,39,76.25,9.25,
11,40,76.5,9.25,261.0
11,41,76.75,9.25,
11,42,77.0,9.25,
11,43,77.25,9.25,
11,44,77.5,9.25,528.0
11,45,77.75,9.25,
11,46,78.0,9.25,
11,47,78.25,9.25,
11,48,78.5,9.25,523.0
11,49,78.75,9.25,523.0
11,50,79.0,9.25,
11,51,79.25,9.25,
11,52,79.5,9.25,
11,53,79.75,9.25,
11,54,80.0,9.25,
11,55,80.25,9.25,
11,56,80.5,9.25,
11,57,80.75,9.25,
11,58,81.0,9.25,
11,59,81.25,9.25,
11,60,81.5,9.25,
11,61,81.75,9.25,
11,62,82.0,9.25,
11,63,82.25,9.25,
11,64,82.5,9.25,
11,65,82.75,9.25,
11,66,83.0,9.25,
11,67,83.25,9.25,
11,68,83.5,9.25,
11,69,83.75,9.25,
11,70,84.0,9.25,
11,71,84.25,9.25,
11,72,84.5,9.25,
11,73,84.75,9.25,
11,74,85.0,9.25,
11,75,85.25,9.25,
11,76,85.5,9.25,
11,77,85.75,9.25,
11,78,86.0,9.25,
11,79,86.25,9.25,
11,80,86.5,9.25,
11,81,86.75,9.25,
11,82,87.0,9.25,
11,83,87.25,9.25,
11,84,87.5,9.25,
11,85,87.75,9.25,
11,86,88.0,9.25,
11,87,88.25,9.25,
11,88,88.5,9.25,
11,89,88.75,9.25,
11,90,89.0,9.25,
11,91,89.25,9.25,
11,92,89.5,9.25,
11,93,89.75,9.25,
11,94,90.0,9.25,
11,95,90.25,9.25,
11,96,90.5,9.25,
11,97,90.75,9.25,
11,98,91.0,9.25,
11,99,91.25,9.25,
11,100,91.5,9.25,
11,101,91.75,9.25,
11,102,92.0,9.25,
11,103,92.25,9.25,
11,104,92.5,9.25,
11,105,92.75,9.25,
11,106,93.0,9.25,
11,107,93.25,9.25,
11,108,93.5,9.25,
11,109,93.75,9.25,
11,110,94.0,9.25,
11,111,94.25,9.25,
11,112,94.5,9.25,
11,113,94.75,9.25,
11,114,95.0,9.25,
11,115,95.25,9.25,
11,116,95.5,9.25,
11,117,95.75,9.25,
11,118,96.0,9.25,
11,119,96.25,9.25,
11,120,96.5,9.25,
11,121,96.75,9.25,
11,122,97.0,9.25,
11,123,97.25,9.25,
11,124,97.5,9.25,
11,125,97.75,9.25,
11,126,98.0,9.25,
11,127,98.25,9.25,
11,128,98.5,9.25,
11,129,98.75,9.25,
11,130,99.0,9.25,
11,131,99.25,9.25,
11,132,99.5,9.25,
11,133,99.75,9.25,
11,134,100.0,9.25,
12,0,66.5,9.5,
12,1,66.75,9.5,
12,2,67.0,9.5,
12,3,67.25,9.5,
12,4,67.5,9.5,
12,5,67.75,9.5,
12,6,68.0,9.5,
12,7,68.25,9.5,
12,8,68.5,9.5,
12,9,68.75,9.5,
12,10,69.0,9.5,
12,11,69.25,9.5,
12,12,69.5,9.5,
12,13,69.75,9.5,
12,14,70.0,9.5,
12,15,70.25,9.5,
12,16,70.5,9.5,
12,17,70.75,9.5,
12,18,71.0,9.5,
12,19,71.25,9.5,
12,20,71.5,9.5,
12,21,71.75,9.5,
12,22,72.0,9.5,
12,23,72.25,9.5,
12,24,72.5,9.5,
12,25,72.75,9.5,
12,26,73.0,9.5,
12,27,73.25,9.5,
12,28,73.5,9.5,
12,29,73.75,9.5,
12,30,74.0,9.5,
12,31,74.25,9.5,
12,32,74.5,9.5,
12,33,74.75,9.5,
12,34,75.0,9.5,
12,35,75.25,9.5,
12,36,75.5,9.5,
12,37,75.75,9.5,
12,38,76.0,9.5,
12,39,76.25,9.5,
12,40,76.5,9.5,261.0
12,41,76.75,9.5,267.0
12,42,77.0,9.5,263.0
12,43,77.25,9.5,263.0
12,44,77.5,9.5,540.0
12,45,77.75,9.5,540.0
12,46,78.0,9.5,540.0
12,47,78.25,9.5,540.0
12,48,78.5,9.5,523.0
12,49,78.75,9.5,523.0
12,50,79.0,9.5,
12,51,79.25,9.5,
12,52,79.5,9.5,
12,53,79.75,9.5,
12,54,80.0,9.5,
12,55,80.25,9.5,
12,56,80.5,9.5,
12,57,80.75,9.5,
12,58,81.0,9.5,
12,59,81.25,9.5,
12,60,81.5,9.5,
12,61,81.75,9.5,
12,62,82.0,9.5,
12,63,82.25,9.5,
12,64,82.5,9.5,
12,65,82.75,9.5,
12,66,83.0,9.5,
12,67,83.25,9.5,
12,68,83.5,9.5,
12,69,83.75,9.5,
12,70,84.0,9.5,
12,71,84.25,9.5,
12,72,84.5,9.5,
12,73,84.75,9.5,
12,74,85.0,9.5,
12,75,85.25,9.5,
12,76,85.5,9.5,
12,77,85.75,9.5,
12,78,86.0,9.5,
12,79,86.25,9.5,
12,80,86.5,9.5,
12,81,86.75,9.5,
12,82,87.0,9.5,
12,83,87.25,9.5,
12,84,87.5,9.5,
12,85,87.75,9.5,
12,86,88.0,9.5,
12,87,88.25,9.5,
12,88,88.5,9.5,
12,89,88.75,9.5,
12,90,89.0,9.5,
12,91,89.25,9.5,
12,92,89.5,9.5,
12,93,89.75,9.5,
12,94,90.0,9.5,
12,95,90.25,9.5,
12,96,90.5,9.5,
12,97,90.75,9.5,
12,98,91.0,9.5,
12,99,91.25,9.5,
12,100,91.5,9.5,
12,101,91.75,9.5,
12,102,92.0,9.5,
12,103,92.25,9.5,
12,104,92.5,9.5,
12,105,92.75,9.5,
12,106,93.0,9.5,
12,107,93.25,9.5,
12,108,93.5,9.5,
12,109,93.75,9.5,
12,110,94.0,9.5,
12,111,94.25,9.5,
12,112,94.5,9.5,
12,113,94.75,9.5,
12,114,95.0,9.5,
12,115,95.25,9.5,
12,116,95.5,9.5,
12,117,95.75,9.5,
12,118,96.0,9.5,
12,119,96.25,9.5,
12,120,96.5,9.5,
12,121,96.75,9.5,
12,122,97.0,9.5,
12,123,97.25,9.5,
12,124,97.5,9.5,
12,125,97.75,9.5,
12,126,98.0,9.5,
12,127,98.25,9.5,
12,128,98.5,9.5,
12,129,98.75,9.5,
12,130,99.0,9.5,
12,131,99.25,9.5,
12,132,99.5,9.5,
12,133,99.75,9.5,
12,134,100.0,9.5,
13,0,66.5,9.75,
13,1,66.75,9.75,
13,2,67.0,9.75,
13,3,67.25,9.75,
13,4,67.5,9.75,
13,5,67.75,9.75,
13,6,68.0,9.75,
13,7,68.25,9.75,
13,8,68.5,9.75,
13,9,68.75,9.75,
13,10,69.0,9.75,
13,11,69.25,9.75,
13,12,69.5,9.75,
13,13,69.75,9.75,
13,14,70.0,9.75,
13,15,70.25,9.75,
13,16,70.5,9.75,
13,17,70.75,9.75,
13,18,71.0,9.75,
13,19,71.25,9.75,
13,20,71.5,9.75,
13,21,71.75,9.75,
13,22,72.0,9.75,
13,23,72.25,9.75,
13,24,72.5,9.75,
13,25,72.75,9.75,
13,26,73.0,9.75,
13,27,73.25,9.75,
13,28,73.5,9.75,
13,29,73.75,9.75,
13,30,74.0,9.75,
13,31,74.25,9.75,
13,32,74.5,9.75,
13,33,74.75,9.75,
13,34,75.0,9.75,
13,35,75.25,9.75,
13,36,75.5,9.75,
13,37,75.75,9.75,
13,38,76.0,9.75,
13,39,76.25,9.75,
13,40,76.5,9.75,267.0
13,41,76.75,9.75,267.0
13,42,77.0,9.75,263.0
13,43,77.25,9.75,
13,44,77.5,9.75,
13,45,77.75,9.75,517.0
13,46,78.0,9.75,517.0
13,47,78.25,9.75,540.0
13,48,78.5,9.75,526.0
13,49,78.75,9.75,523.0
13,50,79.0,9.75,523.0
13,51,79.25,9.75,
13,52,79.5,9.75,
13,53,79.75,9.75,
13,54,80.0,9.75,
13,55,80.25,9.75,
13,56,80.5,9.75,
13,57,80.75,9.75,
13,58,81.0,9.75,
13,59,81.25,9.75,
13,60,81.5,9.75,
13,61,81.75,9.75,
13,62,82.0,9.75,
13,63,82.25,9.75,
13,64,82.5,9.75,
13,65,82.75,9.75,
13,66,83.0,9.75,
13,67,83.25,9.75,
13,68,83.5,9.75,
13,69,83.75,9.75,
13,70,84.0,9.75,
13,71,84.25,9.75,
13,72,84.5,9.75,
13,73,84.75,9.75,
13,74,85.0,9.75,
13,75,85.25,9.75,
13,76,85.5,9.75,
13,77,85.75,9.75,
13,78,86.0,9.75,
13,79,86.25,9.75,
13,80,86.5,9.75,
13,81,86.75,9.75,
13,82,87.0,9.75,
13,83,87.25,9.75,
13,84,87.5,9.75,
13,85,87.75,9.75,
13,86,88.0,9.75,
13,87,88.25,9.75,
13,88,88.5,9.75,
13,89,88.75,9.75,
13,90,89.0,9.75,
13,91,89.25,9.75,
13,92,89.5,9.75,
13,93,89.75,9.75,
13,94,90.0,9.75,
13,95,90.25,9.75,
13,96,90.5,9.75,
13,97,90.75,9.75,
13,98,91.0,9.75,
13,99,91.25,9.75,
13,100,91.5,9.75,
13,101,91.75,9.75,
13,102,92.0,9.75,
13,103,92.25,9.75,
13,104,92.5,9.75,
13,105,92.75,9.75,
13,106,93.0,9.75,
13,107,93.25,9.75,
13,108,93.5,9.75,
13,109,93.75,9.75,
13,110,94.0,9.75,
13,111,94.25,9.75,
13,112,94.5,9.75,
13,113,94.75,9.75,
13,114,95.0,9.75,
13,115,95.25,9.75,
13,116,95.5,9.75,
13,117,95.75,9.75,
13,118,96.0,9.75,
13,119,96.25,9.75,
13,120,96.5,9.75,
13,121,96.75,9.75,
13,122,97.0,9.75,
13,123,97.25,9.75,
13,124,97.5,9.75,
13,125,97.75,9.75,
13,126,98.0,9.75,
13,127,98.25,9.75,
13,128,98.5,9.75,
13,129,98.75,9.75,
13,130,99.0,9.75,
13,131,99.25,9.75,
13,132,99.5,9.75,
13,133,99.75,9.75,
13,134,100.0,9.75,
14,0,66.5,10.0,
14,1,66.75,10.0,
14,2,67.0,10.0,
14,3,67.25,10.0,
14,4,67.5,10.0,
14,5,67.75,10.0,
14,6,68.0,10.0,
14,7,68.25,10.0,
14,8,68.5,10.0,
14,9,68.75,10.0,
14,10,69.0,10.0,
14,11,69.25,10.0,
14,12,69.5,10.0,
14,13,69.75,10.0,
14,14,70.0,10.0,
14,15,70.25,10.0,
14,16,70.5,10.0,
14,17,70.75,10.0,
14,18,71.0,10.0,
14,19,71.25,10.0,
14,20,71.5,10.0,
14,21,71.75,10.0,
14,22,72.0,10.0,
14,23,72.25,10.0,
14,24,72.5,10.0,
14,25,72.75,10.0,
14,26,73.0,10.0,
14,27,73.25,10.0,
14,28,73.5,10.0,
14,29,73.75,10.0,
14,30,74.0,10.0,
14,31,74.25,10.0,
14,32,74.5,10.0,
14,33,74.75,10.0,
14,34,75.0,10.0,
14,35,75.25,10.0,
14,36,75.5,10.0,
14,37,75.75,10.0,
14,38,76.0,10.0,
14,39,76.25,10.0,262.0
14,40,76.5,10.0,262.0
14,41,76.75,10.0,262.0
14,42,77.0,10.0,263.0
14,43,77.25,10.0,263.0
14,44,77.5,10.0,
14,45,77.75,10.0,517.0
14,46,78.0,10.0,517.0
14,47,78.25,10.0,517.0
14,48,78.5,10.0,526.0
14,49,78.75,10.0,526.0
14,50,79.0,10.0,522.0
14,51,79.25,10.0,
14,52,79.5,10.0,
14,53,79.75,10.0,
14,54,80.0,10.0,
14,55,80.25,10.0,
14,56,80.5,10.0,
14,57,80.75,10.0,
14,58,81.0,10.0,
14,59,81.25,10.0,
14,60,81.5,10.0,
14,61,81.75,10.0,
14,62,82.0,10.0,
14,63,82.25,10.0,
14,64,82.5,10.0,
14,65,82.75,10.0,
14,66,83.0,10.0,
14,67,83.25,10.0,
14,68,83.5,10.0,
14,69,83.75,10.0,
14,70,84.0,10.0,
14,71,84.25,10.0,
14,72,84.5,10.0,
14,73,84.75,10.0,
14,74,85.0,10.0,
14,75,85.25,10.0,
14,76,85.5,10.0,
14,77,85.75,10.0,
14,78,86.0,10.0,
14,79,86.25,10.0,
14,80,86.5,10.0,
14,81,86.75,10.0,
14,82,87.0,10.0,
14,83,87.25,10.0,
14,84,87.5,10.0,
14,85,87.75,10.0,
14,86,88.0,10.0,
14,87,88.25,10.0,
14,88,88.5,10.0,
14,89,88.75,10.0,
14,90,89.0,10.0,
14,91,89.25,10.0,
14,92,89.5,10.0,
14,93,89.75,10.0,
14,94,90.0,10.0,
14,95,90.25,10.0,
14,96,90.5,10.0,
14,97,90.75,10.0,
14,98,91.0,10.0,
14,99,91.25,10.0,
14,100,91.5,10.0,
14,101,91.75,10.0,
14,102,92.0,10.0,
14,103,92.25,10.0,
14,104,92.5,10.0,
14,105,92.75,10.0,
14,106,93.0,10.0,
14,107,93.25,10.0,
14,108,93.5,10.0,
14,109,93.75,10.0,
14,110,94.0,10.0,
14,111,94.25,10.0,
14,112,94.5,10.0,
14,113,94.75,10.0,
14,114,95.0,10.0,
14,115,95.25,10.0,
14,116,95.5,10.0,
14,117,95.75,10.0,
14,118,96.0,10.0,
14,119,96.25,10.0,
14,120,96.5,10.0,
14,121,96.75,10.0,
14,122,97.0,10.0,
14,123,97.25,10.0,
14,124,97.5,10.0,
14,125,97.75,10.0,
14,126,98.0,10.0,
14,127,98.25,10.0,
14,128,98.5,10.0,
14,129,98.75,10.0,
14,130,99.0,10.0,
14,131,99.25,10.0,
14,132,99.5,10.0,
14,133,99.75,10.0,
14,134,100.0,10.0,
15,0,66.5,10.25,
15,1,66.75,10.25,
15,2,67.0,10.25,
15,3,67.25,10.25,
15,4,67.5,10.25,
15,5,67.75,10.25,
15,6,68.0,10.25,
15,7,68.25,10.25,
15,8,68.5,10.25,
15,9,68.75,10.25,
15,10,69.0,10.25,
15,11,69.25,10.25,
15,12,69.5,10.25,
15,13,69.75,10.25,
15,14,70.0,10.25,
15,15,70.25,10.25,
15,16,70.5,10.25,
15,17,70.75,10.25,
15,18,71.0,10.25,
15,19,71.25,10.25,
15,20,71.5,10.25,
15,21,71.75,10.25,
15,22,72.0,10.25,
15,23,72.25,10.25,
15,24,72.5,10.25,
15,25,72.75,10.25,
15,26,73.0,10.25,
15,27,73.25,10.25,
15,28,73.5,10.25,
15,29,73.75,10.25,
15,30,74.0,10.25,
15,31,74.25,10.25,
15,32,74.5,10.25,
15,33,74.75,10.25,
15,34,75.0,10.25,
15,35,75.25,10.25,
15,36,75.5,10.25,
15,37,75.75,10.25,
15,38,76.0,10.25,
15,39,76.25,10.25,
15,40,76.5,10.25,262.0
15,41,76.75,10.25,262.0
15,42,77.0,10.25,507.0
15,43,77.25,10.25,263.0
15,44,77.5,10.25,510.0
15,45,77.75,10.25,510.0
15,46,78.0,10.25,510.0
15,47,78.25,10.25,510.0
15,48,78.5,10.25,522.0
15,49,78.75,10.25,522.0
15,50,79.0,10.25,522.0
15,51,79.25,10.25,529.0
15,52,79.5,10.25,
15,53,79.75,10.25,
15,54,80.0,10.25,
15,55,80.25,10.25,
15,56,80.5,10.25,
15,57,80.75,10.25,
15,58,81.0,10.25,
15,59,81.25,10.25,
15,60,81.5,10.25,
15,61,81.75,10.25,
15,62,82.0,10.25,
15,63,82.25,10.25,
15,64,82.5,10.25,
15,65,82.75,10.25,
15,66,83.0,10.25,
15,67,83.25,10.25,
15,68,83.5,10.25,
15,69,83.75,10.25,
15,70,84.0,10.25,
15,71,84.25,10.25,
15,72,84.5,10.25,
15,73,84.75,10.25,
15,74,85.0,10.25,
15,75,85.25,10.25,
15,76,85.5,10.25,
15,77,85.75,10.25,
15,78,86.0,10.25,
15,79,86.25,10.25,
15,80,86.5,10.25,
15,81,86.75,10.25,
15,82,87.0,10.25,
15,83,87.25,10.25,
15,84,87.5,10.25,
15,85,87.75,10.25,
15,86,88.0,10.25,
15,87,88.25,10.25,
15,88,88.5,10.25,
15,89,88.75,10.25,
15,90,89.0,10.25,
15,91,89.25,10.25,
15,92,89.5,10.25,
15,93,89.75,10.25,
15,94,90.0,10.25,
15,95,90.25,10.25,
15,96,90.5,10.25,
15,97,90.75,10.25,
15,98,91.0,10.25,
15,99,91.25,10.25,
15,100,91.5,10.25,
15,101,91.75,10.25,
15,102,92.0,10.25,
15,103,92.25,10.25,
15,104,92.5,10.25,
15,105,92.75,10.25,
15,106,93.0,10.25,
15,107,93.25,10.25,
15,108,93.5,10.25,
15,109,93.75,10.25,
15,110,94.0,10.25,
15,111,94.25,10.25,
15,112,94.5,10.25,
15,113,94.75,10.25,
15,114,95.0,10.25,
15,115,95.25,10.25,
15,116,95.5,10.25,
15,117,95.75,10.25,
15,118,96.0,10.25,
15,119,96.25,10.25,
15,120,96.5,10.25,
15,121,96.75,10.25,
15,122,97.0,10.25,
15,123,97.25,10.25,
15,124,97.5,10.25,
15,125,97.75,10.25,
15,126,98.0,10.25,
15,127,98.25,10.25,
15,128,98.5,10.25,
15,129,98.75,10.25,
15,130,99.0,10.25,
15,131,99.25,10.25,
15,132,99.5,10.25,
15,133,99.75,10.25,
15,134,100.0,10.25,
16,0,66.5,10.5,
16,1,66.75,10.5,
16,2,67.0,10.5,
16,3,67.25,10.5,
16,4,67.5,10.5,
16,5,67.75,10.5,
16,6,68.0,10.5,
16,7,68.25,10.5,
16,8,68.5,10.5,
16,9,68.75,10.5,
16,10,69.0,10.5,
16,11,69.25,10.5,
16,12,69.5,10.5,
16,13,69.75,10.5,
16,14,70.0,10.5,
16,15,70.25,10.5,
16,16,70.5,10.5,
16,17,70.75,10.5,
16,18,71.0,10.5,
16,19,71.25,10.5,
16,20,71.5,10.5,
16,21,71.75,10.5,
16,22,72.0,10.5,
16,23,72.25,10.5,
16,24,72.5,10.5,
16,25,72.75,10.5,
16,26,73.0,10.5,
16,27,73.25,10.5,
16,28,73.5,10.5,
16,29,73.75,10.5,
16,30,74.0,10.5,
16,31,74.25,10.5,
16,32,74.5,10.5,
16,33,74.75,10.5,
16,34,75.0,10.5,
16,35,75.25,10.5,
16,36,75.5,10.5,
16,37,75.75,10.5,
16,38,76.0,10.5,
16,39,76.25,10.5,
16,40,76.5,10.5,270.0
16,41,76.75,10.5,270.0
16,42,77.0,10.5,507.0
16,43,77.25,10.5,534.0
16,44,77.5,10.5,510.0
16,45,77.75,10.5,510.0
16,46,78.0,10.5,510.0
16,47,78.25,10.5,
16,48,78.5,10.5,522.0
16,49,78.75,10.5,522.0
16,50,79.0,10.5,522.0
16,51,79.25,10.5,529.0
16,52,79.5,10.5,530.0
16,53,79.75,10.5,518.0
16,54,80.0,10.5,
16,55,80.25,10.5,
16,56,80.5,10.5,
16,57,80.75,10.5,
16,58,81.0,10.5,
16,59,81.25,10.5,
16,60,81.5,10.5,
16,61,81.75,10.5,
16,62,82.0,10.5,
16,63,82.25,10.5,
16,64,82.5,10.5,
16,65,82.75,10.5,
16,66,83.0,10.5,
16,67,83.25,10.5,
16,68,83.5,10.5,
16,69,83.75,10.5,
16,70,84.0,10.5,
16,71,84.25,10.5,
16,72,84.5,10.5,
16,73,84.75,10.5,
16,74,85.0,10.5,
16,75,85.25,10.5,
16,76,85.5,10.5,
16,77,85.75,10.5,
16,78,86.0,10.5,
16,79,86.25,10.5,
16,80,86.5,10.5,
16,81,86.75,10.5,
16,82,87.0,10.5,
16,83,87.25,10.5,
16,84,87.5,10.5,
16,85,87.75,10.5,
16,86,88.0,10.5,
16,87,88.25,10.5,
16,88,88.5,10.5,
16,89,88.75,10.5,
16,90,89.0,10.5,
16,91,89.25,10.5,
16,92,89.5,10.5,
16,93,89.75,10.5,
16,94,90.0,10.5,
16,95,90.25,10.5,
16,96,90.5,10.5,
16,97,90.75,10.5,
16,98,91.0,10.5,
16,99,91.25,10.5,
16,100,91.5,10.5,
16,101,91.75,10.5,
16,102,92.0,10.5,
16,103,92.25,10.5,
16,104,92.5,10.5,
16,105,92.75,10.5,
16,106,93.0,10.5,
16,107,93.25,10.5,
16,108,93.5,10.5,
16,109,93.75,10.5,
16,110,94.0,10.5,
16,111,94.25,10.5,
16,112,94.5,10.5,
16,113,94.75,10.5,
16,114,95.0,10.5,
16,115,95.25,10.5,
16,116,95.5,10.5,
16,117,95.75,10.5,
16,118,96.0,10.5,
16,119,96.25,10.5,
16,120,96.5,10.5,
16,121,96.75,10.5,
16,122,97.0,10.5,
16,123,97.25,10.5,
16,124,97.5,10.5,
16,125,97.75,10.5,
16,126,98.0,10.5,
16,127,98.25,10.5,
16,128,98.5,10.5,
16,129,98.75,10.5,
16,130,99.0,10.5,
16,131,99.25,10.5,
16,132,99.5,10.5,
16,133,99.75,10.5,
16,134,100.0,10.5,
17,0,66.5,10.75,
17,1,66.75,10.75,
17,2,67.0,10.75,
17,3,67.25,10.75,
17,4,67.5,10.75,
17,5,67.75,10.75,
17,6,68.0,10.75,
17,7,68.25,10.75,
17,8,68.5,10.75,
17,9,68.75,10.75,
17,10,69.0,10.75,
17,11,69.25,10.75,
17,12,69.5,10.75,
17,13,69.75,10.75,
17,14,70.0,10.75,
17,15,70.25,10.75,
17,16,70.5,10.75,
17,17,70.75,10.75,
17,18,71.0,10.75,
17,19,71.25,10.75,
17,20,71.5,10.75,
17,21,71.75,10.75,
17,22,72.0,10.75,
17,23,72.25,10.75,
17,24,72.5,10.75,
17,25,72.75,10.75,
17,26,73.0,10.75,
17,27,73.25,10.75,
17,28,73.5,10.75,
17,29,73.75,10.75,
17,30,74.0,10.75,
17,31,74.25,10.75,
17,32,74.5,10.75,
17,33,74.75,10.75,
17,34,75.0,10.75,
17,35,75.25,10.75,
17,36,75.5,10.75,
17,37,75.75,10.75,
17,38,76.0,10.75,269.0
17,39,76.25,10.75,270.0
17,40,76.5,10.75,270.0
17,41,76.75,10.75,270.0
17,42,77.0,10.75,507.0
17,43,77.25,10.75,534.0
17,44,77.5,10.75,534.0
17,45,77.75,10.75,534.0
17,46,78.0,10.75,510.0
17,47,78.25,10.75,515.0
17,48,78.5,10.75,515.0
17,49,78.75,10.75,
17,50,79.0,10.75,529.0
17,51,79.25,10.75,529.0
17,52,79.5,10.75,530.0
17,53,79.75,10.75,518.0
17,54,80.0,10.75,
17,55,80.25,10.75,
17,56,80.5,10.75,
17,57,80.75,10.75,
17,58,81.0,10.75,
17,59,81.25,10.75,
17,60,81.5,10.75,
17,61,81.75,10.75,
17,62,82.0,10.75,
17,63,82.25,10.75,
17,64,82.5,10.75,
17,65,82.75,10.75,
17,66,83.0,10.75,
17,67,83.25,10.75,
17,68,83.5,10.75,
17,69,83.75,10.75,
17,70,84.0,10.75,
17,71,84.25,10.75,
17,72,84.5,10.75,
17,73,84.75,10.75,
17,74,85.0,10.75,
17,75,85.25,10.75,
17,76,85.5,10.75,
17,77,85.75,10.75,
17,78,86.0,10.75,
17,79,86.25,10.75,
17,80,86.5,10.75,
17,81,86.75,10.75,
17,82,87.0,10.75,
17,83,87.25,10.75,
17,84,87.5,10.75,
17,85,87.75,10.75,
17,86,88.0,10.75,
17,87,88.25,10.75,
17,88,88.5,10.75,
17,89,88.75,10.75,
17,90,89.0,10.75,
17,91,89.25,10.75,
17,92,89.5,10.75,
17,93,89.75,10.75,
17,94,90.0,10.75,
17,95,90.25,10.75,
17,96,90.5,10.75,
17,97,90.75,10.75,
17,98,91.0,10.75,
17,99,91.25,10.75,
17,100,91.5,10.75,
17,101,91.75,10.75,
17,102,92.0,10.75,
17,103,92.25,10.75,
17,104,92.5,10.75,
17,105,92.75,10.75,
17,106,93.0,10.75,
17,107,93.25,10.75,
17,108,93.5,10.75,
17,109,93.75,10.75,
17,110,94.0,10.75,
17,111,94.25,10.75,
17,112,94.5,10.75,
17,113,94.75,10.75,
17,114,95.0,10.75,
17,115,95.25,10.75,
17,116,95.5,10.75,
17,117,95.75,10.75,
17,118,96.0,10.75,
17,119,96.25,10.75,
17,120,96.5,10.75,
17,121,96.75,10.75,
17,122,97.0,10.75,
17,123,97.25,10.75,
17,124,97.5,10.75,
17,125,97.75,10.75,
17,126,98.0,10.75,
17,127,98.25,10.75,
17,128,98.5,10.75,
17,129,98.75,10.75,
17,130,99.0,10.75,
17,131,99.25,10.75,
17,132,99.5,10.75,
17,133,99.75,10.75,
17,134,100.0,10.75,
18,0,66.5,11.0,
18,1,66.75,11.0,
18,2,67.0,11.0,
18,3,67.25,11.0,
18,4,67.5,11.0,
18,5,67.75,11.0,
18,6,68.0,11.0,
18,7,68.25,11.0,
18,8,68.5,11.0,
18,9,68.75,11.0,
18,10,69.0,11.0,
18,11,69.25,11.0,
18,12,69.5,11.0,
18,13,69.75,11.0,
18,14,70.0,11.0,
18,15,70.25,11.0,
18,16,70.5,11.0,
18,17,70.75,11.0,
18,18,71.0,11.0,
18,19,71.25,11.0,
18,20,71.5,11.0,
18,21,71.75,11.0,
18,22,72.0,11.0,
18,23,72.25,11.0,
18,24,72.5,11.0,
18,25,72.75,11.0,
18,26,73.0,11.0,
18,27,73.25,11.0,
18,28,73.5,11.0,
18,29,73.75,11.0,
18,30,74.0,11.0,
18,31,74.25,11.0,
18,32,74.5,11.0,
18,33,74.75,11.0,
18,34,75.0,11.0,
18,35,75.25,11.0,
18,36,75.5,11.0,
18,37,75.75,11.0,
18,38,76.0,11.0,269.0
18,39,76.25,11.0,269.0
18,40,76.5,11.0,270.0
18,41,76.75,11.0,507.0
18,42,77.0,11.0,507.0
18,43,77.25,11.0,534.0
18,44,77.5,11.0,534.0
18,45,77.75,11.0,534.0
18,46,78.0,11.0,515.0
18,47,78.25,11.0,
18,48,78.5,11.0,
18,49,78.75,11.0,
18,50,79.0,11.0,504.0
18,51,79.25,11.0,504.0
18,52,79.5,11.0,529.0
18,53,79.75,11.0,441.0
18,54,80.0,11.0,
18,55,80.25,11.0,
18,56,80.5,11.0,
18,57,80.75,11.0,
18,58,81.0,11.0,
18,59,81.25,11.0,
18,60,81.5,11.0,
18,61,81.75,11.0,
18,62,82.0,11.0,
18,63,82.25,11.0,
18,64,82.5,11.0,
18,65,82.75,11.0,
18,66,83.0,11.0,
18,67,83.25,11.0,
18,68,83.5,11.0,
18,69,83.75,11.0,
18,70,84.0,11.0,
18,71,84.25,11.0,
18,72,84.5,11.0,
18,73,84.75,11.0,
18,74,85.0,11.0,
18,75,85.25,11.0,
18,76,85.5,11.0,
18,77,85.75,11.0,
18,78,86.0,11.0,
18,79,86.25,11.0,
18,80,86.5,11.0,
18,81,86.75,11.0,
18,82,87.0,11.0,
18,83,87.25,11.0,
18,84,87.5,11.0,
18,85,87.75,11.0,
18,86,88.0,11.0,
18,87,88.25,11.0,
18,88,88.5,11.0,
18,89,88.75,11.0,
18,90,89.0,11.0,
18,91,89.25,11.0,
18,92,89.5,11.0,
18,93,89.75,11.0,
18,94,90.0,11.0,
18,95,90.25,11.0,
18,96,90.5,11.0,
18,97,90.75,11.0,
18,98,91.0,11.0,
18,99,91.25,11.0,
18,100,91.5,11.0,
18,101,91.75,11.0,
18,102,92.0,11.0,
18,103,92.25,11.0,
18,104,92.5,11.0,
18,105,92.75,11.0,
18,106,93.0,11.0,
18,107,93.25,11.0,
18,108,93.5,11.0,
18,109,93.75,11.0,
18,110,94.0,11.0,
18,111,94.25,11.0,
18,112,94.5,11.0,
18,113,94.75,11.0,
18,114,95.0,11.0,
18,115,95.25,11.0,
18,116,95.5,11.0,
18,117,95.75,11.0,
18,118,96.0,11.0,
18,119,96.25,11.0,
18,120,96.5,11.0,
18,121,96.75,11.0,
18,122,97.0,11.0,
18,123,97.25,11.0,
18,124,97.5,11.0,
18,125,97.75,11.0,
18,126,98.0,11.0,
18,127,98.25,11.0,
18,128,98.5,11.0,
18,129,98.75,11.0,
18,130,99.0,11.0,
18,131,99.25,11.0,
18,132,99.5,11.0,
18,133,99.75,11.0,
18,134,100.0,11.0,
19,0,66.5,11.25,
19,1,66.75,11.25,
19,2,67.0,11.25,
19,3,67.25,11.25,
19,4,67.5,11.25,
19,5,67.75,11.25,
19,6,68.0,11.25,
19,7,68.25,11.25,
19,8,68.5,11.25,
19,9,68.75,11.25,
19,10,69.0,11.25,
19,11,69.25,11.25,
19,12,69.5,11.25,
19,13,69.75,11.25,
19,14,70.0,11.25,
19,15,70.25,11.25,
19,16,70.5,11.25,
19,17,70.75,11.25,
19,18,71.0,11.25,
19,19,71.25,11.25,
19,20,71.5,11.25,
19,21,71.75,11.25,
19,22,72.0,11.25,
19,23,72.25,11.25,
19,24,72.5,11.25,
19,25,72.75,11.25,
19,26,73.0,11.25,
19,27,73.25,11.25,
19,28,73.5,11.25,
19,29,73.75,11.25,
19,30,74.0,11.25,
19,31,74.25,11.25,
19,32,74.5,11.25,
19,33,74.75,11.25,
19,34,75.0,11.25,
19,35,75.25,11.25,
19,36,75.5,11.25,
19,37,75.75,11.25,
19,38,76.0,11.25,269.0
19,39,76.25,11.25,269.0
19,40,76.5,11.25,520.0
19,41,76.75,11.25,520.0
19,42,77.0,11.25,507.0
19,43,77.25,11.25,534.0
19,44,77.5,11.25,511.0
19,45,77.75,11.25,511.0
19,46,78.0,11.25,519.0
19,47,78.25,11.25,519.0
19,48,78.5,11.25,
19,49,78.75,11.25,521.0
19,50,79.0,11.25,521.0
19,51,79.25,11.25,504.0
19,52,79.5,11.25,508.0
19,53,79.75,11.25,
19,54,80.0,11.25,
19,55,80.25,11.25,
19,56,80.5,11.25,
19,57,80.75,11.25,
19,58,81.0,11.25,
19,59,81.25,11.25,
19,60,81.5,11.25,
19,61,81.75,11.25,
19,62,82.0,11.25,
19,63,82.25,11.25,
19,64,82.5,11.25,
19,65,82.75,11.25,
19,66,83.0,11.25,
19,67,83.25,11.25,
19,68,83.5,11.25,
19,69,83.75,11.25,
19,70,84.0,11.25,
19,71,84.25,11.25,
19,72,84.5,11.25,
19,73,84.75,11.25,
19,74,85.0,11.25,
19,75,85.25,11.25,
19,76,85.5,11.25,
19,77,85.75,11.25,
19,78,86.0,11.25,
19,79,86.25,11.25,
19,80,86.5,11.25,
19,81,86.75,11.25,
19,82,87.0,11.25,
19,83,87.25,11.25,
19,84,87.5,11.25,
19,85,87.75,11.25,
19,86,88.0,11.25,
19,87,88.25,11.25,
19,88,88.5,11.25,
19,89,88.75,11.25,
19,90,89.0,11.25,
19,91,89.25,11.25,
19,92,89.5,11.25,
19,93,89.75,11.25,
19,94,90.0,11.25,
19,95,90.25,11.25,
19,96,90.5,11.25,
19,97,90.75,11.25,
19,98,91.0,11.25,
19,99,91.25,11.25,
19,100,91.5,11.25,
19,101,91.75,11.25,
19,102,92.0,11.25,
19,103,92.25,11.25,
19,104,92.5,11.25,
19,105,92.75,11.25,
19,106,93.0,11.25,
19,107,93.25,11.25,
19,108,93.5,11.25,
19,109,93.75,11.25,
19,110,94.0,11.25,
19,111,94.25,11.25,
19,112,94.5,11.25,
19,113,94.75,11.25,
19,114,95.0,11.25,
19,115,95.25,11.25,
19,116,95.5,11.25,
19,117,95.75,11.25,
19,118,96.0,11.25,
19,119,96.25,11.25,
19,120,96.5,11.25,
19,121,96.75,11.25,
19,122,97.0,11.25,
19,123,97.25,11.25,
19,124,97.5,11.25,
19,125,97.75,11.25,
19,126,98.0,11.25,
19,127,98.25,11.25,
19,128,98.5,11.25,
19,129,98.75,11.25,
19,130,99.0,11.25,
19,131,99.25,11.25,
19,132,99.5,11.25,
19,133,99.75,11.25,
19,134,100.0,11.25,
20,0,66.5,11.5,
20,1,66.75,11.5,
20,2,67.0,11.5,
20,3,67.25,11.5,
20,4,67.5,11.5,
20,5,67.75,11.5,
20,6,68.0,11.5,
20,7,68.25,11.5,
20,8,68.5,11.5,
20,9,68.75,11.5,
20,10,69.0,11.5,
20,11,69.25,11.5,
20,12,69.5,11.5,
20,13,69.75,11.5,
20,14,70.0,11.5,
20,15,70.25,11.5,
20,16,70.5,11.5,
20,17,70.75,11.5,
20,18,71.0,11.5,
20,19,71.25,11.5,
20,20,71.5,11.5,
20,21,71.75,11.5,
20,22,72.0,11.5,
20,23,72.25,11.5,
20,24,72.5,11.5,
20,25,72.75,11.5,
20,26,73.0,11.5,
20,27,73.25,11.5,
20,28,73.5,11.5,
20,29,73.75,11.5,
20,30,74.0,11.5,
20,31,74.25,11.5,
20,32,74.5,11.5,
20,33,74.75,11.5,
20,34,75.0,11.5,
20,35,75.25,11.5,
20,36,75.5,11.5,
20,37,75.75,11.5,268.0
20,38,76.0,11.5,268.0
20,39,76.25,11.5,269.0
20,40,76.5,11.5,520.0
20,41,76.75,11.5,520.0
20,42,77.0,11.5,511.0
20,43,77.25,11.5,511.0
20,44,77.5,11.5,511.0
20,45,77.75,11.5,525.0
20,46,78.0,11.5,519.0
20,47,78.25,11.5,519.0
20,48,78.5,11.5,525.0
20,49,78.75,11.5,525.0
20,50,79.0,11.5,508.0
20,51,79.25,11.5,508.0
20,52,79.5,11.5,508.0
20,53,79.75,11.5,508.0
20,54,80.0,11.5,
20,55,80.25,11.5,
20,56,80.5,11.5,
20,57,80.75,11.5,
20,58,81.0,11.5,
20,59,81.25,11.5,
20,60,81.5,11.5,
20,61,81.75,11.5,
20,62,82.0,11.5,
20,63,82.25,11.5,
20,64,82.5,11.5,
20,65,82.75,11.5,
20,66,83.0,11.5,
20,67,83.25,11.5,
20,68,83.5,11.5,
20,69,83.75,11.5,
20,70,84.0,11.5,
20,71,84.25,11.5,
20,72,84.5,11.5,
20,73,84.75,11.5,
20,74,85.0,11.5,
20,75,85.25,11.5,
20,76,85.5,11.5,
20,77,85.75,11.5,
20,78,86.0,11.5,
20,79,86.25,11.5,
20,80,86.5,11.5,
20,81,86.75,11.5,
20,82,87.0,11.5,
20,83,87.25,11.5,
20,84,87.5,11.5,
20,85,87.75,11.5,
20,86,88.0,11.5,
20,87,88.25,11.5,
20,88,88.5,11.5,
20,89,88.75,11.5,
20,90,89.0,11.5,
20,91,89.25,11.5,
20,92,89.5,11.5,
20,93,89.75,11.5,
20,94,90.0,11.5,
20,95,90.25,11.5,
20,96,90.5,11.5,
20,97,90.75,11.5,
20,98,91.0,11.5,
20,99,91.25,11.5,
20,100,91.5,11.5,
20,101,91.75,11.5,
20,102,92.0,11.5,
20,103,92.25,11.5,
20,104,92.5,11.5,
20,105,92.75,11.5,
20,106,93.0,11.5,
20,107,93.25,11.5,
20,108,93.5,11.5,
20,109,93.75,11.5,
20,110,94.0,11.5,
20,111,94.25,11.5,
20,112,94.5,11.5,
20,113,94.75,11.5,
20,114,95.0,11.5,
20,115,95.25,11.5,
20,116,95.5,11.5,
20,117,95.75,11.5,
20,118,96.0,11.5,
20,119,96.25,11.5,
20,120,96.5,11.5,
20,121,96.75,11.5,
20,122,97.0,11.5,
20,123,97.25,11.5,
20,124,97.5,11.5,
20,125,97.75,11.5,
20,126,98.0,11.5,
20,127,98.25,11.5,
20,128,98.5,11.5,
20,129,98.75,11.5,
20,130,99.0,11.5,
20,131,99.25,11.5,
20,132,99.5,11.5,
20,133,99.75,11.5,
20,134,100.0,11.5,
21,0,66.5,11.75,
21,1,66.75,11.75,
21,2,67.0,11.75,
21,3,67.25,11.75,
21,4,67.5,11.75,
21,5,67.75,11.75,
21,6,68.0,11.75,
21,7,68.25,11.75,
21,8,68.5,11.75,
21,9,68.75,11.75,
21,10,69.0,11.75,
21,11,69.25,11.75,
21,12,69.5,11.75,
21,13,69.75,11.75,
21,14,70.0,11.75,
21,15,70.25,11.75,
21,16,70.5,11.75,
21,17,70.75,11.75,
21,18,71.0,11.75,
21,19,71.25,11.75,
21,20,71.5,11.75,
21,21,71.75,11.75,
21,22,72.0,11.75,
21,23,72.25,11.75,
21,24,72.5,11.75,
21,25,72.75,11.75,
21,26,73.0,11.75,
21,27,73.25,11.75,
21,28,73.5,11.75,
21,29,73.75,11.75,
21,30,74.0,11.75,
21,31,74.25,11.75,
21,32,74.5,11.75,
21,33,74.75,11.75,
21,34,75.0,11.75,
21,35,75.25,11.75,
21,36,75.5,11.75,264.0
21,37,75.75,11.75,268.0
21,38,76.0,11.75,274.0
21,39,76.25,11.75,274.0
21,40,76.5,11.75,
21,41,76.75,11.75,
21,42,77.0,11.75,511.0
21,43,77.25,11.75,511.0
21,44,77.5,11.75,511.0
21,45,77.75,11.75,525.0
21,46,78.0,11.75,525.0
21,47,78.25,11.75,525.0
21,48,78.5,11.75,525.0
21,49,78.75,11.75,512.0
21,50,79.0,11.75,512.0
21,51,79.25,11.75,512.0
21,52,79.5,11.75,508.0
21,53,79.75,11.75,508.0
21,54,80.0,11.75,
21,55,80.25,11.75,
21,56,80.5,11.75,
21,57,80.75,11.75,
21,58,81.0,11.75,
21,59,81.25,11.75,
21,60,81.5,11.75,
21,61,81.75,11.75,
21,62,82.0,11.75,
21,63,82.25,11.75,
21,64,82.5,11.75,
21,65,82.75,11.75,
21,66,83.0,11.75,
21,67,83.25,11.75,
21,68,83.5,11.75,
21,69,83.75,11.75,
21,70,84.0,11.75,
21,71,84.25,11.75,
21,72,84.5,11.75,
21,73,84.75,11.75,
21,74,85.0,11.75,
21,75,85.25,11.75,
21,76,85.5,11.75,
21,77,85.75,11.75,
21,78,86.0,11.75,
21,79,86.25,11.75,
21,80,86.5,11.75,
21,81,86.75,11.75,
21,82,87.0,11.75,
21,83,87.25,11.75,
21,84,87.5,11.75,
21,85,87.75,11.75,
21,86,88.0,11.75,
21,87,88.25,11.75,
21,88,88.5,11.75,
21,89,88.75,11.75,
21,90,89.0,11.75,
21,91,89.25,11.75,
21,92,89.5,11.75,
21,93,89.75,11.75,
21,94,90.0,11.75,
21,95,90.25,11.75,
21,96,90.5,11.75,
21,97,90.75,11.75,
21,98,91.0,11.75,
21,99,91.25,11.75,
21,100,91.5,11.75,
21,101,91.75,11.75,
21,102,92.0,11.75,
21,103,92.25,11.75,
21,104,92.5,11.75,
21,105,92.75,11.75,2.0
21,106,93.0,11.75,
21,107,93.25,11.75,
21,108,93.5,11.75,
21,109,93.75,11.75,
21,110,94.0,11.75,
21,111,94.25,11.75,
21,112,94.5,11.75,
21,113,94.75,11.75,
21,114,95.0,11.75,
21,115,95.25,11.75,
21,116,95.5,11.75,
21,117,95.75,11.75,
21,118,96.0,11.75,
21,119,96.25,11.75,
21,120,96.5,11.75,
21,121,96.75,11.75,
21,122,97.0,11.75,
21,123,97.25,11.75,
21,124,97.5,11.75,
21,125,97.75,11.75,
21,126,98.0,11.75,
21,127,98.25,11.75,
21,128,98.5,11.75,
21,129,98.75,11.75,
21,130,99.0,11.75,
21,131,99.25,11.75,
21,132,99.5,11.75,
21,133,99.75,11.75,
21,134,100.0,11.75,
22,0,66.5,12.0,
22,1,66.75,12.0,
22,2,67.0,12.0,
22,3,67.25,12.0,
22,4,67.5,12.0,
22,5,67.75,12.0,
22,6,68.0,12.0,
22,7,68.25,12.0,
22,8,68.5,12.0,
22,9,68.75,12.0,
22,10,69.0,12.0,
22,11,69.25,12.0,
22,12,69.5,12.0,
22,13,69.75,12.0,
22,14,70.0,12.0,
22,15,70.25,12.0,
22,16,70.5,12.0,
22,17,70.75,12.0,
22,18,71.0,12.0,
22,19,71.25,12.0,
22,20,71.5,12.0,
22,21,71.75,12.0,
22,22,72.0,12.0,
22,23,72.25,12.0,
22,24,72.5,12.0,
22,25,72.75,12.0,
22,26,73.0,12.0,
22,27,73.25,12.0,
22,28,73.5,12.0,
22,29,73.75,12.0,
22,30,74.0,12.0,
22,31,74.25,12.0,
22,32,74.5,12.0,
22,33,74.75,12.0,
22,34,75.0,12.0,
22,35,75.25,12.0,
22,36,75.5,12.0,264.0
22,37,75.75,12.0,264.0
22,38,76.0,12.0,248.0
22,39,76.25,12.0,252.0
22,40,76.5,12.0,252.0
22,41,76.75,12.0,252.0
22,42,77.0,12.0,
22,43,77.25,12.0,
22,44,77.5,12.0,
22,45,77.75,12.0,509.0
22,46,78.0,12.0,509.0
22,47,78.25,12.0,509.0
22,48,78.5,12.0,509.0
22,49,78.75,12.0,512.0
22,50,79.0,12.0,512.0
22,51,79.25,12.0,
22,52,79.5,12.0,
22,53,79.75,12.0,443.0
22,54,80.0,12.0,
22,55,80.25,12.0,
22,56,80.5,12.0,
22,57,80.75,12.0,
22,58,81.0,12.0,
22,59,81.25,12.0,
22,60,81.5,12.0,
22,61,81.75,12.0,
22,62,82.0,12.0,
22,63,82.25,12.0,
22,64,82.5,12.0,
22,65,82.75,12.0,
22,66,83.0,12.0,
22,67,83.25,12.0,
22,68,83.5,12.0,
22,69,83.75,12.0,
22,70,84.0,12.0,
22,71,84.25,12.0,
22,72,84.5,12.0,
22,73,84.75,12.0,
22,74,85.0,12.0,
22,75,85.25,12.0,
22,76,85.5,12.0,
22,77,85.75,12.0,
22,78,86.0,12.0,
22,79,86.25,12.0,
22,80,86.5,12.0,
22,81,86.75,12.0,
22,82,87.0,12.0,
22,83,87.25,12.0,
22,84,87.5,12.0,
22,85,87.75,12.0,
22,86,88.0,12.0,
22,87,88.25,12.0,
22,88,88.5,12.0,
22,89,88.75,12.0,
22,90,89.0,12.0,
22,91,89.25,12.0,
22,92,89.5,12.0,
22,93,89.75,12.0,
22,94,90.0,12.0,
22,95,90.25,12.0,
22,96,90.5,12.0,
22,97,90.75,12.0,
22,98,91.0,12.0,
22,99,91.25,12.0,
22,100,91.5,12.0,
22,101,91.75,12.0,
22,102,92.0,12.0,
22,103,92.25,12.0,
22,104,92.5,12.0,
22,105,92.75,12.0,2.0
22,106,93.0,12.0,
22,107,93.25,12.0,
22,108,93.5,12.0,
22,109,93.75,12.0,
22,110,94.0,12.0,
22,111,94.25,12.0,
22,112,94.5,12.0,
22,113,94.75,12.0,
22,114,95.0,12.0,
22,115,95.25,12.0,
22,116,95.5,12.0,
22,117,95.75,12.0,
22,118,96.0,12.0,
22,119,96.25,12.0,
22,120,96.5,12.0,
22,121,96.75,12.0,
22,122,97.0,12.0,
22,123,97.25,12.0,
22,124,97.5,12.0,
22,125,97.75,12.0,
22,126,98.0,12.0,
22,127,98.25,12.0,
22,128,98.5,12.0,
22,129,98.75,12.0,
22,130,99.0,12.0,
22,131,99.25,12.0,
22,132,99.5,12.0,
22,133,99.75,12.0,
22,134,100.0,12.0,
23,0,66.5,12.25,
23,1,66.75,12.25,
23,2,67.0,12.25,
23,3,67.25,12.25,
23,4,67.5,12.25,
23,5,67.75,12.25,
23,6,68.0,12.25,
23,7,68.25,12.25,
23,8,68.5,12.25,
23,9,68.75,12.25,
23,10,69.0,12.25,
23,11,69.25,12.25,
23,12,69.5,12.25,
23,13,69.75,12.25,
23,14,70.0,12.25,
23,15,70.25,12.25,
23,16,70.5,12.25,
23,17,70.75,12.25,
23,18,71.0,12.25,
23,19,71.25,12.25,
23,20,71.5,12.25,
23,21,71.75,12.25,
23,22,72.0,12.25,
23,23,72.25,12.25,
23,24,72.5,12.25,
23,25,72.75,12.25,
23,26,73.0,12.25,
23,27,73.25,12.25,
23,28,73.5,12.25,
23,29,73.75,12.25,
23,30,74.0,12.25,
23,31,74.25,12.25,
23,32,74.5,12.25,
23,33,74.75,12.25,
23,34,75.0,12.25,
23,35,75.25,12.25,265.0
23,36,75.5,12.25,264.0
23,37,75.75,12.25,248.0
23,38,76.0,12.25,248.0
23,39,76.25,12.25,252.0
23,40,76.5,12.25,252.0
23,41,76.75,12.25,252.0
23,42,77.0,12.25,251.0
23,43,77.25,12.25,
23,44,77.5,12.25,516.0
23,45,77.75,12.25,516.0
23,46,78.0,12.25,509.0
23,47,78.25,12.25,509.0
23,48,78.5,12.25,516.0
23,49,78.75,12.25,536.0
23,50,79.0,12.25,536.0
23,51,79.25,12.25,
23,52,79.5,12.25,
23,53,79.75,12.25,
23,54,80.0,12.25,
23,55,80.25,12.25,
23,56,80.5,12.25,
23,57,80.75,12.25,
23,58,81.0,12.25,
23,59,81.25,12.25,
23,60,81.5,12.25,
23,61,81.75,12.25,
23,62,82.0,12.25,
23,63,82.25,12.25,
23,64,82.5,12.25,
23,65,82.75,12.25,
23,66,83.0,12.25,
23,67,83.25,12.25,
23,68,83.5,12.25,
23,69,83.75,12.25,
23,70,84.0,12.25,
23,71,84.25,12.25,
23,72,84.5,12.25,
23,73,84.75,12.25,
23,74,85.0,12.25,
23,75,85.25,12.25,
23,76,85.5,12.25,
23,77,85.75,12.25,
23,78,86.0,12.25,
23,79,86.25,12.25,
23,80,86.5,12.25,
23,81,86.75,12.25,
23,82,87.0,12.25,
23,83,87.25,12.25,
23,84,87.5,12.25,
23,85,87.75,12.25,
23,86,88.0,12.25,
23,87,88.25,12.25,
23,88,88.5,12.25,
23,89,88.75,12.25,
23,90,89.0,12.25,
23,91,89.25,12.25,
23,92,89.5,12.25,
23,93,89.75,12.25,
23,94,90.0,12.25,
23,95,90.25,12.25,
23,96,90.5,12.25,
23,97,90.75,12.25,
23,98,91.0,12.25,
23,99,91.25,12.25,
23,100,91.5,12.25,
23,101,91.75,12.25,
23,102,92.0,12.25,
23,103,92.25,12.25,
23,104,92.5,12.25,
23,105,92.75,12.25,
23,106,93.0,12.25,
23,107,93.25,12.25,
23,108,93.5,12.25,
23,109,93.75,12.25,
23,110,94.0,12.25,
23,111,94.25,12.25,
23,112,94.5,12.25,
23,113,94.75,12.25,
23,114,95.0,12.25,
23,115,95.25,12.25,
23,116,95.5,12.25,
23,117,95.75,12.25,
23,118,96.0,12.25,
23,119,96.25,12.25,
23,120,96.5,12.25,
23,121,96.75,12.25,
23,122,97.0,12.25,
23,123,97.25,12.25,
23,124,97.5,12.25,
23,125,97.75,12.25,
23,126,98.0,12.25,
23,127,98.25,12.25,
23,128,98.5,12.25,
23,129,98.75,12.25,
23,130,99.0,12.25,
23,131,99.25,12.25,
23,132,99.5,12.25,
23,133,99.75,12.25,
23,134,100.0,12.25,
24,0,66.5,12.5,
24,1,66.75,12.5,
24,2,67.0,12.5,
24,3,67.25,12.5,
24,4,67.5,12.5,
24,5,67.75,12.5,
24,6,68.0,12.5,
24,7,68.25,12.5,
24,8,68.5,12.5,
24,9,68.75,12.5,
24,10,69.0,12.5,
24,11,69.25,12.5,
24,12,69.5,12.5,
24,13,69.75,12.5,
24,14,70.0,12.5,
24,15,70.25,12.5,
24,16,70.5,12.5,
24,17,70.75,12.5,
24,18,71.0,12.5,
24,19,71.25,12.5,
24,20,71.5,12.5,
24,21,71.75,12.5,
24,22,72.0,12.5,
24,23,72.25,12.5,
24,24,72.5,12.5,
24,25,72.75,12.5,
24,26,73.0,12.5,
24,27,73.25,12.5,
24,28,73.5,12.5,
24,29,73.75,12.5,
24,30,74.0,12.5,
24,31,74.25,12.5,
24,32,74.5,12.5,
24,33,74.75,12.5,
24,34,75.0,12.5,265.0
24,35,75.25,12.5,265.0
24,36,75.5,12.5,241.0
24,37,75.75,12.5,248.0
24,38,76.0,12.5,252.0
24,39,76.25,12.5,252.0
24,40,76.5,12.5,251.0
24,41,76.75,12.5,251.0
24,42,77.0,12.5,251.0
24,43,77.25,12.5,
24,44,77.5,12.5,
24,45,77.75,12.5,516.0
24,46,78.0,12.5,509.0
24,47,78.25,12.5,516.0
24,48,78.5,12.5,
24,49,78.75,12.5,
24,50,79.0,12.5,536.0
24,51,79.25,12.5,536.0
24,52,79.5,12.5,536.0
24,53,79.75,12.5,505.0
24,54,80.0,12.5,505.0
24,55,80.25,12.5,
24,56,80.5,12.5,
24,57,80.75,12.5,
24,58,81.0,12.5,
24,59,81.25,12.5,
24,60,81.5,12.5,
24,61,81.75,12.5,
24,62,82.0,12.5,
24,63,82.25,12.5,
24,64,82.5,12.5,
24,65,82.75,12.5,
24,66,83.0,12.5,
24,67,83.25,12.5,
24,68,83.5,12.5,
24,69,83.75,12.5,
24,70,84.0,12.5,
24,71,84.25,12.5,
24,72,84.5,12.5,
24,73,84.75,12.5,
24,74,85.0,12.5,
24,75,85.25,12.5,
24,76,85.5,12.5,
24,77,85.75,12.5,
24,78,86.0,12.5,
24,79,86.25,12.5,
24,80,86.5,12.5,
24,81,86.75,12.5,
24,82,87.0,12.5,
24,83,87.25,12.5,
24,84,87.5,12.5,
24,85,87.75,12.5,
24,86,88.0,12.5,
24,87,88.25,12.5,
24,88,88.5,12.5,
24,89,88.75,12.5,
24,90,89.0,12.5,
24,91,89.25,12.5,
24,92,89.5,12.5,
24,93,89.75,12.5,
24,94,90.0,12.5,
24,95,90.25,12.5,
24,96,90.5,12.5,
24,97,90.75,12.5,
24,98,91.0,12.5,
24,99,91.25,12.5,
24,100,91.5,12.5,
24,101,91.75,12.5,
24,102,92.0,12.5,
24,103,92.25,12.5,
24,104,92.5,12.5,
24,105,92.75,12.5,1.0
24,106,93.0,12.5,
24,107,93.25,12.5,
24,108,93.5,12.5,
24,109,93.75,12.5,
24,110,94.0,12.5,
24,111,94.25,12.5,
24,112,94.5,12.5,
24,113,94.75,12.5,
24,114,95.0,12.5,
24,115,95.25,12.5,
24,116,95.5,12.5,
24,117,95.75,12.5,
24,118,96.0,12.5,
24,119,96.25,12.5,
24,120,96.5,12.5,
24,121,96.75,12.5,
24,122,97.0,12.5,
24,123,97.25,12.5,
24,124,97.5,12.5,
24,125,97.75,12.5,
24,126,98.0,12.5,
24,127,98.25,12.5,
24,128,98.5,12.5,
24,129,98.75,12.5,
24,130,99.0,12.5,
24,131,99.25,12.5,
24,132,99.5,12.5,
24,133,99.75,12.5,
24,134,100.0,12.5,
25,0,66.5,12.75,
25,1,66.75,12.75,
25,2,67.0,12.75,
25,3,67.25,12.75,
25,4,67.5,12.75,
25,5,67.75,12.75,
25,6,68.0,12.75,
25,7,68.25,12.75,
25,8,68.5,12.75,
25,9,68.75,12.75,
25,10,69.0,12.75,
25,11,69.25,12.75,
25,12,69.5,12.75,
25,13,69.75,12.75,
25,14,70.0,12.75,
25,15,70.25,12.75,
25,16,70.5,12.75,
25,17,70.75,12.75,
25,18,71.0,12.75,
25,19,71.25,12.75,
25,20,71.5,12.75,
25,21,71.75,12.75,
25,22,72.0,12.75,
25,23,72.25,12.75,
25,24,72.5,12.75,
25,25,72.75,12.75,
25,26,73.0,12.75,
25,27,73.25,12.75,
25,28,73.5,12.75,
25,29,73.75,12.75,
25,30,74.0,12.75,
25,31,74.25,12.75,
25,32,74.5,12.75,
25,33,74.75,12.75,
25,34,75.0,12.75,241.0
25,35,75.25,12.75,241.0
25,36,75.5,12.75,241.0
25,37,75.75,12.75,245.0
25,38,76.0,12.75,245.0
25,39,76.25,12.75,245.0
25,40,76.5,12.75,251.0
25,41,76.75,12.75,251.0
25,42,77.0,12.75,251.0
25,43,77.25,12.75,
25,44,77.5,12.75,235.0
25,45,77.75,12.75,235.0
25,46,78.0,12.75,516.0
25,47,78.25,12.75,4.0
25,48,78.5,12.75,4.0
25,49,78.75,12.75,
25,50,79.0,12.75,538.0
25,51,79.25,12.75,536.0
25,52,79.5,12.75,536.0
25,53,79.75,12.75,513.0
25,54,80.0,12.75,505.0
25,55,80.25,12.75,
25,56,80.5,12.75,
25,57,80.75,12.75,
25,58,81.0,12.75,
25,59,81.25,12.75,
25,60,81.5,12.75,
25,61,81.75,12.75,
25,62,82.0,12.75,
25,63,82.25,12.75,
25,64,82.5,12.75,
25,65,82.75,12.75,
25,66,83.0,12.75,
25,67,83.25,12.75,
25,68,83.5,12.75,
25,69,83.75,12.75,
25,70,84.0,12.75,
25,71,84.25,12.75,
25,72,84.5,12.75,
25,73,84.75,12.75,
25,74,85.0,12.75,
25,75,85.25,12.75,
25,76,85.5,12.75,
25,77,85.75,12.75,
25,78,86.0,12.75,
25,79,86.25,12.75,
25,80,86.5,12.75,
25,81,86.75,12.75,
25,82,87.0,12.75,
25,83,87.25,12.75,
25,84,87.5,12.75,
25,85,87.75,12.75,
25,86,88.0,12.75,
25,87,88.25,12.75,
25,88,88.5,12.75,
25,89,88.75,12.75,
25,90,89.0,12.75,
25,91,89.25,12.75,
25,92,89.5,12.75,
25,93,89.75,12.75,
25,94,90.0,12.75,
25,95,90.25,12.75,
25,96,90.5,12.75,
25,97,90.75,12.75,
25,98,91.0,12.75,
25,99,91.25,12.75,
25,100,91.5,12.75,
25,101,91.75,12.75,
25,102,92.0,12.75,
25,103,92.25,12.75,
25,104,92.5,12.75,
25,105,92.75,12.75,1.0
25,106,93.0,12.75,
25,107,93.25,12.75,
25,108,93.5,12.75,
25,109,93.75,12.75,
25,110,94.0,12.75,
25,111,94.25,12.75,
25,112,94.5,12.75,
25,113,94.75,12.75,
25,114,95.0,12.75,
25,115,95.25,12.75,
25,116,95.5,12.75,
25,117,95.75,12.75,
25,118,96.0,12.75,
25,119,96.25,12.75,
25,120,96.5,12.75,
25,121,96.75,12.75,
25,122,97.0,12.75,
25,123,97.25,12.75,
25,124,97.5,12.75,
25,125,97.75,12.75,
25,126,98.0,12.75,
25,127,98.25,12.75,
25,128,98.5,12.75,
25,129,98.75,12.75,
25,130,99.0,12.75,
25,131,99.25,12.75,
25,132,99.5,12.75,
25,133,99.75,12.75,
25,134,100.0,12.75,
26,0,66.5,13.0,
26,1,66.75,13.0,
26,2,67.0,13.0,
26,3,67.25,13.0,
26,4,67.5,13.0,
26,5,67.75,13.0,
26,6,68.0,13.0,
26,7,68.25,13.0,
26,8,68.5,13.0,
26,9,68.75,13.0,
26,10,69.0,13.0,
26,11,69.25,13.0,
26,12,69.5,13.0,
26,13,69.75,13.0,
26,14,70.0,13.0,
26,15,70.25,13.0,
26,16,70.5,13.0,
26,17,70.75,13.0,
26,18,71.0,13.0,
26,19,71.25,13.0,
26,20,71.5,13.0,
26,21,71.75,13.0,
26,22,72.0,13.0,
26,23,72.25,13.0,
26,24,72.5,13.0,
26,25,72.75,13.0,
26,26,73.0,13.0,
26,27,73.25,13.0,
26,28,73.5,13.0,
26,29,73.75,13.0,
26,30,74.0,13.0,
26,31,74.25,13.0,
26,32,74.5,13.0,
26,33,74.75,13.0,
26,34,75.0,13.0,241.0
26,35,75.25,13.0,241.0
26,36,75.5,13.0,241.0
26,37,75.75,13.0,245.0
26,38,76.0,13.0,245.0
26,39,76.25,13.0,245.0
26,40,76.5,13.0,245.0
26,41,76.75,13.0,251.0
26,42,77.0,13.0,256.0
26,43,77.25,13.0,
26,44,77.5,13.0,235.0
26,45,77.75,13.0,235.0
26,46,78.0,13.0,
26,47,78.25,13.0,
26,48,78.5,13.0,4.0
26,49,78.75,13.0,538.0
26,50,79.0,13.0,538.0
26,51,79.25,13.0,538.0
26,52,79.5,13.0,
26,53,79.75,13.0,513.0
26,54,80.0,13.0,513.0
26,55,80.25,13.0,506.0
26,56,80.5,13.0,
26,57,80.75,13.0,
26,58,81.0,13.0,
26,59,81.25,13.0,
26,60,81.5,13.0,
26,61,81.75,13.0,
26,62,82.0,13.0,
26,63,82.25,13.0,
26,64,82.5,13.0,
26,65,82.75,13.0,
26,66,83.0,13.0,
26,67,83.25,13.0,
26,68,83.5,13.0,
26,69,83.75,13.0,
26,70,84.0,13.0,
26,71,84.25,13.0,
26,72,84.5,13.0,
26,73,84.75,13.0,
26,74,85.0,13.0,
26,75,85.25,13.0,
26,76,85.5,13.0,
26,77,85.75,13.0,
26,78,86.0,13.0,
26,79,86.25,13.0,
26,80,86.5,13.0,
26,81,86.75,13.0,
26,82,87.0,13.0,
26,83,87.25,13.0,
26,84,87.5,13.0,
26,85,87.75,13.0,
26,86,88.0,13.0,
26,87,88.25,13.0,
26,88,88.5,13.0,
26,89,88.75,13.0,
26,90,89.0,13.0,
26,91,89.25,13.0,
26,92,89.5,13.0,
26,93,89.75,13.0,
26,94,90.0,13.0,
26,95,90.25,13.0,
26,96,90.5,13.0,
26,97,90.75,13.0,
26,98,91.0,13.0,
26,99,91.25,13.0,
26,100,91.5,13.0,
26,101,91.75,13.0,
26,102,92.0,13.0,
26,103,92.25,13.0,
26,104,92.5,13.0,
26,105,92.75,13.0,
26,106,93.0,13.0,
26,107,93.25,13.0,
26,108,93.5,13.0,
26,109,93.75,13.0,
26,110,94.0,13.0,
26,111,94.25,13.0,
26,112,94.5,13.0,
26,113,94.75,13.0,
26,114,95.0,13.0,
26,115,95.25,13.0,
26,116,95.5,13.0,
26,117,95.75,13.0,
26,118,96.0,13.0,
26,119,96.25,13.0,
26,120,96.5,13.0,
26,121,96.75,13.0,
26,122,97.0,13.0,
26,123,97.25,13.0,
26,124,97.5,13.0,
26,125,97.75,13.0,
26,126,98.0,13.0,
26,127,98.25,13.0,
26,128,98.5,13.0,
26,129,98.75,13.0,
26,130,99.0,13.0,
26,131,99.25,13.0,
26,132,99.5,13.0,
26,133,99.75,13.0,
26,134,100.0,13.0,
27,0,66.5,13.25,
27,1,66.75,13.25,
27,2,67.0,13.25,
27,3,67.25,13.25,
27,4,67.5,13.25,
27,5,67.75,13.25,
27,6,68.0,13.25,
27,7,68.25,13.25,
27,8,68.5,13.25,
27,9,68.75,13.25,
27,10,69.0,13.25,
27,11,69.25,13.25,
27,12,69.5,13.25,
27,13,69.75,13.25,
27,14,70.0,13.25,
27,15,70.25,13.25,
27,16,70.5,13.25,
27,17,70.75,13.25,
27,18,71.0,13.25,
27,19,71.25,13.25,
27,20,71.5,13.25,
27,21,71.75,13.25,
27,22,72.0,13.25,
27,23,72.25,13.25,
27,24,72.5,13.25,
27,25,72.75,13.25,
27,26,73.0,13.25,
27,27,73.25,13.25,
27,28,73.5,13.25,
27,29,73.75,13.25,
27,30,74.0,13.25,
27,31,74.25,13.25,
27,32,74.5,13.25,
27,33,74.75,13.25,257.0
27,34,75.0,13.25,257.0
27,35,75.25,13.25,239.0
27,36,75.5,13.25,239.0
27,37,75.75,13.25,239.0
27,38,76.0,13.25,245.0
27,39,76.25,13.25,245.0
27,40,76.5,13.25,256.0
27,41,76.75,13.25,256.0
27,42,77.0,13.25,256.0
27,43,77.25,13.25,234.0
27,44,77.5,13.25,234.0
27,45,77.75,13.25,234.0
27,46,78.0,13.25,
27,47,78.25,13.25,
27,48,78.5,13.25,
27,49,78.75,13.25,4.0
27,50,79.0,13.25,4.0
27,51,79.25,13.25,4.0
27,52,79.5,13.25,
27,53,79.75,13.25,
27,54,80.0,13.25,
27,55,80.25,13.25,
27,56,80.5,13.25,
27,57,80.75,13.25,
27,58,81.0,13.25,
27,59,81.25,13.25,
27,60,81.5,13.25,
27,61,81.75,13.25,
27,62,82.0,13.25,
27,63,82.25,13.25,
27,64,82.5,13.25,
27,65,82.75,13.25,
27,66,83.0,13.25,
27,67,83.25,13.25,
27,68,83.5,13.25,
27,69,83.75,13.25,
27,70,84.0,13.25,
27,71,84.25,13.25,
27,72,84.5,13.25,
27,73,84.75,13.25,
27,74,85.0,13.25,
27,75,85.25,13.25,
27,76,85.5,13.25,
27,77,85.75,13.25,
27,78,86.0,13.25,
27,79,86.25,13.25,
27,80,86.5,13.25,
27,81,86.75,13.25,
27,82,87.0,13.25,
27,83,87.25,13.25,
27,84,87.5,13.25,
27,85,87.75,13.25,
27,86,88.0,13.25,
27,87,88.25,13.25,
27,88,88.5,13.25,
27,89,88.75,13.25,
27,90,89.0,13.25,
27,91,89.25,13.25,
27,92,89.5,13.25,
27,93,89.75,13.25,
27,94,90.0,13.25,
27,95,90.25,13.25,
27,96,90.5,13.25,
27,97,90.75,13.25,
27,98,91.0,13.25,
27,99,91.25,13.25,
27,100,91.5,13.25,
27,101,91.75,13.25,
27,102,92.0,13.25,
27,103,92.25,13.25,
27,104,92.5,13.25,
27,105,92.75,13.25,
27,106,93.0,13.25,
27,107,93.25,13.25,
27,108,93.5,13.25,
27,109,93.75,13.25,
27,110,94.0,13.25,
27,111,94.25,13.25,
27,112,94.5,13.25,
27,113,94.75,13.25,
27,114,95.0,13.25,
27,115,95.25,13.25,
27,116,95.5,13.25,
27,117,95.75,13.25,
27,118,96.0,13.25,
27,119,96.25,13.25,
27,120,96.5,13.25,
27,121,96.75,13.25,
27,122,97.0,13.25,
27,123,97.25,13.25,
27,124,97.5,13.25,
27,125,97.75,13.25,
27,126,98.0,13.25,
27,127,98.25,13.25,
27,128,98.5,13.25,
27,129,98.75,13.25,
27,130,99.0,13.25,
27,131,99.25,13.25,
27,132,99.5,13.25,
27,133,99.75,13.25,
27,134,100.0,13.25,
28,0,66.5,13.5,
28,1,66.75,13.5,
28,2,67.0,13.5,
28,3,67.25,13.5,
28,4,67.5,13.5,
28,5,67.75,13.5,
28,6,68.0,13.5,
28,7,68.25,13.5,
28,8,68.5,13.5,
28,9,68.75,13.5,
28,10,69.0,13.5,
28,11,69.25,13.5,
28,12,69.5,13.5,
28,13,69.75,13.5,
28,14,70.0,13.5,
28,15,70.25,13.5,
28,16,70.5,13.5,
28,17,70.75,13.5,
28,18,71.0,13.5,
28,19,71.25,13.5,
28,20,71.5,13.5,
28,21,71.75,13.5,
28,22,72.0,13.5,
28,23,72.25,13.5,
28,24,72.5,13.5,
28,25,72.75,13.5,
28,26,73.0,13.5,
28,27,73.25,13.5,
28,28,73.5,13.5,
28,29,73.75,13.5,
28,30,74.0,13.5,
28,31,74.25,13.5,
28,32,74.5,13.5,
28,33,74.75,13.5,257.0
28,34,75.0,13.5,257.0
28,35,75.25,13.5,239.0
28,36,75.5,13.5,239.0
28,37,75.75,13.5,239.0
28,38,76.0,13.5,239.0
28,39,76.25,13.5,245.0
28,40,76.5,13.5,256.0
28,41,76.75,13.5,256.0
28,42,77.0,13.5,256.0
28,43,77.25,13.5,256.0
28,44,77.5,13.5,
28,45,77.75,13.5,
28,46,78.0,13.5,
28,47,78.25,13.5,
28,48,78.5,13.5,
28,49,78.75,13.5,4.0
28,50,79.0,13.5,
28,51,79.25,13.5,
28,52,79.5,13.5,
28,53,79.75,13.5,
28,54,80.0,13.5,
28,55,80.25,13.5,
28,56,80.5,13.5,
28,57,80.75,13.5,
28,58,81.0,13.5,
28,59,81.25,13.5,
28,60,81.5,13.5,
28,61,81.75,13.5,
28,62,82.0,13.5,
28,63,82.25,13.5,
28,64,82.5,13.5,
28,65,82.75,13.5,
28,66,83.0,13.5,
28,67,83.25,13.5,
28,68,83.5,13.5,
28,69,83.75,13.5,
28,70,84.0,13.5,
28,71,84.25,13.5,
28,72,84.5,13.5,
28,73,84.75,13.5,
28,74,85.0,13.5,
28,75,85.25,13.5,
28,76,85.5,13.5,
28,77,85.75,13.5,
28,78,86.0,13.5,
28,79,86.25,13.5,
28,80,86.5,13.5,
28,81,86.75,13.5,
28,82,87.0,13.5,
28,83,87.25,13.5,
28,84,87.5,13.5,
28,85,87.75,13.5,
28,86,88.0,13.5,
28,87,88.25,13.5,
28,88,88.5,13.5,
28,89,88.75,13.5,
28,90,89.0,13.5,
28,91,89.25,13.5,
28,92,89.5,13.5,
28,93,89.75,13.5,
28,94,90.0,13.5,
28,95,90.25,13.5,
28,96,90.5,13.5,
28,97,90.75,13.5,
28,98,91.0,13.5,
28,99,91.25,13.5,
28,100,91.5,13.5,
28,101,91.75,13.5,
28,102,92.0,13.5,
28,103,92.25,13.5,
28,104,92.5,13.5,
28,105,92.75,13.5,
28,106,93.0,13.5,
28,107,93.25,13.5,
28,108,93.5,13.5,
28,109,93.75,13.5,
28,110,94.0,13.5,
28,111,94.25,13.5,
28,112,94.5,13.5,
28,113,94.75,13.5,
28,114,95.0,13.5,
28,115,95.25,13.5,
28,116,95.5,13.5,
28,117,95.75,13.5,
28,118,96.0,13.5,
28,119,96.25,13.5,
28,120,96.5,13.5,
28,121,96.75,13.5,
28,122,97.0,13.5,
28,123,97.25,13.5,
28,124,97.5,13.5,
28,125,97.75,13.5,
28,126,98.0,13.5,
28,127,98.25,13.5,
28,128,98.5,13.5,
28,129,98.75,13.5,
28,130,99.0,13.5,
28,131,99.25,13.5,
28,132,99.5,13.5,
28,133,99.75,13.5,
28,134,100.0,13.5,
29,0,66.5,13.75,
29,1,66.75,13.75,
29,2,67.0,13.75,
29,3,67.25,13.75,
29,4,67.5,13.75,
29,5,67.75,13.75,
29,6,68.0,13.75,
29,7,68.25,13.75,
29,8,68.5,13.75,
29,9,68.75,13.75,
29,10,69.0,13.75,
29,11,69.25,13.75,
29,12,69.5,13.75,
29,13,69.75,13.75,
29,14,70.0,13.75,
29,15,70.25,13.75,
29,16,70.5,13.75,
29,17,70.75,13.75,
29,18,71.0,13.75,
29,19,71.25,13.75,
29,20,71.5,13.75,
29,21,71.75,13.75,
29,22,72.0,13.75,
29,23,72.25,13.75,
29,24,72.5,13.75,
29,25,72.75,13.75,
29,26,73.0,13.75,
29,27,73.25,13.75,
29,28,73.5,13.75,
29,29,73.75,13.75,
29,30,74.0,13.75,
29,31,74.25,13.75,
29,32,74.5,13.75,
29,33,74.75,13.75,257.0
29,34,75.0,13.75,255.0
29,35,75.25,13.75,255.0
29,36,75.5,13.75,239.0
29,37,75.75,13.75,239.0
29,38,76.0,13.75,239.0
29,39,76.25,13.75,240.0
29,40,76.5,13.75,240.0
29,41,76.75,13.75,256.0
29,42,77.0,13.75,
29,43,77.25,13.75,256.0
29,44,77.5,13.75,
29,45,77.75,13.75,
29,46,78.0,13.75,
29,47,78.25,13.75,
29,48,78.5,13.75,
29,49,78.75,13.75,
29,50,79.0,13.75,
29,51,79.25,13.75,
29,52,79.5,13.75,
29,53,79.75,13.75,
29,54,80.0,13.75,
29,55,80.25,13.75,
29,56,80.5,13.75,
29,57,80.75,13.75,
29,58,81.0,13.75,
29,59,81.25,13.75,
29,60,81.5,13.75,
29,61,81.75,13.75,
29,62,82.0,13.75,
29,63,82.25,13.75,
29,64,82.5,13.75,
29,65,82.75,13.75,
29,66,83.0,13.75,
29,67,83.25,13.75,
29,68,83.5,13.75,
29,69,83.75,13.75,
29,70,84.0,13.75,
29,71,84.25,13.75,
29,72,84.5,13.75,
29,73,84.75,13.75,
29,74,85.0,13.75,
29,75,85.25,13.75,
29,76,85.5,13.75,
29,77,85.75,13.75,
29,78,86.0,13.75,
29,79,86.25,13.75,
29,80,86.5,13.75,
29,81,86.75,13.75,
29,82,87.0,13.75,
29,83,87.25,13.75,
29,84,87.5,13.75,
29,85,87.75,13.75,
29,86,88.0,13.75,
29,87,88.25,13.75,
29,88,88.5,13.75,
29,89,88.75,13.75,
29,90,89.0,13.75,
29,91,89.25,13.75,
29,92,89.5,13.75,
29,93,89.75,13.75,
29,94,90.0,13.75,
29,95,90.25,13.75,
29,96,90.5,13.75,
29,97,90.75,13.75,
29,98,91.0,13.75,
29,99,91.25,13.75,
29,100,91.5,13.75,
29,101,91.75,13.75,
29,102,92.0,13.75,
29,103,92.25,13.75,
29,104,92.5,13.75,
29,105,92.75,13.75,
29,106,93.0,13.75,
29,107,93.25,13.75,
29,108,93.5,13.75,
29,109,93.75,13.75,
29,110,94.0,13.75,
29,111,94.25,13.75,
29,112,94.5,13.75,
29,113,94.75,13.75,
29,114,95.0,13.75,
29,115,95.25,13.75,
29,116,95.5,13.75,
29,117,95.75,13.75,
29,118,96.0,13.75,
29,119,96.25,13.75,
29,120,96.5,13.75,
29,121,96.75,13.75,
29,122,97.0,13.75,
29,123,97.25,13.75,
29,124,97.5,13.75,
29,125,97.75,13.75,
29,126,98.0,13.75,
29,127,98.25,13.75,
29,128,98.5,13.75,
29,129,98.75,13.75,
29,130,99.0,13.75,
29,131,99.25,13.75,
29,132,99.5,13.75,
29,133,99.75,13.75,
29,134,100.0,13.75,
30,0,66.5,14.0,
30,1,66.75,14.0,
30,2,67.0,14.0,
30,3,67.25,14.0,
30,4,67.5,14.0,
30,5,67.75,14.0,
30,6,68.0,14.0,
30,7,68.25,14.0,
30,8,68.5,14.0,
30,9,68.75,14.0,
30,10,69.0,14.0,
30,11,69.25,14.0,
30,12,69.5,14.0,
30,13,69.75,14.0,
30,14,70.0,14.0,
30,15,70.25,14.0,
30,16,70.5,14.0,
30,17,70.75,14.0,
30,18,71.0,14.0,
30,19,71.25,14.0,
30,20,71.5,14.0,
30,21,71.75,14.0,
30,22,72.0,14.0,
30,23,72.25,14.0,
30,24,72.5,14.0,
30,25,72.75,14.0,
30,26,73.0,14.0,
30,27,73.25,14.0,
30,28,73.5,14.0,
30,29,73.75,14.0,
30,30,74.0,14.0,
30,31,74.25,14.0,
30,32,74.5,14.0,
30,33,74.75,14.0,255.0
30,34,75.0,14.0,255.0
30,35,75.25,14.0,255.0
30,36,75.5,14.0,255.0
30,37,75.75,14.0,255.0
30,38,76.0,14.0,
30,39,76.25,14.0,240.0
30,40,76.5,14.0,240.0
30,41,76.75,14.0,240.0
30,42,77.0,14.0,
30,43,77.25,14.0,
30,44,77.5,14.0,
30,45,77.75,14.0,
30,46,78.0,14.0,
30,47,78.25,14.0,
30,48,78.5,14.0,
30,49,78.75,14.0,
30,50,79.0,14.0,
30,51,79.25,14.0,
30,52,79.5,14.0,
30,53,79.75,14.0,
30,54,80.0,14.0,
30,55,80.25,14.0,
30,56,80.5,14.0,
30,57,80.75,14.0,
30,58,81.0,14.0,
30,59,81.25,14.0,
30,60,81.5,14.0,
30,61,81.75,14.0,
30,62,82.0,14.0,
30,63,82.25,14.0,
30,64,82.5,14.0,
30,65,82.75,14.0,
30,66,83.0,14.0,
30,67,83.25,14.0,
30,68,83.5,14.0,
30,69,83.75,14.0,
30,70,84.0,14.0,
30,71,84.25,14.0,
30,72,84.5,14.0,
30,73,84.75,14.0,
30,74,85.0,14.0,
30,75,85.25,14.0,
30,76,85.5,14.0,
30,77,85.75,14.0,
30,78,86.0,14.0,
30,79,86.25,14.0,
30,80,86.5,14.0,
30,81,86.75,14.0,
30,82,87.0,14.0,
30,83,87.25,14.0,
30,84,87.5,14.0,
30,85,87.75,14.0,
30,86,88.0,14.0,
30,87,88.25,14.0,
30,88,88.5,14.0,
30,89,88.75,14.0,
30,90,89.0,14.0,
30,91,89.25,14.0,
30,92,89.5,14.0,
30,93,89.75,14.0,
30,94,90.0,14.0,
30,95,90.25,14.0,
30,96,90.5,14.0,
30,97,90.75,14.0,
30,98,91.0,14.0,
30,99,91.25,14.0,
30,100,91.5,14.0,
30,101,91.75,14.0,
30,102,92.0,14.0,
30,103,92.25,14.0,
30,104,92.5,14.0,
30,105,92.75,14.0,
30,106,93.0,14.0,
30,107,93.25,14.0,
30,108,93.5,14.0,
30,109,93.75,14.0,
30,110,94.0,14.0,
30,111,94.25,14.0,
30,112,94.5,14.0,
30,113,94.75,14.0,
30,114,95.0,14.0,
30,115,95.25,14.0,
30,116,95.5,14.0,
30,117,95.75,14.0,
30,118,96.0,14.0,
30,119,96.25,14.0,
30,120,96.5,14.0,
30,121,96.75,14.0,
30,122,97.0,14.0,
30,123,97.25,14.0,
30,124,97.5,14.0,
30,125,97.75,14.0,
30,126,98.0,14.0,
30,127,98.25,14.0,
30,128,98.5,14.0,
30,129,98.75,14.0,
30,130,99.0,14.0,
30,131,99.25,14.0,
30,132,99.5,14.0,
30,133,99.75,14.0,
30,134,100.0,14.0,
31,0,66.5,14.25,
31,1,66.75,14.25,
31,2,67.0,14.25,
31,3,67.25,14.25,
31,4,67.5,14.25,
31,5,67.75,14.25,
31,6,68.0,14.25,
31,7,68.25,14.25,
31,8,68.5,14.25,
31,9,68.75,14.25,
31,10,69.0,14.25,
31,11,69.25,14.25,
31,12,69.5,14.25,
31,13,69.75,14.25,
31,14,70.0,14.25,
31,15,70.25,14.25,
31,16,70.5,14.25,
31,17,70.75,14.25,
31,18,71.0,14.25,
31,19,71.25,14.25,
31,20,71.5,14.25,
31,21,71.75,14.25,
31,22,72.0,14.25,
31,23,72.25,14.25,
31,24,72.5,14.25,
31,25,72.75,14.25,
31,26,73.0,14.25,
31,27,73.25,14.25,
31,28,73.5,14.25,
31,29,73.75,14.25,
31,30,74.0,14.25,
31,31,74.25,14.25,
31,32,74.5,14.25,258.0
31,33,74.75,14.25,255.0
31,34,75.0,14.25,255.0
31,35,75.25,14.25,255.0
31,36,75.5,14.25,255.0
31,37,75.75,14.25,
31,38,76.0,14.25,
31,39,76.25,14.25,240.0
31,40,76.5,14.25,240.0
31,41,76.75,14.25,240.0
31,42,77.0,14.25,
31,43,77.25,14.25,
31,44,77.5,14.25,
31,45,77.75,14.25,
31,46,78.0,14.25,
31,47,78.25,14.25,
31,48,78.5,14.25,15.0
31,49,78.75,14.25,
31,50,79.0,14.25,
31,51,79.25,14.25,
31,52,79.5,14.25,9.0
31,53,79.75,14.25,9.0
31,54,80.0,14.25,9.0
31,55,80.25,14.25,
31,56,80.5,14.25,
31,57,80.75,14.25,
31,58,81.0,14.25,
31,59,81.25,14.25,
31,60,81.5,14.25,
31,61,81.75,14.25,
31,62,82.0,14.25,
31,63,82.25,14.25,
31,64,82.5,14.25,
31,65,82.75,14.25,
31,66,83.0,14.25,
31,67,83.25,14.25,
31,68,83.5,14.25,
31,69,83.75,14.25,
31,70,84.0,14.25,
31,71,84.25,14.25,
31,72,84.5,14.25,
31,73,84.75,14.25,
31,74,85.0,14.25,
31,75,85.25,14.25,
31,76,85.5,14.25,
31,77,85.75,14.25,
31,78,86.0,14.25,
31,79,86.25,14.25,
31,80,86.5,14.25,
31,81,86.75,14.25,
31,82,87.0,14.25,
31,83,87.25,14.25,
31,84,87.5,14.25,
31,85,87.75,14.25,
31,86,88.0,14.25,
31,87,88.25,14.25,
31,88,88.5,14.25,
31,89,88.75,14.25,
31,90,89.0,14.25,
31,91,89.25,14.25,
31,92,89.5,14.25,
31,93,89.75,14.25,
31,94,90.0,14.25,
31,95,90.25,14.25,
31,96,90.5,14.25,
31,97,90.75,14.25,
31,98,91.0,14.25,
31,99,91.25,14.25,
31,100,91.5,14.25,
31,101,91.75,14.25,
31,102,92.0,14.25,
31,103,92.25,14.25,
31,104,92.5,14.25,
31,105,92.75,14.25,
31,106,93.0,14.25,
31,107,93.25,14.25,
31,108,93.5,14.25,
31,109,93.75,14.25,
31,110,94.0,14.25,
31,111,94.25,14.25,
31,112,94.5,14.25,
31,113,94.75,14.25,
31,114,95.0,14.25,
31,115,95.25,14.25,
31,116,95.5,14.25,
31,117,95.75,14.25,
31,118,96.0,14.25,
31,119,96.25,14.25,
31,120,96.5,14.25,
31,121,96.75,14.25,
31,122,97.0,14.25,
31,123,97.25,14.25,
31,124,97.5,14.25,
31,125,97.75,14.25,
31,126,98.0,14.25,
31,127,98.25,14.25,
31,128,98.5,14.25,
31,129,98.75,14.25,
31,130,99.0,14.25,
31,131,99.25,14.25,
31,132,99.5,14.25,
31,133,99.75,14.25,
31,134,100.0,14.25,
32,0,66.5,14.5,
32,1,66.75,14.5,
32,2,67.0,14.5,
32,3,67.25,14.5,
32,4,67.5,14.5,
32,5,67.75,14.5,
32,6,68.0,14.5,
32,7,68.25,14.5,
32,8,68.5,14.5,
32,9,68.75,14.5,
32,10,69.0,14.5,
32,11,69.25,14.5,
32,12,69.5,14.5,
32,13,69.75,14.5,
32,14,70.0,14.5,
32,15,70.25,14.5,
32,16,70.5,14.5,
32,17,70.75,14.5,
32,18,71.0,14.5,
32,19,71.25,14.5,
32,20,71.5,14.5,
32,21,71.75,14.5,
32,22,72.0,14.5,
32,23,72.25,14.5,
32,24,72.5,14.5,
32,25,72.75,14.5,
32,26,73.0,14.5,
32,27,73.25,14.5,
32,28,73.5,14.5,
32,29,73.75,14.5,
32,30,74.0,14.5,
32,31,74.25,14.5,
32,32,74.5,14.5,258.0
32,33,74.75,14.5,258.0
32,34,75.0,14.5,258.0
32,35,75.25,14.5,255.0
32,36,75.5,14.5,246.0
32,37,75.75,14.5,
32,38,76.0,14.5,
32,39,76.25,14.5,
32,40,76.5,14.5,240.0
32,41,76.75,14.5,240.0
32,42,77.0,14.5,
32,43,77.25,14.5,
32,44,77.5,14.5,
32,45,77.75,14.5,
32,46,78.0,14.5,15.0
32,47,78.25,14.5,15.0
32,48,78.5,14.5,15.0
32,49,78.75,14.5,15.0
32,50,79.0,14.5,15.0
32,51,79.25,14.5,15.0
32,52,79.5,14.5,9.0
32,53,79.75,14.5,9.0
32,54,80.0,14.5,9.0
32,55,80.25,14.5,
32,56,80.5,14.5,
32,57,80.75,14.5,
32,58,81.0,14.5,
32,59,81.25,14.5,
32,60,81.5,14.5,
32,61,81.75,14.5,
32,62,82.0,14.5,
32,63,82.25,14.5,
32,64,82.5,14.5,
32,65,82.75,14.5,
32,66,83.0,14.5,
32,67,83.25,14.5,
32,68,83.5,14.5,
32,69,83.75,14.5,
32,70,84.0,14.5,
32,71,84.25,14.5,
32,72,84.5,14.5,
32,73,84.75,14.5,
32,74,85.0,14.5,
32,75,85.25,14.5,
32,76,85.5,14.5,
32,77,85.75,14.5,
32,78,86.0,14.5,
32,79,86.25,14.5,
32,80,86.5,14.5,
32,81,86.75,14.5,
32,82,87.0,14.5,
32,83,87.25,14.5,
32,84,87.5,14.5,
32,85,87.75,14.5,
32,86,88.0,14.5,
32,87,88.25,14.5,
32,88,88.5,14.5,
32,89,88.75,14.5,
32,90,89.0,14.5,
32,91,89.25,14.5,
32,92,89.5,14.5,
32,93,89.75,14.5,
32,94,90.0,14.5,
32,95,90.25,14.5,
32,96,90.5,14.5,
32,97,90.75,14.5,
32,98,91.0,14.5,
32,99,91.25,14.5,
32,100,91.5,14.5,
32,101,91.75,14.5,
32,102,92.0,14.5,
32,103,92.25,14.5,
32,104,92.5,14.5,
32,105,92.75,14.5,
32,106,93.0,14.5,
32,107,93.25,14.5,
32,108,93.5,14.5,
32,109,93.75,14.5,
32,110,94.0,14.5,
32,111,94.25,14.5,
32,112,94.5,14.5,
32,113,94.75,14.5,
32,114,95.0,14.5,
32,115,95.25,14.5,
32,116,95.5,14.5,
32,117,95.75,14.5,
32,118,96.0,14.5,
32,119,96.25,14.5,
32,120,96.5,14.5,
32,121,96.75,14.5,
32,122,97.0,14.5,
32,123,97.25,14.5,
32,124,97.5,14.5,
32,125,97.75,14.5,
32,126,98.0,14.5,
32,127,98.25,14.5,
32,128,98.5,14.5,
32,129,98.75,14.5,
32,130,99.0,14.5,
32,131,99.25,14.5,
32,132,99.5,14.5,
32,133,99.75,14.5,
32,134,100.0,14.5,
33,0,66.5,14.75,
33,1,66.75,14.75,
33,2,67.0,14.75,
33,3,67.25,14.75,
33,4,67.5,14.75,
33,5,67.75,14.75,
33,6,68.0,14.75,
33,7,68.25,14.75,
33,8,68.5,14.75,
33,9,68.75,14.75,
33,10,69.0,14.75,
33,11,69.25,14.75,
33,12,69.5,14.75,
33,13,69.75,14.75,
33,14,70.0,14.75,
33,15,70.25,14.75,
33,16,70.5,14.75,
33,17,70.75,14.75,
33,18,71.0,14.75,
33,19,71.25,14.75,
33,20,71.5,14.75,
33,21,71.75,14.75,
33,22,72.0,14.75,
33,23,72.25,14.75,
33,24,72.5,14.75,
33,25,72.75,14.75,
33,26,73.0,14.75,
33,27,73.25,14.75,
33,28,73.5,14.75,
33,29,73.75,14.75,
33,30,74.0,14.75,
33,31,74.25,14.75,258.0
33,32,74.5,14.75,258.0
33,33,74.75,14.75,258.0
33,34,75.0,14.75,258.0
33,35,75.25,14.75,246.0
33,36,75.5,14.75,246.0
33,37,75.75,14.75,
33,38,76.0,14.75,
33,39,76.25,14.75,
33,40,76.5,14.75,
33,41,76.75,14.75,240.0
33,42,77.0,14.75,
33,43,77.25,14.75,
33,44,77.5,14.75,
33,45,77.75,14.75,
33,46,78.0,14.75,
33,47,78.25,14.75,15.0
33,48,78.5,14.75,15.0
33,49,78.75,14.75,15.0
33,50,79.0,14.75,15.0
33,51,79.25,14.75,9.0
33,52,79.5,14.75,9.0
33,53,79.75,14.75,9.0
33,54,80.0,14.75,9.0
33,55,80.25,14.75,
33,56,80.5,14.75,
33,57,80.75,14.75,
33,58,81.0,14.75,
33,59,81.25,14.75,
33,60,81.5,14.75,
33,61,81.75,14.75,
33,62,82.0,14.75,
33,63,82.25,14.75,
33,64,82.5,14.75,
33,65,82.75,14.75,
33,66,83.0,14.75,
33,67,83.25,14.75,
33,68,83.5,14.75,
33,69,83.75,14.75,
33,70,84.0,14.75,
33,71,84.25,14.75,
33,72,84.5,14.75,
33,73,84.75,14.75,
33,74,85.0,14.75,
33,75,85.25,14.75,
33,76,85.5,14.75,
33,77,85.75,14.75,
33,78,86.0,14.75,
33,79,86.25,14.75,
33,80,86.5,14.75,
33,81,86.75,14.75,
33,82,87.0,14.75,
33,83,87.25,14.75,
33,84,87.5,14.75,
33,85,87.75,14.75,
33,86,88.0,14.75,
33,87,88.25,14.75,
33,88,88.5,14.75,
33,89,88.75,14.75,
33,90,89.0,14.75,
33,91,89.25,14.75,
33,92,89.5,14.75,
33,93,89.75,14.75,
33,94,90.0,14.75,
33,95,90.25,14.75,
33,96,90.5,14.75,
33,97,90.75,14.75,
33,98,91.0,14.75,
33,99,91.25,14.75,
33,100,91.5,14.75,
33,101,91.75,14.75,
33,102,92.0,14.75,
33,103,92.25,14.75,
33,104,92.5,14.75,
33,105,92.75,14.75,
33,106,93.0,14.75,
33,107,93.25,14.75,
33,108,93.5,14.75,
33,109,93.75,14.75,
33,110,94.0,14.75,
33,111,94.25,14.75,
33,112,94.5,14.75,
33,113,94.75,14.75,
33,114,95.0,14.75,
33,115,95.25,14.75,
33,116,95.5,14.75,
33,117,95.75,14.75,
33,118,96.0,14.75,
33,119,96.25,14.75,
33,120,96.5,14.75,
33,121,96.75,14.75,
33,122,97.0,14.75,
33,123,97.25,14.75,
33,124,97.5,14.75,
33,125,97.75,14.75,
33,126,98.0,14.75,
33,127,98.25,14.75,
33,128,98.5,14.75,
33,129,98.75,14.75,
33,130,99.0,14.75,
33,131,99.25,14.75,
33,132,99.5,14.75,
33,133,99.75,14.75,
33,134,100.0,14.75,
34,0,66.5,15.0,
34,1,66.75,15.0,
34,2,67.0,15.0,
34,3,67.25,15.0,
34,4,67.5,15.0,
34,5,67.75,15.0,
34,6,68.0,15.0,
34,7,68.25,15.0,
34,8,68.5,15.0,
34,9,68.75,15.0,
34,10,69.0,15.0,
34,11,69.25,15.0,
34,12,69.5,15.0,
34,13,69.75,15.0,
34,14,70.0,15.0,
34,15,70.25,15.0,
34,16,70.5,15.0,
34,17,70.75,15.0,
34,18,71.0,15.0,
34,19,71.25,15.0,
34,20,71.5,15.0,
34,21,71.75,15.0,
34,22,72.0,15.0,
34,23,72.25,15.0,
34,24,72.5,15.0,
34,25,72.75,15.0,
34,26,73.0,15.0,
34,27,73.25,15.0,
34,28,73.5,15.0,
34,29,73.75,15.0,
34,30,74.0,15.0,
34,31,74.25,15.0,139.0
34,32,74.5,15.0,258.0
34,33,74.75,15.0,258.0
34,34,75.0,15.0,258.0
34,35,75.25,15.0,246.0
34,36,75.5,15.0,246.0
34,37,75.75,15.0,244.0
34,38,76.0,15.0,
34,39,76.25,15.0,
34,40,76.5,15.0,232.0
34,41,76.75,15.0,232.0
34,42,77.0,15.0,
34,43,77.25,15.0,
34,44,77.5,15.0,
34,45,77.75,15.0,
34,46,78.0,15.0,
34,47,78.25,15.0,15.0
34,48,78.5,15.0,15.0
34,49,78.75,15.0,15.0
34,50,79.0,15.0,15.0
34,51,79.25,15.0,9.0
34,52,79.5,15.0,9.0
34,53,79.75,15.0,9.0
34,54,80.0,15.0,9.0
34,55,80.25,15.0,
34,56,80.5,15.0,
34,57,80.75,15.0,
34,58,81.0,15.0,
34,59,81.25,15.0,
34,60,81.5,15.0,
34,61,81.75,15.0,
34,62,82.0,15.0,
34,63,82.25,15.0,
34,64,82.5,15.0,
34,65,82.75,15.0,
34,66,83.0,15.0,
34,67,83.25,15.0,
34,68,83.5,15.0,
34,69,83.75,15.0,
34,70,84.0,15.0,
34,71,84.25,15.0,
34,72,84.5,15.0,
34,73,84.75,15.0,
34,74,85.0,15.0,
34,75,85.25,15.0,
34,76,85.5,15.0,
34,77,85.75,15.0,
34,78,86.0,15.0,
34,79,86.25,15.0,
34,80,86.5,15.0,
34,81,86.75,15.0,
34,82,87.0,15.0,
34,83,87.25,15.0,
34,84,87.5,15.0,
34,85,87.75,15.0,
34,86,88.0,15.0,
34,87,88.25,15.0,
34,88,88.5,15.0,
34,89,88.75,15.0,
34,90,89.0,15.0,
34,91,89.25,15.0,
34,92,89.5,15.0,
34,93,89.75,15.0,
34,94,90.0,15.0,
34,95,90.25,15.0,
34,96,90.5,15.0,
34,97,90.75,15.0,
34,98,91.0,15.0,
34,99,91.25,15.0,
34,100,91.5,15.0,
34,101,91.75,15.0,
34,102,92.0,15.0,
34,103,92.25,15.0,
34,104,92.5,15.0,
34,105,92.75,15.0,
34,106,93.0,15.0,
34,107,93.25,15.0,
34,108,93.5,15.0,
34,109,93.75,15.0,
34,110,94.0,15.0,
34,111,94.25,15.0,
34,112,94.5,15.0,
34,113,94.75,15.0,
34,114,95.0,15.0,
34,115,95.25,15.0,
34,116,95.5,15.0,
34,117,95.75,15.0,
34,118,96.0,15.0,
34,119,96.25,15.0,
34,120,96.5,15.0,
34,121,96.75,15.0,
34,122,97.0,15.0,
34,123,97.25,15.0,
34,124,97.5,15.0,
34,125,97.75,15.0,
34,126,98.0,15.0,
34,127,98.25,15.0,
34,128,98.5,15.0,
34,129,98.75,15.0,
34,130,99.0,15.0,
34,131,99.25,15.0,
34,132,99.5,15.0,
34,133,99.75,15.0,
34,134,100.0,15.0,
35,0,66.5,15.25,
35,1,66.75,15.25,
35,2,67.0,15.25,
35,3,67.25,15.25,
35,4,67.5,15.25,
35,5,67.75,15.25,
35,6,68.0,15.25,
35,7,68.25,15.25,
35,8,68.5,15.25,
35,9,68.75,15.25,
35,10,69.0,15.25,
35,11,69.25,15.25,
35,12,69.5,15.25,
35,13,69.75,15.25,
35,14,70.0,15.25,
35,15,70.25,15.25,
35,16,70.5,15.25,
35,17,70.75,15.25,
35,18,71.0,15.25,
35,19,71.25,15.25,
35,20,71.5,15.25,
35,21,71.75,15.25,
35,22,72.0,15.25,
35,23,72.25,15.25,
35,24,72.5,15.25,
35,25,72.75,15.25,
35,26,73.0,15.25,
35,27,73.25,15.25,
35,28,73.5,15.25,
35,29,73.75,15.25,
35,30,74.0,15.25,139.0
35,31,74.25,15.25,139.0
35,32,74.5,15.25,258.0
35,33,74.75,15.25,258.0
35,34,75.0,15.25,243.0
35,35,75.25,15.25,243.0
35,36,75.5,15.25,244.0
35,37,75.75,15.25,244.0
35,38,76.0,15.25,250.0
35,39,76.25,15.25,250.0
35,40,76.5,15.25,
35,41,76.75,15.25,232.0
35,42,77.0,15.25,232.0
35,43,77.25,15.25,8.0
35,44,77.5,15.25,8.0
35,45,77.75,15.25,
35,46,78.0,15.25,
35,47,78.25,15.25,
35,48,78.5,15.25,
35,49,78.75,15.25,10.0
35,50,79.0,15.25,10.0
35,51,79.25,15.25,10.0
35,52,79.5,15.25,10.0
35,53,79.75,15.25,10.0
35,54,80.0,15.25,10.0
35,55,80.25,15.25,
35,56,80.5,15.25,
35,57,80.75,15.25,
35,58,81.0,15.25,
35,59,81.25,15.25,
35,60,81.5,15.25,
35,61,81.75,15.25,
35,62,82.0,15.25,
35,63,82.25,15.25,
35,64,82.5,15.25,
35,65,82.75,15.25,
35,66,83.0,15.25,
35,67,83.25,15.25,
35,68,83.5,15.25,
35,69,83.75,15.25,
35,70,84.0,15.25,
35,71,84.25,15.25,
35,72,84.5,15.25,
35,73,84.75,15.25,
35,74,85.0,15.25,
35,75,85.25,15.25,
35,76,85.5,15.25,
35,77,85.75,15.25,
35,78,86.0,15.25,
35,79,86.25,15.25,
35,80,86.5,15.25,
35,81,86.75,15.25,
35,82,87.0,15.25,
35,83,87.25,15.25,
35,84,87.5,15.25,
35,85,87.75,15.25,
35,86,88.0,15.25,
35,87,88.25,15.25,
35,88,88.5,15.25,
35,89,88.75,15.25,
35,90,89.0,15.25,
35,91,89.25,15.25,
35,92,89.5,15.25,
35,93,89.75,15.25,
35,94,90.0,15.25,
35,95,90.25,15.25,
35,96,90.5,15.25,
35,97,90.75,15.25,
35,98,91.0,15.25,
35,99,91.25,15.25,
35,100,91.5,15.25,
35,101,91.75,15.25,
35,102,92.0,15.25,
35,103,92.25,15.25,
35,104,92.5,15.25,
35,105,92.75,15.25,
35,106,93.0,15.25,
35,107,93.25,15.25,
35,108,93.5,15.25,
35,109,93.75,15.25,
35,110,94.0,15.25,
35,111,94.25,15.25,
35,112,94.5,15.25,
35,113,94.75,15.25,
35,114,95.0,15.25,
35,115,95.25,15.25,
35,116,95.5,15.25,
35,117,95.75,15.25,
35,118,96.0,15.25,
35,119,96.25,15.25,
35,120,96.5,15.25,
35,121,96.75,15.25,
35,122,97.0,15.25,
35,123,97.25,15.25,
35,124,97.5,15.25,
35,125,97.75,15.25,
35,126,98.0,15.25,
35,127,98.25,15.25,
35,128,98.5,15.25,
35,129,98.75,15.25,
35,130,99.0,15.25,
35,131,99.25,15.25,
35,132,99.5,15.25,
35,133,99.75,15.25,
35,134,100.0,15.25,
36,0,66.5,15.5,
36,1,66.75,15.5,
36,2,67.0,15.5,
36,3,67.25,15.5,
36,4,67.5,15.5,
36,5,67.75,15.5,
36,6,68.0,15.5,
36,7,68.25,15.5,
36,8,68.5,15.5,
36,9,68.75,15.5,
36,10,69.0,15.5,
36,11,69.25,15.5,
36,12,69.5,15.5,
36,13,69.75,15.5,
36,14,70.0,15.5,
36,15,70.25,15.5,
36,16,70.5,15.5,
36,17,70.75,15.5,
36,18,71.0,15.5,
36,19,71.25,15.5,
36,20,71.5,15.5,
36,21,71.75,15.5,
36,22,72.0,15.5,
36,23,72.25,15.5,
36,24,72.5,15.5,
36,25,72.75,15.5,
36,26,73.0,15.5,
36,27,73.25,15.5,
36,28,73.5,15.5,
36,29,73.75,15.5,
36,30,74.0,15.5,138.0
36,31,74.25,15.5,138.0
36,32,74.5,15.5,233.0
36,33,74.75,15.5,233.0
36,34,75.0,15.5,243.0
36,35,75.25,15.5,243.0
36,36,75.5,15.5,244.0
36,37,75.75,15.5,244.0
36,38,76.0,15.5,250.0
36,39,76.25,15.5,250.0
36,40,76.5,15.5,250.0
36,41,76.75,15.5,250.0
36,42,77.0,15.5,8.0
36,43,77.25,15.5,8.0
36,44,77.5,15.5,8.0
36,45,77.75,15.5,8.0
36,46,78.0,15.5,8.0
36,47,78.25,15.5,
36,48,78.5,15.5,
36,49,78.75,15.5,
36,50,79.0,15.5,10.0
36,51,79.25,15.5,10.0
36,52,79.5,15.5,10.0
36,53,79.75,15.5,10.0
36,54,80.0,15.5,10.0
36,55,80.25,15.5,
36,56,80.5,15.5,
36,57,80.75,15.5,
36,58,81.0,15.5,
36,59,81.25,15.5,
36,60,81.5,15.5,
36,61,81.75,15.5,
36,62,82.0,15.5,
36,63,82.25,15.5,
36,64,82.5,15.5,
36,65,82.75,15.5,
36,66,83.0,15.5,
36,67,83.25,15.5,
36,68,83.5,15.5,
36,69,83.75,15.5,
36,70,84.0,15.5,
36,71,84.25,15.5,
36,72,84.5,15.5,
36,73,84.75,15.5,
36,74,85.0,15.5,
36,75,85.25,15.5,
36,76,85.5,15.5,
36,77,85.75,15.5,
36,78,86.0,15.5,
36,79,86.25,15.5,
36,80,86.5,15.5,
36,81,86.75,15.5,
36,82,87.0,15.5,
36,83,87.25,15.5,
36,84,87.5,15.5,
36,85,87.75,15.5,
36,86,88.0,15.5,
36,87,88.25,15.5,
36,88,88.5,15.5,
36,89,88.75,15.5,
36,90,89.0,15.5,
36,91,89.25,15.5,
36,92,89.5,15.5,
36,93,89.75,15.5,
36,94,90.0,15.5,
36,95,90.25,15.5,
36,96,90.5,15.5,
36,97,90.75,15.5,
36,98,91.0,15.5,
36,99,91.25,15.5,
36,100,91.5,15.5,
36,101,91.75,15.5,
36,102,92.0,15.5,
36,103,92.25,15.5,
36,104,92.5,15.5,
36,105,92.75,15.5,
36,106,93.0,15.5,
36,107,93.25,15.5,
36,108,93.5,15.5,
36,109,93.75,15.5,
36,110,94.0,15.5,
36,111,94.25,15.5,
36,112,94.5,15.5,
36,113,94.75,15.5,
36,114,95.0,15.5,
36,115,95.25,15.5,
36,116,95.5,15.5,
36,117,95.75,15.5,
36,118,96.0,15.5,
36,119,96.25,15.5,
36,120,96.5,15.5,
36,121,96.75,15.5,
36,122,97.0,15.5,
36,123,97.25,15.5,
36,124,97.5,15.5,
36,125,97.75,15.5,
36,126,98.0,15.5,
36,127,98.25,15.5,
36,128,98.5,15.5,
36,129,98.75,15.5,
36,130,99.0,15.5,
36,131,99.25,15.5,
36,132,99.5,15.5,
36,133,99.75,15.5,
36,134,100.0,15.5,
37,0,66.5,15.75,
37,1,66.75,15.75,
37,2,67.0,15.75,
37,3,67.25,15.75,
37,4,67.5,15.75,
37,5,67.75,15.75,
37,6,68.0,15.75,
37,7,68.25,15.75,
37,8,68.5,15.75,
37,9,68.75,15.75,
37,10,69.0,15.75,
37,11,69.25,15.75,
37,12,69.5,15.75,
37,13,69.75,15.75,
37,14,70.0,15.75,
37,15,70.25,15.75,
37,16,70.5,15.75,
37,17,70.75,15.75,
37,18,71.0,15.75,
37,19,71.25,15.75,
37,20,71.5,15.75,
37,21,71.75,15.75,
37,22,72.0,15.75,
37,23,72.25,15.75,
37,24,72.5,15.75,
37,25,72.75,15.75,
37,26,73.0,15.75,
37,27,73.25,15.75,
37,28,73.5,15.75,
37,29,73.75,15.75,357.0
37,30,74.0,15.75,357.0
37,31,74.25,15.75,343.0
37,32,74.5,15.75,233.0
37,33,74.75,15.75,233.0
37,34,75.0,15.75,233.0
37,35,75.25,15.75,233.0
37,36,75.5,15.75,244.0
37,37,75.75,15.75,244.0
37,38,76.0,15.75,244.0
37,39,76.25,15.75,250.0
37,40,76.5,15.75,253.0
37,41,76.75,15.75,253.0
37,42,77.0,15.75,232.0
37,43,77.25,15.75,8.0
37,44,77.5,15.75,8.0
37,45,77.75,15.75,8.0
37,46,78.0,15.75,8.0
37,47,78.25,15.75,
37,48,78.5,15.75,
37,49,78.75,15.75,
37,50,79.0,15.75,10.0
37,51,79.25,15.75,10.0
37,52,79.5,15.75,10.0
37,53,79.75,15.75,10.0
37,54,80.0,15.75,
37,55,80.25,15.75,
37,56,80.5,15.75,
37,57,80.75,15.75,
37,58,81.0,15.75,7.0
37,59,81.25,15.75,
37,60,81.5,15.75,
37,61,81.75,15.75,
37,62,82.0,15.75,
37,63,82.25,15.75,
37,64,82.5,15.75,
37,65,82.75,15.75,
37,66,83.0,15.75,
37,67,83.25,15.75,
37,68,83.5,15.75,
37,69,83.75,15.75,
37,70,84.0,15.75,
37,71,84.25,15.75,
37,72,84.5,15.75,
37,73,84.75,15.75,
37,74,85.0,15.75,
37,75,85.25,15.75,
37,76,85.5,15.75,
37,77,85.75,15.75,
37,78,86.0,15.75,
37,79,86.25,15.75,
37,80,86.5,15.75,
37,81,86.75,15.75,
37,82,87.0,15.75,
37,83,87.25,15.75,
37,84,87.5,15.75,
37,85,87.75,15.75,
37,86,88.0,15.75,
37,87,88.25,15.75,
37,88,88.5,15.75,
37,89,88.75,15.75,
37,90,89.0,15.75,
37,91,89.25,15.75,
37,92,89.5,15.75,
37,93,89.75,15.75,
37,94,90.0,15.75,
37,95,90.25,15.75,
37,96,90.5,15.75,
37,97,90.75,15.75,
37,98,91.0,15.75,
37,99,91.25,15.75,
37,100,91.5,15.75,
37,101,91.75,15.75,
37,102,92.0,15.75,
37,103,92.25,15.75,
37,104,92.5,15.75,
37,105,92.75,15.75,
37,106,93.0,15.75,
37,107,93.25,15.75,
37,108,93.5,15.75,
37,109,93.75,15.75,
37,110,94.0,15.75,
37,111,94.25,15.75,
37,112,94.5,15.75,
37,113,94.75,15.75,
37,114,95.0,15.75,
37,115,95.25,15.75,
37,116,95.5,15.75,
37,117,95.75,15.75,
37,118,96.0,15.75,
37,119,96.25,15.75,
37,120,96.5,15.75,
37,121,96.75,15.75,
37,122,97.0,15.75,
37,123,97.25,15.75,
37,124,97.5,15.75,
37,125,97.75,15.75,
37,126,98.0,15.75,
37,127,98.25,15.75,
37,128,98.5,15.75,
37,129,98.75,15.75,
37,130,99.0,15.75,
37,131,99.25,15.75,
37,132,99.5,15.75,
37,133,99.75,15.75,
37,134,100.0,15.75,
38,0,66.5,16.0,
38,1,66.75,16.0,
38,2,67.0,16.0,
38,3,67.25,16.0,
38,4,67.5,16.0,
38,5,67.75,16.0,
38,6,68.0,16.0,
38,7,68.25,16.0,
38,8,68.5,16.0,
38,9,68.75,16.0,
38,10,69.0,16.0,
38,11,69.25,16.0,
38,12,69.5,16.0,
38,13,69.75,16.0,
38,14,70.0,16.0,
38,15,70.25,16.0,
38,16,70.5,16.0,
38,17,70.75,16.0,
38,18,71.0,16.0,
38,19,71.25,16.0,
38,20,71.5,16.0,
38,21,71.75,16.0,
38,22,72.0,16.0,
38,23,72.25,16.0,
38,24,72.5,16.0,
38,25,72.75,16.0,
38,26,73.0,16.0,
38,27,73.25,16.0,
38,28,73.5,16.0,357.0
38,29,73.75,16.0,357.0
38,30,74.0,16.0,357.0
38,31,74.25,16.0,343.0
38,32,74.5,16.0,233.0
38,33,74.75,16.0,233.0
38,34,75.0,16.0,233.0
38,35,75.25,16.0,233.0
38,36,75.5,16.0,231.0
38,37,75.75,16.0,231.0
38,38,76.0,16.0,250.0
38,39,76.25,16.0,231.0
38,40,76.5,16.0,253.0
38,41,76.75,16.0,253.0
38,42,77.0,16.0,253.0
38,43,77.25,16.0,253.0
38,44,77.5,16.0,253.0
38,45,77.75,16.0,547.0
38,46,78.0,16.0,547.0
38,47,78.25,16.0,
38,48,78.5,16.0,
38,49,78.75,16.0,
38,50,79.0,16.0,10.0
38,51,79.25,16.0,10.0
38,52,79.5,16.0,10.0
38,53,79.75,16.0,
38,54,80.0,16.0,
38,55,80.25,16.0,
38,56,80.5,16.0,6.0
38,57,80.75,16.0,
38,58,81.0,16.0,7.0
38,59,81.25,16.0,
38,60,81.5,16.0,
38,61,81.75,16.0,
38,62,82.0,16.0,
38,63,82.25,16.0,
38,64,82.5,16.0,
38,65,82.75,16.0,
38,66,83.0,16.0,
38,67,83.25,16.0,
38,68,83.5,16.0,
38,69,83.75,16.0,
38,70,84.0,16.0,
38,71,84.25,16.0,
38,72,84.5,16.0,
38,73,84.75,16.0,
38,74,85.0,16.0,
38,75,85.25,16.0,
38,76,85.5,16.0,
38,77,85.75,16.0,
38,78,86.0,16.0,
38,79,86.25,16.0,
38,80,86.5,16.0,
38,81,86.75,16.0,
38,82,87.0,16.0,
38,83,87.25,16.0,
38,84,87.5,16.0,
38,85,87.75,16.0,
38,86,88.0,16.0,
38,87,88.25,16.0,
38,88,88.5,16.0,
38,89,88.75,16.0,
38,90,89.0,16.0,
38,91,89.25,16.0,
38,92,89.5,16.0,
38,93,89.75,16.0,
38,94,90.0,16.0,
38,95,90.25,16.0,
38,96,90.5,16.0,
38,97,90.75,16.0,
38,98,91.0,16.0,
38,99,91.25,16.0,
38,100,91.5,16.0,
38,101,91.75,16.0,
38,102,92.0,16.0,
38,103,92.25,16.0,
38,104,92.5,16.0,
38,105,92.75,16.0,
38,106,93.0,16.0,
38,107,93.25,16.0,
38,108,93.5,16.0,
38,109,93.75,16.0,
38,110,94.0,16.0,
38,111,94.25,16.0,
38,112,94.5,16.0,
38,113,94.75,16.0,
38,114,95.0,16.0,
38,115,95.25,16.0,
38,116,95.5,16.0,
38,117,95.75,16.0,
38,118,96.0,16.0,
38,119,96.25,16.0,
38,120,96.5,16.0,
38,121,96.75,16.0,
38,122,97.0,16.0,
38,123,97.25,16.0,
38,124,97.5,16.0,
38,125,97.75,16.0,
38,126,98.0,16.0,
38,127,98.25,16.0,
38,128,98.5,16.0,
38,129,98.75,16.0,
38,130,99.0,16.0,
38,131,99.25,16.0,
38,132,99.5,16.0,
38,133,99.75,16.0,
38,134,100.0,16.0,
39,0,66.5,16.25,
39,1,66.75,16.25,
39,2,67.0,16.25,
39,3,67.25,16.25,
39,4,67.5,16.25,
39,5,67.75,16.25,
39,6,68.0,16.25,
39,7,68.25,16.25,
39,8,68.5,16.25,
39,9,68.75,16.25,
39,10,69.0,16.25,
39,11,69.25,16.25,
39,12,69.5,16.25,
39,13,69.75,16.25,
39,14,70.0,16.25,
39,15,70.25,16.25,
39,16,70.5,16.25,
39,17,70.75,16.25,
39,18,71.0,16.25,
39,19,71.25,16.25,
39,20,71.5,16.25,
39,21,71.75,16.25,
39,22,72.0,16.25,
39,23,72.25,16.25,
39,24,72.5,16.25,
39,25,72.75,16.25,
39,26,73.0,16.25,
39,27,73.25,16.25,
39,28,73.5,16.25,357.0
39,29,73.75,16.25,357.0
39,30,74.0,16.25,343.0
39,31,74.25,16.25,343.0
39,32,74.5,16.25,233.0
39,33,74.75,16.25,233.0
39,34,75.0,16.25,233.0
39,35,75.25,16.25,231.0
39,36,75.5,16.25,231.0
39,37,75.75,16.25,231.0
39,38,76.0,16.25,231.0
39,39,76.25,16.25,259.0
39,40,76.5,16.25,253.0
39,41,76.75,16.25,253.0
39,42,77.0,16.25,253.0
39,43,77.25,16.25,253.0
39,44,77.5,16.25,547.0
39,45,77.75,16.25,547.0
39,46,78.0,16.25,
39,47,78.25,16.25,558.0
39,48,78.5,16.25,558.0
39,49,78.75,16.25,558.0
39,50,79.0,16.25,558.0
39,51,79.25,16.25,
39,52,79.5,16.25,10.0
39,53,79.75,16.25,
39,54,80.0,16.25,
39,55,80.25,16.25,
39,56,80.5,16.25,6.0
39,57,80.75,16.25,6.0
39,58,81.0,16.25,7.0
39,59,81.25,16.25,
39,60,81.5,16.25,
39,61,81.75,16.25,
39,62,82.0,16.25,
39,63,82.25,16.25,
39,64,82.5,16.25,
39,65,82.75,16.25,
39,66,83.0,16.25,
39,67,83.25,16.25,
39,68,83.5,16.25,
39,69,83.75,16.25,
39,70,84.0,16.25,
39,71,84.25,16.25,
39,72,84.5,16.25,
39,73,84.75,16.25,
39,74,85.0,16.25,
39,75,85.25,16.25,
39,76,85.5,16.25,
39,77,85.75,16.25,
39,78,86.0,16.25,
39,79,86.25,16.25,
39,80,86.5,16.25,
39,81,86.75,16.25,
39,82,87.0,16.25,
39,83,87.25,16.25,
39,84,87.5,16.25,
39,85,87.75,16.25,
39,86,88.0,16.25,
39,87,88.25,16.25,
39,88,88.5,16.25,
39,89,88.75,16.25,
39,90,89.0,16.25,
39,91,89.25,16.25,
39,92,89.5,16.25,
39,93,89.75,16.25,
39,94,90.0,16.25,
39,95,90.25,16.25,
39,96,90.5,16.25,
39,97,90.75,16.25,
39,98,91.0,16.25,
39,99,91.25,16.25,
39,100,91.5,16.25,
39,101,91.75,16.25,
39,102,92.0,16.25,
39,103,92.25,16.25,
39,104,92.5,16.25,
39,105,92.75,16.25,
39,106,93.0,16.25,
39,107,93.25,16.25,
39,108,93.5,16.25,
39,109,93.75,16.25,
39,110,94.0,16.25,
39,111,94.25,16.25,
39,112,94.5,16.25,
39,113,94.75,16.25,
39,114,95.0,16.25,
39,115,95.25,16.25,
39,116,95.5,16.25,
39,117,95.75,16.25,
39,118,96.0,16.25,
39,119,96.25,16.25,
39,120,96.5,16.25,
39,121,96.75,16.25,
39,122,97.0,16.25,
39,123,97.25,16.25,
39,124,97.5,16.25,
39,125,97.75,16.25,
39,126,98.0,16.25,
39,127,98.25,16.25,
39,128,98.5,16.25,
39,129,98.75,16.25,
39,130,99.0,16.25,
39,131,99.25,16.25,
39,132,99.5,16.25,
39,133,99.75,16.25,
39,134,100.0,16.25,
40,0,66.5,16.5,
40,1,66.75,16.5,
40,2,67.0,16.5,
40,3,67.25,16.5,
40,4,67.5,16.5,
40,5,67.75,16.5,
40,6,68.0,16.5,
40,7,68.25,16.5,
40,8,68.5,16.5,
40,9,68.75,16.5,
40,10,69.0,16.5,
40,11,69.25,16.5,
40,12,69.5,16.5,
40,13,69.75,16.5,
40,14,70.0,16.5,
40,15,70.25,16.5,
40,16,70.5,16.5,
40,17,70.75,16.5,
40,18,71.0,16.5,
40,19,71.25,16.5,
40,20,71.5,16.5,
40,21,71.75,16.5,
40,22,72.0,16.5,
40,23,72.25,16.5,
40,24,72.5,16.5,
40,25,72.75,16.5,
40,26,73.0,16.5,
40,27,73.25,16.5,
40,28,73.5,16.5,357.0
40,29,73.75,16.5,357.0
40,30,74.0,16.5,343.0
40,31,74.25,16.5,343.0
40,32,74.5,16.5,233.0
40,33,74.75,16.5,233.0
40,34,75.0,16.5,231.0
40,35,75.25,16.5,231.0
40,36,75.5,16.5,259.0
40,37,75.75,16.5,259.0
40,38,76.0,16.5,259.0
40,39,76.25,16.5,259.0
40,40,76.5,16.5,260.0
40,41,76.75,16.5,260.0
40,42,77.0,16.5,253.0
40,43,77.25,16.5,260.0
40,44,77.5,16.5,560.0
40,45,77.75,16.5,560.0
40,46,78.0,16.5,
40,47,78.25,16.5,558.0
40,48,78.5,16.5,558.0
40,49,78.75,16.5,558.0
40,50,79.0,16.5,559.0
40,51,79.25,16.5,
40,52,79.5,16.5,
40,53,79.75,16.5,
40,54,80.0,16.5,
40,55,80.25,16.5,
40,56,80.5,16.5,6.0
40,57,80.75,16.5,7.0
40,58,81.0,16.5,7.0
40,59,81.25,16.5,
40,60,81.5,16.5,14.0
40,61,81.75,16.5,14.0
40,62,82.0,16.5,
40,63,82.25,16.5,
40,64,82.5,16.5,
40,65,82.75,16.5,
40,66,83.0,16.5,
40,67,83.25,16.5,
40,68,83.5,16.5,
40,69,83.75,16.5,
40,70,84.0,16.5,
40,71,84.25,16.5,
40,72,84.5,16.5,
40,73,84.75,16.5,
40,74,85.0,16.5,
40,75,85.25,16.5,
40,76,85.5,16.5,
40,77,85.75,16.5,
40,78,86.0,16.5,
40,79,86.25,16.5,
40,80,86.5,16.5,
40,81,86.75,16.5,
40,82,87.0,16.5,
40,83,87.25,16.5,
40,84,87.5,16.5,
40,85,87.75,16.5,
40,86,88.0,16.5,
40,87,88.25,16.5,
40,88,88.5,16.5,
40,89,88.75,16.5,
40,90,89.0,16.5,
40,91,89.25,16.5,
40,92,89.5,16.5,
40,93,89.75,16.5,
40,94,90.0,16.5,
40,95,90.25,16.5,
40,96,90.5,16.5,
40,97,90.75,16.5,
40,98,91.0,16.5,
40,99,91.25,16.5,
40,100,91.5,16.5,
40,101,91.75,16.5,
40,102,92.0,16.5,
40,103,92.25,16.5,
40,104,92.5,16.5,
40,105,92.75,16.5,
40,106,93.0,16.5,
40,107,93.25,16.5,
40,108,93.5,16.5,
40,109,93.75,16.5,
40,110,94.0,16.5,
40,111,94.25,16.5,
40,112,94.5,16.5,
40,113,94.75,16.5,
40,114,95.0,16.5,
40,115,95.25,16.5,
40,116,95.5,16.5,
40,117,95.75,16.5,
40,118,96.0,16.5,
40,119,96.25,16.5,
40,120,96.5,16.5,
40,121,96.75,16.5,
40,122,97.0,16.5,
40,123,97.25,16.5,
40,124,97.5,16.5,
40,125,97.75,16.5,
40,126,98.0,16.5,
40,127,98.25,16.5,
40,128,98.5,16.5,
40,129,98.75,16.5,
40,130,99.0,16.5,
40,131,99.25,16.5,
40,132,99.5,16.5,
40,133,99.75,16.5,
40,134,100.0,16.5,
41,0,66.5,16.75,
41,1,66.75,16.75,
41,2,67.0,16.75,
41,3,67.25,16.75,
41,4,67.5,16.75,
41,5,67.75,16.75,
41,6,68.0,16.75,
41,7,68.25,16.75,
41,8,68.5,16.75,
41,9,68.75,16.75,
41,10,69.0,16.75,
41,11,69.25,16.75,
41,12,69.5,16.75,
41,13,69.75,16.75,
41,14,70.0,16.75,
41,15,70.25,16.75,
41,16,70.5,16.75,
41,17,70.75,16.75,
41,18,71.0,16.75,
41,19,71.25,16.75,
41,20,71.5,16.75,
41,21,71.75,16.75,
41,22,72.0,16.75,
41,23,72.25,16.75,
41,24,72.5,16.75,
41,25,72.75,16.75,
41,26,73.0,16.75,
41,27,73.25,16.75,
41,28,73.5,16.75,353.0
41,29,73.75,16.75,353.0
41,30,74.0,16.75,343.0
41,31,74.25,16.75,343.0
41,32,74.5,16.75,343.0
41,33,74.75,16.75,355.0
41,34,75.0,16.75,233.0
41,35,75.25,16.75,233.0
41,36,75.5,16.75,259.0
41,37,75.75,16.75,259.0
41,38,76.0,16.75,259.0
41,39,76.25,16.75,259.0
41,40,76.5,16.75,247.0
41,41,76.75,16.75,260.0
41,42,77.0,16.75,260.0
41,43,77.25,16.75,260.0
41,44,77.5,16.75,560.0
41,45,77.75,16.75,553.0
41,46,78.0,16.75,553.0
41,47,78.25,16.75,553.0
41,48,78.5,16.75,558.0
41,49,78.75,16.75,558.0
41,50,79.0,16.75,559.0
41,51,79.25,16.75,559.0
41,52,79.5,16.75,559.0
41,53,79.75,16.75,
41,54,80.0,16.75,
41,55,80.25,16.75,
41,56,80.5,16.75,
41,57,80.75,16.75,
41,58,81.0,16.75,
41,59,81.25,16.75,
41,60,81.5,16.75,14.0
41,61,81.75,16.75,5.0
41,62,82.0,16.75,
41,63,82.25,16.75,
41,64,82.5,16.75,
41,65,82.75,16.75,
41,66,83.0,16.75,
41,67,83.25,16.75,
41,68,83.5,16.75,
41,69,83.75,16.75,
41,70,84.0,16.75,
41,71,84.25,16.75,
41,72,84.5,16.75,
41,73,84.75,16.75,
41,74,85.0,16.75,
41,75,85.25,16.75,
41,76,85.5,16.75,
41,77,85.75,16.75,
41,78,86.0,16.75,
41,79,86.25,16.75,
41,80,86.5,16.75,
41,81,86.75,16.75,
41,82,87.0,16.75,
41,83,87.25,16.75,
41,84,87.5,16.75,
41,85,87.75,16.75,
41,86,88.0,16.75,
41,87,88.25,16.75,
41,88,88.5,16.75,
41,89,88.75,16.75,
41,90,89.0,16.75,
41,91,89.25,16.75,
41,92,89.5,16.75,
41,93,89.75,16.75,
41,94,90.0,16.75,
41,95,90.25,16.75,
41,96,90.5,16.75,
41,97,90.75,16.75,
41,98,91.0,16.75,
41,99,91.25,16.75,
41,100,91.5,16.75,
41,101,91.75,16.75,
41,102,92.0,16.75,
41,103,92.25,16.75,
41,104,92.5,16.75,
41,105,92.75,16.75,
41,106,93.0,16.75,
41,107,93.25,16.75,
41,108,93.5,16.75,
41,109,93.75,16.75,
41,110,94.0,16.75,
41,111,94.25,16.75,
41,112,94.5,16.75,
41,113,94.75,16.75,
41,114,95.0,16.75,
41,115,95.25,16.75,
41,116,95.5,16.75,
41,117,95.75,16.75,
41,118,96.0,16.75,
41,119,96.25,16.75,
41,120,96.5,16.75,
41,121,96.75,16.75,
41,122,97.0,16.75,
41,123,97.25,16.75,
41,124,97.5,16.75,
41,125,97.75,16.75,
41,126,98.0,16.75,
41,127,98.25,16.75,
41,128,98.5,16.75,
41,129,98.75,16.75,
41,130,99.0,16.75,
41,131,99.25,16.75,
41,132,99.5,16.75,
41,133,99.75,16.75,
41,134,100.0,16.75,
42,0,66.5,17.0,
42,1,66.75,17.0,
42,2,67.0,17.0,
42,3,67.25,17.0,
42,4,67.5,17.0,
42,5,67.75,17.0,
42,6,68.0,17.0,
42,7,68.25,17.0,
42,8,68.5,17.0,
42,9,68.75,17.0,
42,10,69.0,17.0,
42,11,69.25,17.0,
42,12,69.5,17.0,
42,13,69.75,17.0,
42,14,70.0,17.0,
42,15,70.25,17.0,
42,16,70.5,17.0,
42,17,70.75,17.0,
42,18,71.0,17.0,
42,19,71.25,17.0,
42,20,71.5,17.0,
42,21,71.75,17.0,
42,22,72.0,17.0,
42,23,72.25,17.0,
42,24,72.5,17.0,
42,25,72.75,17.0,
42,26,73.0,17.0,
42,27,73.25,17.0,
42,28,73.5,17.0,353.0
42,29,73.75,17.0,353.0
42,30,74.0,17.0,355.0
42,31,74.25,17.0,355.0
42,32,74.5,17.0,355.0
42,33,74.75,17.0,355.0
42,34,75.0,17.0,355.0
42,35,75.25,17.0,355.0
42,36,75.5,17.0,355.0
42,37,75.75,17.0,259.0
42,38,76.0,17.0,259.0
42,39,76.25,17.0,259.0
42,40,76.5,17.0,247.0
42,41,76.75,17.0,247.0
42,42,77.0,17.0,247.0
42,43,77.25,17.0,247.0
42,44,77.5,17.0,569.0
42,45,77.75,17.0,560.0
42,46,78.0,17.0,
42,47,78.25,17.0,
42,48,78.5,17.0,
42,49,78.75,17.0,
42,50,79.0,17.0,559.0
42,51,79.25,17.0,559.0
42,52,79.5,17.0,559.0
42,53,79.75,17.0,
42,54,80.0,17.0,
42,55,80.25,17.0,
42,56,80.5,17.0,
42,57,80.75,17.0,
42,58,81.0,17.0,
42,59,81.25,17.0,
42,60,81.5,17.0,5.0
42,61,81.75,17.0,5.0
42,62,82.0,17.0,5.0
42,63,82.25,17.0,
42,64,82.5,17.0,
42,65,82.75,17.0,
42,66,83.0,17.0,
42,67,83.25,17.0,
42,68,83.5,17.0,
42,69,83.75,17.0,
42,70,84.0,17.0,
42,71,84.25,17.0,
42,72,84.5,17.0,
42,73,84.75,17.0,
42,74,85.0,17.0,
42,75,85.25,17.0,
42,76,85.5,17.0,
42,77,85.75,17.0,
42,78,86.0,17.0,
42,79,86.25,17.0,
42,80,86.5,17.0,
42,81,86.75,17.0,
42,82,87.0,17.0,
42,83,87.25,17.0,
42,84,87.5,17.0,
42,85,87.75,17.0,
42,86,88.0,17.0,
42,87,88.25,17.0,
42,88,88.5,17.0,
42,89,88.75,17.0,
42,90,89.0,17.0,
42,91,89.25,17.0,
42,92,89.5,17.0,
42,93,89.75,17.0,
42,94,90.0,17.0,
42,95,90.25,17.0,
42,96,90.5,17.0,
42,97,90.75,17.0,
42,98,91.0,17.0,
42,99,91.25,17.0,
42,100,91.5,17.0,
42,101,91.75,17.0,
42,102,92.0,17.0,
42,103,92.25,17.0,
42,104,92.5,17.0,
42,105,92.75,17.0,
42,106,93.0,17.0,
42,107,93.25,17.0,
42,108,93.5,17.0,
42,109,93.75,17.0,
42,110,94.0,17.0,
42,111,94.25,17.0,
42,112,94.5,17.0,
42,113,94.75,17.0,
42,114,95.0,17.0,
42,115,95.25,17.0,
42,116,95.5,17.0,
42,117,95.75,17.0,
42,118,96.0,17.0,
42,119,96.25,17.0,
42,120,96.5,17.0,
42,121,96.75,17.0,
42,122,97.0,17.0,
42,123,97.25,17.0,
42,124,97.5,17.0,
42,125,97.75,17.0,
42,126,98.0,17.0,
42,127,98.25,17.0,
42,128,98.5,17.0,
42,129,98.75,17.0,
42,130,99.0,17.0,
42,131,99.25,17.0,
42,132,99.5,17.0,
42,133,99.75,17.0,
42,134,100.0,17.0,
43,0,66.5,17.25,
43,1,66.75,17.25,
43,2,67.0,17.25,
43,3,67.25,17.25,
43,4,67.5,17.25,
43,5,67.75,17.25,
43,6,68.0,17.25,
43,7,68.25,17.25,
43,8,68.5,17.25,
43,9,68.75,17.25,
43,10,69.0,17.25,
43,11,69.25,17.25,
43,12,69.5,17.25,
43,13,69.75,17.25,
43,14,70.0,17.25,
43,15,70.25,17.25,
43,16,70.5,17.25,
43,17,70.75,17.25,
43,18,71.0,17.25,
43,19,71.25,17.25,
43,20,71.5,17.25,
43,21,71.75,17.25,
43,22,72.0,17.25,
43,23,72.25,17.25,
43,24,72.5,17.25,
43,25,72.75,17.25,
43,26,73.0,17.25,
43,27,73.25,17.25,353.0
43,28,73.5,17.25,353.0
43,29,73.75,17.25,355.0
43,30,74.0,17.25,356.0
43,31,74.25,17.25,356.0
43,32,74.5,17.25,355.0
43,33,74.75,17.25,355.0
43,34,75.0,17.25,358.0
43,35,75.25,17.25,358.0
43,36,75.5,17.25,358.0
43,37,75.75,17.25,259.0
43,38,76.0,17.25,259.0
43,39,76.25,17.25,247.0
43,40,76.5,17.25,247.0
43,41,76.75,17.25,247.0
43,42,77.0,17.25,247.0
43,43,77.25,17.25,247.0
43,44,77.5,17.25,569.0
43,45,77.75,17.25,569.0
43,46,78.0,17.25,569.0
43,47,78.25,17.25,
43,48,78.5,17.25,
43,49,78.75,17.25,
43,50,79.0,17.25,559.0
43,51,79.25,17.25,559.0
43,52,79.5,17.25,
43,53,79.75,17.25,
43,54,80.0,17.25,550.0
43,55,80.25,17.25,550.0
43,56,80.5,17.25,550.0
43,57,80.75,17.25,550.0
43,58,81.0,17.25,542.0
43,59,81.25,17.25,
43,60,81.5,17.25,
43,61,81.75,17.25,
43,62,82.0,17.25,
43,63,82.25,17.25,
43,64,82.5,17.25,
43,65,82.75,17.25,
43,66,83.0,17.25,
43,67,83.25,17.25,
43,68,83.5,17.25,
43,69,83.75,17.25,
43,70,84.0,17.25,
43,71,84.25,17.25,
43,72,84.5,17.25,
43,73,84.75,17.25,
43,74,85.0,17.25,
43,75,85.25,17.25,
43,76,85.5,17.25,
43,77,85.75,17.25,
43,78,86.0,17.25,
43,79,86.25,17.25,
43,80,86.5,17.25,
43,81,86.75,17.25,
43,82,87.0,17.25,
43,83,87.25,17.25,
43,84,87.5,17.25,
43,85,87.75,17.25,
43,86,88.0,17.25,
43,87,88.25,17.25,
43,88,88.5,17.25,
43,89,88.75,17.25,
43,90,89.0,17.25,
43,91,89.25,17.25,
43,92,89.5,17.25,
43,93,89.75,17.25,
43,94,90.0,17.25,
43,95,90.25,17.25,
43,96,90.5,17.25,
43,97,90.75,17.25,
43,98,91.0,17.25,
43,99,91.25,17.25,
43,100,91.5,17.25,
43,101,91.75,17.25,
43,102,92.0,17.25,
43,103,92.25,17.25,
43,104,92.5,17.25,
43,105,92.75,17.25,
43,106,93.0,17.25,
43,107,93.25,17.25,
43,108,93.5,17.25,
43,109,93.75,17.25,
43,110,94.0,17.25,
43,111,94.25,17.25,
43,112,94.5,17.25,
43,113,94.75,17.25,
43,114,95.0,17.25,
43,115,95.25,17.25,
43,116,95.5,17.25,
43,117,95.75,17.25,
43,118,96.0,17.25,
43,119,96.25,17.25,
43,120,96.5,17.25,
43,121,96.75,17.25,
43,122,97.0,17.25,
43,123,97.25,17.25,
43,124,97.5,17.25,
43,125,97.75,17.25,
43,126,98.0,17.25,
43,127,98.25,17.25,
43,128,98.5,17.25,
43,129,98.75,17.25,
43,130,99.0,17.25,
43,131,99.25,17.25,
43,132,99.5,17.25,
43,133,99.75,17.25,
43,134,100.0,17.25,
44,0,66.5,17.5,
44,1,66.75,17.5,
44,2,67.0,17.5,
44,3,67.25,17.5,
44,4,67.5,17.5,
44,5,67.75,17.5,
44,6,68.0,17.5,
44,7,68.25,17.5,
44,8,68.5,17.5,
44,9,68.75,17.5,
44,10,69.0,17.5,
44,11,69.25,17.5,
44,12,69.5,17.5,
44,13,69.75,17.5,
44,14,70.0,17.5,
44,15,70.25,17.5,
44,16,70.5,17.5,
44,17,70.75,17.5,
44,18,71.0,17.5,
44,19,71.25,17.5,
44,20,71.5,17.5,
44,21,71.75,17.5,
44,22,72.0,17.5,
44,23,72.25,17.5,
44,24,72.5,17.5,
44,25,72.75,17.5,
44,26,73.0,17.5,
44,27,73.25,17.5,353.0
44,28,73.5,17.5,353.0
44,29,73.75,17.5,356.0
44,30,74.0,17.5,356.0
44,31,74.25,17.5,356.0
44,32,74.5,17.5,356.0
44,33,74.75,17.5,356.0
44,34,75.0,17.5,358.0
44,35,75.25,17.5,358.0
44,36,75.5,17.5,358.0
44,37,75.75,17.5,358.0
44,38,76.0,17.5,358.0
44,39,76.25,17.5,358.0
44,40,76.5,17.5,247.0
44,41,76.75,17.5,247.0
44,42,77.0,17.5,247.0
44,43,77.25,17.5,247.0
44,44,77.5,17.5,247.0
44,45,77.75,17.5,569.0
44,46,78.0,17.5,566.0
44,47,78.25,17.5,566.0
44,48,78.5,17.5,556.0
44,49,78.75,17.5,573.0
44,50,79.0,17.5,573.0
44,51,79.25,17.5,573.0
44,52,79.5,17.5,
44,53,79.75,17.5,552.0
44,54,80.0,17.5,552.0
44,55,80.25,17.5,550.0
44,56,80.5,17.5,542.0
44,57,80.75,17.5,542.0
44,58,81.0,17.5,542.0
44,59,81.25,17.5,
44,60,81.5,17.5,
44,61,81.75,17.5,
44,62,82.0,17.5,
44,63,82.25,17.5,
44,64,82.5,17.5,
44,65,82.75,17.5,
44,66,83.0,17.5,
44,67,83.25,17.5,
44,68,83.5,17.5,
44,69,83.75,17.5,
44,70,84.0,17.5,
44,71,84.25,17.5,
44,72,84.5,17.5,
44,73,84.75,17.5,
44,74,85.0,17.5,
44,75,85.25,17.5,
44,76,85.5,17.5,
44,77,85.75,17.5,
44,78,86.0,17.5,
44,79,86.25,17.5,
44,80,86.5,17.5,
44,81,86.75,17.5,
44,82,87.0,17.5,
44,83,87.25,17.5,
44,84,87.5,17.5,
44,85,87.75,17.5,
44,86,88.0,17.5,
44,87,88.25,17.5,
44,88,88.5,17.5,
44,89,88.75,17.5,
44,90,89.0,17.5,
44,91,89.25,17.5,
44,92,89.5,17.5,
44,93,89.75,17.5,
44,94,90.0,17.5,
44,95,90.25,17.5,
44,96,90.5,17.5,
44,97,90.75,17.5,
44,98,91.0,17.5,
44,99,91.25,17.5,
44,100,91.5,17.5,
44,101,91.75,17.5,
44,102,92.0,17.5,
44,103,92.25,17.5,
44,104,92.5,17.5,
44,105,92.75,17.5,
44,106,93.0,17.5,
44,107,93.25,17.5,
44,108,93.5,17.5,
44,109,93.75,17.5,
44,110,94.0,17.5,
44,111,94.25,17.5,
44,112,94.5,17.5,
44,113,94.75,17.5,
44,114,95.0,17.5,
44,115,95.25,17.5,
44,116,95.5,17.5,
44,117,95.75,17.5,
44,118,96.0,17.5,
44,119,96.25,17.5,
44,120,96.5,17.5,
44,121,96.75,17.5,
44,122,97.0,17.5,
44,123,97.25,17.5,
44,124,97.5,17.5,
44,125,97.75,17.5,
44,126,98.0,17.5,
44,127,98.25,17.5,
44,128,98.5,17.5,
44,129,98.75,17.5,
44,130,99.0,17.5,
44,131,99.25,17.5,
44,132,99.5,17.5,
44,133,99.75,17.5,
44,134,100.0,17.5,
45,0,66.5,17.75,
45,1,66.75,17.75,
45,2,67.0,17.75,
45,3,67.25,17.75,
45,4,67.5,17.75,
45,5,67.75,17.75,
45,6,68.0,17.75,
45,7,68.25,17.75,
45,8,68.5,17.75,
45,9,68.75,17.75,
45,10,69.0,17.75,
45,11,69.25,17.75,
45,12,69.5,17.75,
45,13,69.75,17.75,
45,14,70.0,17.75,
45,15,70.25,17.75,
45,16,70.5,17.75,
45,17,70.75,17.75,
45,18,71.0,17.75,
45,19,71.25,17.75,
45,20,71.5,17.75,
45,21,71.75,17.75,
45,22,72.0,17.75,
45,23,72.25,17.75,
45,24,72.5,17.75,
45,25,72.75,17.75,
45,26,73.0,17.75,
45,27,73.25,17.75,353.0
45,28,73.5,17.75,353.0
45,29,73.75,17.75,356.0
45,30,74.0,17.75,356.0
45,31,74.25,17.75,356.0
45,32,74.5,17.75,356.0
45,33,74.75,17.75,356.0
45,34,75.0,17.75,358.0
45,35,75.25,17.75,358.0
45,36,75.5,17.75,358.0
45,37,75.75,17.75,358.0
45,38,76.0,17.75,358.0
45,39,76.25,17.75,
45,40,76.5,17.75,
45,41,76.75,17.75,
45,42,77.0,17.75,
45,43,77.25,17.75,
45,44,77.5,17.75,
45,45,77.75,17.75,566.0
45,46,78.0,17.75,566.0
45,47,78.25,17.75,555.0
45,48,78.5,17.75,555.0
45,49,78.75,17.75,567.0
45,50,79.0,17.75,
45,51,79.25,17.75,
45,52,79.5,17.75,571.0
45,53,79.75,17.75,571.0
45,54,80.0,17.75,552.0
45,55,80.25,17.75,552.0
45,56,80.5,17.75,542.0
45,57,80.75,17.75,542.0
45,58,81.0,17.75,542.0
45,59,81.25,17.75,
45,60,81.5,17.75,
45,61,81.75,17.75,
45,62,82.0,17.75,
45,63,82.25,17.75,
45,64,82.5,17.75,
45,65,82.75,17.75,
45,66,83.0,17.75,
45,67,83.25,17.75,12.0
45,68,83.5,17.75,
45,69,83.75,17.75,
45,70,84.0,17.75,
45,71,84.25,17.75,
45,72,84.5,17.75,
45,73,84.75,17.75,
45,74,85.0,17.75,
45,75,85.25,17.75,
45,76,85.5,17.75,
45,77,85.75,17.75,
45,78,86.0,17.75,
45,79,86.25,17.75,
45,80,86.5,17.75,
45,81,86.75,17.75,
45,82,87.0,17.75,
45,83,87.25,17.75,
45,84,87.5,17.75,
45,85,87.75,17.75,
45,86,88.0,17.75,
45,87,88.25,17.75,
45,88,88.5,17.75,
45,89,88.75,17.75,
45,90,89.0,17.75,
45,91,89.25,17.75,
45,92,89.5,17.75,
45,93,89.75,17.75,
45,94,90.0,17.75,
45,95,90.25,17.75,
45,96,90.5,17.75,
45,97,90.75,17.75,
45,98,91.0,17.75,
45,99,91.25,17.75,
45,100,91.5,17.75,
45,101,91.75,17.75,
45,102,92.0,17.75,
45,103,92.25,17.75,
45,104,92.5,17.75,
45,105,92.75,17.75,
45,106,93.0,17.75,
45,107,93.25,17.75,
45,108,93.5,17.75,
45,109,93.75,17.75,
45,110,94.0,17.75,
45,111,94.25,17.75,
45,112,94.5,17.75,
45,113,94.75,17.75,
45,114,95.0,17.75,
45,115,95.25,17.75,
45,116,95.5,17.75,
45,117,95.75,17.75,
45,118,96.0,17.75,
45,119,96.25,17.75,
45,120,96.5,17.75,
45,121,96.75,17.75,
45,122,97.0,17.75,
45,123,97.25,17.75,
45,124,97.5,17.75,
45,125,97.75,17.75,
45,126,98.0,17.75,
45,127,98.25,17.75,
45,128,98.5,17.75,
45,129,98.75,17.75,
45,130,99.0,17.75,
45,131,99.25,17.75,
45,132,99.5,17.75,
45,133,99.75,17.75,
45,134,100.0,17.75,
46,0,66.5,18.0,
46,1,66.75,18.0,
46,2,67.0,18.0,
46,3,67.25,18.0,
46,4,67.5,18.0,
46,5,67.75,18.0,
46,6,68.0,18.0,
46,7,68.25,18.0,
46,8,68.5,18.0,
46,9,68.75,18.0,
46,10,69.0,18.0,
46,11,69.25,18.0,
46,12,69.5,18.0,
46,13,69.75,18.0,
46,14,70.0,18.0,
46,15,70.25,18.0,
46,16,70.5,18.0,
46,17,70.75,18.0,
46,18,71.0,18.0,
46,19,71.25,18.0,
46,20,71.5,18.0,
46,21,71.75,18.0,
46,22,72.0,18.0,
46,23,72.25,18.0,
46,24,72.5,18.0,
46,25,72.75,18.0,
46,26,73.0,18.0,
46,27,73.25,18.0,353.0
46,28,73.5,18.0,
46,29,73.75,18.0,356.0
46,30,74.0,18.0,356.0
46,31,74.25,18.0,356.0
46,32,74.5,18.0,356.0
46,33,74.75,18.0,358.0
46,34,75.0,18.0,352.0
46,35,75.25,18.0,358.0
46,36,75.5,18.0,358.0
46,37,75.75,18.0,358.0
46,38,76.0,18.0,
46,39,76.25,18.0,
46,40,76.5,18.0,
46,41,76.75,18.0,344.0
46,42,77.0,18.0,
46,43,77.25,18.0,
46,44,77.5,18.0,
46,45,77.75,18.0,566.0
46,46,78.0,18.0,555.0
46,47,78.25,18.0,555.0
46,48,78.5,18.0,555.0
46,49,78.75,18.0,567.0
46,50,79.0,18.0,567.0
46,51,79.25,18.0,
46,52,79.5,18.0,
46,53,79.75,18.0,571.0
46,54,80.0,18.0,552.0
46,55,80.25,18.0,552.0
46,56,80.5,18.0,542.0
46,57,80.75,18.0,542.0
46,58,81.0,18.0,120.0
46,59,81.25,18.0,120.0
46,60,81.5,18.0,431.0
46,61,81.75,18.0,431.0
46,62,82.0,18.0,
46,63,82.25,18.0,431.0
46,64,82.5,18.0,
46,65,82.75,18.0,
46,66,83.0,18.0,
46,67,83.25,18.0,13.0
46,68,83.5,18.0,13.0
46,69,83.75,18.0,
46,70,84.0,18.0,
46,71,84.25,18.0,
46,72,84.5,18.0,
46,73,84.75,18.0,
46,74,85.0,18.0,
46,75,85.25,18.0,
46,76,85.5,18.0,
46,77,85.75,18.0,
46,78,86.0,18.0,
46,79,86.25,18.0,
46,80,86.5,18.0,
46,81,86.75,18.0,
46,82,87.0,18.0,
46,83,87.25,18.0,
46,84,87.5,18.0,
46,85,87.75,18.0,
46,86,88.0,18.0,
46,87,88.25,18.0,
46,88,88.5,18.0,
46,89,88.75,18.0,
46,90,89.0,18.0,
46,91,89.25,18.0,
46,92,89.5,18.0,
46,93,89.75,18.0,
46,94,90.0,18.0,
46,95,90.25,18.0,
46,96,90.5,18.0,
46,97,90.75,18.0,
46,98,91.0,18.0,
46,99,91.25,18.0,
46,100,91.5,18.0,
46,101,91.75,18.0,
46,102,92.0,18.0,
46,103,92.25,18.0,
46,104,92.5,18.0,
46,105,92.75,18.0,
46,106,93.0,18.0,
46,107,93.25,18.0,
46,108,93.5,18.0,
46,109,93.75,18.0,
46,110,94.0,18.0,
46,111,94.25,18.0,
46,112,94.5,18.0,
46,113,94.75,18.0,
46,114,95.0,18.0,
46,115,95.25,18.0,
46,116,95.5,18.0,
46,117,95.75,18.0,
46,118,96.0,18.0,
46,119,96.25,18.0,
46,120,96.5,18.0,
46,121,96.75,18.0,
46,122,97.0,18.0,
46,123,97.25,18.0,
46,124,97.5,18.0,
46,125,97.75,18.0,
46,126,98.0,18.0,
46,127,98.25,18.0,
46,128,98.5,18.0,
46,129,98.75,18.0,
46,130,99.0,18.0,
46,131,99.25,18.0,
46,132,99.5,18.0,
46,133,99.75,18.0,
46,134,100.0,18.0,
47,0,66.5,18.25,
47,1,66.75,18.25,
47,2,67.0,18.25,
47,3,67.25,18.25,
47,4,67.5,18.25,
47,5,67.75,18.25,
47,6,68.0,18.25,
47,7,68.25,18.25,
47,8,68.5,18.25,
47,9,68.75,18.25,
47,10,69.0,18.25,
47,11,69.25,18.25,
47,12,69.5,18.25,
47,13,69.75,18.25,
47,14,70.0,18.25,
47,15,70.25,18.25,
47,16,70.5,18.25,
47,17,70.75,18.25,
47,18,71.0,18.25,
47,19,71.25,18.25,
47,20,71.5,18.25,
47,21,71.75,18.25,
47,22,72.0,18.25,
47,23,72.25,18.25,
47,24,72.5,18.25,
47,25,72.75,18.25,
47,26,73.0,18.25,
47,27,73.25,18.25,
47,28,73.5,18.25,
47,29,73.75,18.25,352.0
47,30,74.0,18.25,352.0
47,31,74.25,18.25,352.0
47,32,74.5,18.25,352.0
47,33,74.75,18.25,352.0
47,34,75.0,18.25,358.0
47,35,75.25,18.25,358.0
47,36,75.5,18.25,
47,37,75.75,18.25,358.0
47,38,76.0,18.25,
47,39,76.25,18.25,
47,40,76.5,18.25,344.0
47,41,76.75,18.25,344.0
47,42,77.0,18.25,344.0
47,43,77.25,18.25,
47,44,77.5,18.25,
47,45,77.75,18.25,548.0
47,46,78.0,18.25,548.0
47,47,78.25,18.25,548.0
47,48,78.5,18.25,548.0
47,49,78.75,18.25,565.0
47,50,79.0,18.25,567.0
47,51,79.25,18.25,549.0
47,52,79.5,18.25,549.0
47,53,79.75,18.25,546.0
47,54,80.0,18.25,557.0
47,55,80.25,18.25,557.0
47,56,80.5,18.25,557.0
47,57,80.75,18.25,557.0
47,58,81.0,18.25,101.0
47,59,81.25,18.25,120.0
47,60,81.5,18.25,120.0
47,61,81.75,18.25,431.0
47,62,82.0,18.25,431.0
47,63,82.25,18.25,431.0
47,64,82.5,18.25,
47,65,82.75,18.25,
47,66,83.0,18.25,
47,67,83.25,18.25,
47,68,83.5,18.25,13.0
47,69,83.75,18.25,11.0
47,70,84.0,18.25,11.0
47,71,84.25,18.25,
47,72,84.5,18.25,
47,73,84.75,18.25,
47,74,85.0,18.25,
47,75,85.25,18.25,
47,76,85.5,18.25,
47,77,85.75,18.25,
47,78,86.0,18.25,
47,79,86.25,18.25,
47,80,86.5,18.25,
47,81,86.75,18.25,
47,82,87.0,18.25,
47,83,87.25,18.25,
47,84,87.5,18.25,
47,85,87.75,18.25,
47,86,88.0,18.25,
47,87,88.25,18.25,
47,88,88.5,18.25,
47,89,88.75,18.25,
47,90,89.0,18.25,
47,91,89.25,18.25,
47,92,89.5,18.25,
47,93,89.75,18.25,
47,94,90.0,18.25,
47,95,90.25,18.25,
47,96,90.5,18.25,
47,97,90.75,18.25,
47,98,91.0,18.25,
47,99,91.25,18.25,
47,100,91.5,18.25,
47,101,91.75,18.25,
47,102,92.0,18.25,
47,103,92.25,18.25,
47,104,92.5,18.25,
47,105,92.75,18.25,
47,106,93.0,18.25,
47,107,93.25,18.25,
47,108,93.5,18.25,
47,109,93.75,18.25,
47,110,94.0,18.25,
47,111,94.25,18.25,
47,112,94.5,18.25,
47,113,94.75,18.25,
47,114,95.0,18.25,
47,115,95.25,18.25,
47,116,95.5,18.25,
47,117,95.75,18.25,
47,118,96.0,18.25,
47,119,96.25,18.25,
47,120,96.5,18.25,
47,121,96.75,18.25,
47,122,97.0,18.25,
47,123,97.25,18.25,
47,124,97.5,18.25,
47,125,97.75,18.25,
47,126,98.0,18.25,
47,127,98.25,18.25,
47,128,98.5,18.25,
47,129,98.75,18.25,
47,130,99.0,18.25,
47,131,99.25,18.25,
47,132,99.5,18.25,
47,133,99.75,18.25,
47,134,100.0,18.25,
48,0,66.5,18.5,
48,1,66.75,18.5,
48,2,67.0,18.5,
48,3,67.25,18.5,
48,4,67.5,18.5,
48,5,67.75,18.5,
48,6,68.0,18.5,
48,7,68.25,18.5,
48,8,68.5,18.5,
48,9,68.75,18.5,
48,10,69.0,18.5,
48,11,69.25,18.5,
48,12,69.5,18.5,
48,13,69.75,18.5,
48,14,70.0,18.5,
48,15,70.25,18.5,
48,16,70.5,18.5,
48,17,70.75,18.5,
48,18,71.0,18.5,
48,19,71.25,18.5,
48,20,71.5,18.5,
48,21,71.75,18.5,
48,22,72.0,18.5,
48,23,72.25,18.5,
48,24,72.5,18.5,
48,25,72.75,18.5,
48,26,73.0,18.5,
48,27,73.25,18.5,
48,28,73.5,18.5,352.0
48,29,73.75,18.5,352.0
48,30,74.0,18.5,352.0
48,31,74.25,18.5,352.0
48,32,74.5,18.5,352.0
48,33,74.75,18.5,
48,34,75.0,18.5,
48,35,75.25,18.5,358.0
48,36,75.5,18.5,
48,37,75.75,18.5,
48,38,76.0,18.5,
48,39,76.25,18.5,
48,40,76.5,18.5,344.0
48,41,76.75,18.5,344.0
48,42,77.0,18.5,344.0
48,43,77.25,18.5,347.0
48,44,77.5,18.5,347.0
48,45,77.75,18.5,548.0
48,46,78.0,18.5,562.0
48,47,78.25,18.5,562.0
48,48,78.5,18.5,562.0
48,49,78.75,18.5,565.0
48,50,79.0,18.5,549.0
48,51,79.25,18.5,563.0
48,52,79.5,18.5,563.0
48,53,79.75,18.5,546.0
48,54,80.0,18.5,546.0
48,55,80.25,18.5,557.0
48,56,80.5,18.5,557.0
48,57,80.75,18.5,101.0
48,58,81.0,18.5,101.0
48,59,81.25,18.5,120.0
48,60,81.5,18.5,120.0
48,61,81.75,18.5,120.0
48,62,82.0,18.5,431.0
48,63,82.25,18.5,431.0
48,64,82.5,18.5,
48,65,82.75,18.5,430.0
48,66,83.0,18.5,430.0
48,67,83.25,18.5,13.0
48,68,83.5,18.5,13.0
48,69,83.75,18.5,13.0
48,70,84.0,18.5,11.0
48,71,84.25,18.5,11.0
48,72,84.5,18.5,
48,73,84.75,18.5,
48,74,85.0,18.5,
48,75,85.25,18.5,
48,76,85.5,18.5,
48,77,85.75,18.5,
48,78,86.0,18.5,
48,79,86.25,18.5,
48,80,86.5,18.5,
48,81,86.75,18.5,
48,82,87.0,18.5,
48,83,87.25,18.5,
48,84,87.5,18.5,
48,85,87.75,18.5,
48,86,88.0,18.5,
48,87,88.25,18.5,
48,88,88.5,18.5,
48,89,88.75,18.5,
48,90,89.0,18.5,
48,91,89.25,18.5,
48,92,89.5,18.5,
48,93,89.75,18.5,
48,94,90.0,18.5,
48,95,90.25,18.5,
48,96,90.5,18.5,
48,97,90.75,18.5,
48,98,91.0,18.5,
48,99,91.25,18.5,
48,100,91.5,18.5,
48,101,91.75,18.5,
48,102,92.0,18.5,
48,103,92.25,18.5,
48,104,92.5,18.5,
48,105,92.75,18.5,
48,106,93.0,18.5,
48,107,93.25,18.5,
48,108,93.5,18.5,
48,109,93.75,18.5,
48,110,94.0,18.5,
48,111,94.25,18.5,
48,112,94.5,18.5,
48,113,94.75,18.5,
48,114,95.0,18.5,
48,115,95.25,18.5,
48,116,95.5,18.5,
48,117,95.75,18.5,
48,118,96.0,18.5,
48,119,96.25,18.5,
48,120,96.5,18.5,
48,121,96.75,18.5,
48,122,97.0,18.5,
48,123,97.25,18.5,
48,124,97.5,18.5,
48,125,97.75,18.5,
48,126,98.0,18.5,
48,127,98.25,18.5,
48,128,98.5,18.5,
48,129,98.75,18.5,
48,130,99.0,18.5,
48,131,99.25,18.5,
48,132,99.5,18.5,
48,133,99.75,18.5,
48,134,100.0,18.5,
49,0,66.5,18.75,
49,1,66.75,18.75,
49,2,67.0,18.75,
49,3,67.25,18.75,
49,4,67.5,18.75,
49,5,67.75,18.75,
49,6,68.0,18.75,
49,7,68.25,18.75,
49,8,68.5,18.75,
49,9,68.75,18.75,
49,10,69.0,18.75,
49,11,69.25,18.75,
49,12,69.5,18.75,
49,13,69.75,18.75,
49,14,70.0,18.75,
49,15,70.25,18.75,
49,16,70.5,18.75,
49,17,70.75,18.75,
49,18,71.0,18.75,
49,19,71.25,18.75,
49,20,71.5,18.75,
49,21,71.75,18.75,
49,22,72.0,18.75,
49,23,72.25,18.75,
49,24,72.5,18.75,
49,25,72.75,18.75,
49,26,73.0,18.75,
49,27,73.25,18.75,
49,28,73.5,18.75,352.0
49,29,73.75,18.75,352.0
49,30,74.0,18.75,352.0
49,31,74.25,18.75,352.0
49,32,74.5,18.75,
49,33,74.75,18.75,
49,34,75.0,18.75,
49,35,75.25,18.75,
49,36,75.5,18.75,
49,37,75.75,18.75,
49,38,76.0,18.75,
49,39,76.25,18.75,
49,40,76.5,18.75,
49,41,76.75,18.75,344.0
49,42,77.0,18.75,344.0
49,43,77.25,18.75,347.0
49,44,77.5,18.75,347.0
49,45,77.75,18.75,347.0
49,46,78.0,18.75,562.0
49,47,78.25,18.75,562.0
49,48,78.5,18.75,562.0
49,49,78.75,18.75,544.0
49,50,79.0,18.75,544.0
49,51,79.25,18.75,563.0
49,52,79.5,18.75,563.0
49,53,79.75,18.75,554.0
49,54,80.0,18.75,546.0
49,55,80.25,18.75,338.0
49,56,80.5,18.75,101.0
49,57,80.75,18.75,101.0
49,58,81.0,18.75,101.0
49,59,81.25,18.75,99.0
49,60,81.5,18.75,99.0
49,61,81.75,18.75,99.0
49,62,82.0,18.75,99.0
49,63,82.25,18.75,430.0
49,64,82.5,18.75,430.0
49,65,82.75,18.75,430.0
49,66,83.0,18.75,430.0
49,67,83.25,18.75,
49,68,83.5,18.75,
49,69,83.75,18.75,
49,70,84.0,18.75,11.0
49,71,84.25,18.75,11.0
49,72,84.5,18.75,11.0
49,73,84.75,18.75,
49,74,85.0,18.75,
49,75,85.25,18.75,
49,76,85.5,18.75,
49,77,85.75,18.75,
49,78,86.0,18.75,
49,79,86.25,18.75,
49,80,86.5,18.75,
49,81,86.75,18.75,
49,82,87.0,18.75,
49,83,87.25,18.75,
49,84,87.5,18.75,
49,85,87.75,18.75,
49,86,88.0,18.75,
49,87,88.25,18.75,
49,88,88.5,18.75,
49,89,88.75,18.75,
49,90,89.0,18.75,
49,91,89.25,18.75,
49,92,89.5,18.75,
49,93,89.75,18.75,
49,94,90.0,18.75,
49,95,90.25,18.75,
49,96,90.5,18.75,
49,97,90.75,18.75,
49,98,91.0,18.75,
49,99,91.25,18.75,
49,100,91.5,18.75,
49,101,91.75,18.75,
49,102,92.0,18.75,
49,103,92.25,18.75,
49,104,92.5,18.75,
49,105,92.75,18.75,
49,106,93.0,18.75,
49,107,93.25,18.75,
49,108,93.5,18.75,
49,109,93.75,18.75,
49,110,94.0,18.75,
49,111,94.25,18.75,
49,112,94.5,18.75,
49,113,94.75,18.75,
49,114,95.0,18.75,
49,115,95.25,18.75,
49,116,95.5,18.75,
49,117,95.75,18.75,
49,118,96.0,18.75,
49,119,96.25,18.75,
49,120,96.5,18.75,
49,121,96.75,18.75,
49,122,97.0,18.75,
49,123,97.25,18.75,
49,124,97.5,18.75,
49,125,97.75,18.75,
49,126,98.0,18.75,
49,127,98.25,18.75,
49,128,98.5,18.75,
49,129,98.75,18.75,
49,130,99.0,18.75,
49,131,99.25,18.75,
49,132,99.5,18.75,
49,133,99.75,18.75,
49,134,100.0,18.75,
50,0,66.5,19.0,
50,1,66.75,19.0,
50,2,67.0,19.0,
50,3,67.25,19.0,
50,4,67.5,19.0,
50,5,67.75,19.0,
50,6,68.0,19.0,
50,7,68.25,19.0,
50,8,68.5,19.0,
50,9,68.75,19.0,
50,10,69.0,19.0,
50,11,69.25,19.0,
50,12,69.5,19.0,
50,13,69.75,19.0,
50,14,70.0,19.0,
50,15,70.25,19.0,
50,16,70.5,19.0,
50,17,70.75,19.0,
50,18,71.0,19.0,
50,19,71.25,19.0,
50,20,71.5,19.0,
50,21,71.75,19.0,
50,22,72.0,19.0,
50,23,72.25,19.0,
50,24,72.5,19.0,
50,25,72.75,19.0,
50,26,73.0,19.0,360.0
50,27,73.25,19.0,
50,28,73.5,19.0,
50,29,73.75,19.0,352.0
50,30,74.0,19.0,352.0
50,31,74.25,19.0,
50,32,74.5,19.0,
50,33,74.75,19.0,
50,34,75.0,19.0,
50,35,75.25,19.0,
50,36,75.5,19.0,
50,37,75.75,19.0,
50,38,76.0,19.0,
50,39,76.25,19.0,
50,40,76.5,19.0,351.0
50,41,76.75,19.0,351.0
50,42,77.0,19.0,351.0
50,43,77.25,19.0,347.0
50,44,77.5,19.0,347.0
50,45,77.75,19.0,347.0
50,46,78.0,19.0,561.0
50,47,78.25,19.0,562.0
50,48,78.5,19.0,561.0
50,49,78.75,19.0,544.0
50,50,79.0,19.0,544.0
50,51,79.25,19.0,554.0
50,52,79.5,19.0,554.0
50,53,79.75,19.0,554.0
50,54,80.0,19.0,338.0
50,55,80.25,19.0,338.0
50,56,80.5,19.0,101.0
50,57,80.75,19.0,101.0
50,58,81.0,19.0,101.0
50,59,81.25,19.0,99.0
50,60,81.5,19.0,99.0
50,61,81.75,19.0,99.0
50,62,82.0,19.0,99.0
50,63,82.25,19.0,430.0
50,64,82.5,19.0,430.0
50,65,82.75,19.0,430.0
50,66,83.0,19.0,430.0
50,67,83.25,19.0,430.0
50,68,83.5,19.0,
50,69,83.75,19.0,437.0
50,70,84.0,19.0,420.0
50,71,84.25,19.0,420.0
50,72,84.5,19.0,11.0
50,73,84.75,19.0,
50,74,85.0,19.0,
50,75,85.25,19.0,
50,76,85.5,19.0,
50,77,85.75,19.0,
50,78,86.0,19.0,
50,79,86.25,19.0,
50,80,86.5,19.0,
50,81,86.75,19.0,
50,82,87.0,19.0,
50,83,87.25,19.0,
50,84,87.5,19.0,
50,85,87.75,19.0,
50,86,88.0,19.0,
50,87,88.25,19.0,
50,88,88.5,19.0,
50,89,88.75,19.0,
50,90,89.0,19.0,
50,91,89.25,19.0,
50,92,89.5,19.0,
50,93,89.75,19.0,
50,94,90.0,19.0,
50,95,90.25,19.0,
50,96,90.5,19.0,
50,97,90.75,19.0,
50,98,91.0,19.0,
50,99,91.25,19.0,
50,100,91.5,19.0,
50,101,91.75,19.0,
50,102,92.0,19.0,
50,103,92.25,19.0,
50,104,92.5,19.0,
50,105,92.75,19.0,
50,106,93.0,19.0,
50,107,93.25,19.0,
50,108,93.5,19.0,
50,109,93.75,19.0,
50,110,94.0,19.0,
50,111,94.25,19.0,
50,112,94.5,19.0,
50,113,94.75,19.0,
50,114,95.0,19.0,
50,115,95.25,19.0,
50,116,95.5,19.0,
50,117,95.75,19.0,
50,118,96.0,19.0,
50,119,96.25,19.0,
50,120,96.5,19.0,
50,121,96.75,19.0,
50,122,97.0,19.0,
50,123,97.25,19.0,
50,124,97.5,19.0,
50,125,97.75,19.0,
50,126,98.0,19.0,
50,127,98.25,19.0,
50,128,98.5,19.0,
50,129,98.75,19.0,
50,130,99.0,19.0,
50,131,99.25,19.0,
50,132,99.5,19.0,
50,133,99.75,19.0,
50,134,100.0,19.0,
51,0,66.5,19.25,
51,1,66.75,19.25,
51,2,67.0,19.25,
51,3,67.25,19.25,
51,4,67.5,19.25,
51,5,67.75,19.25,
51,6,68.0,19.25,
51,7,68.25,19.25,
51,8,68.5,19.25,
51,9,68.75,19.25,
51,10,69.0,19.25,
51,11,69.25,19.25,
51,12,69.5,19.25,
51,13,69.75,19.25,
51,14,70.0,19.25,
51,15,70.25,19.25,
51,16,70.5,19.25,
51,17,70.75,19.25,
51,18,71.0,19.25,
51,19,71.25,19.25,
51,20,71.5,19.25,
51,21,71.75,19.25,
51,22,72.0,19.25,
51,23,72.25,19.25,
51,24,72.5,19.25,
51,25,72.75,19.25,
51,26,73.0,19.25,360.0
51,27,73.25,19.25,360.0
51,28,73.5,19.25,360.0
51,29,73.75,19.25,352.0
51,30,74.0,19.25,352.0
51,31,74.25,19.25,
51,32,74.5,19.25,
51,33,74.75,19.25,
51,34,75.0,19.25,
51,35,75.25,19.25,
51,36,75.5,19.25,
51,37,75.75,19.25,
51,38,76.0,19.25,
51,39,76.25,19.25,351.0
51,40,76.5,19.25,351.0
51,41,76.75,19.25,351.0
51,42,77.0,19.25,351.0
51,43,77.25,19.25,347.0
51,44,77.5,19.25,347.0
51,45,77.75,19.25,347.0
51,46,78.0,19.25,561.0
51,47,78.25,19.25,561.0
51,48,78.5,19.25,541.0
51,49,78.75,19.25,561.0
51,50,79.0,19.25,551.0
51,51,79.25,19.25,551.0
51,52,79.5,19.25,551.0
51,53,79.75,19.25,551.0
51,54,80.0,19.25,338.0
51,55,80.25,19.25,338.0
51,56,80.5,19.25,101.0
51,57,80.75,19.25,101.0
51,58,81.0,19.25,
51,59,81.25,19.25,
51,60,81.5,19.25,111.0
51,61,81.75,19.25,99.0
51,62,82.0,19.25,99.0
51,63,82.25,19.25,433.0
51,64,82.5,19.25,433.0
51,65,82.75,19.25,433.0
51,66,83.0,19.25,437.0
51,67,83.25,19.25,437.0
51,68,83.5,19.25,437.0
51,69,83.75,19.25,437.0
51,70,84.0,19.25,420.0
51,71,84.25,19.25,420.0
51,72,84.5,19.25,421.0
51,73,84.75,19.25,421.0
51,74,85.0,19.25,
51,75,85.25,19.25,
51,76,85.5,19.25,
51,77,85.75,19.25,
51,78,86.0,19.25,
51,79,86.25,19.25,
51,80,86.5,19.25,
51,81,86.75,19.25,
51,82,87.0,19.25,
51,83,87.25,19.25,
51,84,87.5,19.25,
51,85,87.75,19.25,
51,86,88.0,19.25,
51,87,88.25,19.25,
51,88,88.5,19.25,
51,89,88.75,19.25,
51,90,89.0,19.25,
51,91,89.25,19.25,
51,92,89.5,19.25,
51,93,89.75,19.25,
51,94,90.0,19.25,
51,95,90.25,19.25,
51,96,90.5,19.25,
51,97,90.75,19.25,
51,98,91.0,19.25,
51,99,91.25,19.25,
51,100,91.5,19.25,
51,101,91.75,19.25,
51,102,92.0,19.25,
51,103,92.25,19.25,
51,104,92.5,19.25,
51,105,92.75,19.25,
51,106,93.0,19.25,
51,107,93.25,19.25,
51,108,93.5,19.25,
51,109,93.75,19.25,
51,110,94.0,19.25,
51,111,94.25,19.25,
51,112,94.5,19.25,
51,113,94.75,19.25,
51,114,95.0,19.25,
51,115,95.25,19.25,
51,116,95.5,19.25,
51,117,95.75,19.25,
51,118,96.0,19.25,
51,119,96.25,19.25,
51,120,96.5,19.25,
51,121,96.75,19.25,
51,122,97.0,19.25,
51,123,97.25,19.25,
51,124,97.5,19.25,
51,125,97.75,19.25,
51,126,98.0,19.25,
51,127,98.25,19.25,
51,128,98.5,19.25,
51,129,98.75,19.25,
51,130,99.0,19.25,
51,131,99.25,19.25,
51,132,99.5,19.25,
51,133,99.75,19.25,
51,134,100.0,19.25,
52,0,66.5,19.5,
52,1,66.75,19.5,
52,2,67.0,19.5,
52,3,67.25,19.5,
52,4,67.5,19.5,
52,5,67.75,19.5,
52,6,68.0,19.5,
52,7,68.25,19.5,
52,8,68.5,19.5,
52,9,68.75,19.5,
52,10,69.0,19.5,
52,11,69.25,19.5,
52,12,69.5,19.5,
52,13,69.75,19.5,
52,14,70.0,19.5,
52,15,70.25,19.5,
52,16,70.5,19.5,
52,17,70.75,19.5,
52,18,71.0,19.5,
52,19,71.25,19.5,
52,20,71.5,19.5,
52,21,71.75,19.5,
52,22,72.0,19.5,
52,23,72.25,19.5,
52,24,72.5,19.5,
52,25,72.75,19.5,350.0
52,26,73.0,19.5,350.0
52,27,73.25,19.5,360.0
52,28,73.5,19.5,360.0
52,29,73.75,19.5,
52,30,74.0,19.5,
52,31,74.25,19.5,
52,32,74.5,19.5,
52,33,74.75,19.5,
52,34,75.0,19.5,
52,35,75.25,19.5,
52,36,75.5,19.5,
52,37,75.75,19.5,342.0
52,38,76.0,19.5,342.0
52,39,76.25,19.5,342.0
52,40,76.5,19.5,351.0
52,41,76.75,19.5,351.0
52,42,77.0,19.5,340.0
52,43,77.25,19.5,340.0
52,44,77.5,19.5,347.0
52,45,77.75,19.5,364.0
52,46,78.0,19.5,364.0
52,47,78.25,19.5,347.0
52,48,78.5,19.5,541.0
52,49,78.75,19.5,541.0
52,50,79.0,19.5,551.0
52,51,79.25,19.5,551.0
52,52,79.5,19.5,551.0
52,53,79.75,19.5,551.0
52,54,80.0,19.5,338.0
52,55,80.25,19.5,338.0
52,56,80.5,19.5,338.0
52,57,80.75,19.5,338.0
52,58,81.0,19.5,
52,59,81.25,19.5,
52,60,81.5,19.5,111.0
52,61,81.75,19.5,111.0
52,62,82.0,19.5,111.0
52,63,82.25,19.5,433.0
52,64,82.5,19.5,433.0
52,65,82.75,19.5,425.0
52,66,83.0,19.5,425.0
52,67,83.25,19.5,437.0
52,68,83.5,19.5,437.0
52,69,83.75,19.5,437.0
52,70,84.0,19.5,420.0
52,71,84.25,19.5,420.0
52,72,84.5,19.5,421.0
52,73,84.75,19.5,421.0
52,74,85.0,19.5,421.0
52,75,85.25,19.5,
52,76,85.5,19.5,
52,77,85.75,19.5,
52,78,86.0,19.5,
52,79,86.25,19.5,
52,80,86.5,19.5,
52,81,86.75,19.5,
52,82,87.0,19.5,
52,83,87.25,19.5,
52,84,87.5,19.5,
52,85,87.75,19.5,
52,86,88.0,19.5,
52,87,88.25,19.5,
52,88,88.5,19.5,
52,89,88.75,19.5,
52,90,89.0,19.5,
52,91,89.25,19.5,
52,92,89.5,19.5,
52,93,89.75,19.5,
52,94,90.0,19.5,
52,95,90.25,19.5,
52,96,90.5,19.5,
52,97,90.75,19.5,
52,98,91.0,19.5,
52,99,91.25,19.5,
52,100,91.5,19.5,
52,101,91.75,19.5,
52,102,92.0,19.5,
52,103,92.25,19.5,
52,104,92.5,19.5,
52,105,92.75,19.5,
52,106,93.0,19.5,
52,107,93.25,19.5,
52,108,93.5,19.5,
52,109,93.75,19.5,
52,110,94.0,19.5,
52,111,94.25,19.5,
52,112,94.5,19.5,
52,113,94.75,19.5,
52,114,95.0,19.5,
52,115,95.25,19.5,
52,116,95.5,19.5,
52,117,95.75,19.5,
52,118,96.0,19.5,
52,119,96.25,19.5,
52,120,96.5,19.5,
52,121,96.75,19.5,
52,122,97.0,19.5,
52,123,97.25,19.5,
52,124,97.5,19.5,
52,125,97.75,19.5,
52,126,98.0,19.5,
52,127,98.25,19.5,
52,128,98.5,19.5,
52,129,98.75,19.5,
52,130,99.0,19.5,
52,131,99.25,19.5,
52,132,99.5,19.5,
52,133,99.75,19.5,
52,134,100.0,19.5,
53,0,66.5,19.75,
53,1,66.75,19.75,
53,2,67.0,19.75,
53,3,67.25,19.75,
53,4,67.5,19.75,
53,5,67.75,19.75,
53,6,68.0,19.75,
53,7,68.25,19.75,
53,8,68.5,19.75,
53,9,68.75,19.75,
53,10,69.0,19.75,
53,11,69.25,19.75,
53,12,69.5,19.75,
53,13,69.75,19.75,
53,14,70.0,19.75,
53,15,70.25,19.75,
53,16,70.5,19.75,
53,17,70.75,19.75,
53,18,71.0,19.75,
53,19,71.25,19.75,
53,20,71.5,19.75,
53,21,71.75,19.75,
53,22,72.0,19.75,
53,23,72.25,19.75,
53,24,72.5,19.75,
53,25,72.75,19.75,350.0
53,26,73.0,19.75,350.0
53,27,73.25,19.75,350.0
53,28,73.5,19.75,350.0
53,29,73.75,19.75,349.0
53,30,74.0,19.75,349.0
53,31,74.25,19.75,
53,32,74.5,19.75,
53,33,74.75,19.75,
53,34,75.0,19.75,
53,35,75.25,19.75,
53,36,75.5,19.75,
53,37,75.75,19.75,342.0
53,38,76.0,19.75,342.0
53,39,76.25,19.75,342.0
53,40,76.5,19.75,351.0
53,41,76.75,19.75,340.0
53,42,77.0,19.75,340.0
53,43,77.25,19.75,340.0
53,44,77.5,19.75,364.0
53,45,77.75,19.75,364.0
53,46,78.0,19.75,347.0
53,47,78.25,19.75,347.0
53,48,78.5,19.75,541.0
53,49,78.75,19.75,541.0
53,50,79.0,19.75,336.0
53,51,79.25,19.75,336.0
53,52,79.5,19.75,336.0
53,53,79.75,19.75,336.0
53,54,80.0,19.75,338.0
53,55,80.25,19.75,338.0
53,56,80.5,19.75,338.0
53,57,80.75,19.75,
53,58,81.0,19.75,
53,59,81.25,19.75,
53,60,81.5,19.75,111.0
53,61,81.75,19.75,111.0
53,62,82.0,19.75,111.0
53,63,82.25,19.75,433.0
53,64,82.5,19.75,433.0
53,65,82.75,19.75,425.0
53,66,83.0,19.75,425.0
53,67,83.25,19.75,425.0
53,68,83.5,19.75,437.0
53,69,83.75,19.75,426.0
53,70,84.0,19.75,426.0
53,71,84.25,19.75,421.0
53,72,84.5,19.75,421.0
53,73,84.75,19.75,421.0
53,74,85.0,19.75,421.0
53,75,85.25,19.75,429.0
53,76,85.5,19.75,436.0
53,77,85.75,19.75,
53,78,86.0,19.75,
53,79,86.25,19.75,
53,80,86.5,19.75,
53,81,86.75,19.75,
53,82,87.0,19.75,
53,83,87.25,19.75,
53,84,87.5,19.75,
53,85,87.75,19.75,
53,86,88.0,19.75,
53,87,88.25,19.75,
53,88,88.5,19.75,
53,89,88.75,19.75,
53,90,89.0,19.75,
53,91,89.25,19.75,
53,92,89.5,19.75,
53,93,89.75,19.75,
53,94,90.0,19.75,
53,95,90.25,19.75,
53,96,90.5,19.75,
53,97,90.75,19.75,
53,98,91.0,19.75,
53,99,91.25,19.75,
53,100,91.5,19.75,
53,101,91.75,19.75,
53,102,92.0,19.75,
53,103,92.25,19.75,
53,104,92.5,19.75,
53,105,92.75,19.75,
53,106,93.0,19.75,
53,107,93.25,19.75,
53,108,93.5,19.75,
53,109,93.75,19.75,
53,110,94.0,19.75,
53,111,94.25,19.75,
53,112,94.5,19.75,
53,113,94.75,19.75,
53,114,95.0,19.75,
53,115,95.25,19.75,
53,116,95.5,19.75,
53,117,95.75,19.75,
53,118,96.0,19.75,
53,119,96.25,19.75,
53,120,96.5,19.75,
53,121,96.75,19.75,
53,122,97.0,19.75,
53,123,97.25,19.75,
53,124,97.5,19.75,
53,125,97.75,19.75,
53,126,98.0,19.75,
53,127,98.25,19.75,
53,128,98.5,19.75,
53,129,98.75,19.75,
53,130,99.0,19.75,
53,131,99.25,19.75,
53,132,99.5,19.75,
53,133,99.75,19.75,
53,134,100.0,19.75,
54,0,66.5,20.0,
54,1,66.75,20.0,
54,2,67.0,20.0,
54,3,67.25,20.0,
54,4,67.5,20.0,
54,5,67.75,20.0,
54,6,68.0,20.0,
54,7,68.25,20.0,
54,8,68.5,20.0,
54,9,68.75,20.0,
54,10,69.0,20.0,
54,11,69.25,20.0,
54,12,69.5,20.0,
54,13,69.75,20.0,
54,14,70.0,20.0,
54,15,70.25,20.0,
54,16,70.5,20.0,
54,17,70.75,20.0,
54,18,71.0,20.0,
54,19,71.25,20.0,
54,20,71.5,20.0,
54,21,71.75,20.0,
54,22,72.0,20.0,
54,23,72.25,20.0,
54,24,72.5,20.0,
54,25,72.75,20.0,350.0
54,26,73.0,20.0,350.0
54,27,73.25,20.0,350.0
54,28,73.5,20.0,349.0
54,29,73.75,20.0,349.0
54,30,74.0,20.0,349.0
54,31,74.25,20.0,349.0
54,32,74.5,20.0,349.0
54,33,74.75,20.0,
54,34,75.0,20.0,
54,35,75.25,20.0,
54,36,75.5,20.0,
54,37,75.75,20.0,342.0
54,38,76.0,20.0,335.0
54,39,76.25,20.0,335.0
54,40,76.5,20.0,335.0
54,41,76.75,20.0,363.0
54,42,77.0,20.0,340.0
54,43,77.25,20.0,363.0
54,44,77.5,20.0,364.0
54,45,77.75,20.0,364.0
54,46,78.0,20.0,364.0
54,47,78.25,20.0,364.0
54,48,78.5,20.0,364.0
54,49,78.75,20.0,364.0
54,50,79.0,20.0,364.0
54,51,79.25,20.0,336.0
54,52,79.5,20.0,336.0
54,53,79.75,20.0,336.0
54,54,80.0,20.0,338.0
54,55,80.25,20.0,338.0
54,56,80.5,20.0,338.0
54,57,80.75,20.0,123.0
54,58,81.0,20.0,123.0
54,59,81.25,20.0,123.0
54,60,81.5,20.0,111.0
54,61,81.75,20.0,111.0
54,62,82.0,20.0,433.0
54,63,82.25,20.0,106.0
54,64,82.5,20.0,106.0
54,65,82.75,20.0,425.0
54,66,83.0,20.0,425.0
54,67,83.25,20.0,425.0
54,68,83.5,20.0,425.0
54,69,83.75,20.0,426.0
54,70,84.0,20.0,426.0
54,71,84.25,20.0,426.0
54,72,84.5,20.0,421.0
54,73,84.75,20.0,421.0
54,74,85.0,20.0,434.0
54,75,85.25,20.0,434.0
54,76,85.5,20.0,429.0
54,77,85.75,20.0,436.0
54,78,86.0,20.0,436.0
54,79,86.25,20.0,436.0
54,80,86.5,20.0,
54,81,86.75,20.0,
54,82,87.0,20.0,
54,83,87.25,20.0,
54,84,87.5,20.0,
54,85,87.75,20.0,
54,86,88.0,20.0,
54,87,88.25,20.0,
54,88,88.5,20.0,
54,89,88.75,20.0,
54,90,89.0,20.0,
54,91,89.25,20.0,
54,92,89.5,20.0,
54,93,89.75,20.0,
54,94,90.0,20.0,
54,95,90.25,20.0,
54,96,90.5,20.0,
54,97,90.75,20.0,
54,98,91.0,20.0,
54,99,91.25,20.0,
54,100,91.5,20.0,
54,101,91.75,20.0,
54,102,92.0,20.0,
54,103,92.25,20.0,
54,104,92.5,20.0,
54,105,92.75,20.0,
54,106,93.0,20.0,
54,107,93.25,20.0,
54,108,93.5,20.0,
54,109,93.75,20.0,
54,110,94.0,20.0,
54,111,94.25,20.0,
54,112,94.5,20.0,
54,113,94.75,20.0,
54,114,95.0,20.0,
54,115,95.25,20.0,
54,116,95.5,20.0,
54,117,95.75,20.0,
54,118,96.0,20.0,
54,119,96.25,20.0,
54,120,96.5,20.0,
54,121,96.75,20.0,
54,122,97.0,20.0,
54,123,97.25,20.0,
54,124,97.5,20.0,
54,125,97.75,20.0,
54,126,98.0,20.0,
54,127,98.25,20.0,
54,128,98.5,20.0,
54,129,98.75,20.0,
54,130,99.0,20.0,
54,131,99.25,20.0,
54,132,99.5,20.0,
54,133,99.75,20.0,
54,134,100.0,20.0,
55,0,66.5,20.25,
55,1,66.75,20.25,
55,2,67.0,20.25,
55,3,67.25,20.25,
55,4,67.5,20.25,
55,5,67.75,20.25,
55,6,68.0,20.25,
55,7,68.25,20.25,
55,8,68.5,20.25,
55,9,68.75,20.25,
55,10,69.0,20.25,
55,11,69.25,20.25,
55,12,69.5,20.25,
55,13,69.75,20.25,
55,14,70.0,20.25,
55,15,70.25,20.25,
55,16,70.5,20.25,
55,17,70.75,20.25,
55,18,71.0,20.25,
55,19,71.25,20.25,
55,20,71.5,20.25,
55,21,71.75,20.25,
55,22,72.0,20.25,
55,23,72.25,20.25,
55,24,72.5,20.25,
55,25,72.75,20.25,172.0
55,26,73.0,20.25,124.0
55,27,73.25,20.25,172.0
55,28,73.5,20.25,349.0
55,29,73.75,20.25,349.0
55,30,74.0,20.25,349.0
55,31,74.25,20.25,349.0
55,32,74.5,20.25,349.0
55,33,74.75,20.25,349.0
55,34,75.0,20.25,
55,35,75.25,20.25,
55,36,75.5,20.25,
55,37,75.75,20.25,342.0
55,38,76.0,20.25,342.0
55,39,76.25,20.25,335.0
55,40,76.5,20.25,335.0
55,41,76.75,20.25,335.0
55,42,77.0,20.25,363.0
55,43,77.25,20.25,363.0
55,44,77.5,20.25,363.0
55,45,77.75,20.25,364.0
55,46,78.0,20.25,364.0
55,47,78.25,20.25,364.0
55,48,78.5,20.25,364.0
55,49,78.75,20.25,364.0
55,50,79.0,20.25,336.0
55,51,79.25,20.25,336.0
55,52,79.5,20.25,336.0
55,53,79.75,20.25,336.0
55,54,80.0,20.25,338.0
55,55,80.25,20.25,338.0
55,56,80.5,20.25,
55,57,80.75,20.25,123.0
55,58,81.0,20.25,123.0
55,59,81.25,20.25,123.0
55,60,81.5,20.25,123.0
55,61,81.75,20.25,123.0
55,62,82.0,20.25,104.0
55,63,82.25,20.25,106.0
55,64,82.5,20.25,435.0
55,65,82.75,20.25,435.0
55,66,83.0,20.25,416.0
55,67,83.25,20.25,425.0
55,68,83.5,20.25,425.0
55,69,83.75,20.25,426.0
55,70,84.0,20.25,426.0
55,71,84.25,20.25,426.0
55,72,84.5,20.25,426.0
55,73,84.75,20.25,434.0
55,74,85.0,20.25,434.0
55,75,85.25,20.25,434.0
55,76,85.5,20.25,429.0
55,77,85.75,20.25,429.0
55,78,86.0,20.25,417.0
55,79,86.25,20.25,422.0
55,80,86.5,20.25,422.0
55,81,86.75,20.25,
55,82,87.0,20.25,
55,83,87.25,20.25,
55,84,87.5,20.25,
55,85,87.75,20.25,
55,86,88.0,20.25,
55,87,88.25,20.25,
55,88,88.5,20.25,
55,89,88.75,20.25,
55,90,89.0,20.25,
55,91,89.25,20.25,
55,92,89.5,20.25,
55,93,89.75,20.25,
55,94,90.0,20.25,
55,95,90.25,20.25,
55,96,90.5,20.25,
55,97,90.75,20.25,
55,98,91.0,20.25,
55,99,91.25,20.25,
55,100,91.5,20.25,
55,101,91.75,20.25,
55,102,92.0,20.25,
55,103,92.25,20.25,
55,104,92.5,20.25,
55,105,92.75,20.25,
55,106,93.0,20.25,
55,107,93.25,20.25,
55,108,93.5,20.25,
55,109,93.75,20.25,
55,110,94.0,20.25,
55,111,94.25,20.25,
55,112,94.5,20.25,
55,113,94.75,20.25,
55,114,95.0,20.25,
55,115,95.25,20.25,
55,116,95.5,20.25,
55,117,95.75,20.25,
55,118,96.0,20.25,
55,119,96.25,20.25,
55,120,96.5,20.25,
55,121,96.75,20.25,
55,122,97.0,20.25,
55,123,97.25,20.25,
55,124,97.5,20.25,
55,125,97.75,20.25,
55,126,98.0,20.25,
55,127,98.25,20.25,
55,128,98.5,20.25,
55,129,98.75,20.25,
55,130,99.0,20.25,
55,131,99.25,20.25,
55,132,99.5,20.25,
55,133,99.75,20.25,
55,134,100.0,20.25,
56,0,66.5,20.5,
56,1,66.75,20.5,
56,2,67.0,20.5,
56,3,67.25,20.5,
56,4,67.5,20.5,
56,5,67.75,20.5,
56,6,68.0,20.5,
56,7,68.25,20.5,
56,8,68.5,20.5,
56,9,68.75,20.5,
56,10,69.0,20.5,
56,11,69.25,20.5,
56,12,69.5,20.5,
56,13,69.75,20.5,
56,14,70.0,20.5,
56,15,70.25,20.5,
56,16,70.5,20.5,
56,17,70.75,20.5,
56,18,71.0,20.5,
56,19,71.25,20.5,
56,20,71.5,20.5,
56,21,71.75,20.5,
56,22,72.0,20.5,
56,23,72.25,20.5,
56,24,72.5,20.5,
56,25,72.75,20.5,
56,26,73.0,20.5,172.0
56,27,73.25,20.5,172.0
56,28,73.5,20.5,349.0
56,29,73.75,20.5,349.0
56,30,74.0,20.5,349.0
56,31,74.25,20.5,349.0
56,32,74.5,20.5,349.0
56,33,74.75,20.5,349.0
56,34,75.0,20.5,341.0
56,35,75.25,20.5,
56,36,75.5,20.5,
56,37,75.75,20.5,
56,38,76.0,20.5,335.0
56,39,76.25,20.5,335.0
56,40,76.5,20.5,335.0
56,41,76.75,20.5,330.0
56,42,77.0,20.5,330.0
56,43,77.25,20.5,330.0
56,44,77.5,20.5,363.0
56,45,77.75,20.5,364.0
56,46,78.0,20.5,364.0
56,47,78.25,20.5,364.0
56,48,78.5,20.5,364.0
56,49,78.75,20.5,362.0
56,50,79.0,20.5,362.0
56,51,79.25,20.5,336.0
56,52,79.5,20.5,336.0
56,53,79.75,20.5,336.0
56,54,80.0,20.5,338.0
56,55,80.25,20.5,338.0
56,56,80.5,20.5,338.0
56,57,80.75,20.5,
56,58,81.0,20.5,96.0
56,59,81.25,20.5,96.0
56,60,81.5,20.5,123.0
56,61,81.75,20.5,104.0
56,62,82.0,20.5,104.0
56,63,82.25,20.5,106.0
56,64,82.5,20.5,435.0
56,65,82.75,20.5,416.0
56,66,83.0,20.5,416.0
56,67,83.25,20.5,416.0
56,68,83.5,20.5,416.0
56,69,83.75,20.5,
56,70,84.0,20.5,426.0
56,71,84.25,20.5,426.0
56,72,84.5,20.5,
56,73,84.75,20.5,434.0
56,74,85.0,20.5,417.0
56,75,85.25,20.5,417.0
56,76,85.5,20.5,417.0
56,77,85.75,20.5,417.0
56,78,86.0,20.5,417.0
56,79,86.25,20.5,417.0
56,80,86.5,20.5,
56,81,86.75,20.5,
56,82,87.0,20.5,
56,83,87.25,20.5,
56,84,87.5,20.5,
56,85,87.75,20.5,
56,86,88.0,20.5,
56,87,88.25,20.5,
56,88,88.5,20.5,
56,89,88.75,20.5,
56,90,89.0,20.5,
56,91,89.25,20.5,
56,92,89.5,20.5,
56,93,89.75,20.5,
56,94,90.0,20.5,
56,95,90.25,20.5,
56,96,90.5,20.5,
56,97,90.75,20.5,
56,98,91.0,20.5,
56,99,91.25,20.5,
56,100,91.5,20.5,
56,101,91.75,20.5,
56,102,92.0,20.5,
56,103,92.25,20.5,
56,104,92.5,20.5,
56,105,92.75,20.5,
56,106,93.0,20.5,
56,107,93.25,20.5,
56,108,93.5,20.5,
56,109,93.75,20.5,
56,110,94.0,20.5,
56,111,94.25,20.5,
56,112,94.5,20.5,
56,113,94.75,20.5,
56,114,95.0,20.5,
56,115,95.25,20.5,
56,116,95.5,20.5,
56,117,95.75,20.5,
56,118,96.0,20.5,
56,119,96.25,20.5,
56,120,96.5,20.5,
56,121,96.75,20.5,
56,122,97.0,20.5,
56,123,97.25,20.5,
56,124,97.5,20.5,
56,125,97.75,20.5,
56,126,98.0,20.5,
56,127,98.25,20.5,
56,128,98.5,20.5,
56,129,98.75,20.5,
56,130,99.0,20.5,
56,131,99.25,20.5,
56,132,99.5,20.5,
56,133,99.75,20.5,
56,134,100.0,20.5,
57,0,66.5,20.75,
57,1,66.75,20.75,
57,2,67.0,20.75,
57,3,67.25,20.75,
57,4,67.5,20.75,
57,5,67.75,20.75,
57,6,68.0,20.75,
57,7,68.25,20.75,
57,8,68.5,20.75,
57,9,68.75,20.75,
57,10,69.0,20.75,
57,11,69.25,20.75,
57,12,69.5,20.75,
57,13,69.75,20.75,
57,14,70.0,20.75,
57,15,70.25,20.75,
57,16,70.5,20.75,
57,17,70.75,20.75,153.0
57,18,71.0,20.75,153.0
57,19,71.25,20.75,
57,20,71.5,20.75,
57,21,71.75,20.75,
57,22,72.0,20.75,
57,23,72.25,20.75,
57,24,72.5,20.75,
57,25,72.75,20.75,
57,26,73.0,20.75,162.0
57,27,73.25,20.75,162.0
57,28,73.5,20.75,150.0
57,29,73.75,20.75,150.0
57,30,74.0,20.75,349.0
57,31,74.25,20.75,349.0
57,32,74.5,20.75,349.0
57,33,74.75,20.75,337.0
57,34,75.0,20.75,341.0
57,35,75.25,20.75,341.0
57,36,75.5,20.75,341.0
57,37,75.75,20.75,341.0
57,38,76.0,20.75,335.0
57,39,76.25,20.75,335.0
57,40,76.5,20.75,335.0
57,41,76.75,20.75,335.0
57,42,77.0,20.75,330.0
57,43,77.25,20.75,330.0
57,44,77.5,20.75,330.0
57,45,77.75,20.75,
57,46,78.0,20.75,
57,47,78.25,20.75,
57,48,78.5,20.75,362.0
57,49,78.75,20.75,362.0
57,50,79.0,20.75,346.0
57,51,79.25,20.75,346.0
57,52,79.5,20.75,346.0
57,53,79.75,20.75,333.0
57,54,80.0,20.75,339.0
57,55,80.25,20.75,339.0
57,56,80.5,20.75,338.0
57,57,80.75,20.75,
57,58,81.0,20.75,96.0
57,59,81.25,20.75,96.0
57,60,81.5,20.75,104.0
57,61,81.75,20.75,104.0
57,62,82.0,20.75,106.0
57,63,82.25,20.75,106.0
57,64,82.5,20.75,435.0
57,65,82.75,20.75,416.0
57,66,83.0,20.75,416.0
57,67,83.25,20.75,416.0
57,68,83.5,20.75,416.0
57,69,83.75,20.75,439.0
57,70,84.0,20.75,
57,71,84.25,20.75,
57,72,84.5,20.75,411.0
57,73,84.75,20.75,411.0
57,74,85.0,20.75,411.0
57,75,85.25,20.75,419.0
57,76,85.5,20.75,419.0
57,77,85.75,20.75,419.0
57,78,86.0,20.75,419.0
57,79,86.25,20.75,423.0
57,80,86.5,20.75,423.0
57,81,86.75,20.75,
57,82,87.0,20.75,
57,83,87.25,20.75,
57,84,87.5,20.75,
57,85,87.75,20.75,
57,86,88.0,20.75,
57,87,88.25,20.75,
57,88,88.5,20.75,
57,89,88.75,20.75,
57,90,89.0,20.75,
57,91,89.25,20.75,
57,92,89.5,20.75,
57,93,89.75,20.75,
57,94,90.0,20.75,
57,95,90.25,20.75,
57,96,90.5,20.75,
57,97,90.75,20.75,
57,98,91.0,20.75,
57,99,91.25,20.75,
57,100,91.5,20.75,
57,101,91.75,20.75,
57,102,92.0,20.75,
57,103,92.25,20.75,
57,104,92.5,20.75,
57,105,92.75,20.75,
57,106,93.0,20.75,
57,107,93.25,20.75,
57,108,93.5,20.75,
57,109,93.75,20.75,
57,110,94.0,20.75,
57,111,94.25,20.75,
57,112,94.5,20.75,
57,113,94.75,20.75,
57,114,95.0,20.75,
57,115,95.25,20.75,
57,116,95.5,20.75,
57,117,95.75,20.75,
57,118,96.0,20.75,
57,119,96.25,20.75,
57,120,96.5,20.75,
57,121,96.75,20.75,
57,122,97.0,20.75,
57,123,97.25,20.75,
57,124,97.5,20.75,
57,125,97.75,20.75,
57,126,98.0,20.75,
57,127,98.25,20.75,
57,128,98.5,20.75,
57,129,98.75,20.75,
57,130,99.0,20.75,
57,131,99.25,20.75,
57,132,99.5,20.75,
57,133,99.75,20.75,
57,134,100.0,20.75,
58,0,66.5,21.0,
58,1,66.75,21.0,
58,2,67.0,21.0,
58,3,67.25,21.0,
58,4,67.5,21.0,
58,5,67.75,21.0,
58,6,68.0,21.0,
58,7,68.25,21.0,
58,8,68.5,21.0,
58,9,68.75,21.0,
58,10,69.0,21.0,
58,11,69.25,21.0,
58,12,69.5,21.0,
58,13,69.75,21.0,
58,14,70.0,21.0,
58,15,70.25,21.0,153.0
58,16,70.5,21.0,153.0
58,17,70.75,21.0,155.0
58,18,71.0,21.0,155.0
58,19,71.25,21.0,141.0
58,20,71.5,21.0,141.0
58,21,71.75,21.0,
58,22,72.0,21.0,
58,23,72.25,21.0,
58,24,72.5,21.0,
58,25,72.75,21.0,162.0
58,26,73.0,21.0,162.0
58,27,73.25,21.0,170.0
58,28,73.5,21.0,170.0
58,29,73.75,21.0,150.0
58,30,74.0,21.0,337.0
58,31,74.25,21.0,337.0
58,32,74.5,21.0,337.0
58,33,74.75,21.0,337.0
58,34,75.0,21.0,341.0
58,35,75.25,21.0,341.0
58,36,75.5,21.0,341.0
58,37,75.75,21.0,341.0
58,38,76.0,21.0,341.0
58,39,76.25,21.0,341.0
58,40,76.5,21.0,335.0
58,41,76.75,21.0,335.0
58,42,77.0,21.0,330.0
58,43,77.25,21.0,
58,44,77.5,21.0,
58,45,77.75,21.0,
58,46,78.0,21.0,
58,47,78.25,21.0,362.0
58,48,78.5,21.0,362.0
58,49,78.75,21.0,346.0
58,50,79.0,21.0,346.0
58,51,79.25,21.0,346.0
58,52,79.5,21.0,346.0
58,53,79.75,21.0,333.0
58,54,80.0,21.0,333.0
58,55,80.25,21.0,339.0
58,56,80.5,21.0,
58,57,80.75,21.0,
58,58,81.0,21.0,96.0
58,59,81.25,21.0,96.0
58,60,81.5,21.0,105.0
58,61,81.75,21.0,104.0
58,62,82.0,21.0,106.0
58,63,82.25,21.0,114.0
58,64,82.5,21.0,114.0
58,65,82.75,21.0,
58,66,83.0,21.0,
58,67,83.25,21.0,
58,68,83.5,21.0,439.0
58,69,83.75,21.0,439.0
58,70,84.0,21.0,439.0
58,71,84.25,21.0,438.0
58,72,84.5,21.0,411.0
58,73,84.75,21.0,411.0
58,74,85.0,21.0,411.0
58,75,85.25,21.0,411.0
58,76,85.5,21.0,419.0
58,77,85.75,21.0,423.0
58,78,86.0,21.0,423.0
58,79,86.25,21.0,423.0
58,80,86.5,21.0,415.0
58,81,86.75,21.0,415.0
58,82,87.0,21.0,
58,83,87.25,21.0,
58,84,87.5,21.0,
58,85,87.75,21.0,
58,86,88.0,21.0,
58,87,88.25,21.0,
58,88,88.5,21.0,
58,89,88.75,21.0,
58,90,89.0,21.0,
58,91,89.25,21.0,
58,92,89.5,21.0,
58,93,89.75,21.0,
58,94,90.0,21.0,
58,95,90.25,21.0,
58,96,90.5,21.0,
58,97,90.75,21.0,
58,98,91.0,21.0,
58,99,91.25,21.0,
58,100,91.5,21.0,
58,101,91.75,21.0,
58,102,92.0,21.0,
58,103,92.25,21.0,
58,104,92.5,21.0,
58,105,92.75,21.0,
58,106,93.0,21.0,
58,107,93.25,21.0,
58,108,93.5,21.0,
58,109,93.75,21.0,
58,110,94.0,21.0,
58,111,94.25,21.0,
58,112,94.5,21.0,
58,113,94.75,21.0,
58,114,95.0,21.0,
58,115,95.25,21.0,
58,116,95.5,21.0,
58,117,95.75,21.0,
58,118,96.0,21.0,
58,119,96.25,21.0,
58,120,96.5,21.0,
58,121,96.75,21.0,
58,122,97.0,21.0,
58,123,97.25,21.0,
58,124,97.5,21.0,
58,125,97.75,21.0,
58,126,98.0,21.0,
58,127,98.25,21.0,
58,128,98.5,21.0,
58,129,98.75,21.0,
58,130,99.0,21.0,
58,131,99.25,21.0,
58,132,99.5,21.0,
58,133,99.75,21.0,
58,134,100.0,21.0,
59,0,66.5,21.25,
59,1,66.75,21.25,
59,2,67.0,21.25,
59,3,67.25,21.25,
59,4,67.5,21.25,
59,5,67.75,21.25,
59,6,68.0,21.25,
59,7,68.25,21.25,
59,8,68.5,21.25,
59,9,68.75,21.25,
59,10,69.0,21.25,
59,11,69.25,21.25,
59,12,69.5,21.25,
59,13,69.75,21.25,
59,14,70.0,21.25,165.0
59,15,70.25,21.25,155.0
59,16,70.5,21.25,155.0
59,17,70.75,21.25,155.0
59,18,71.0,21.25,141.0
59,19,71.25,21.25,141.0
59,20,71.5,21.25,141.0
59,21,71.75,21.25,146.0
59,22,72.0,21.25,146.0
59,23,72.25,21.25,
59,24,72.5,21.25,
59,25,72.75,21.25,168.0
59,26,73.0,21.25,168.0
59,27,73.25,21.25,168.0
59,28,73.5,21.25,170.0
59,29,73.75,21.25,170.0
59,30,74.0,21.25,348.0
59,31,74.25,21.25,348.0
59,32,74.5,21.25,337.0
59,33,74.75,21.25,337.0
59,34,75.0,21.25,337.0
59,35,75.25,21.25,341.0
59,36,75.5,21.25,341.0
59,37,75.75,21.25,341.0
59,38,76.0,21.25,341.0
59,39,76.25,21.25,285.0
59,40,76.5,21.25,285.0
59,41,76.75,21.25,
59,42,77.0,21.25,
59,43,77.25,21.25,
59,44,77.5,21.25,
59,45,77.75,21.25,
59,46,78.0,21.25,
59,47,78.25,21.25,362.0
59,48,78.5,21.25,346.0
59,49,78.75,21.25,346.0
59,50,79.0,21.25,346.0
59,51,79.25,21.25,346.0
59,52,79.5,21.25,346.0
59,53,79.75,21.25,333.0
59,54,80.0,21.25,339.0
59,55,80.25,21.25,339.0
59,56,80.5,21.25,339.0
59,57,80.75,21.25,
59,58,81.0,21.25,
59,59,81.25,21.25,105.0
59,60,81.5,21.25,105.0
59,61,81.75,21.25,118.0
59,62,82.0,21.25,118.0
59,63,82.25,21.25,114.0
59,64,82.5,21.25,114.0
59,65,82.75,21.25,114.0
59,66,83.0,21.25,114.0
59,67,83.25,21.25,
59,68,83.5,21.25,
59,69,83.75,21.25,
59,70,84.0,21.25,438.0
59,71,84.25,21.25,438.0
59,72,84.5,21.25,438.0
59,73,84.75,21.25,438.0
59,74,85.0,21.25,411.0
59,75,85.25,21.25,411.0
59,76,85.5,21.25,428.0
59,77,85.75,21.25,428.0
59,78,86.0,21.25,428.0
59,79,86.25,21.25,428.0
59,80,86.5,21.25,412.0
59,81,86.75,21.25,412.0
59,82,87.0,21.25,
59,83,87.25,21.25,
59,84,87.5,21.25,
59,85,87.75,21.25,
59,86,88.0,21.25,
59,87,88.25,21.25,
59,88,88.5,21.25,
59,89,88.75,21.25,
59,90,89.0,21.25,
59,91,89.25,21.25,
59,92,89.5,21.25,
59,93,89.75,21.25,
59,94,90.0,21.25,
59,95,90.25,21.25,
59,96,90.5,21.25,
59,97,90.75,21.25,
59,98,91.0,21.25,
59,99,91.25,21.25,
59,100,91.5,21.25,
59,101,91.75,21.25,
59,102,92.0,21.25,
59,103,92.25,21.25,
59,104,92.5,21.25,
59,105,92.75,21.25,
59,106,93.0,21.25,
59,107,93.25,21.25,
59,108,93.5,21.25,
59,109,93.75,21.25,
59,110,94.0,21.25,
59,111,94.25,21.25,
59,112,94.5,21.25,
59,113,94.75,21.25,
59,114,95.0,21.25,
59,115,95.25,21.25,
59,116,95.5,21.25,
59,117,95.75,21.25,
59,118,96.0,21.25,
59,119,96.25,21.25,
59,120,96.5,21.25,
59,121,96.75,21.25,
59,122,97.0,21.25,
59,123,97.25,21.25,
59,124,97.5,21.25,
59,125,97.75,21.25,
59,126,98.0,21.25,
59,127,98.25,21.25,
59,128,98.5,21.25,
59,129,98.75,21.25,
59,130,99.0,21.25,
59,131,99.25,21.25,
59,132,99.5,21.25,
59,133,99.75,21.25,
59,134,100.0,21.25,
60,0,66.5,21.5,
60,1,66.75,21.5,
60,2,67.0,21.5,
60,3,67.25,21.5,
60,4,67.5,21.5,
60,5,67.75,21.5,
60,6,68.0,21.5,
60,7,68.25,21.5,
60,8,68.5,21.5,
60,9,68.75,21.5,
60,10,69.0,21.5,
60,11,69.25,21.5,
60,12,69.5,21.5,
60,13,69.75,21.5,165.0
60,14,70.0,21.5,155.0
60,15,70.25,21.5,155.0
60,16,70.5,21.5,155.0
60,17,70.75,21.5,155.0
60,18,71.0,21.5,141.0
60,19,71.25,21.5,141.0
60,20,71.5,21.5,146.0
60,21,71.75,21.5,146.0
60,22,72.0,21.5,146.0
60,23,72.25,21.5,146.0
60,24,72.5,21.5,
60,25,72.75,21.5,145.0
60,26,73.0,21.5,168.0
60,27,73.25,21.5,145.0
60,28,73.5,21.5,161.0
60,29,73.75,21.5,161.0
60,30,74.0,21.5,170.0
60,31,74.25,21.5,170.0
60,32,74.5,21.5,348.0
60,33,74.75,21.5,348.0
60,34,75.0,21.5,337.0
60,35,75.25,21.5,281.0
60,36,75.5,21.5,
60,37,75.75,21.5,
60,38,76.0,21.5,285.0
60,39,76.25,21.5,285.0
60,40,76.5,21.5,285.0
60,41,76.75,21.5,285.0
60,42,77.0,21.5,
60,43,77.25,21.5,
60,44,77.5,21.5,282.0
60,45,77.75,21.5,282.0
60,46,78.0,21.5,282.0
60,47,78.25,21.5,
60,48,78.5,21.5,346.0
60,49,78.75,21.5,
60,50,79.0,21.5,346.0
60,51,79.25,21.5,346.0
60,52,79.5,21.5,333.0
60,53,79.75,21.5,333.0
60,54,80.0,21.5,339.0
60,55,80.25,21.5,339.0
60,56,80.5,21.5,280.0
60,57,80.75,21.5,
60,58,81.0,21.5,
60,59,81.25,21.5,105.0
60,60,81.5,21.5,100.0
60,61,81.75,21.5,118.0
60,62,82.0,21.5,97.0
60,63,82.25,21.5,97.0
60,64,82.5,21.5,97.0
60,65,82.75,21.5,114.0
60,66,83.0,21.5,
60,67,83.25,21.5,
60,68,83.5,21.5,
60,69,83.75,21.5,
60,70,84.0,21.5,438.0
60,71,84.25,21.5,438.0
60,72,84.5,21.5,418.0
60,73,84.75,21.5,418.0
60,74,85.0,21.5,418.0
60,75,85.25,21.5,411.0
60,76,85.5,21.5,428.0
60,77,85.75,21.5,428.0
60,78,86.0,21.5,428.0
60,79,86.25,21.5,432.0
60,80,86.5,21.5,432.0
60,81,86.75,21.5,412.0
60,82,87.0,21.5,412.0
60,83,87.25,21.5,
60,84,87.5,21.5,
60,85,87.75,21.5,
60,86,88.0,21.5,
60,87,88.25,21.5,
60,88,88.5,21.5,
60,89,88.75,21.5,
60,90,89.0,21.5,
60,91,89.25,21.5,
60,92,89.5,21.5,
60,93,89.75,21.5,
60,94,90.0,21.5,
60,95,90.25,21.5,
60,96,90.5,21.5,
60,97,90.75,21.5,
60,98,91.0,21.5,
60,99,91.25,21.5,
60,100,91.5,21.5,
60,101,91.75,21.5,
60,102,92.0,21.5,
60,103,92.25,21.5,
60,104,92.5,21.5,
60,105,92.75,21.5,
60,106,93.0,21.5,
60,107,93.25,21.5,
60,108,93.5,21.5,
60,109,93.75,21.5,
60,110,94.0,21.5,
60,111,94.25,21.5,
60,112,94.5,21.5,
60,113,94.75,21.5,
60,114,95.0,21.5,
60,115,95.25,21.5,
60,116,95.5,21.5,
60,117,95.75,21.5,
60,118,96.0,21.5,
60,119,96.25,21.5,
60,120,96.5,21.5,
60,121,96.75,21.5,
60,122,97.0,21.5,
60,123,97.25,21.5,
60,124,97.5,21.5,
60,125,97.75,21.5,
60,126,98.0,21.5,
60,127,98.25,21.5,
60,128,98.5,21.5,
60,129,98.75,21.5,
60,130,99.0,21.5,
60,131,99.25,21.5,
60,132,99.5,21.5,
60,133,99.75,21.5,
60,134,100.0,21.5,
61,0,66.5,21.75,
61,1,66.75,21.75,
61,2,67.0,21.75,
61,3,67.25,21.75,
61,4,67.5,21.75,
61,5,67.75,21.75,
61,6,68.0,21.75,
61,7,68.25,21.75,
61,8,68.5,21.75,
61,9,68.75,21.75,
61,10,69.0,21.75,
61,11,69.25,21.75,
61,12,69.5,21.75,165.0
61,13,69.75,21.75,165.0
61,14,70.0,21.75,165.0
61,15,70.25,21.75,166.0
61,16,70.5,21.75,166.0
61,17,70.75,21.75,166.0
61,18,71.0,21.75,166.0
61,19,71.25,21.75,141.0
61,20,71.5,21.75,141.0
61,21,71.75,21.75,146.0
61,22,72.0,21.75,146.0
61,23,72.25,21.75,
61,24,72.5,21.75,
61,25,72.75,21.75,145.0
61,26,73.0,21.75,145.0
61,27,73.25,21.75,145.0
61,28,73.5,21.75,161.0
61,29,73.75,21.75,161.0
61,30,74.0,21.75,348.0
61,31,74.25,21.75,348.0
61,32,74.5,21.75,348.0
61,33,74.75,21.75,281.0
61,34,75.0,21.75,281.0
61,35,75.25,21.75,281.0
61,36,75.5,21.75,
61,37,75.75,21.75,
61,38,76.0,21.75,
61,39,76.25,21.75,
61,40,76.5,21.75,
61,41,76.75,21.75,
61,42,77.0,21.75,
61,43,77.25,21.75,282.0
61,44,77.5,21.75,282.0
61,45,77.75,21.75,282.0
61,46,78.0,21.75,282.0
61,47,78.25,21.75,282.0
61,48,78.5,21.75,
61,49,78.75,21.75,
61,50,79.0,21.75,287.0
61,51,79.25,21.75,317.0
61,52,79.5,21.75,317.0
61,53,79.75,21.75,280.0
61,54,80.0,21.75,280.0
61,55,80.25,21.75,280.0
61,56,80.5,21.75,280.0
61,57,80.75,21.75,
61,58,81.0,21.75,110.0
61,59,81.25,21.75,110.0
61,60,81.5,21.75,100.0
61,61,81.75,21.75,97.0
61,62,82.0,21.75,97.0
61,63,82.25,21.75,97.0
61,64,82.5,21.75,108.0
61,65,82.75,21.75,108.0
61,66,83.0,21.75,
61,67,83.25,21.75,
61,68,83.5,21.75,424.0
61,69,83.75,21.75,424.0
61,70,84.0,21.75,438.0
61,71,84.25,21.75,438.0
61,72,84.5,21.75,438.0
61,73,84.75,21.75,440.0
61,74,85.0,21.75,440.0
61,75,85.25,21.75,428.0
61,76,85.5,21.75,428.0
61,77,85.75,21.75,428.0
61,78,86.0,21.75,432.0
61,79,86.25,21.75,432.0
61,80,86.5,21.75,432.0
61,81,86.75,21.75,432.0
61,82,87.0,21.75,432.0
61,83,87.25,21.75,412.0
61,84,87.5,21.75,689.0
61,85,87.75,21.75,689.0
61,86,88.0,21.75,691.0
61,87,88.25,21.75,691.0
61,88,88.5,21.75,691.0
61,89,88.75,21.75,691.0
61,90,89.0,21.75,691.0
61,91,89.25,21.75,
61,92,89.5,21.75,
61,93,89.75,21.75,
61,94,90.0,21.75,
61,95,90.25,21.75,
61,96,90.5,21.75,
61,97,90.75,21.75,
61,98,91.0,21.75,
61,99,91.25,21.75,
61,100,91.5,21.75,
61,101,91.75,21.75,
61,102,92.0,21.75,
61,103,92.25,21.75,
61,104,92.5,21.75,
61,105,92.75,21.75,
61,106,93.0,21.75,
61,107,93.25,21.75,
61,108,93.5,21.75,
61,109,93.75,21.75,
61,110,94.0,21.75,
61,111,94.25,21.75,
61,112,94.5,21.75,
61,113,94.75,21.75,
61,114,95.0,21.75,
61,115,95.25,21.75,
61,116,95.5,21.75,
61,117,95.75,21.75,
61,118,96.0,21.75,
61,119,96.25,21.75,
61,120,96.5,21.75,
61,121,96.75,21.75,
61,122,97.0,21.75,
61,123,97.25,21.75,
61,124,97.5,21.75,
61,125,97.75,21.75,
61,126,98.0,21.75,
61,127,98.25,21.75,
61,128,98.5,21.75,
61,129,98.75,21.75,
61,130,99.0,21.75,
61,131,99.25,21.75,
61,132,99.5,21.75,
61,133,99.75,21.75,
61,134,100.0,21.75,
62,0,66.5,22.0,
62,1,66.75,22.0,
62,2,67.0,22.0,
62,3,67.25,22.0,
62,4,67.5,22.0,
62,5,67.75,22.0,
62,6,68.0,22.0,
62,7,68.25,22.0,
62,8,68.5,22.0,
62,9,68.75,22.0,
62,10,69.0,22.0,
62,11,69.25,22.0,151.0
62,12,69.5,22.0,151.0
62,13,69.75,22.0,151.0
62,14,70.0,22.0,154.0
62,15,70.25,22.0,154.0
62,16,70.5,22.0,166.0
62,17,70.75,22.0,166.0
62,18,71.0,22.0,166.0
62,19,71.25,22.0,141.0
62,20,71.5,22.0,147.0
62,21,71.75,22.0,146.0
62,22,72.0,22.0,146.0
62,23,72.25,22.0,140.0
62,24,72.5,22.0,
62,25,72.75,22.0,145.0
62,26,73.0,22.0,145.0
62,27,73.25,22.0,171.0
62,28,73.5,22.0,171.0
62,29,73.75,22.0,
62,30,74.0,22.0,
62,31,74.25,22.0,277.0
62,32,74.5,22.0,281.0
62,33,74.75,22.0,281.0
62,34,75.0,22.0,281.0
62,35,75.25,22.0,281.0
62,36,75.5,22.0,
62,37,75.75,22.0,
62,38,76.0,22.0,
62,39,76.25,22.0,
62,40,76.5,22.0,
62,41,76.75,22.0,
62,42,77.0,22.0,297.0
62,43,77.25,22.0,297.0
62,44,77.5,22.0,282.0
62,45,77.75,22.0,282.0
62,46,78.0,22.0,282.0
62,47,78.25,22.0,282.0
62,48,78.5,22.0,287.0
62,49,78.75,22.0,287.0
62,50,79.0,22.0,287.0
62,51,79.25,22.0,287.0
62,52,79.5,22.0,317.0
62,53,79.75,22.0,317.0
62,54,80.0,22.0,280.0
62,55,80.25,22.0,280.0
62,56,80.5,22.0,280.0
62,57,80.75,22.0,280.0
62,58,81.0,22.0,110.0
62,59,81.25,22.0,110.0
62,60,81.5,22.0,100.0
62,61,81.75,22.0,115.0
62,62,82.0,22.0,102.0
62,63,82.25,22.0,102.0
62,64,82.5,22.0,108.0
62,65,82.75,22.0,108.0
62,66,83.0,22.0,
62,67,83.25,22.0,117.0
62,68,83.5,22.0,117.0
62,69,83.75,22.0,440.0
62,70,84.0,22.0,440.0
62,71,84.25,22.0,440.0
62,72,84.5,22.0,438.0
62,73,84.75,22.0,440.0
62,74,85.0,22.0,440.0
62,75,85.25,22.0,428.0
62,76,85.5,22.0,428.0
62,77,85.75,22.0,432.0
62,78,86.0,22.0,432.0
62,79,86.25,22.0,432.0
62,80,86.5,22.0,432.0
62,81,86.75,22.0,432.0
62,82,87.0,22.0,432.0
62,83,87.25,22.0,687.0
62,84,87.5,22.0,689.0
62,85,87.75,22.0,689.0
62,86,88.0,22.0,689.0
62,87,88.25,22.0,691.0
62,88,88.5,22.0,691.0
62,89,88.75,22.0,691.0
62,90,89.0,22.0,691.0
62,91,89.25,22.0,
62,92,89.5,22.0,
62,93,89.75,22.0,
62,94,90.0,22.0,
62,95,90.25,22.0,
62,96,90.5,22.0,
62,97,90.75,22.0,
62,98,91.0,22.0,
62,99,91.25,22.0,
62,100,91.5,22.0,
62,101,91.75,22.0,
62,102,92.0,22.0,
62,103,92.25,22.0,
62,104,92.5,22.0,
62,105,92.75,22.0,
62,106,93.0,22.0,398.0
62,107,93.25,22.0,
62,108,93.5,22.0,
62,109,93.75,22.0,
62,110,94.0,22.0,
62,111,94.25,22.0,
62,112,94.5,22.0,
62,113,94.75,22.0,
62,114,95.0,22.0,
62,115,95.25,22.0,
62,116,95.5,22.0,
62,117,95.75,22.0,
62,118,96.0,22.0,
62,119,96.25,22.0,
62,120,96.5,22.0,
62,121,96.75,22.0,
62,122,97.0,22.0,
62,123,97.25,22.0,
62,124,97.5,22.0,
62,125,97.75,22.0,
62,126,98.0,22.0,
62,127,98.25,22.0,
62,128,98.5,22.0,
62,129,98.75,22.0,
62,130,99.0,22.0,
62,131,99.25,22.0,
62,132,99.5,22.0,
62,133,99.75,22.0,
62,134,100.0,22.0,
63,0,66.5,22.25,
63,1,66.75,22.25,
63,2,67.0,22.25,
63,3,67.25,22.25,
63,4,67.5,22.25,
63,5,67.75,22.25,
63,6,68.0,22.25,
63,7,68.25,22.25,
63,8,68.5,22.25,
63,9,68.75,22.25,
63,10,69.0,22.25,151.0
63,11,69.25,22.25,151.0
63,12,69.5,22.25,151.0
63,13,69.75,22.25,151.0
63,14,70.0,22.25,154.0
63,15,70.25,22.25,154.0
63,16,70.5,22.25,154.0
63,17,70.75,22.25,166.0
63,18,71.0,22.25,166.0
63,19,71.25,22.25,166.0
63,20,71.5,22.25,147.0
63,21,71.75,22.25,147.0
63,22,72.0,22.25,140.0
63,23,72.25,22.25,140.0
63,24,72.5,22.25,142.0
63,25,72.75,22.25,142.0
63,26,73.0,22.25,171.0
63,27,73.25,22.25,171.0
63,28,73.5,22.25,171.0
63,29,73.75,22.25,
63,30,74.0,22.25,
63,31,74.25,22.25,277.0
63,32,74.5,22.25,277.0
63,33,74.75,22.25,291.0
63,34,75.0,22.25,291.0
63,35,75.25,22.25,291.0
63,36,75.5,22.25,291.0
63,37,75.75,22.25,
63,38,76.0,22.25,
63,39,76.25,22.25,
63,40,76.5,22.25,
63,41,76.75,22.25,
63,42,77.0,22.25,297.0
63,43,77.25,22.25,297.0
63,44,77.5,22.25,282.0
63,45,77.75,22.25,282.0
63,46,78.0,22.25,282.0
63,47,78.25,22.25,282.0
63,48,78.5,22.25,287.0
63,49,78.75,22.25,287.0
63,50,79.0,22.25,287.0
63,51,79.25,22.25,287.0
63,52,79.5,22.25,317.0
63,53,79.75,22.25,317.0
63,54,80.0,22.25,317.0
63,55,80.25,22.25,280.0
63,56,80.5,22.25,280.0
63,57,80.75,22.25,280.0
63,58,81.0,22.25,280.0
63,59,81.25,22.25,110.0
63,60,81.5,22.25,110.0
63,61,81.75,22.25,102.0
63,62,82.0,22.25,102.0
63,63,82.25,22.25,102.0
63,64,82.5,22.25,108.0
63,65,82.75,22.25,112.0
63,66,83.0,22.25,
63,67,83.25,22.25,117.0
63,68,83.5,22.25,117.0
63,69,83.75,22.25,117.0
63,70,84.0,22.25,440.0
63,71,84.25,22.25,440.0
63,72,84.5,22.25,440.0
63,73,84.75,22.25,440.0
63,74,85.0,22.25,440.0
63,75,85.25,22.25,230.0
63,76,85.5,22.25,230.0
63,77,85.75,22.25,230.0
63,78,86.0,22.25,432.0
63,79,86.25,22.25,432.0
63,80,86.5,22.25,432.0
63,81,86.75,22.25,212.0
63,82,87.0,22.25,678.0
63,83,87.25,22.25,687.0
63,84,87.5,22.25,687.0
63,85,87.75,22.25,689.0
63,86,88.0,22.25,675.0
63,87,88.25,22.25,691.0
63,88,88.5,22.25,691.0
63,89,88.75,22.25,691.0
63,90,89.0,22.25,685.0
63,91,89.25,22.25,
63,92,89.5,22.25,
63,93,89.75,22.25,
63,94,90.0,22.25,
63,95,90.25,22.25,
63,96,90.5,22.25,
63,97,90.75,22.25,
63,98,91.0,22.25,
63,99,91.25,22.25,
63,100,91.5,22.25,
63,101,91.75,22.25,
63,102,92.0,22.25,
63,103,92.25,22.25,
63,104,92.5,22.25,
63,105,92.75,22.25,395.0
63,106,93.0,22.25,398.0
63,107,93.25,22.25,
63,108,93.5,22.25,
63,109,93.75,22.25,
63,110,94.0,22.25,
63,111,94.25,22.25,
63,112,94.5,22.25,
63,113,94.75,22.25,
63,114,95.0,22.25,
63,115,95.25,22.25,
63,116,95.5,22.25,
63,117,95.75,22.25,
63,118,96.0,22.25,
63,119,96.25,22.25,
63,120,96.5,22.25,
63,121,96.75,22.25,
63,122,97.0,22.25,
63,123,97.25,22.25,
63,124,97.5,22.25,
63,125,97.75,22.25,
63,126,98.0,22.25,
63,127,98.25,22.25,
63,128,98.5,22.25,
63,129,98.75,22.25,
63,130,99.0,22.25,
63,131,99.25,22.25,
63,132,99.5,22.25,
63,133,99.75,22.25,
63,134,100.0,22.25,
64,0,66.5,22.5,
64,1,66.75,22.5,
64,2,67.0,22.5,
64,3,67.25,22.5,
64,4,67.5,22.5,
64,5,67.75,22.5,
64,6,68.0,22.5,
64,7,68.25,22.5,
64,8,68.5,22.5,
64,9,68.75,22.5,
64,10,69.0,22.5,
64,11,69.25,22.5,
64,12,69.5,22.5,
64,13,69.75,22.5,
64,14,70.0,22.5,154.0
64,15,70.25,22.5,154.0
64,16,70.5,22.5,154.0
64,17,70.75,22.5,160.0
64,18,71.0,22.5,160.0
64,19,71.25,22.5,169.0
64,20,71.5,22.5,169.0
64,21,71.75,22.5,169.0
64,22,72.0,22.5,140.0
64,23,72.25,22.5,140.0
64,24,72.5,22.5,142.0
64,25,72.75,22.5,142.0
64,26,73.0,22.5,142.0
64,27,73.25,22.5,171.0
64,28,73.5,22.5,163.0
64,29,73.75,22.5,
64,30,74.0,22.5,
64,31,74.25,22.5,277.0
64,32,74.5,22.5,277.0
64,33,74.75,22.5,291.0
64,34,75.0,22.5,291.0
64,35,75.25,22.5,291.0
64,36,75.5,22.5,291.0
64,37,75.75,22.5,299.0
64,38,76.0,22.5,299.0
64,39,76.25,22.5,290.0
64,40,76.5,22.5,290.0
64,41,76.75,22.5,290.0
64,42,77.0,22.5,290.0
64,43,77.25,22.5,297.0
64,44,77.5,22.5,
64,45,77.75,22.5,
64,46,78.0,22.5,
64,47,78.25,22.5,
64,48,78.5,22.5,
64,49,78.75,22.5,287.0
64,50,79.0,22.5,287.0
64,51,79.25,22.5,287.0
64,52,79.5,22.5,317.0
64,53,79.75,22.5,317.0
64,54,80.0,22.5,317.0
64,55,80.25,22.5,303.0
64,56,80.5,22.5,303.0
64,57,80.75,22.5,303.0
64,58,81.0,22.5,303.0
64,59,81.25,22.5,292.0
64,60,81.5,22.5,115.0
64,61,81.75,22.5,115.0
64,62,82.0,22.5,102.0
64,63,82.25,22.5,112.0
64,64,82.5,22.5,112.0
64,65,82.75,22.5,112.0
64,66,83.0,22.5,112.0
64,67,83.25,22.5,117.0
64,68,83.5,22.5,117.0
64,69,83.75,22.5,109.0
64,70,84.0,22.5,440.0
64,71,84.25,22.5,229.0
64,72,84.5,22.5,229.0
64,73,84.75,22.5,229.0
64,74,85.0,22.5,229.0
64,75,85.25,22.5,230.0
64,76,85.5,22.5,230.0
64,77,85.75,22.5,230.0
64,78,86.0,22.5,432.0
64,79,86.25,22.5,212.0
64,80,86.5,22.5,212.0
64,81,86.75,22.5,212.0
64,82,87.0,22.5,678.0
64,83,87.25,22.5,687.0
64,84,87.5,22.5,687.0
64,85,87.75,22.5,687.0
64,86,88.0,22.5,675.0
64,87,88.25,22.5,691.0
64,88,88.5,22.5,691.0
64,89,88.75,22.5,685.0
64,90,89.0,22.5,
64,91,89.25,22.5,
64,92,89.5,22.5,
64,93,89.75,22.5,
64,94,90.0,22.5,
64,95,90.25,22.5,
64,96,90.5,22.5,
64,97,90.75,22.5,
64,98,91.0,22.5,
64,99,91.25,22.5,
64,100,91.5,22.5,
64,101,91.75,22.5,
64,102,92.0,22.5,
64,103,92.25,22.5,
64,104,92.5,22.5,
64,105,92.75,22.5,395.0
64,106,93.0,22.5,398.0
64,107,93.25,22.5,
64,108,93.5,22.5,
64,109,93.75,22.5,
64,110,94.0,22.5,
64,111,94.25,22.5,
64,112,94.5,22.5,
64,113,94.75,22.5,
64,114,95.0,22.5,
64,115,95.25,22.5,
64,116,95.5,22.5,
64,117,95.75,22.5,
64,118,96.0,22.5,
64,119,96.25,22.5,
64,120,96.5,22.5,
64,121,96.75,22.5,
64,122,97.0,22.5,
64,123,97.25,22.5,
64,124,97.5,22.5,
64,125,97.75,22.5,
64,126,98.0,22.5,
64,127,98.25,22.5,
64,128,98.5,22.5,
64,129,98.75,22.5,
64,130,99.0,22.5,
64,131,99.25,22.5,
64,132,99.5,22.5,
64,133,99.75,22.5,
64,134,100.0,22.5,
65,0,66.5,22.75,
65,1,66.75,22.75,
65,2,67.0,22.75,
65,3,67.25,22.75,
65,4,67.5,22.75,
65,5,67.75,22.75,
65,6,68.0,22.75,
65,7,68.25,22.75,
65,8,68.5,22.75,
65,9,68.75,22.75,
65,10,69.0,22.75,
65,11,69.25,22.75,
65,12,69.5,22.75,
65,13,69.75,22.75,
65,14,70.0,22.75,
65,15,70.25,22.75,
65,16,70.5,22.75,154.0
65,17,70.75,22.75,160.0
65,18,71.0,22.75,160.0
65,19,71.25,22.75,169.0
65,20,71.5,22.75,169.0
65,21,71.75,22.75,169.0
65,22,72.0,22.75,169.0
65,23,72.25,22.75,140.0
65,24,72.5,22.75,140.0
65,25,72.75,22.75,157.0
65,26,73.0,22.75,157.0
65,27,73.25,22.75,157.0
65,28,73.5,22.75,163.0
65,29,73.75,22.75,163.0
65,30,74.0,22.75,149.0
65,31,74.25,22.75,149.0
65,32,74.5,22.75,301.0
65,33,74.75,22.75,301.0
65,34,75.0,22.75,291.0
65,35,75.25,22.75,291.0
65,36,75.5,22.75,299.0
65,37,75.75,22.75,299.0
65,38,76.0,22.75,299.0
65,39,76.25,22.75,290.0
65,40,76.5,22.75,290.0
65,41,76.75,22.75,290.0
65,42,77.0,22.75,290.0
65,43,77.25,22.75,316.0
65,44,77.5,22.75,316.0
65,45,77.75,22.75,
65,46,78.0,22.75,
65,47,78.25,22.75,
65,48,78.5,22.75,
65,49,78.75,22.75,
65,50,79.0,22.75,
65,51,79.25,22.75,287.0
65,52,79.5,22.75,
65,53,79.75,22.75,317.0
65,54,80.0,22.75,317.0
65,55,80.25,22.75,317.0
65,56,80.5,22.75,303.0
65,57,80.75,22.75,303.0
65,58,81.0,22.75,292.0
65,59,81.25,22.75,292.0
65,60,81.5,22.75,292.0
65,61,81.75,22.75,278.0
65,62,82.0,22.75,107.0
65,63,82.25,22.75,112.0
65,64,82.5,22.75,112.0
65,65,82.75,22.75,112.0
65,66,83.0,22.75,122.0
65,67,83.25,22.75,117.0
65,68,83.5,22.75,122.0
65,69,83.75,22.75,109.0
65,70,84.0,22.75,109.0
65,71,84.25,22.75,229.0
65,72,84.5,22.75,229.0
65,73,84.75,22.75,229.0
65,74,85.0,22.75,229.0
65,75,85.25,22.75,230.0
65,76,85.5,22.75,230.0
65,77,85.75,22.75,228.0
65,78,86.0,22.75,228.0
65,79,86.25,22.75,212.0
65,80,86.5,22.75,690.0
65,81,86.75,22.75,671.0
65,82,87.0,22.75,671.0
65,83,87.25,22.75,687.0
65,84,87.5,22.75,687.0
65,85,87.75,22.75,676.0
65,86,88.0,22.75,676.0
65,87,88.25,22.75,676.0
65,88,88.5,22.75,685.0
65,89,88.75,22.75,685.0
65,90,89.0,22.75,
65,91,89.25,22.75,
65,92,89.5,22.75,
65,93,89.75,22.75,
65,94,90.0,22.75,
65,95,90.25,22.75,
65,96,90.5,22.75,
65,97,90.75,22.75,
65,98,91.0,22.75,
65,99,91.25,22.75,
65,100,91.5,22.75,
65,101,91.75,22.75,
65,102,92.0,22.75,
65,103,92.25,22.75,
65,104,92.5,22.75,396.0
65,105,92.75,22.75,396.0
65,106,93.0,22.75,
65,107,93.25,22.75,
65,108,93.5,22.75,
65,109,93.75,22.75,
65,110,94.0,22.75,
65,111,94.25,22.75,
65,112,94.5,22.75,
65,113,94.75,22.75,
65,114,95.0,22.75,
65,115,95.25,22.75,
65,116,95.5,22.75,
65,117,95.75,22.75,
65,118,96.0,22.75,
65,119,96.25,22.75,
65,120,96.5,22.75,
65,121,96.75,22.75,
65,122,97.0,22.75,
65,123,97.25,22.75,
65,124,97.5,22.75,
65,125,97.75,22.75,
65,126,98.0,22.75,
65,127,98.25,22.75,
65,128,98.5,22.75,
65,129,98.75,22.75,
65,130,99.0,22.75,
65,131,99.25,22.75,
65,132,99.5,22.75,
65,133,99.75,22.75,
65,134,100.0,22.75,
66,0,66.5,23.0,
66,1,66.75,23.0,
66,2,67.0,23.0,
66,3,67.25,23.0,
66,4,67.5,23.0,
66,5,67.75,23.0,
66,6,68.0,23.0,
66,7,68.25,23.0,
66,8,68.5,23.0,
66,9,68.75,23.0,
66,10,69.0,23.0,156.0
66,11,69.25,23.0,156.0
66,12,69.5,23.0,156.0
66,13,69.75,23.0,156.0
66,14,70.0,23.0,156.0
66,15,70.25,23.0,
66,16,70.5,23.0,
66,17,70.75,23.0,160.0
66,18,71.0,23.0,160.0
66,19,71.25,23.0,160.0
66,20,71.5,23.0,169.0
66,21,71.75,23.0,169.0
66,22,72.0,23.0,169.0
66,23,72.25,23.0,140.0
66,24,72.5,23.0,140.0
66,25,72.75,23.0,140.0
66,26,73.0,23.0,157.0
66,27,73.25,23.0,157.0
66,28,73.5,23.0,159.0
66,29,73.75,23.0,163.0
66,30,74.0,23.0,149.0
66,31,74.25,23.0,149.0
66,32,74.5,23.0,301.0
66,33,74.75,23.0,301.0
66,34,75.0,23.0,301.0
66,35,75.25,23.0,291.0
66,36,75.5,23.0,299.0
66,37,75.75,23.0,299.0
66,38,76.0,23.0,290.0
66,39,76.25,23.0,290.0
66,40,76.5,23.0,316.0
66,41,76.75,23.0,316.0
66,42,77.0,23.0,316.0
66,43,77.25,23.0,316.0
66,44,77.5,23.0,310.0
66,45,77.75,23.0,310.0
66,46,78.0,23.0,310.0
66,47,78.25,23.0,310.0
66,48,78.5,23.0,
66,49,78.75,23.0,
66,50,79.0,23.0,
66,51,79.25,23.0,
66,52,79.5,23.0,
66,53,79.75,23.0,300.0
66,54,80.0,23.0,303.0
66,55,80.25,23.0,303.0
66,56,80.5,23.0,303.0
66,57,80.75,23.0,292.0
66,58,81.0,23.0,292.0
66,59,81.25,23.0,278.0
66,60,81.5,23.0,278.0
66,61,81.75,23.0,278.0
66,62,82.0,23.0,107.0
66,63,82.25,23.0,
66,64,82.5,23.0,113.0
66,65,82.75,23.0,121.0
66,66,83.0,23.0,122.0
66,67,83.25,23.0,122.0
66,68,83.5,23.0,122.0
66,69,83.75,23.0,109.0
66,70,84.0,23.0,109.0
66,71,84.25,23.0,216.0
66,72,84.5,23.0,216.0
66,73,84.75,23.0,216.0
66,74,85.0,23.0,219.0
66,75,85.25,23.0,219.0
66,76,85.5,23.0,219.0
66,77,85.75,23.0,226.0
66,78,86.0,23.0,228.0
66,79,86.25,23.0,690.0
66,80,86.5,23.0,690.0
66,81,86.75,23.0,671.0
66,82,87.0,23.0,671.0
66,83,87.25,23.0,671.0
66,84,87.5,23.0,671.0
66,85,87.75,23.0,688.0
66,86,88.0,23.0,688.0
66,87,88.25,23.0,676.0
66,88,88.5,23.0,684.0
66,89,88.75,23.0,685.0
66,90,89.0,23.0,
66,91,89.25,23.0,
66,92,89.5,23.0,
66,93,89.75,23.0,
66,94,90.0,23.0,
66,95,90.25,23.0,
66,96,90.5,23.0,
66,97,90.75,23.0,
66,98,91.0,23.0,
66,99,91.25,23.0,
66,100,91.5,23.0,
66,101,91.75,23.0,
66,102,92.0,23.0,
66,103,92.25,23.0,
66,104,92.5,23.0,396.0
66,105,92.75,23.0,396.0
66,106,93.0,23.0,
66,107,93.25,23.0,
66,108,93.5,23.0,
66,109,93.75,23.0,
66,110,94.0,23.0,
66,111,94.25,23.0,
66,112,94.5,23.0,
66,113,94.75,23.0,
66,114,95.0,23.0,
66,115,95.25,23.0,
66,116,95.5,23.0,
66,117,95.75,23.0,
66,118,96.0,23.0,
66,119,96.25,23.0,
66,120,96.5,23.0,
66,121,96.75,23.0,
66,122,97.0,23.0,
66,123,97.25,23.0,
66,124,97.5,23.0,
66,125,97.75,23.0,
66,126,98.0,23.0,
66,127,98.25,23.0,
66,128,98.5,23.0,
66,129,98.75,23.0,
66,130,99.0,23.0,
66,131,99.25,23.0,
66,132,99.5,23.0,
66,133,99.75,23.0,
66,134,100.0,23.0,
67,0,66.5,23.25,
67,1,66.75,23.25,
67,2,67.0,23.25,
67,3,67.25,23.25,
67,4,67.5,23.25,
67,5,67.75,23.25,
67,6,68.0,23.25,
67,7,68.25,23.25,
67,8,68.5,23.25,
67,9,68.75,23.25,156.0
67,10,69.0,23.25,156.0
67,11,69.25,23.25,156.0
67,12,69.5,23.25,156.0
67,13,69.75,23.25,156.0
67,14,70.0,23.25,156.0
67,15,70.25,23.25,156.0
67,16,70.5,23.25,156.0
67,17,70.75,23.25,156.0
67,18,71.0,23.25,156.0
67,19,71.25,23.25,156.0
67,20,71.5,23.25,156.0
67,21,71.75,23.25,169.0
67,22,72.0,23.25,140.0
67,23,72.25,23.25,158.0
67,24,72.5,23.25,152.0
67,25,72.75,23.25,152.0
67,26,73.0,23.25,
67,27,73.25,23.25,
67,28,73.5,23.25,159.0
67,29,73.75,23.25,159.0
67,30,74.0,23.25,149.0
67,31,74.25,23.25,469.0
67,32,74.5,23.25,469.0
67,33,74.75,23.25,312.0
67,34,75.0,23.25,312.0
67,35,75.25,23.25,312.0
67,36,75.5,23.25,325.0
67,37,75.75,23.25,325.0
67,38,76.0,23.25,325.0
67,39,76.25,23.25,319.0
67,40,76.5,23.25,319.0
67,41,76.75,23.25,319.0
67,42,77.0,23.25,316.0
67,43,77.25,23.25,284.0
67,44,77.5,23.25,284.0
67,45,77.75,23.25,310.0
67,46,78.0,23.25,310.0
67,47,78.25,23.25,310.0
67,48,78.5,23.25,310.0
67,49,78.75,23.25,310.0
67,50,79.0,23.25,314.0
67,51,79.25,23.25,288.0
67,52,79.5,23.25,300.0
67,53,79.75,23.25,300.0
67,54,80.0,23.25,300.0
67,55,80.25,23.25,300.0
67,56,80.5,23.25,300.0
67,57,80.75,23.25,326.0
67,58,81.0,23.25,326.0
67,59,81.25,23.25,326.0
67,60,81.5,23.25,318.0
67,61,81.75,23.25,318.0
67,62,82.0,23.25,278.0
67,63,82.25,23.25,
67,64,82.5,23.25,113.0
67,65,82.75,23.25,121.0
67,66,83.0,23.25,121.0
67,67,83.25,23.25,98.0
67,68,83.5,23.25,98.0
67,69,83.75,23.25,98.0
67,70,84.0,23.25,98.0
67,71,84.25,23.25,216.0
67,72,84.5,23.25,216.0
67,73,84.75,23.25,216.0
67,74,85.0,23.25,226.0
67,75,85.25,23.25,226.0
67,76,85.5,23.25,226.0
67,77,85.75,23.25,226.0
67,78,86.0,23.25,690.0
67,79,86.25,23.25,690.0
67,80,86.5,23.25,690.0
67,81,86.75,23.25,690.0
67,82,87.0,23.25,671.0
67,83,87.25,23.25,671.0
67,84,87.5,23.25,671.0
67,85,87.75,23.25,688.0
67,86,88.0,23.25,688.0
67,87,88.25,23.25,688.0
67,88,88.5,23.25,684.0
67,89,88.75,23.25,
67,90,89.0,23.25,
67,91,89.25,23.25,
67,92,89.5,23.25,
67,93,89.75,23.25,
67,94,90.0,23.25,
67,95,90.25,23.25,
67,96,90.5,23.25,
67,97,90.75,23.25,
67,98,91.0,23.25,
67,99,91.25,23.25,
67,100,91.5,23.25,579.0
67,101,91.75,23.25,
67,102,92.0,23.25,
67,103,92.25,23.25,
67,104,92.5,23.25,396.0
67,105,92.75,23.25,399.0
67,106,93.0,23.25,399.0
67,107,93.25,23.25,393.0
67,108,93.5,23.25,
67,109,93.75,23.25,
67,110,94.0,23.25,
67,111,94.25,23.25,
67,112,94.5,23.25,
67,113,94.75,23.25,
67,114,95.0,23.25,
67,115,95.25,23.25,
67,116,95.5,23.25,
67,117,95.75,23.25,
67,118,96.0,23.25,
67,119,96.25,23.25,
67,120,96.5,23.25,
67,121,96.75,23.25,
67,122,97.0,23.25,
67,123,97.25,23.25,
67,124,97.5,23.25,
67,125,97.75,23.25,
67,126,98.0,23.25,
67,127,98.25,23.25,
67,128,98.5,23.25,
67,129,98.75,23.25,
67,130,99.0,23.25,
67,131,99.25,23.25,
67,132,99.5,23.25,
67,133,99.75,23.25,
67,134,100.0,23.25,
68,0,66.5,23.5,
68,1,66.75,23.5,
68,2,67.0,23.5,
68,3,67.25,23.5,
68,4,67.5,23.5,
68,5,67.75,23.5,
68,6,68.0,23.5,
68,7,68.25,23.5,
68,8,68.5,23.5,
68,9,68.75,23.5,156.0
68,10,69.0,23.5,156.0
68,11,69.25,23.5,156.0
68,12,69.5,23.5,156.0
68,13,69.75,23.5,156.0
68,14,70.0,23.5,156.0
68,15,70.25,23.5,156.0
68,16,70.5,23.5,156.0
68,17,70.75,23.5,156.0
68,18,71.0,23.5,156.0
68,19,71.25,23.5,156.0
68,20,71.5,23.5,156.0
68,21,71.75,23.5,164.0
68,22,72.0,23.5,158.0
68,23,72.25,23.5,158.0
68,24,72.5,23.5,158.0
68,25,72.75,23.5,152.0
68,26,73.0,23.5,167.0
68,27,73.25,23.5,
68,28,73.5,23.5,
68,29,73.75,23.5,480.0
68,30,74.0,23.5,480.0
68,31,74.25,23.5,469.0
68,32,74.5,23.5,469.0
68,33,74.75,23.5,312.0
68,34,75.0,23.5,312.0
68,35,75.25,23.5,325.0
68,36,75.5,23.5,325.0
68,37,75.75,23.5,325.0
68,38,76.0,23.5,325.0
68,39,76.25,23.5,319.0
68,40,76.5,23.5,319.0
68,41,76.75,23.5,311.0
68,42,77.0,23.5,311.0
68,43,77.25,23.5,316.0
68,44,77.5,23.5,284.0
68,45,77.75,23.5,310.0
68,46,78.0,23.5,327.0
68,47,78.25,23.5,310.0
68,48,78.5,23.5,310.0
68,49,78.75,23.5,314.0
68,50,79.0,23.5,314.0
68,51,79.25,23.5,314.0
68,52,79.5,23.5,288.0
68,53,79.75,23.5,288.0
68,54,80.0,23.5,300.0
68,55,80.25,23.5,302.0
68,56,80.5,23.5,302.0
68,57,80.75,23.5,326.0
68,58,81.0,23.5,326.0
68,59,81.25,23.5,326.0
68,60,81.5,23.5,318.0
68,61,81.75,23.5,318.0
68,62,82.0,23.5,
68,63,82.25,23.5,
68,64,82.5,23.5,113.0
68,65,82.75,23.5,121.0
68,66,83.0,23.5,121.0
68,67,83.25,23.5,121.0
68,68,83.5,23.5,98.0
68,69,83.75,23.5,98.0
68,70,84.0,23.5,98.0
68,71,84.25,23.5,221.0
68,72,84.5,23.5,222.0
68,73,84.75,23.5,222.0
68,74,85.0,23.5,226.0
68,75,85.25,23.5,226.0
68,76,85.5,23.5,226.0
68,77,85.75,23.5,225.0
68,78,86.0,23.5,207.0
68,79,86.25,23.5,207.0
68,80,86.5,23.5,690.0
68,81,86.75,23.5,690.0
68,82,87.0,23.5,671.0
68,83,87.25,23.5,671.0
68,84,87.5,23.5,688.0
68,85,87.75,23.5,688.0
68,86,88.0,23.5,688.0
68,87,88.25,23.5,688.0
68,88,88.5,23.5,684.0
68,89,88.75,23.5,
68,90,89.0,23.5,
68,91,89.25,23.5,
68,92,89.5,23.5,
68,93,89.75,23.5,
68,94,90.0,23.5,
68,95,90.25,23.5,
68,96,90.5,23.5,
68,97,90.75,23.5,
68,98,91.0,23.5,
68,99,91.25,23.5,578.0
68,100,91.5,23.5,
68,101,91.75,23.5,
68,102,92.0,23.5,
68,103,92.25,23.5,
68,104,92.5,23.5,397.0
68,105,92.75,23.5,392.0
68,106,93.0,23.5,
68,107,93.25,23.5,
68,108,93.5,23.5,
68,109,93.75,23.5,
68,110,94.0,23.5,
68,111,94.25,23.5,
68,112,94.5,23.5,
68,113,94.75,23.5,
68,114,95.0,23.5,
68,115,95.25,23.5,
68,116,95.5,23.5,
68,117,95.75,23.5,
68,118,96.0,23.5,
68,119,96.25,23.5,
68,120,96.5,23.5,
68,121,96.75,23.5,
68,122,97.0,23.5,
68,123,97.25,23.5,
68,124,97.5,23.5,
68,125,97.75,23.5,
68,126,98.0,23.5,
68,127,98.25,23.5,
68,128,98.5,23.5,
68,129,98.75,23.5,
68,130,99.0,23.5,
68,131,99.25,23.5,
68,132,99.5,23.5,
68,133,99.75,23.5,
68,134,100.0,23.5,
69,0,66.5,23.75,
69,1,66.75,23.75,
69,2,67.0,23.75,
69,3,67.25,23.75,
69,4,67.5,23.75,
69,5,67.75,23.75,
69,6,68.0,23.75,
69,7,68.25,23.75,156.0
69,8,68.5,23.75,156.0
69,9,68.75,23.75,156.0
69,10,69.0,23.75,156.0
69,11,69.25,23.75,156.0
69,12,69.5,23.75,156.0
69,13,69.75,23.75,156.0
69,14,70.0,23.75,156.0
69,15,70.25,23.75,156.0
69,16,70.5,23.75,156.0
69,17,70.75,23.75,156.0
69,18,71.0,23.75,156.0
69,19,71.25,23.75,164.0
69,20,71.5,23.75,164.0
69,21,71.75,23.75,164.0
69,22,72.0,23.75,164.0
69,23,72.25,23.75,164.0
69,24,72.5,23.75,158.0
69,25,72.75,23.75,158.0
69,26,73.0,23.75,167.0
69,27,73.25,23.75,
69,28,73.5,23.75,480.0
69,29,73.75,23.75,480.0
69,30,74.0,23.75,480.0
69,31,74.25,23.75,469.0
69,32,74.5,23.75,469.0
69,33,74.75,23.75,493.0
69,34,75.0,23.75,312.0
69,35,75.25,23.75,312.0
69,36,75.5,23.75,312.0
69,37,75.75,23.75,276.0
69,38,76.0,23.75,276.0
69,39,76.25,23.75,276.0
69,40,76.5,23.75,311.0
69,41,76.75,23.75,311.0
69,42,77.0,23.75,311.0
69,43,77.25,23.75,284.0
69,44,77.5,23.75,284.0
69,45,77.75,23.75,327.0
69,46,78.0,23.75,327.0
69,47,78.25,23.75,327.0
69,48,78.5,23.75,314.0
69,49,78.75,23.75,314.0
69,50,79.0,23.75,314.0
69,51,79.25,23.75,314.0
69,52,79.5,23.75,288.0
69,53,79.75,23.75,288.0
69,54,80.0,23.75,302.0
69,55,80.25,23.75,302.0
69,56,80.5,23.75,302.0
69,57,80.75,23.75,302.0
69,58,81.0,23.75,326.0
69,59,81.25,23.75,318.0
69,60,81.5,23.75,318.0
69,61,81.75,23.75,
69,62,82.0,23.75,
69,63,82.25,23.75,
69,64,82.5,23.75,113.0
69,65,82.75,23.75,121.0
69,66,83.0,23.75,121.0
69,67,83.25,23.75,98.0
69,68,83.5,23.75,98.0
69,69,83.75,23.75,213.0
69,70,84.0,23.75,213.0
69,71,84.25,23.75,221.0
69,72,84.5,23.75,221.0
69,73,84.75,23.75,221.0
69,74,85.0,23.75,208.0
69,75,85.25,23.75,217.0
69,76,85.5,23.75,225.0
69,77,85.75,23.75,207.0
69,78,86.0,23.75,207.0
69,79,86.25,23.75,210.0
69,80,86.5,23.75,210.0
69,81,86.75,23.75,210.0
69,82,87.0,23.75,686.0
69,83,87.25,23.75,672.0
69,84,87.5,23.75,672.0
69,85,87.75,23.75,672.0
69,86,88.0,23.75,688.0
69,87,88.25,23.75,684.0
69,88,88.5,23.75,684.0
69,89,88.75,23.75,
69,90,89.0,23.75,
69,91,89.25,23.75,
69,92,89.5,23.75,
69,93,89.75,23.75,
69,94,90.0,23.75,
69,95,90.25,23.75,
69,96,90.5,23.75,
69,97,90.75,23.75,
69,98,91.0,23.75,
69,99,91.25,23.75,581.0
69,100,91.5,23.75,581.0
69,101,91.75,23.75,576.0
69,102,92.0,23.75,574.0
69,103,92.25,23.75,577.0
69,104,92.5,23.75,397.0
69,105,92.75,23.75,392.0
69,106,93.0,23.75,
69,107,93.25,23.75,393.0
69,108,93.5,23.75,
69,109,93.75,23.75,
69,110,94.0,23.75,
69,111,94.25,23.75,
69,112,94.5,23.75,
69,113,94.75,23.75,
69,114,95.0,23.75,
69,115,95.25,23.75,
69,116,95.5,23.75,
69,117,95.75,23.75,
69,118,96.0,23.75,
69,119,96.25,23.75,
69,120,96.5,23.75,
69,121,96.75,23.75,
69,122,97.0,23.75,
69,123,97.25,23.75,
69,124,97.5,23.75,
69,125,97.75,23.75,
69,126,98.0,23.75,
69,127,98.25,23.75,
69,128,98.5,23.75,
69,129,98.75,23.75,
69,130,99.0,23.75,
69,131,99.25,23.75,
69,132,99.5,23.75,
69,133,99.75,23.75,
69,134,100.0,23.75,
70,0,66.5,24.0,
70,1,66.75,24.0,
70,2,67.0,24.0,
70,3,67.25,24.0,
70,4,67.5,24.0,
70,5,67.75,24.0,
70,6,68.0,24.0,
70,7,68.25,24.0,
70,8,68.5,24.0,
70,9,68.75,24.0,
70,10,69.0,24.0,156.0
70,11,69.25,24.0,156.0
70,12,69.5,24.0,156.0
70,13,69.75,24.0,156.0
70,14,70.0,24.0,156.0
70,15,70.25,24.0,156.0
70,16,70.5,24.0,156.0
70,17,70.75,24.0,156.0
70,18,71.0,24.0,156.0
70,19,71.25,24.0,156.0
70,20,71.5,24.0,144.0
70,21,71.75,24.0,144.0
70,22,72.0,24.0,144.0
70,23,72.25,24.0,164.0
70,24,72.5,24.0,144.0
70,25,72.75,24.0,158.0
70,26,73.0,24.0,167.0
70,27,73.25,24.0,167.0
70,28,73.5,24.0,499.0
70,29,73.75,24.0,499.0
70,30,74.0,24.0,
70,31,74.25,24.0,
70,32,74.5,24.0,493.0
70,33,74.75,24.0,493.0
70,34,75.0,24.0,304.0
70,35,75.25,24.0,304.0
70,36,75.5,24.0,486.0
70,37,75.75,24.0,304.0
70,38,76.0,24.0,276.0
70,39,76.25,24.0,276.0
70,40,76.5,24.0,311.0
70,41,76.75,24.0,311.0
70,42,77.0,24.0,311.0
70,43,77.25,24.0,295.0
70,44,77.5,24.0,327.0
70,45,77.75,24.0,327.0
70,46,78.0,24.0,327.0
70,47,78.25,24.0,327.0
70,48,78.5,24.0,314.0
70,49,78.75,24.0,314.0
70,50,79.0,24.0,314.0
70,51,79.25,24.0,288.0
70,52,79.5,24.0,288.0
70,53,79.75,24.0,288.0
70,54,80.0,24.0,309.0
70,55,80.25,24.0,309.0
70,56,80.5,24.0,302.0
70,57,80.75,24.0,302.0
70,58,81.0,24.0,326.0
70,59,81.25,24.0,318.0
70,60,81.5,24.0,318.0
70,61,81.75,24.0,322.0
70,62,82.0,24.0,322.0
70,63,82.25,24.0,323.0
70,64,82.5,24.0,323.0
70,65,82.75,24.0,323.0
70,66,83.0,24.0,653.0
70,67,83.25,24.0,98.0
70,68,83.5,24.0,98.0
70,69,83.75,24.0,213.0
70,70,84.0,24.0,224.0
70,71,84.25,24.0,224.0
70,72,84.5,24.0,224.0
70,73,84.75,24.0,221.0
70,74,85.0,24.0,208.0
70,75,85.25,24.0,217.0
70,76,85.5,24.0,217.0
70,77,85.75,24.0,217.0
70,78,86.0,24.0,214.0
70,79,86.25,24.0,214.0
70,80,86.5,24.0,218.0
70,81,86.75,24.0,218.0
70,82,87.0,24.0,218.0
70,83,87.25,24.0,672.0
70,84,87.5,24.0,672.0
70,85,87.75,24.0,672.0
70,86,88.0,24.0,683.0
70,87,88.25,24.0,683.0
70,88,88.5,24.0,683.0
70,89,88.75,24.0,684.0
70,90,89.0,24.0,
70,91,89.25,24.0,
70,92,89.5,24.0,
70,93,89.75,24.0,
70,94,90.0,24.0,
70,95,90.25,24.0,
70,96,90.5,24.0,
70,97,90.75,24.0,
70,98,91.0,24.0,
70,99,91.25,24.0,
70,100,91.5,24.0,581.0
70,101,91.75,24.0,576.0
70,102,92.0,24.0,574.0
70,103,92.25,24.0,577.0
70,104,92.5,24.0,397.0
70,105,92.75,24.0,394.0
70,106,93.0,24.0,
70,107,93.25,24.0,
70,108,93.5,24.0,367.0
70,109,93.75,24.0,
70,110,94.0,24.0,366.0
70,111,94.25,24.0,
70,112,94.5,24.0,
70,113,94.75,24.0,
70,114,95.0,24.0,
70,115,95.25,24.0,
70,116,95.5,24.0,
70,117,95.75,24.0,
70,118,96.0,24.0,
70,119,96.25,24.0,
70,120,96.5,24.0,
70,121,96.75,24.0,
70,122,97.0,24.0,
70,123,97.25,24.0,
70,124,97.5,24.0,
70,125,97.75,24.0,
70,126,98.0,24.0,
70,127,98.25,24.0,
70,128,98.5,24.0,
70,129,98.75,24.0,
70,130,99.0,24.0,
70,131,99.25,24.0,
70,132,99.5,24.0,
70,133,99.75,24.0,
70,134,100.0,24.0,
71,0,66.5,24.25,
71,1,66.75,24.25,
71,2,67.0,24.25,
71,3,67.25,24.25,
71,4,67.5,24.25,
71,5,67.75,24.25,
71,6,68.0,24.25,
71,7,68.25,24.25,
71,8,68.5,24.25,
71,9,68.75,24.25,
71,10,69.0,24.25,
71,11,69.25,24.25,156.0
71,12,69.5,24.25,156.0
71,13,69.75,24.25,
71,14,70.0,24.25,
71,15,70.25,24.25,156.0
71,16,70.5,24.25,156.0
71,17,70.75,24.25,
71,18,71.0,24.25,156.0
71,19,71.25,24.25,156.0
71,20,71.5,24.25,144.0
71,21,71.75,24.25,144.0
71,22,72.0,24.25,144.0
71,23,72.25,24.25,144.0
71,24,72.5,24.25,144.0
71,25,72.75,24.25,144.0
71,26,73.0,24.25,144.0
71,27,73.25,24.25,499.0
71,28,73.5,24.25,499.0
71,29,73.75,24.25,
71,30,74.0,24.25,
71,31,74.25,24.25,
71,32,74.5,24.25,493.0
71,33,74.75,24.25,
71,34,75.0,24.25,304.0
71,35,75.25,24.25,304.0
71,36,75.5,24.25,304.0
71,37,75.75,24.25,304.0
71,38,76.0,24.25,486.0
71,39,76.25,24.25,486.0
71,40,76.5,24.25,486.0
71,41,76.75,24.25,486.0
71,42,77.0,24.25,295.0
71,43,77.25,24.25,295.0
71,44,77.5,24.25,327.0
71,45,77.75,24.25,327.0
71,46,78.0,24.25,279.0
71,47,78.25,24.25,314.0
71,48,78.5,24.25,314.0
71,49,78.75,24.25,629.0
71,50,79.0,24.25,314.0
71,51,79.25,24.25,286.0
71,52,79.5,24.25,288.0
71,53,79.75,24.25,288.0
71,54,80.0,24.25,309.0
71,55,80.25,24.25,309.0
71,56,80.5,24.25,309.0
71,57,80.75,24.25,
71,58,81.0,24.25,
71,59,81.25,24.25,
71,60,81.5,24.25,322.0
71,61,81.75,24.25,322.0
71,62,82.0,24.25,322.0
71,63,82.25,24.25,323.0
71,64,82.5,24.25,323.0
71,65,82.75,24.25,323.0
71,66,83.0,24.25,653.0
71,67,83.25,24.25,653.0
71,68,83.5,24.25,213.0
71,69,83.75,24.25,213.0
71,70,84.0,24.25,224.0
71,71,84.25,24.25,224.0
71,72,84.5,24.25,208.0
71,73,84.75,24.25,208.0
71,74,85.0,24.25,208.0
71,75,85.25,24.25,208.0
71,76,85.5,24.25,217.0
71,77,85.75,24.25,217.0
71,78,86.0,24.25,214.0
71,79,86.25,24.25,214.0
71,80,86.5,24.25,214.0
71,81,86.75,24.25,209.0
71,82,87.0,24.25,209.0
71,83,87.25,24.25,211.0
71,84,87.5,24.25,211.0
71,85,87.75,24.25,672.0
71,86,88.0,24.25,672.0
71,87,88.25,24.25,683.0
71,88,88.5,24.25,683.0
71,89,88.75,24.25,
71,90,89.0,24.25,
71,91,89.25,24.25,
71,92,89.5,24.25,
71,93,89.75,24.25,
71,94,90.0,24.25,
71,95,90.25,24.25,
71,96,90.5,24.25,
71,97,90.75,24.25,
71,98,91.0,24.25,
71,99,91.25,24.25,
71,100,91.5,24.25,
71,101,91.75,24.25,
71,102,92.0,24.25,
71,103,92.25,24.25,577.0
71,104,92.5,24.25,38.0
71,105,92.75,24.25,394.0
71,106,93.0,24.25,392.0
71,107,93.25,24.25,375.0
71,108,93.5,24.25,367.0
71,109,93.75,24.25,367.0
71,110,94.0,24.25,366.0
71,111,94.25,24.25,378.0
71,112,94.5,24.25,
71,113,94.75,24.25,
71,114,95.0,24.25,
71,115,95.25,24.25,
71,116,95.5,24.25,
71,117,95.75,24.25,
71,118,96.0,24.25,
71,119,96.25,24.25,
71,120,96.5,24.25,
71,121,96.75,24.25,
71,122,97.0,24.25,
71,123,97.25,24.25,
71,124,97.5,24.25,
71,125,97.75,24.25,
71,126,98.0,24.25,
71,127,98.25,24.25,
71,128,98.5,24.25,
71,129,98.75,24.25,
71,130,99.0,24.25,
71,131,99.25,24.25,
71,132,99.5,24.25,
71,133,99.75,24.25,
71,134,100.0,24.25,
72,0,66.5,24.5,
72,1,66.75,24.5,
72,2,67.0,24.5,
72,3,67.25,24.5,
72,4,67.5,24.5,
72,5,67.75,24.5,
72,6,68.0,24.5,
72,7,68.25,24.5,
72,8,68.5,24.5,
72,9,68.75,24.5,
72,10,69.0,24.5,
72,11,69.25,24.5,
72,12,69.5,24.5,
72,13,69.75,24.5,
72,14,70.0,24.5,
72,15,70.25,24.5,
72,16,70.5,24.5,
72,17,70.75,24.5,
72,18,71.0,24.5,
72,19,71.25,24.5,156.0
72,20,71.5,24.5,144.0
72,21,71.75,24.5,144.0
72,22,72.0,24.5,144.0
72,23,72.25,24.5,144.0
72,24,72.5,24.5,497.0
72,25,72.75,24.5,497.0
72,26,73.0,24.5,497.0
72,27,73.25,24.5,499.0
72,28,73.5,24.5,499.0
72,29,73.75,24.5,499.0
72,30,74.0,24.5,499.0
72,31,74.25,24.5,476.0
72,32,74.5,24.5,476.0
72,33,74.75,24.5,
72,34,75.0,24.5,
72,35,75.25,24.5,
72,36,75.5,24.5,
72,37,75.75,24.5,304.0
72,38,76.0,24.5,486.0
72,39,76.25,24.5,486.0
72,40,76.5,24.5,486.0
72,41,76.75,24.5,470.0
72,42,77.0,24.5,470.0
72,43,77.25,24.5,295.0
72,44,77.5,24.5,279.0
72,45,77.75,24.5,279.0
72,46,78.0,24.5,279.0
72,47,78.25,24.5,629.0
72,48,78.5,24.5,629.0
72,49,78.75,24.5,629.0
72,50,79.0,24.5,324.0
72,51,79.25,24.5,286.0
72,52,79.5,24.5,286.0
72,53,79.75,24.5,286.0
72,54,80.0,24.5,309.0
72,55,80.25,24.5,309.0
72,56,80.5,24.5,315.0
72,57,80.75,24.5,315.0
72,58,81.0,24.5,315.0
72,59,81.25,24.5,313.0
72,60,81.5,24.5,313.0
72,61,81.75,24.5,322.0
72,62,82.0,24.5,322.0
72,63,82.25,24.5,322.0
72,64,82.5,24.5,323.0
72,65,82.75,24.5,653.0
72,66,83.0,24.5,653.0
72,67,83.25,24.5,653.0
72,68,83.5,24.5,213.0
72,69,83.75,24.5,213.0
72,70,84.0,24.5,224.0
72,71,84.25,24.5,224.0
72,72,84.5,24.5,66.0
72,73,84.75,24.5,66.0
72,74,85.0,24.5,66.0
72,75,85.25,24.5,66.0
72,76,85.5,24.5,
72,77,85.75,24.5,
72,78,86.0,24.5,214.0
72,79,86.25,24.5,214.0
72,80,86.5,24.5,69.0
72,81,86.75,24.5,209.0
72,82,87.0,24.5,211.0
72,83,87.25,24.5,211.0
72,84,87.5,24.5,211.0
72,85,87.75,24.5,223.0
72,86,88.0,24.5,683.0
72,87,88.25,24.5,
72,88,88.5,24.5,
72,89,88.75,24.5,
72,90,89.0,24.5,
72,91,89.25,24.5,
72,92,89.5,24.5,
72,93,89.75,24.5,
72,94,90.0,24.5,
72,95,90.25,24.5,
72,96,90.5,24.5,
72,97,90.75,24.5,
72,98,91.0,24.5,
72,99,91.25,24.5,
72,100,91.5,24.5,
72,101,91.75,24.5,
72,102,92.0,24.5,
72,103,92.25,24.5,44.0
72,104,92.5,24.5,44.0
72,105,92.75,24.5,38.0
72,106,93.0,24.5,28.0
72,107,93.25,24.5,375.0
72,108,93.5,24.5,367.0
72,109,93.75,24.5,365.0
72,110,94.0,24.5,371.0
72,111,94.25,24.5,378.0
72,112,94.5,24.5,
72,113,94.75,24.5,
72,114,95.0,24.5,
72,115,95.25,24.5,
72,116,95.5,24.5,
72,117,95.75,24.5,
72,118,96.0,24.5,
72,119,96.25,24.5,
72,120,96.5,24.5,
72,121,96.75,24.5,
72,122,97.0,24.5,
72,123,97.25,24.5,
72,124,97.5,24.5,
72,125,97.75,24.5,
72,126,98.0,24.5,
72,127,98.25,24.5,
72,128,98.5,24.5,
72,129,98.75,24.5,
72,130,99.0,24.5,
72,131,99.25,24.5,
72,132,99.5,24.5,
72,133,99.75,24.5,
72,134,100.0,24.5,
73,0,66.5,24.75,
73,1,66.75,24.75,
73,2,67.0,24.75,
73,3,67.25,24.75,
73,4,67.5,24.75,
73,5,67.75,24.75,
73,6,68.0,24.75,
73,7,68.25,24.75,
73,8,68.5,24.75,
73,9,68.75,24.75,
73,10,69.0,24.75,
73,11,69.25,24.75,
73,12,69.5,24.75,
73,13,69.75,24.75,
73,14,70.0,24.75,
73,15,70.25,24.75,
73,16,70.5,24.75,
73,17,70.75,24.75,
73,18,71.0,24.75,
73,19,71.25,24.75,471.0
73,20,71.5,24.75,
73,21,71.75,24.75,
73,22,72.0,24.75,
73,23,72.25,24.75,
73,24,72.5,24.75,497.0
73,25,72.75,24.75,497.0
73,26,73.0,24.75,497.0
73,27,73.25,24.75,499.0
73,28,73.5,24.75,499.0
73,29,73.75,24.75,
73,30,74.0,24.75,499.0
73,31,74.25,24.75,476.0
73,32,74.5,24.75,476.0
73,33,74.75,24.75,476.0
73,34,75.0,24.75,476.0
73,35,75.25,24.75,
73,36,75.5,24.75,
73,37,75.75,24.75,304.0
73,38,76.0,24.75,490.0
73,39,76.25,24.75,486.0
73,40,76.5,24.75,470.0
73,41,76.75,24.75,470.0
73,42,77.0,24.75,295.0
73,43,77.25,24.75,295.0
73,44,77.5,24.75,295.0
73,45,77.75,24.75,279.0
73,46,78.0,24.75,279.0
73,47,78.25,24.75,629.0
73,48,78.5,24.75,629.0
73,49,78.75,24.75,629.0
73,50,79.0,24.75,324.0
73,51,79.25,24.75,324.0
73,52,79.5,24.75,286.0
73,53,79.75,24.75,286.0
73,54,80.0,24.75,286.0
73,55,80.25,24.75,309.0
73,56,80.5,24.75,315.0
73,57,80.75,24.75,315.0
73,58,81.0,24.75,315.0
73,59,81.25,24.75,313.0
73,60,81.5,24.75,313.0
73,61,81.75,24.75,
73,62,82.0,24.75,
73,63,82.25,24.75,
73,64,82.5,24.75,637.0
73,65,82.75,24.75,653.0
73,66,83.0,24.75,653.0
73,67,83.25,24.75,602.0
73,68,83.5,24.75,70.0
73,69,83.75,24.75,70.0
73,70,84.0,24.75,85.0
73,71,84.25,24.75,59.0
73,72,84.5,24.75,59.0
73,73,84.75,24.75,66.0
73,74,85.0,24.75,66.0
73,75,85.25,24.75,66.0
73,76,85.5,24.75,80.0
73,77,85.75,24.75,
73,78,86.0,24.75,214.0
73,79,86.25,24.75,69.0
73,80,86.5,24.75,69.0
73,81,86.75,24.75,60.0
73,82,87.0,24.75,60.0
73,83,87.25,24.75,215.0
73,84,87.5,24.75,223.0
73,85,87.75,24.75,223.0
73,86,88.0,24.75,682.0
73,87,88.25,24.75,
73,88,88.5,24.75,
73,89,88.75,24.75,
73,90,89.0,24.75,
73,91,89.25,24.75,
73,92,89.5,24.75,
73,93,89.75,24.75,
73,94,90.0,24.75,
73,95,90.25,24.75,
73,96,90.5,24.75,
73,97,90.75,24.75,
73,98,91.0,24.75,
73,99,91.25,24.75,
73,100,91.5,24.75,
73,101,91.75,24.75,
73,102,92.0,24.75,
73,103,92.25,24.75,
73,104,92.5,24.75,44.0
73,105,92.75,24.75,28.0
73,106,93.0,24.75,28.0
73,107,93.25,24.75,377.0
73,108,93.5,24.75,
73,109,93.75,24.75,373.0
73,110,94.0,24.75,368.0
73,111,94.25,24.75,
73,112,94.5,24.75,
73,113,94.75,24.75,
73,114,95.0,24.75,
73,115,95.25,24.75,
73,116,95.5,24.75,
73,117,95.75,24.75,
73,118,96.0,24.75,
73,119,96.25,24.75,
73,120,96.5,24.75,
73,121,96.75,24.75,
73,122,97.0,24.75,
73,123,97.25,24.75,
73,124,97.5,24.75,
73,125,97.75,24.75,
73,126,98.0,24.75,
73,127,98.25,24.75,
73,128,98.5,24.75,
73,129,98.75,24.75,
73,130,99.0,24.75,
73,131,99.25,24.75,
73,132,99.5,24.75,
73,133,99.75,24.75,
73,134,100.0,24.75,
74,0,66.5,25.0,
74,1,66.75,25.0,
74,2,67.0,25.0,
74,3,67.25,25.0,
74,4,67.5,25.0,
74,5,67.75,25.0,
74,6,68.0,25.0,
74,7,68.25,25.0,
74,8,68.5,25.0,
74,9,68.75,25.0,
74,10,69.0,25.0,
74,11,69.25,25.0,
74,12,69.5,25.0,
74,13,69.75,25.0,
74,14,70.0,25.0,
74,15,70.25,25.0,
74,16,70.5,25.0,
74,17,70.75,25.0,
74,18,71.0,25.0,471.0
74,19,71.25,25.0,471.0
74,20,71.5,25.0,
74,21,71.75,25.0,
74,22,72.0,25.0,485.0
74,23,72.25,25.0,485.0
74,24,72.5,25.0,485.0
74,25,72.75,25.0,497.0
74,26,73.0,25.0,497.0
74,27,73.25,25.0,492.0
74,28,73.5,25.0,499.0
74,29,73.75,25.0,
74,30,74.0,25.0,
74,31,74.25,25.0,
74,32,74.5,25.0,476.0
74,33,74.75,25.0,476.0
74,34,75.0,25.0,476.0
74,35,75.25,25.0,
74,36,75.5,25.0,
74,37,75.75,25.0,490.0
74,38,76.0,25.0,490.0
74,39,76.25,25.0,490.0
74,40,76.5,25.0,470.0
74,41,76.75,25.0,470.0
74,42,77.0,25.0,295.0
74,43,77.25,25.0,295.0
74,44,77.5,25.0,321.0
74,45,77.75,25.0,321.0
74,46,78.0,25.0,321.0
74,47,78.25,25.0,321.0
74,48,78.5,25.0,629.0
74,49,78.75,25.0,324.0
74,50,79.0,25.0,324.0
74,51,79.25,25.0,324.0
74,52,79.5,25.0,286.0
74,53,79.75,25.0,286.0
74,54,80.0,25.0,286.0
74,55,80.25,25.0,309.0
74,56,80.5,25.0,315.0
74,57,80.75,25.0,315.0
74,58,81.0,25.0,603.0
74,59,81.25,25.0,313.0
74,60,81.5,25.0,313.0
74,61,81.75,25.0,313.0
74,62,82.0,25.0,642.0
74,63,82.25,25.0,642.0
74,64,82.5,25.0,637.0
74,65,82.75,25.0,637.0
74,66,83.0,25.0,637.0
74,67,83.25,25.0,602.0
74,68,83.5,25.0,70.0
74,69,83.75,25.0,70.0
74,70,84.0,25.0,85.0
74,71,84.25,25.0,85.0
74,72,84.5,25.0,59.0
74,73,84.75,25.0,66.0
74,74,85.0,25.0,66.0
74,75,85.25,25.0,66.0
74,76,85.5,25.0,80.0
74,77,85.75,25.0,80.0
74,78,86.0,25.0,74.0
74,79,86.25,25.0,69.0
74,80,86.5,25.0,77.0
74,81,86.75,25.0,60.0
74,82,87.0,25.0,60.0
74,83,87.25,25.0,215.0
74,84,87.5,25.0,227.0
74,85,87.75,25.0,227.0
74,86,88.0,25.0,682.0
74,87,88.25,25.0,682.0
74,88,88.5,25.0,
74,89,88.75,25.0,
74,90,89.0,25.0,
74,91,89.25,25.0,
74,92,89.5,25.0,
74,93,89.75,25.0,
74,94,90.0,25.0,
74,95,90.25,25.0,
74,96,90.5,25.0,
74,97,90.75,25.0,
74,98,91.0,25.0,
74,99,91.25,25.0,
74,100,91.5,25.0,
74,101,91.75,25.0,
74,102,92.0,25.0,
74,103,92.25,25.0,
74,104,92.5,25.0,28.0
74,105,92.75,25.0,28.0
74,106,93.0,25.0,28.0
74,107,93.25,25.0,35.0
74,108,93.5,25.0,377.0
74,109,93.75,25.0,377.0
74,110,94.0,25.0,373.0
74,111,94.25,25.0,380.0
74,112,94.5,25.0,
74,113,94.75,25.0,
74,114,95.0,25.0,
74,115,95.25,25.0,
74,116,95.5,25.0,
74,117,95.75,25.0,
74,118,96.0,25.0,
74,119,96.25,25.0,
74,120,96.5,25.0,
74,121,96.75,25.0,
74,122,97.0,25.0,
74,123,97.25,25.0,
74,124,97.5,25.0,
74,125,97.75,25.0,
74,126,98.0,25.0,
74,127,98.25,25.0,
74,128,98.5,25.0,
74,129,98.75,25.0,
74,130,99.0,25.0,
74,131,99.25,25.0,
74,132,99.5,25.0,
74,133,99.75,25.0,
74,134,100.0,25.0,
75,0,66.5,25.25,
75,1,66.75,25.25,
75,2,67.0,25.25,
75,3,67.25,25.25,
75,4,67.5,25.25,
75,5,67.75,25.25,
75,6,68.0,25.25,
75,7,68.25,25.25,
75,8,68.5,25.25,
75,9,68.75,25.25,
75,10,69.0,25.25,
75,11,69.25,25.25,
75,12,69.5,25.25,
75,13,69.75,25.25,
75,14,70.0,25.25,
75,15,70.25,25.25,
75,16,70.5,25.25,
75,17,70.75,25.25,
75,18,71.0,25.25,471.0
75,19,71.25,25.25,471.0
75,20,71.5,25.25,471.0
75,21,71.75,25.25,471.0
75,22,72.0,25.25,
75,23,72.25,25.25,485.0
75,24,72.5,25.25,485.0
75,25,72.75,25.25,485.0
75,26,73.0,25.25,492.0
75,27,73.25,25.25,492.0
75,28,73.5,25.25,492.0
75,29,73.75,25.25,
75,30,74.0,25.25,
75,31,74.25,25.25,473.0
75,32,74.5,25.25,473.0
75,33,74.75,25.25,473.0
75,34,75.0,25.25,473.0
75,35,75.25,25.25,473.0
75,36,75.5,25.25,475.0
75,37,75.75,25.25,475.0
75,38,76.0,25.25,490.0
75,39,76.25,25.25,490.0
75,40,76.5,25.25,470.0
75,41,76.75,25.25,470.0
75,42,77.0,25.25,470.0
75,43,77.25,25.25,470.0
75,44,77.5,25.25,321.0
75,45,77.75,25.25,321.0
75,46,78.0,25.25,321.0
75,47,78.25,25.25,321.0
75,48,78.5,25.25,621.0
75,49,78.75,25.25,
75,50,79.0,25.25,324.0
75,51,79.25,25.25,621.0
75,52,79.5,25.25,632.0
75,53,79.75,25.25,632.0
75,54,80.0,25.25,286.0
75,55,80.25,25.25,286.0
75,56,80.5,25.25,594.0
75,57,80.75,25.25,603.0
75,58,81.0,25.25,603.0
75,59,81.25,25.25,603.0
75,60,81.5,25.25,603.0
75,61,81.75,25.25,642.0
75,62,82.0,25.25,642.0
75,63,82.25,25.25,598.0
75,64,82.5,25.25,598.0
75,65,82.75,25.25,656.0
75,66,83.0,25.25,656.0
75,67,83.25,25.25,602.0
75,68,83.5,25.25,70.0
75,69,83.75,25.25,70.0
75,70,84.0,25.25,85.0
75,71,84.25,25.25,85.0
75,72,84.5,25.25,63.0
75,73,84.75,25.25,58.0
75,74,85.0,25.25,68.0
75,75,85.25,25.25,79.0
75,76,85.5,25.25,79.0
75,77,85.75,25.25,89.0
75,78,86.0,25.25,74.0
75,79,86.25,25.25,74.0
75,80,86.5,25.25,77.0
75,81,86.75,25.25,62.0
75,82,87.0,25.25,62.0
75,83,87.25,25.25,62.0
75,84,87.5,25.25,227.0
75,85,87.75,25.25,227.0
75,86,88.0,25.25,682.0
75,87,88.25,25.25,682.0
75,88,88.5,25.25,673.0
75,89,88.75,25.25,673.0
75,90,89.0,25.25,
75,91,89.25,25.25,
75,92,89.5,25.25,
75,93,89.75,25.25,
75,94,90.0,25.25,
75,95,90.25,25.25,389.0
75,96,90.5,25.25,386.0
75,97,90.75,25.25,386.0
75,98,91.0,25.25,388.0
75,99,91.25,25.25,388.0
75,100,91.5,25.25,383.0
75,101,91.75,25.25,383.0
75,102,92.0,25.25,390.0
75,103,92.25,25.25,382.0
75,104,92.5,25.25,382.0
75,105,92.75,25.25,382.0
75,106,93.0,25.25,35.0
75,107,93.25,25.25,35.0
75,108,93.5,25.25,377.0
75,109,93.75,25.25,377.0
75,110,94.0,25.25,373.0
75,111,94.25,25.25,376.0
75,112,94.5,25.25,380.0
75,113,94.75,25.25,
75,114,95.0,25.25,
75,115,95.25,25.25,
75,116,95.5,25.25,
75,117,95.75,25.25,
75,118,96.0,25.25,
75,119,96.25,25.25,
75,120,96.5,25.25,
75,121,96.75,25.25,
75,122,97.0,25.25,
75,123,97.25,25.25,
75,124,97.5,25.25,
75,125,97.75,25.25,
75,126,98.0,25.25,
75,127,98.25,25.25,
75,128,98.5,25.25,
75,129,98.75,25.25,
75,130,99.0,25.25,
75,131,99.25,25.25,
75,132,99.5,25.25,
75,133,99.75,25.25,
75,134,100.0,25.25,
76,0,66.5,25.5,
76,1,66.75,25.5,
76,2,67.0,25.5,
76,3,67.25,25.5,
76,4,67.5,25.5,
76,5,67.75,25.5,
76,6,68.0,25.5,
76,7,68.25,25.5,
76,8,68.5,25.5,
76,9,68.75,25.5,
76,10,69.0,25.5,
76,11,69.25,25.5,
76,12,69.5,25.5,
76,13,69.75,25.5,
76,14,70.0,25.5,
76,15,70.25,25.5,
76,16,70.5,25.5,
76,17,70.75,25.5,471.0
76,18,71.0,25.5,471.0
76,19,71.25,25.5,471.0
76,20,71.5,25.5,471.0
76,21,71.75,25.5,471.0
76,22,72.0,25.5,
76,23,72.25,25.5,
76,24,72.5,25.5,
76,25,72.75,25.5,485.0
76,26,73.0,25.5,485.0
76,27,73.25,25.5,492.0
76,28,73.5,25.5,492.0
76,29,73.75,25.5,492.0
76,30,74.0,25.5,
76,31,74.25,25.5,473.0
76,32,74.5,25.5,473.0
76,33,74.75,25.5,
76,34,75.0,25.5,
76,35,75.25,25.5,
76,36,75.5,25.5,475.0
76,37,75.75,25.5,475.0
76,38,76.0,25.5,475.0
76,39,76.25,25.5,490.0
76,40,76.5,25.5,490.0
76,41,76.75,25.5,320.0
76,42,77.0,25.5,320.0
76,43,77.25,25.5,321.0
76,44,77.5,25.5,321.0
76,45,77.75,25.5,321.0
76,46,78.0,25.5,321.0
76,47,78.25,25.5,321.0
76,48,78.5,25.5,621.0
76,49,78.75,25.5,621.0
76,50,79.0,25.5,621.0
76,51,79.25,25.5,621.0
76,52,79.5,25.5,615.0
76,53,79.75,25.5,632.0
76,54,80.0,25.5,632.0
76,55,80.25,25.5,594.0
76,56,80.5,25.5,594.0
76,57,80.75,25.5,594.0
76,58,81.0,25.5,594.0
76,59,81.25,25.5,608.0
76,60,81.5,25.5,626.0
76,61,81.75,25.5,642.0
76,62,82.0,25.5,642.0
76,63,82.25,25.5,642.0
76,64,82.5,25.5,620.0
76,65,82.75,25.5,656.0
76,66,83.0,25.5,656.0
76,67,83.25,25.5,602.0
76,68,83.5,25.5,
76,69,83.75,25.5,
76,70,84.0,25.5,64.0
76,71,84.25,25.5,64.0
76,72,84.5,25.5,63.0
76,73,84.75,25.5,63.0
76,74,85.0,25.5,82.0
76,75,85.25,25.5,82.0
76,76,85.5,25.5,94.0
76,77,85.75,25.5,82.0
76,78,86.0,25.5,61.0
76,79,86.25,25.5,61.0
76,80,86.5,25.5,72.0
76,81,86.75,25.5,72.0
76,82,87.0,25.5,75.0
76,83,87.25,25.5,71.0
76,84,87.5,25.5,71.0
76,85,87.75,25.5,71.0
76,86,88.0,25.5,71.0
76,87,88.25,25.5,692.0
76,88,88.5,25.5,673.0
76,89,88.75,25.5,
76,90,89.0,25.5,
76,91,89.25,25.5,
76,92,89.5,25.5,
76,93,89.75,25.5,
76,94,90.0,25.5,387.0
76,95,90.25,25.5,389.0
76,96,90.5,25.5,381.0
76,97,90.75,25.5,386.0
76,98,91.0,25.5,391.0
76,99,91.25,25.5,391.0
76,100,91.5,25.5,391.0
76,101,91.75,25.5,383.0
76,102,92.0,25.5,383.0
76,103,92.25,25.5,390.0
76,104,92.5,25.5,390.0
76,105,92.75,25.5,35.0
76,106,93.0,25.5,35.0
76,107,93.25,25.5,35.0
76,108,93.5,25.5,
76,109,93.75,25.5,
76,110,94.0,25.5,376.0
76,111,94.25,25.5,407.0
76,112,94.5,25.5,380.0
76,113,94.75,25.5,407.0
76,114,95.0,25.5,
76,115,95.25,25.5,
76,116,95.5,25.5,
76,117,95.75,25.5,
76,118,96.0,25.5,
76,119,96.25,25.5,
76,120,96.5,25.5,
76,121,96.75,25.5,
76,122,97.0,25.5,
76,123,97.25,25.5,
76,124,97.5,25.5,
76,125,97.75,25.5,
76,126,98.0,25.5,
76,127,98.25,25.5,
76,128,98.5,25.5,
76,129,98.75,25.5,
76,130,99.0,25.5,
76,131,99.25,25.5,
76,132,99.5,25.5,
76,133,99.75,25.5,
76,134,100.0,25.5,
77,0,66.5,25.75,
77,1,66.75,25.75,
77,2,67.0,25.75,
77,3,67.25,25.75,
77,4,67.5,25.75,
77,5,67.75,25.75,
77,6,68.0,25.75,
77,7,68.25,25.75,
77,8,68.5,25.75,
77,9,68.75,25.75,
77,10,69.0,25.75,
77,11,69.25,25.75,
77,12,69.5,25.75,
77,13,69.75,25.75,
77,14,70.0,25.75,
77,15,70.25,25.75,
77,16,70.5,25.75,471.0
77,17,70.75,25.75,471.0
77,18,71.0,25.75,471.0
77,19,71.25,25.75,471.0
77,20,71.5,25.75,471.0
77,21,71.75,25.75,
77,22,72.0,25.75,
77,23,72.25,25.75,
77,24,72.5,25.75,
77,25,72.75,25.75,485.0
77,26,73.0,25.75,492.0
77,27,73.25,25.75,492.0
77,28,73.5,25.75,492.0
77,29,73.75,25.75,492.0
77,30,74.0,25.75,
77,31,74.25,25.75,
77,32,74.5,25.75,473.0
77,33,74.75,25.75,473.0
77,34,75.0,25.75,
77,35,75.25,25.75,
77,36,75.5,25.75,498.0
77,37,75.75,25.75,475.0
77,38,76.0,25.75,475.0
77,39,76.25,25.75,475.0
77,40,76.5,25.75,490.0
77,41,76.75,25.75,320.0
77,42,77.0,25.75,320.0
77,43,77.25,25.75,320.0
77,44,77.5,25.75,321.0
77,45,77.75,25.75,321.0
77,46,78.0,25.75,296.0
77,47,78.25,25.75,289.0
77,48,78.5,25.75,289.0
77,49,78.75,25.75,289.0
77,50,79.0,25.75,621.0
77,51,79.25,25.75,621.0
77,52,79.5,25.75,615.0
77,53,79.75,25.75,615.0
77,54,80.0,25.75,615.0
77,55,80.25,25.75,615.0
77,56,80.5,25.75,594.0
77,57,80.75,25.75,608.0
77,58,81.0,25.75,608.0
77,59,81.25,25.75,626.0
77,60,81.5,25.75,641.0
77,61,81.75,25.75,641.0
77,62,82.0,25.75,641.0
77,63,82.25,25.75,620.0
77,64,82.5,25.75,620.0
77,65,82.75,25.75,620.0
77,66,83.0,25.75,589.0
77,67,83.25,25.75,
77,68,83.5,25.75,
77,69,83.75,25.75,
77,70,84.0,25.75,592.0
77,71,84.25,25.75,592.0
77,72,84.5,25.75,592.0
77,73,84.75,25.75,88.0
77,74,85.0,25.75,88.0
77,75,85.25,25.75,94.0
77,76,85.5,25.75,94.0
77,77,85.75,25.75,87.0
77,78,86.0,25.75,87.0
77,79,86.25,25.75,87.0
77,80,86.5,25.75,86.0
77,81,86.75,25.75,86.0
77,82,87.0,25.75,75.0
77,83,87.25,25.75,84.0
77,84,87.5,25.75,84.0
77,85,87.75,25.75,71.0
77,86,88.0,25.75,692.0
77,87,88.25,25.75,692.0
77,88,88.5,25.75,
77,89,88.75,25.75,
77,90,89.0,25.75,
77,91,89.25,25.75,
77,92,89.5,25.75,
77,93,89.75,25.75,
77,94,90.0,25.75,389.0
77,95,90.25,25.75,389.0
77,96,90.5,25.75,384.0
77,97,90.75,25.75,381.0
77,98,91.0,25.75,391.0
77,99,91.25,25.75,41.0
77,100,91.5,25.75,391.0
77,101,91.75,25.75,391.0
77,102,92.0,25.75,385.0
77,103,92.25,25.75,56.0
77,104,92.5,25.75,56.0
77,105,92.75,25.75,56.0
77,106,93.0,25.75,35.0
77,107,93.25,25.75,43.0
77,108,93.5,25.75,43.0
77,109,93.75,25.75,
77,110,94.0,25.75,402.0
77,111,94.25,25.75,402.0
77,112,94.5,25.75,407.0
77,113,94.75,25.75,407.0
77,114,95.0,25.75,401.0
77,115,95.25,25.75,
77,116,95.5,25.75,
77,117,95.75,25.75,
77,118,96.0,25.75,
77,119,96.25,25.75,
77,120,96.5,25.75,
77,121,96.75,25.75,
77,122,97.0,25.75,
77,123,97.25,25.75,
77,124,97.5,25.75,
77,125,97.75,25.75,
77,126,98.0,25.75,
77,127,98.25,25.75,
77,128,98.5,25.75,
77,129,98.75,25.75,
77,130,99.0,25.75,
77,131,99.25,25.75,
77,132,99.5,25.75,
77,133,99.75,25.75,
77,134,100.0,25.75,
78,0,66.5,26.0,
78,1,66.75,26.0,
78,2,67.0,26.0,
78,3,67.25,26.0,
78,4,67.5,26.0,
78,5,67.75,26.0,
78,6,68.0,26.0,
78,7,68.25,26.0,
78,8,68.5,26.0,
78,9,68.75,26.0,
78,10,69.0,26.0,
78,11,69.25,26.0,
78,12,69.5,26.0,
78,13,69.75,26.0,
78,14,70.0,26.0,
78,15,70.25,26.0,471.0
78,16,70.5,26.0,471.0
78,17,70.75,26.0,471.0
78,18,71.0,26.0,471.0
78,19,71.25,26.0,471.0
78,20,71.5,26.0,471.0
78,21,71.75,26.0,
78,22,72.0,26.0,
78,23,72.25,26.0,
78,24,72.5,26.0,
78,25,72.75,26.0,488.0
78,26,73.0,26.0,488.0
78,27,73.25,26.0,492.0
78,28,73.5,26.0,492.0
78,29,73.75,26.0,492.0
78,30,74.0,26.0,
78,31,74.25,26.0,
78,32,74.5,26.0,
78,33,74.75,26.0,
78,34,75.0,26.0,
78,35,75.25,26.0,
78,36,75.5,26.0,
78,37,75.75,26.0,498.0
78,38,76.0,26.0,498.0
78,39,76.25,26.0,495.0
78,40,76.5,26.0,495.0
78,41,76.75,26.0,495.0
78,42,77.0,26.0,320.0
78,43,77.25,26.0,320.0
78,44,77.5,26.0,320.0
78,45,77.75,26.0,296.0
78,46,78.0,26.0,296.0
78,47,78.25,26.0,296.0
78,48,78.5,26.0,296.0
78,49,78.75,26.0,289.0
78,50,79.0,26.0,619.0
78,51,79.25,26.0,619.0
78,52,79.5,26.0,619.0
78,53,79.75,26.0,619.0
78,54,80.0,26.0,615.0
78,55,80.25,26.0,608.0
78,56,80.5,26.0,608.0
78,57,80.75,26.0,608.0
78,58,81.0,26.0,608.0
78,59,81.25,26.0,
78,60,81.5,26.0,
78,61,81.75,26.0,641.0
78,62,82.0,26.0,641.0
78,63,82.25,26.0,641.0
78,64,82.5,26.0,654.0
78,65,82.75,26.0,589.0
78,66,83.0,26.0,589.0
78,67,83.25,26.0,589.0
78,68,83.5,26.0,635.0
78,69,83.75,26.0,635.0
78,70,84.0,26.0,592.0
78,71,84.25,26.0,92.0
78,72,84.5,26.0,88.0
78,73,84.75,26.0,88.0
78,74,85.0,26.0,88.0
78,75,85.25,26.0,94.0
78,76,85.5,26.0,78.0
78,77,85.75,26.0,87.0
78,78,86.0,26.0,65.0
78,79,86.25,26.0,65.0
78,80,86.5,26.0,86.0
78,81,86.75,26.0,75.0
78,82,87.0,26.0,75.0
78,83,87.25,26.0,57.0
78,84,87.5,26.0,57.0
78,85,87.75,26.0,84.0
78,86,88.0,26.0,692.0
78,87,88.25,26.0,
78,88,88.5,26.0,
78,89,88.75,26.0,
78,90,89.0,26.0,
78,91,89.25,26.0,
78,92,89.5,26.0,
78,93,89.75,26.0,
78,94,90.0,26.0,33.0
78,95,90.25,26.0,36.0
78,96,90.5,26.0,384.0
78,97,90.75,26.0,36.0
78,98,91.0,26.0,36.0
78,99,91.25,26.0,41.0
78,100,91.5,26.0,41.0
78,101,91.75,26.0,385.0
78,102,92.0,26.0,385.0
78,103,92.25,26.0,56.0
78,104,92.5,26.0,56.0
78,105,92.75,26.0,56.0
78,106,93.0,26.0,39.0
78,107,93.25,26.0,43.0
78,108,93.5,26.0,43.0
78,109,93.75,26.0,43.0
78,110,94.0,26.0,409.0
78,111,94.25,26.0,
78,112,94.5,26.0,410.0
78,113,94.75,26.0,401.0
78,114,95.0,26.0,
78,115,95.25,26.0,
78,116,95.5,26.0,
78,117,95.75,26.0,
78,118,96.0,26.0,
78,119,96.25,26.0,
78,120,96.5,26.0,
78,121,96.75,26.0,
78,122,97.0,26.0,
78,123,97.25,26.0,
78,124,97.5,26.0,
78,125,97.75,26.0,
78,126,98.0,26.0,
78,127,98.25,26.0,
78,128,98.5,26.0,
78,129,98.75,26.0,
78,130,99.0,26.0,
78,131,99.25,26.0,
78,132,99.5,26.0,
78,133,99.75,26.0,
78,134,100.0,26.0,
79,0,66.5,26.25,
79,1,66.75,26.25,
79,2,67.0,26.25,
79,3,67.25,26.25,
79,4,67.5,26.25,
79,5,67.75,26.25,
79,6,68.0,26.25,
79,7,68.25,26.25,
79,8,68.5,26.25,
79,9,68.75,26.25,
79,10,69.0,26.25,
79,11,69.25,26.25,
79,12,69.5,26.25,
79,13,69.75,26.25,
79,14,70.0,26.25,
79,15,70.25,26.25,484.0
79,16,70.5,26.25,484.0
79,17,70.75,26.25,484.0
79,18,71.0,26.25,471.0
79,19,71.25,26.25,471.0
79,20,71.5,26.25,471.0
79,21,71.75,26.25,
79,22,72.0,26.25,
79,23,72.25,26.25,488.0
79,24,72.5,26.25,
79,25,72.75,26.25,488.0
79,26,73.0,26.25,488.0
79,27,73.25,26.25,488.0
79,28,73.5,26.25,488.0
79,29,73.75,26.25,488.0
79,30,74.0,26.25,
79,31,74.25,26.25,
79,32,74.5,26.25,467.0
79,33,74.75,26.25,467.0
79,34,75.0,26.25,
79,35,75.25,26.25,498.0
79,36,75.5,26.25,498.0
79,37,75.75,26.25,498.0
79,38,76.0,26.25,498.0
79,39,76.25,26.25,495.0
79,40,76.5,26.25,495.0
79,41,76.75,26.25,489.0
79,42,77.0,26.25,489.0
79,43,77.25,26.25,305.0
79,44,77.5,26.25,305.0
79,45,77.75,26.25,305.0
79,46,78.0,26.25,296.0
79,47,78.25,26.25,296.0
79,48,78.5,26.25,296.0
79,49,78.75,26.25,289.0
79,50,79.0,26.25,283.0
79,51,79.25,26.25,619.0
79,52,79.5,26.25,619.0
79,53,79.75,26.25,624.0
79,54,80.0,26.25,624.0
79,55,80.25,26.25,623.0
79,56,80.5,26.25,623.0
79,57,80.75,26.25,655.0
79,58,81.0,26.25,
79,59,81.25,26.25,
79,60,81.5,26.25,585.0
79,61,81.75,26.25,585.0
79,62,82.0,26.25,654.0
79,63,82.25,26.25,654.0
79,64,82.5,26.25,654.0
79,65,82.75,26.25,
79,66,83.0,26.25,589.0
79,67,83.25,26.25,589.0
79,68,83.5,26.25,635.0
79,69,83.75,26.25,635.0
79,70,84.0,26.25,604.0
79,71,84.25,26.25,92.0
79,72,84.5,26.25,92.0
79,73,84.75,26.25,67.0
79,74,85.0,26.25,78.0
79,75,85.25,26.25,78.0
79,76,85.5,26.25,78.0
79,77,85.75,26.25,65.0
79,78,86.0,26.25,65.0
79,79,86.25,26.25,76.0
79,80,86.5,26.25,76.0
79,81,86.75,26.25,93.0
79,82,87.0,26.25,93.0
79,83,87.25,26.25,57.0
79,84,87.5,26.25,57.0
79,85,87.75,26.25,73.0
79,86,88.0,26.25,73.0
79,87,88.25,26.25,692.0
79,88,88.5,26.25,
79,89,88.75,26.25,
79,90,89.0,26.25,680.0
79,91,89.25,26.25,680.0
79,92,89.5,26.25,680.0
79,93,89.75,26.25,33.0
79,94,90.0,26.25,45.0
79,95,90.25,26.25,33.0
79,96,90.5,26.25,27.0
79,97,90.75,26.25,25.0
79,98,91.0,26.25,25.0
79,99,91.25,26.25,50.0
79,100,91.5,26.25,41.0
79,101,91.75,26.25,41.0
79,102,92.0,26.25,48.0
79,103,92.25,26.25,48.0
79,104,92.5,26.25,49.0
79,105,92.75,26.25,49.0
79,106,93.0,26.25,43.0
79,107,93.25,26.25,43.0
79,108,93.5,26.25,43.0
79,109,93.75,26.25,43.0
79,110,94.0,26.25,37.0
79,111,94.25,26.25,409.0
79,112,94.5,26.25,410.0
79,113,94.75,26.25,408.0
79,114,95.0,26.25,
79,115,95.25,26.25,
79,116,95.5,26.25,
79,117,95.75,26.25,
79,118,96.0,26.25,
79,119,96.25,26.25,
79,120,96.5,26.25,
79,121,96.75,26.25,
79,122,97.0,26.25,
79,123,97.25,26.25,
79,124,97.5,26.25,
79,125,97.75,26.25,
79,126,98.0,26.25,
79,127,98.25,26.25,
79,128,98.5,26.25,
79,129,98.75,26.25,
79,130,99.0,26.25,
79,131,99.25,26.25,
79,132,99.5,26.25,
79,133,99.75,26.25,
79,134,100.0,26.25,
80,0,66.5,26.5,
80,1,66.75,26.5,
80,2,67.0,26.5,
80,3,67.25,26.5,
80,4,67.5,26.5,
80,5,67.75,26.5,
80,6,68.0,26.5,
80,7,68.25,26.5,
80,8,68.5,26.5,
80,9,68.75,26.5,
80,10,69.0,26.5,
80,11,69.25,26.5,
80,12,69.5,26.5,
80,13,69.75,26.5,
80,14,70.0,26.5,
80,15,70.25,26.5,484.0
80,16,70.5,26.5,484.0
80,17,70.75,26.5,484.0
80,18,71.0,26.5,484.0
80,19,71.25,26.5,484.0
80,20,71.5,26.5,484.0
80,21,71.75,26.5,484.0
80,22,72.0,26.5,484.0
80,23,72.25,26.5,488.0
80,24,72.5,26.5,488.0
80,25,72.75,26.5,488.0
80,26,73.0,26.5,488.0
80,27,73.25,26.5,488.0
80,28,73.5,26.5,488.0
80,29,73.75,26.5,488.0
80,30,74.0,26.5,491.0
80,31,74.25,26.5,491.0
80,32,74.5,26.5,467.0
80,33,74.75,26.5,467.0
80,34,75.0,26.5,467.0
80,35,75.25,26.5,498.0
80,36,75.5,26.5,
80,37,75.75,26.5,483.0
80,38,76.0,26.5,498.0
80,39,76.25,26.5,478.0
80,40,76.5,26.5,
80,41,76.75,26.5,
80,42,77.0,26.5,489.0
80,43,77.25,26.5,479.0
80,44,77.5,26.5,479.0
80,45,77.75,26.5,305.0
80,46,78.0,26.5,305.0
80,47,78.25,26.5,283.0
80,48,78.5,26.5,283.0
80,49,78.75,26.5,283.0
80,50,79.0,26.5,283.0
80,51,79.25,26.5,606.0
80,52,79.5,26.5,587.0
80,53,79.75,26.5,624.0
80,54,80.0,26.5,624.0
80,55,80.25,26.5,623.0
80,56,80.5,26.5,655.0
80,57,80.75,26.5,655.0
80,58,81.0,26.5,
80,59,81.25,26.5,
80,60,81.5,26.5,585.0
80,61,81.75,26.5,585.0
80,62,82.0,26.5,588.0
80,63,82.25,26.5,588.0
80,64,82.5,26.5,
80,65,82.75,26.5,
80,66,83.0,26.5,
80,67,83.25,26.5,614.0
80,68,83.5,26.5,614.0
80,69,83.75,26.5,604.0
80,70,84.0,26.5,67.0
80,71,84.25,26.5,67.0
80,72,84.5,26.5,67.0
80,73,84.75,26.5,83.0
80,74,85.0,26.5,83.0
80,75,85.25,26.5,90.0
80,76,85.5,26.5,91.0
80,77,85.75,26.5,91.0
80,78,86.0,26.5,76.0
80,79,86.25,26.5,76.0
80,80,86.5,26.5,76.0
80,81,86.75,26.5,
80,82,87.0,26.5,93.0
80,83,87.25,26.5,
80,84,87.5,26.5,
80,85,87.75,26.5,
80,86,88.0,26.5,
80,87,88.25,26.5,674.0
80,88,88.5,26.5,
80,89,88.75,26.5,677.0
80,90,89.0,26.5,680.0
80,91,89.25,26.5,670.0
80,92,89.5,26.5,670.0
80,93,89.75,26.5,670.0
80,94,90.0,26.5,45.0
80,95,90.25,26.5,45.0
80,96,90.5,26.5,30.0
80,97,90.75,26.5,30.0
80,98,91.0,26.5,
80,99,91.25,26.5,
80,100,91.5,26.5,50.0
80,101,91.75,26.5,
80,102,92.0,26.5,
80,103,92.25,26.5,
80,104,92.5,26.5,49.0
80,105,92.75,26.5,49.0
80,106,93.0,26.5,49.0
80,107,93.25,26.5,43.0
80,108,93.5,26.5,43.0
80,109,93.75,26.5,43.0
80,110,94.0,26.5,37.0
80,111,94.25,26.5,409.0
80,112,94.5,26.5,404.0
80,113,94.75,26.5,403.0
80,114,95.0,26.5,405.0
80,115,95.25,26.5,
80,116,95.5,26.5,
80,117,95.75,26.5,
80,118,96.0,26.5,
80,119,96.25,26.5,
80,120,96.5,26.5,
80,121,96.75,26.5,
80,122,97.0,26.5,
80,123,97.25,26.5,
80,124,97.5,26.5,
80,125,97.75,26.5,
80,126,98.0,26.5,
80,127,98.25,26.5,
80,128,98.5,26.5,
80,129,98.75,26.5,
80,130,99.0,26.5,
80,131,99.25,26.5,
80,132,99.5,26.5,
80,133,99.75,26.5,
80,134,100.0,26.5,
81,0,66.5,26.75,
81,1,66.75,26.75,
81,2,67.0,26.75,
81,3,67.25,26.75,
81,4,67.5,26.75,
81,5,67.75,26.75,
81,6,68.0,26.75,
81,7,68.25,26.75,
81,8,68.5,26.75,
81,9,68.75,26.75,
81,10,69.0,26.75,
81,11,69.25,26.75,
81,12,69.5,26.75,
81,13,69.75,26.75,484.0
81,14,70.0,26.75,484.0
81,15,70.25,26.75,484.0
81,16,70.5,26.75,484.0
81,17,70.75,26.75,484.0
81,18,71.0,26.75,484.0
81,19,71.25,26.75,484.0
81,20,71.5,26.75,484.0
81,21,71.75,26.75,484.0
81,22,72.0,26.75,484.0
81,23,72.25,26.75,
81,24,72.5,26.75,488.0
81,25,72.75,26.75,488.0
81,26,73.0,26.75,488.0
81,27,73.25,26.75,488.0
81,28,73.5,26.75,488.0
81,29,73.75,26.75,491.0
81,30,74.0,26.75,491.0
81,31,74.25,26.75,491.0
81,32,74.5,26.75,491.0
81,33,74.75,26.75,467.0
81,34,75.0,26.75,467.0
81,35,75.25,26.75,483.0
81,36,75.5,26.75,
81,37,75.75,26.75,483.0
81,38,76.0,26.75,483.0
81,39,76.25,26.75,478.0
81,40,76.5,26.75,
81,41,76.75,26.75,
81,42,77.0,26.75,489.0
81,43,77.25,26.75,489.0
81,44,77.5,26.75,479.0
81,45,77.75,26.75,479.0
81,46,78.0,26.75,479.0
81,47,78.25,26.75,305.0
81,48,78.5,26.75,305.0
81,49,78.75,26.75,283.0
81,50,79.0,26.75,606.0
81,51,79.25,26.75,606.0
81,52,79.5,26.75,587.0
81,53,79.75,26.75,624.0
81,54,80.0,26.75,623.0
81,55,80.25,26.75,655.0
81,56,80.5,26.75,655.0
81,57,80.75,26.75,630.0
81,58,81.0,26.75,630.0
81,59,81.25,26.75,
81,60,81.5,26.75,
81,61,81.75,26.75,588.0
81,62,82.0,26.75,588.0
81,63,82.25,26.75,588.0
81,64,82.5,26.75,597.0
81,65,82.75,26.75,597.0
81,66,83.0,26.75,
81,67,83.25,26.75,614.0
81,68,83.5,26.75,614.0
81,69,83.75,26.75,628.0
81,70,84.0,26.75,628.0
81,71,84.25,26.75,81.0
81,72,84.5,26.75,81.0
81,73,84.75,26.75,83.0
81,74,85.0,26.75,83.0
81,75,85.25,26.75,83.0
81,76,85.5,26.75,91.0
81,77,85.75,26.75,
81,78,86.0,26.75,
81,79,86.25,26.75,
81,80,86.5,26.75,
81,81,86.75,26.75,
81,82,87.0,26.75,
81,83,87.25,26.75,
81,84,87.5,26.75,
81,85,87.75,26.75,
81,86,88.0,26.75,
81,87,88.25,26.75,674.0
81,88,88.5,26.75,677.0
81,89,88.75,26.75,677.0
81,90,89.0,26.75,677.0
81,91,89.25,26.75,670.0
81,92,89.5,26.75,670.0
81,93,89.75,26.75,
81,94,90.0,26.75,
81,95,90.25,26.75,45.0
81,96,90.5,26.75,30.0
81,97,90.75,26.75,30.0
81,98,91.0,26.75,24.0
81,99,91.25,26.75,24.0
81,100,91.5,26.75,
81,101,91.75,26.75,55.0
81,102,92.0,26.75,55.0
81,103,92.25,26.75,55.0
81,104,92.5,26.75,52.0
81,105,92.75,26.75,52.0
81,106,93.0,26.75,26.0
81,107,93.25,26.75,26.0
81,108,93.5,26.75,37.0
81,109,93.75,26.75,37.0
81,110,94.0,26.75,37.0
81,111,94.25,26.75,40.0
81,112,94.5,26.75,40.0
81,113,94.75,26.75,403.0
81,114,95.0,26.75,405.0
81,115,95.25,26.75,20.0
81,116,95.5,26.75,
81,117,95.75,26.75,
81,118,96.0,26.75,
81,119,96.25,26.75,
81,120,96.5,26.75,
81,121,96.75,26.75,
81,122,97.0,26.75,
81,123,97.25,26.75,
81,124,97.5,26.75,
81,125,97.75,26.75,
81,126,98.0,26.75,
81,127,98.25,26.75,
81,128,98.5,26.75,
81,129,98.75,26.75,
81,130,99.0,26.75,
81,131,99.25,26.75,
81,132,99.5,26.75,
81,133,99.75,26.75,
81,134,100.0,26.75,
82,0,66.5,27.0,
82,1,66.75,27.0,
82,2,67.0,27.0,
82,3,67.25,27.0,
82,4,67.5,27.0,
82,5,67.75,27.0,
82,6,68.0,27.0,
82,7,68.25,27.0,
82,8,68.5,27.0,
82,9,68.75,27.0,
82,10,69.0,27.0,
82,11,69.25,27.0,
82,12,69.5,27.0,
82,13,69.75,27.0,484.0
82,14,70.0,27.0,484.0
82,15,70.25,27.0,484.0
82,16,70.5,27.0,484.0
82,17,70.75,27.0,484.0
82,18,71.0,27.0,484.0
82,19,71.25,27.0,484.0
82,20,71.5,27.0,484.0
82,21,71.75,27.0,484.0
82,22,72.0,27.0,484.0
82,23,72.25,27.0,
82,24,72.5,27.0,
82,25,72.75,27.0,
82,26,73.0,27.0,
82,27,73.25,27.0,491.0
82,28,73.5,27.0,491.0
82,29,73.75,27.0,491.0
82,30,74.0,27.0,491.0
82,31,74.25,27.0,491.0
82,32,74.5,27.0,
82,33,74.75,27.0,
82,34,75.0,27.0,
82,35,75.25,27.0,483.0
82,36,75.5,27.0,483.0
82,37,75.75,27.0,483.0
82,38,76.0,27.0,483.0
82,39,76.25,27.0,478.0
82,40,76.5,27.0,478.0
82,41,76.75,27.0,478.0
82,42,77.0,27.0,478.0
82,43,77.25,27.0,472.0
82,44,77.5,27.0,472.0
82,45,77.75,27.0,472.0
82,46,78.0,27.0,582.0
82,47,78.25,27.0,582.0
82,48,78.5,27.0,609.0
82,49,78.75,27.0,609.0
82,50,79.0,27.0,633.0
82,51,79.25,27.0,633.0
82,52,79.5,27.0,622.0
82,53,79.75,27.0,622.0
82,54,80.0,27.0,622.0
82,55,80.25,27.0,655.0
82,56,80.5,27.0,617.0
82,57,80.75,27.0,630.0
82,58,81.0,27.0,630.0
82,59,81.25,27.0,
82,60,81.5,27.0,
82,61,81.75,27.0,613.0
82,62,82.0,27.0,613.0
82,63,82.25,27.0,613.0
82,64,82.5,27.0,613.0
82,65,82.75,27.0,597.0
82,66,83.0,27.0,
82,67,83.25,27.0,614.0
82,68,83.5,27.0,
82,69,83.75,27.0,
82,70,84.0,27.0,628.0
82,71,84.25,27.0,81.0
82,72,84.5,27.0,81.0
82,73,84.75,27.0,81.0
82,74,85.0,27.0,
82,75,85.25,27.0,
82,76,85.5,27.0,
82,77,85.75,27.0,
82,78,86.0,27.0,
82,79,86.25,27.0,
82,80,86.5,27.0,
82,81,86.75,27.0,
82,82,87.0,27.0,
82,83,87.25,27.0,
82,84,87.5,27.0,
82,85,87.75,27.0,
82,86,88.0,27.0,
82,87,88.25,27.0,674.0
82,88,88.5,27.0,679.0
82,89,88.75,27.0,679.0
82,90,89.0,27.0,
82,91,89.25,27.0,
82,92,89.5,27.0,
82,93,89.75,27.0,
82,94,90.0,27.0,
82,95,90.25,27.0,
82,96,90.5,27.0,
82,97,90.75,27.0,
82,98,91.0,27.0,
82,99,91.25,27.0,
82,100,91.5,27.0,
82,101,91.75,27.0,
82,102,92.0,27.0,
82,103,92.25,27.0,
82,104,92.5,27.0,
82,105,92.75,27.0,52.0
82,106,93.0,27.0,
82,107,93.25,27.0,
82,108,93.5,27.0,
82,109,93.75,27.0,46.0
82,110,94.0,27.0,46.0
82,111,94.25,27.0,47.0
82,112,94.5,27.0,51.0
82,113,94.75,27.0,51.0
82,114,95.0,27.0,29.0
82,115,95.25,27.0,20.0
82,116,95.5,27.0,23.0
82,117,95.75,27.0,17.0
82,118,96.0,27.0,
82,119,96.25,27.0,
82,120,96.5,27.0,
82,121,96.75,27.0,
82,122,97.0,27.0,
82,123,97.25,27.0,
82,124,97.5,27.0,
82,125,97.75,27.0,
82,126,98.0,27.0,
82,127,98.25,27.0,
82,128,98.5,27.0,
82,129,98.75,27.0,
82,130,99.0,27.0,
82,131,99.25,27.0,
82,132,99.5,27.0,
82,133,99.75,27.0,
82,134,100.0,27.0,
83,0,66.5,27.25,
83,1,66.75,27.25,
83,2,67.0,27.25,
83,3,67.25,27.25,
83,4,67.5,27.25,
83,5,67.75,27.25,
83,6,68.0,27.25,
83,7,68.25,27.25,
83,8,68.5,27.25,
83,9,68.75,27.25,
83,10,69.0,27.25,
83,11,69.25,27.25,
83,12,69.5,27.25,
83,13,69.75,27.25,484.0
83,14,70.0,27.25,484.0
83,15,70.25,27.25,484.0
83,16,70.5,27.25,484.0
83,17,70.75,27.25,484.0
83,18,71.0,27.25,484.0
83,19,71.25,27.25,484.0
83,20,71.5,27.25,484.0
83,21,71.75,27.25,484.0
83,22,72.0,27.25,
83,23,72.25,27.25,
83,24,72.5,27.25,
83,25,72.75,27.25,
83,26,73.0,27.25,
83,27,73.25,27.25,491.0
83,28,73.5,27.25,491.0
83,29,73.75,27.25,491.0
83,30,74.0,27.25,491.0
83,31,74.25,27.25,491.0
83,32,74.5,27.25,
83,33,74.75,27.25,
83,34,75.0,27.25,
83,35,75.25,27.25,496.0
83,36,75.5,27.25,483.0
83,37,75.75,27.25,483.0
83,38,76.0,27.25,483.0
83,39,76.25,27.25,468.0
83,40,76.5,27.25,468.0
83,41,76.75,27.25,468.0
83,42,77.0,27.25,468.0
83,43,77.25,27.25,472.0
83,44,77.5,27.25,472.0
83,45,77.75,27.25,634.0
83,46,78.0,27.25,582.0
83,47,78.25,27.25,609.0
83,48,78.5,27.25,609.0
83,49,78.75,27.25,633.0
83,50,79.0,27.25,633.0
83,51,79.25,27.25,633.0
83,52,79.5,27.25,607.0
83,53,79.75,27.25,617.0
83,54,80.0,27.25,617.0
83,55,80.25,27.25,617.0
83,56,80.5,27.25,617.0
83,57,80.75,27.25,652.0
83,58,81.0,27.25,652.0
83,59,81.25,27.25,
83,60,81.5,27.25,591.0
83,61,81.75,27.25,613.0
83,62,82.0,27.25,613.0
83,63,82.25,27.25,613.0
83,64,82.5,27.25,593.0
83,65,82.75,27.25,651.0
83,66,83.0,27.25,651.0
83,67,83.25,27.25,
83,68,83.5,27.25,
83,69,83.75,27.25,
83,70,84.0,27.25,81.0
83,71,84.25,27.25,81.0
83,72,84.5,27.25,81.0
83,73,84.75,27.25,
83,74,85.0,27.25,
83,75,85.25,27.25,
83,76,85.5,27.25,
83,77,85.75,27.25,
83,78,86.0,27.25,
83,79,86.25,27.25,
83,80,86.5,27.25,
83,81,86.75,27.25,
83,82,87.0,27.25,
83,83,87.25,27.25,
83,84,87.5,27.25,
83,85,87.75,27.25,
83,86,88.0,27.25,
83,87,88.25,27.25,
83,88,88.5,27.25,
83,89,88.75,27.25,
83,90,89.0,27.25,
83,91,89.25,27.25,
83,92,89.5,27.25,
83,93,89.75,27.25,
83,94,90.0,27.25,
83,95,90.25,27.25,
83,96,90.5,27.25,
83,97,90.75,27.25,
83,98,91.0,27.25,
83,99,91.25,27.25,
83,100,91.5,27.25,
83,101,91.75,27.25,
83,102,92.0,27.25,
83,103,92.25,27.25,
83,104,92.5,27.25,
83,105,92.75,27.25,
83,106,93.0,27.25,18.0
83,107,93.25,27.25,
83,108,93.5,27.25,
83,109,93.75,27.25,
83,110,94.0,27.25,46.0
83,111,94.25,27.25,46.0
83,112,94.5,27.25,46.0
83,113,94.75,27.25,34.0
83,114,95.0,27.25,34.0
83,115,95.25,27.25,34.0
83,116,95.5,27.25,54.0
83,117,95.75,27.25,17.0
83,118,96.0,27.25,17.0
83,119,96.25,27.25,
83,120,96.5,27.25,
83,121,96.75,27.25,
83,122,97.0,27.25,17.0
83,123,97.25,27.25,
83,124,97.5,27.25,
83,125,97.75,27.25,
83,126,98.0,27.25,
83,127,98.25,27.25,
83,128,98.5,27.25,
83,129,98.75,27.25,
83,130,99.0,27.25,
83,131,99.25,27.25,
83,132,99.5,27.25,
83,133,99.75,27.25,
83,134,100.0,27.25,
84,0,66.5,27.5,
84,1,66.75,27.5,
84,2,67.0,27.5,
84,3,67.25,27.5,
84,4,67.5,27.5,
84,5,67.75,27.5,
84,6,68.0,27.5,
84,7,68.25,27.5,
84,8,68.5,27.5,
84,9,68.75,27.5,
84,10,69.0,27.5,
84,11,69.25,27.5,
84,12,69.5,27.5,
84,13,69.75,27.5,
84,14,70.0,27.5,484.0
84,15,70.25,27.5,484.0
84,16,70.5,27.5,484.0
84,17,70.75,27.5,484.0
84,18,71.0,27.5,484.0
84,19,71.25,27.5,484.0
84,20,71.5,27.5,484.0
84,21,71.75,27.5,484.0
84,22,72.0,27.5,
84,23,72.25,27.5,474.0
84,24,72.5,27.5,
84,25,72.75,27.5,
84,26,73.0,27.5,474.0
84,27,73.25,27.5,474.0
84,28,73.5,27.5,474.0
84,29,73.75,27.5,491.0
84,30,74.0,27.5,491.0
84,31,74.25,27.5,
84,32,74.5,27.5,
84,33,74.75,27.5,
84,34,75.0,27.5,496.0
84,35,75.25,27.5,496.0
84,36,75.5,27.5,496.0
84,37,75.75,27.5,
84,38,76.0,27.5,483.0
84,39,76.25,27.5,468.0
84,40,76.5,27.5,468.0
84,41,76.75,27.5,468.0
84,42,77.0,27.5,468.0
84,43,77.25,27.5,
84,44,77.5,27.5,634.0
84,45,77.75,27.5,634.0
84,46,78.0,27.5,618.0
84,47,78.25,27.5,605.0
84,48,78.5,27.5,605.0
84,49,78.75,27.5,605.0
84,50,79.0,27.5,605.0
84,51,79.25,27.5,605.0
84,52,79.5,27.5,607.0
84,53,79.75,27.5,617.0
84,54,80.0,27.5,617.0
84,55,80.25,27.5,617.0
84,56,80.5,27.5,652.0
84,57,80.75,27.5,652.0
84,58,81.0,27.5,652.0
84,59,81.25,27.5,652.0
84,60,81.5,27.5,591.0
84,61,81.75,27.5,591.0
84,62,82.0,27.5,650.0
84,63,82.25,27.5,593.0
84,64,82.5,27.5,593.0
84,65,82.75,27.5,651.0
84,66,83.0,27.5,
84,67,83.25,27.5,
84,68,83.5,27.5,
84,69,83.75,27.5,
84,70,84.0,27.5,
84,71,84.25,27.5,
84,72,84.5,27.5,
84,73,84.75,27.5,
84,74,85.0,27.5,
84,75,85.25,27.5,
84,76,85.5,27.5,
84,77,85.75,27.5,
84,78,86.0,27.5,
84,79,86.25,27.5,
84,80,86.5,27.5,
84,81,86.75,27.5,
84,82,87.0,27.5,
84,83,87.25,27.5,
84,84,87.5,27.5,
84,85,87.75,27.5,
84,86,88.0,27.5,
84,87,88.25,27.5,
84,88,88.5,27.5,
84,89,88.75,27.5,
84,90,89.0,27.5,
84,91,89.25,27.5,
84,92,89.5,27.5,
84,93,89.75,27.5,
84,94,90.0,27.5,
84,95,90.25,27.5,
84,96,90.5,27.5,
84,97,90.75,27.5,
84,98,91.0,27.5,
84,99,91.25,27.5,
84,100,91.5,27.5,
84,101,91.75,27.5,
84,102,92.0,27.5,
84,103,92.25,27.5,
84,104,92.5,27.5,
84,105,92.75,27.5,
84,106,93.0,27.5,18.0
84,107,93.25,27.5,18.0
84,108,93.5,27.5,
84,109,93.75,27.5,
84,110,94.0,27.5,
84,111,94.25,27.5,46.0
84,112,94.5,27.5,32.0
84,113,94.75,27.5,32.0
84,114,95.0,27.5,34.0
84,115,95.25,27.5,54.0
84,116,95.5,27.5,54.0
84,117,95.75,27.5,54.0
84,118,96.0,27.5,17.0
84,119,96.25,27.5,17.0
84,120,96.5,27.5,17.0
84,121,96.75,27.5,17.0
84,122,97.0,27.5,
84,123,97.25,27.5,
84,124,97.5,27.5,
84,125,97.75,27.5,
84,126,98.0,27.5,
84,127,98.25,27.5,
84,128,98.5,27.5,
84,129,98.75,27.5,
84,130,99.0,27.5,
84,131,99.25,27.5,
84,132,99.5,27.5,
84,133,99.75,27.5,
84,134,100.0,27.5,
85,0,66.5,27.75,
85,1,66.75,27.75,
85,2,67.0,27.75,
85,3,67.25,27.75,
85,4,67.5,27.75,
85,5,67.75,27.75,
85,6,68.0,27.75,
85,7,68.25,27.75,
85,8,68.5,27.75,
85,9,68.75,27.75,
85,10,69.0,27.75,
85,11,69.25,27.75,
85,12,69.5,27.75,
85,13,69.75,27.75,
85,14,70.0,27.75,
85,15,70.25,27.75,484.0
85,16,70.5,27.75,484.0
85,17,70.75,27.75,
85,18,71.0,27.75,
85,19,71.25,27.75,484.0
85,20,71.5,27.75,484.0
85,21,71.75,27.75,484.0
85,22,72.0,27.75,
85,23,72.25,27.75,474.0
85,24,72.5,27.75,474.0
85,25,72.75,27.75,474.0
85,26,73.0,27.75,474.0
85,27,73.25,27.75,474.0
85,28,73.5,27.75,474.0
85,29,73.75,27.75,474.0
85,30,74.0,27.75,477.0
85,31,74.25,27.75,477.0
85,32,74.5,27.75,477.0
85,33,74.75,27.75,496.0
85,34,75.0,27.75,496.0
85,35,75.25,27.75,496.0
85,36,75.5,27.75,
85,37,75.75,27.75,
85,38,76.0,27.75,
85,39,76.25,27.75,
85,40,76.5,27.75,
85,41,76.75,27.75,
85,42,77.0,27.75,
85,43,77.25,27.75,
85,44,77.5,27.75,634.0
85,45,77.75,27.75,634.0
85,46,78.0,27.75,583.0
85,47,78.25,27.75,583.0
85,48,78.5,27.75,625.0
85,49,78.75,27.75,625.0
85,50,79.0,27.75,625.0
85,51,79.25,27.75,600.0
85,52,79.5,27.75,648.0
85,53,79.75,27.75,648.0
85,54,80.0,27.75,648.0
85,55,80.25,27.75,617.0
85,56,80.5,27.75,652.0
85,57,80.75,27.75,652.0
85,58,81.0,27.75,652.0
85,59,81.25,27.75,627.0
85,60,81.5,27.75,591.0
85,61,81.75,27.75,650.0
85,62,82.0,27.75,650.0
85,63,82.25,27.75,593.0
85,64,82.5,27.75,
85,65,82.75,27.75,
85,66,83.0,27.75,
85,67,83.25,27.75,
85,68,83.5,27.75,
85,69,83.75,27.75,
85,70,84.0,27.75,
85,71,84.25,27.75,
85,72,84.5,27.75,
85,73,84.75,27.75,
85,74,85.0,27.75,
85,75,85.25,27.75,
85,76,85.5,27.75,
85,77,85.75,27.75,
85,78,86.0,27.75,
85,79,86.25,27.75,
85,80,86.5,27.75,
85,81,86.75,27.75,
85,82,87.0,27.75,
85,83,87.25,27.75,
85,84,87.5,27.75,
85,85,87.75,27.75,
85,86,88.0,27.75,
85,87,88.25,27.75,
85,88,88.5,27.75,
85,89,88.75,27.75,
85,90,89.0,27.75,
85,91,89.25,27.75,
85,92,89.5,27.75,
85,93,89.75,27.75,
85,94,90.0,27.75,
85,95,90.25,27.75,
85,96,90.5,27.75,
85,97,90.75,27.75,
85,98,91.0,27.75,
85,99,91.25,27.75,
85,100,91.5,27.75,
85,101,91.75,27.75,
85,102,92.0,27.75,
85,103,92.25,27.75,
85,104,92.5,27.75,
85,105,92.75,27.75,18.0
85,106,93.0,27.75,18.0
85,107,93.25,27.75,
85,108,93.5,27.75,
85,109,93.75,27.75,
85,110,94.0,27.75,
85,111,94.25,27.75,
85,112,94.5,27.75,18.0
85,113,94.75,27.75,18.0
85,114,95.0,27.75,32.0
85,115,95.25,27.75,32.0
85,116,95.5,27.75,54.0
85,117,95.75,27.75,54.0
85,118,96.0,27.75,22.0
85,119,96.25,27.75,22.0
85,120,96.5,27.75,19.0
85,121,96.75,27.75,16.0
85,122,97.0,27.75,16.0
85,123,97.25,27.75,
85,124,97.5,27.75,
85,125,97.75,27.75,
85,126,98.0,27.75,
85,127,98.25,27.75,
85,128,98.5,27.75,
85,129,98.75,27.75,
85,130,99.0,27.75,
85,131,99.25,27.75,
85,132,99.5,27.75,
85,133,99.75,27.75,
85,134,100.0,27.75,
86,0,66.5,28.0,
86,1,66.75,28.0,
86,2,67.0,28.0,
86,3,67.25,28.0,
86,4,67.5,28.0,
86,5,67.75,28.0,
86,6,68.0,28.0,
86,7,68.25,28.0,
86,8,68.5,28.0,
86,9,68.75,28.0,
86,10,69.0,28.0,
86,11,69.25,28.0,
86,12,69.5,28.0,
86,13,69.75,28.0,
86,14,70.0,28.0,
86,15,70.25,28.0,
86,16,70.5,28.0,484.0
86,17,70.75,28.0,
86,18,71.0,28.0,
86,19,71.25,28.0,
86,20,71.5,28.0,
86,21,71.75,28.0,
86,22,72.0,28.0,474.0
86,23,72.25,28.0,474.0
86,24,72.5,28.0,474.0
86,25,72.75,28.0,474.0
86,26,73.0,28.0,474.0
86,27,73.25,28.0,474.0
86,28,73.5,28.0,474.0
86,29,73.75,28.0,474.0
86,30,74.0,28.0,474.0
86,31,74.25,28.0,477.0
86,32,74.5,28.0,477.0
86,33,74.75,28.0,477.0
86,34,75.0,28.0,496.0
86,35,75.25,28.0,487.0
86,36,75.5,28.0,487.0
86,37,75.75,28.0,
86,38,76.0,28.0,185.0
86,39,76.25,28.0,
86,40,76.5,28.0,
86,41,76.75,28.0,
86,42,77.0,28.0,
86,43,77.25,28.0,187.0
86,44,77.5,28.0,187.0
86,45,77.75,28.0,583.0
86,46,78.0,28.0,583.0
86,47,78.25,28.0,583.0
86,48,78.5,28.0,583.0
86,49,78.75,28.0,600.0
86,50,79.0,28.0,600.0
86,51,79.25,28.0,600.0
86,52,79.5,28.0,648.0
86,53,79.75,28.0,648.0
86,54,80.0,28.0,648.0
86,55,80.25,28.0,627.0
86,56,80.5,28.0,627.0
86,57,80.75,28.0,627.0
86,58,81.0,28.0,627.0
86,59,81.25,28.0,591.0
86,60,81.5,28.0,591.0
86,61,81.75,28.0,
86,62,82.0,28.0,
86,63,82.25,28.0,
86,64,82.5,28.0,
86,65,82.75,28.0,
86,66,83.0,28.0,
86,67,83.25,28.0,
86,68,83.5,28.0,
86,69,83.75,28.0,
86,70,84.0,28.0,
86,71,84.25,28.0,
86,72,84.5,28.0,
86,73,84.75,28.0,
86,74,85.0,28.0,
86,75,85.25,28.0,
86,76,85.5,28.0,
86,77,85.75,28.0,
86,78,86.0,28.0,
86,79,86.25,28.0,
86,80,86.5,28.0,
86,81,86.75,28.0,
86,82,87.0,28.0,
86,83,87.25,28.0,
86,84,87.5,28.0,
86,85,87.75,28.0,
86,86,88.0,28.0,
86,87,88.25,28.0,
86,88,88.5,28.0,
86,89,88.75,28.0,
86,90,89.0,28.0,
86,91,89.25,28.0,
86,92,89.5,28.0,
86,93,89.75,28.0,
86,94,90.0,28.0,
86,95,90.25,28.0,
86,96,90.5,28.0,
86,97,90.75,28.0,
86,98,91.0,28.0,
86,99,91.25,28.0,
86,100,91.5,28.0,
86,101,91.75,28.0,
86,102,92.0,28.0,
86,103,92.25,28.0,
86,104,92.5,28.0,
86,105,92.75,28.0,
86,106,93.0,28.0,
86,107,93.25,28.0,
86,108,93.5,28.0,
86,109,93.75,28.0,
86,110,94.0,28.0,
86,111,94.25,28.0,
86,112,94.5,28.0,
86,113,94.75,28.0,
86,114,95.0,28.0,18.0
86,115,95.25,28.0,18.0
86,116,95.5,28.0,18.0
86,117,95.75,28.0,21.0
86,118,96.0,28.0,19.0
86,119,96.25,28.0,19.0
86,120,96.5,28.0,16.0
86,121,96.75,28.0,16.0
86,122,97.0,28.0,16.0
86,123,97.25,28.0,16.0
86,124,97.5,28.0,
86,125,97.75,28.0,
86,126,98.0,28.0,
86,127,98.25,28.0,
86,128,98.5,28.0,
86,129,98.75,28.0,
86,130,99.0,28.0,
86,131,99.25,28.0,
86,132,99.5,28.0,
86,133,99.75,28.0,
86,134,100.0,28.0,
87,0,66.5,28.25,
87,1,66.75,28.25,
87,2,67.0,28.25,
87,3,67.25,28.25,
87,4,67.5,28.25,
87,5,67.75,28.25,
87,6,68.0,28.25,
87,7,68.25,28.25,
87,8,68.5,28.25,
87,9,68.75,28.25,
87,10,69.0,28.25,
87,11,69.25,28.25,
87,12,69.5,28.25,
87,13,69.75,28.25,
87,14,70.0,28.25,
87,15,70.25,28.25,
87,16,70.5,28.25,
87,17,70.75,28.25,
87,18,71.0,28.25,
87,19,71.25,28.25,
87,20,71.5,28.25,
87,21,71.75,28.25,
87,22,72.0,28.25,
87,23,72.25,28.25,474.0
87,24,72.5,28.25,474.0
87,25,72.75,28.25,474.0
87,26,73.0,28.25,474.0
87,27,73.25,28.25,474.0
87,28,73.5,28.25,474.0
87,29,73.75,28.25,474.0
87,30,74.0,28.25,474.0
87,31,74.25,28.25,477.0
87,32,74.5,28.25,477.0
87,33,74.75,28.25,477.0
87,34,75.0,28.25,477.0
87,35,75.25,28.25,487.0
87,36,75.5,28.25,487.0
87,37,75.75,28.25,487.0
87,38,76.0,28.25,487.0
87,39,76.25,28.25,185.0
87,40,76.5,28.25,190.0
87,41,76.75,28.25,178.0
87,42,77.0,28.25,
87,43,77.25,28.25,187.0
87,44,77.5,28.25,187.0
87,45,77.75,28.25,601.0
87,46,78.0,28.25,601.0
87,47,78.25,28.25,601.0
87,48,78.5,28.25,646.0
87,49,78.75,28.25,600.0
87,50,79.0,28.25,600.0
87,51,79.25,28.25,596.0
87,52,79.5,28.25,596.0
87,53,79.75,28.25,640.0
87,54,80.0,28.25,648.0
87,55,80.25,28.25,648.0
87,56,80.5,28.25,627.0
87,57,80.75,28.25,627.0
87,58,81.0,28.25,627.0
87,59,81.25,28.25,591.0
87,60,81.5,28.25,
87,61,81.75,28.25,
87,62,82.0,28.25,
87,63,82.25,28.25,
87,64,82.5,28.25,
87,65,82.75,28.25,
87,66,83.0,28.25,
87,67,83.25,28.25,
87,68,83.5,28.25,
87,69,83.75,28.25,
87,70,84.0,28.25,
87,71,84.25,28.25,
87,72,84.5,28.25,
87,73,84.75,28.25,
87,74,85.0,28.25,
87,75,85.25,28.25,
87,76,85.5,28.25,
87,77,85.75,28.25,
87,78,86.0,28.25,
87,79,86.25,28.25,
87,80,86.5,28.25,
87,81,86.75,28.25,
87,82,87.0,28.25,
87,83,87.25,28.25,
87,84,87.5,28.25,
87,85,87.75,28.25,
87,86,88.0,28.25,
87,87,88.25,28.25,
87,88,88.5,28.25,
87,89,88.75,28.25,
87,90,89.0,28.25,
87,91,89.25,28.25,
87,92,89.5,28.25,
87,93,89.75,28.25,
87,94,90.0,28.25,
87,95,90.25,28.25,
87,96,90.5,28.25,
87,97,90.75,28.25,
87,98,91.0,28.25,
87,99,91.25,28.25,
87,100,91.5,28.25,
87,101,91.75,28.25,
87,102,92.0,28.25,
87,103,92.25,28.25,
87,104,92.5,28.25,
87,105,92.75,28.25,
87,106,93.0,28.25,
87,107,93.25,28.25,
87,108,93.5,28.25,
87,109,93.75,28.25,
87,110,94.0,28.25,
87,111,94.25,28.25,
87,112,94.5,28.25,18.0
87,113,94.75,28.25,18.0
87,114,95.0,28.25,18.0
87,115,95.25,28.25,18.0
87,116,95.5,28.25,18.0
87,117,95.75,28.25,21.0
87,118,96.0,28.25,21.0
87,119,96.25,28.25,21.0
87,120,96.5,28.25,16.0
87,121,96.75,28.25,16.0
87,122,97.0,28.25,16.0
87,123,97.25,28.25,16.0
87,124,97.5,28.25,
87,125,97.75,28.25,
87,126,98.0,28.25,
87,127,98.25,28.25,
87,128,98.5,28.25,
87,129,98.75,28.25,
87,130,99.0,28.25,
87,131,99.25,28.25,
87,132,99.5,28.25,
87,133,99.75,28.25,
87,134,100.0,28.25,
88,0,66.5,28.5,
88,1,66.75,28.5,
88,2,67.0,28.5,
88,3,67.25,28.5,
88,4,67.5,28.5,
88,5,67.75,28.5,
88,6,68.0,28.5,
88,7,68.25,28.5,
88,8,68.5,28.5,
88,9,68.75,28.5,
88,10,69.0,28.5,
88,11,69.25,28.5,
88,12,69.5,28.5,
88,13,69.75,28.5,
88,14,70.0,28.5,
88,15,70.25,28.5,
88,16,70.5,28.5,
88,17,70.75,28.5,
88,18,71.0,28.5,
88,19,71.25,28.5,
88,20,71.5,28.5,
88,21,71.75,28.5,
88,22,72.0,28.5,
88,23,72.25,28.5,474.0
88,24,72.5,28.5,474.0
88,25,72.75,28.5,474.0
88,26,73.0,28.5,474.0
88,27,73.25,28.5,474.0
88,28,73.5,28.5,474.0
88,29,73.75,28.5,474.0
88,30,74.0,28.5,474.0
88,31,74.25,28.5,477.0
88,32,74.5,28.5,477.0
88,33,74.75,28.5,477.0
88,34,75.0,28.5,477.0
88,35,75.25,28.5,477.0
88,36,75.5,28.5,477.0
88,37,75.75,28.5,174.0
88,38,76.0,28.5,175.0
88,39,76.25,28.5,175.0
88,40,76.5,28.5,180.0
88,41,76.75,28.5,180.0
88,42,77.0,28.5,178.0
88,43,77.25,28.5,135.0
88,44,77.5,28.5,
88,45,77.75,28.5,601.0
88,46,78.0,28.5,601.0
88,47,78.25,28.5,586.0
88,48,78.5,28.5,646.0
88,49,78.75,28.5,646.0
88,50,79.0,28.5,644.0
88,51,79.25,28.5,596.0
88,52,79.5,28.5,596.0
88,53,79.75,28.5,596.0
88,54,80.0,28.5,640.0
88,55,80.25,28.5,640.0
88,56,80.5,28.5,627.0
88,57,80.75,28.5,627.0
88,58,81.0,28.5,
88,59,81.25,28.5,
88,60,81.5,28.5,
88,61,81.75,28.5,
88,62,82.0,28.5,
88,63,82.25,28.5,
88,64,82.5,28.5,
88,65,82.75,28.5,
88,66,83.0,28.5,
88,67,83.25,28.5,
88,68,83.5,28.5,
88,69,83.75,28.5,
88,70,84.0,28.5,
88,71,84.25,28.5,
88,72,84.5,28.5,
88,73,84.75,28.5,
88,74,85.0,28.5,
88,75,85.25,28.5,
88,76,85.5,28.5,
88,77,85.75,28.5,
88,78,86.0,28.5,
88,79,86.25,28.5,
88,80,86.5,28.5,
88,81,86.75,28.5,
88,82,87.0,28.5,
88,83,87.25,28.5,
88,84,87.5,28.5,
88,85,87.75,28.5,
88,86,88.0,28.5,
88,87,88.25,28.5,
88,88,88.5,28.5,
88,89,88.75,28.5,
88,90,89.0,28.5,
88,91,89.25,28.5,
88,92,89.5,28.5,
88,93,89.75,28.5,
88,94,90.0,28.5,
88,95,90.25,28.5,
88,96,90.5,28.5,
88,97,90.75,28.5,
88,98,91.0,28.5,
88,99,91.25,28.5,
88,100,91.5,28.5,
88,101,91.75,28.5,
88,102,92.0,28.5,
88,103,92.25,28.5,
88,104,92.5,28.5,
88,105,92.75,28.5,
88,106,93.0,28.5,
88,107,93.25,28.5,
88,108,93.5,28.5,
88,109,93.75,28.5,
88,110,94.0,28.5,
88,111,94.25,28.5,
88,112,94.5,28.5,
88,113,94.75,28.5,18.0
88,114,95.0,28.5,18.0
88,115,95.25,28.5,18.0
88,116,95.5,28.5,21.0
88,117,95.75,28.5,21.0
88,118,96.0,28.5,21.0
88,119,96.25,28.5,21.0
88,120,96.5,28.5,
88,121,96.75,28.5,
88,122,97.0,28.5,
88,123,97.25,28.5,
88,124,97.5,28.5,
88,125,97.75,28.5,
88,126,98.0,28.5,
88,127,98.25,28.5,
88,128,98.5,28.5,
88,129,98.75,28.5,
88,130,99.0,28.5,
88,131,99.25,28.5,
88,132,99.5,28.5,
88,133,99.75,28.5,
88,134,100.0,28.5,
89,0,66.5,28.75,
89,1,66.75,28.75,
89,2,67.0,28.75,
89,3,67.25,28.75,
89,4,67.5,28.75,
89,5,67.75,28.75,
89,6,68.0,28.75,
89,7,68.25,28.75,
89,8,68.5,28.75,
89,9,68.75,28.75,
89,10,69.0,28.75,
89,11,69.25,28.75,
89,12,69.5,28.75,
89,13,69.75,28.75,
89,14,70.0,28.75,
89,15,70.25,28.75,
89,16,70.5,28.75,
89,17,70.75,28.75,
89,18,71.0,28.75,
89,19,71.25,28.75,
89,20,71.5,28.75,
89,21,71.75,28.75,
89,22,72.0,28.75,
89,23,72.25,28.75,
89,24,72.5,28.75,474.0
89,25,72.75,28.75,474.0
89,26,73.0,28.75,
89,27,73.25,28.75,474.0
89,28,73.5,28.75,474.0
89,29,73.75,28.75,474.0
89,30,74.0,28.75,474.0
89,31,74.25,28.75,477.0
89,32,74.5,28.75,477.0
89,33,74.75,28.75,477.0
89,34,75.0,28.75,477.0
89,35,75.25,28.75,477.0
89,36,75.5,28.75,477.0
89,37,75.75,28.75,174.0
89,38,76.0,28.75,174.0
89,39,76.25,28.75,174.0
89,40,76.5,28.75,191.0
89,41,76.75,28.75,180.0
89,42,77.0,28.75,132.0
89,43,77.25,28.75,131.0
89,44,77.5,28.75,612.0
89,45,77.75,28.75,616.0
89,46,78.0,28.75,616.0
89,47,78.25,28.75,586.0
89,48,78.5,28.75,646.0
89,49,78.75,28.75,638.0
89,50,79.0,28.75,644.0
89,51,79.25,28.75,644.0
89,52,79.5,28.75,596.0
89,53,79.75,28.75,640.0
89,54,80.0,28.75,668.0
89,55,80.25,28.75,640.0
89,56,80.5,28.75,
89,57,80.75,28.75,
89,58,81.0,28.75,
89,59,81.25,28.75,
89,60,81.5,28.75,
89,61,81.75,28.75,
89,62,82.0,28.75,
89,63,82.25,28.75,
89,64,82.5,28.75,
89,65,82.75,28.75,
89,66,83.0,28.75,
89,67,83.25,28.75,
89,68,83.5,28.75,
89,69,83.75,28.75,
89,70,84.0,28.75,
89,71,84.25,28.75,
89,72,84.5,28.75,
89,73,84.75,28.75,
89,74,85.0,28.75,
89,75,85.25,28.75,
89,76,85.5,28.75,
89,77,85.75,28.75,
89,78,86.0,28.75,
89,79,86.25,28.75,
89,80,86.5,28.75,
89,81,86.75,28.75,
89,82,87.0,28.75,
89,83,87.25,28.75,
89,84,87.5,28.75,
89,85,87.75,28.75,
89,86,88.0,28.75,
89,87,88.25,28.75,
89,88,88.5,28.75,
89,89,88.75,28.75,
89,90,89.0,28.75,
89,91,89.25,28.75,
89,92,89.5,28.75,
89,93,89.75,28.75,
89,94,90.0,28.75,
89,95,90.25,28.75,
89,96,90.5,28.75,
89,97,90.75,28.75,
89,98,91.0,28.75,
89,99,91.25,28.75,
89,100,91.5,28.75,
89,101,91.75,28.75,
89,102,92.0,28.75,
89,103,92.25,28.75,
89,104,92.5,28.75,
89,105,92.75,28.75,
89,106,93.0,28.75,
89,107,93.25,28.75,
89,108,93.5,28.75,
89,109,93.75,28.75,
89,110,94.0,28.75,
89,111,94.25,28.75,
89,112,94.5,28.75,18.0
89,113,94.75,28.75,18.0
89,114,95.0,28.75,18.0
89,115,95.25,28.75,18.0
89,116,95.5,28.75,21.0
89,117,95.75,28.75,21.0
89,118,96.0,28.75,21.0
89,119,96.25,28.75,21.0
89,120,96.5,28.75,21.0
89,121,96.75,28.75,
89,122,97.0,28.75,
89,123,97.25,28.75,
89,124,97.5,28.75,
89,125,97.75,28.75,
89,126,98.0,28.75,
89,127,98.25,28.75,
89,128,98.5,28.75,
89,129,98.75,28.75,
89,130,99.0,28.75,
89,131,99.25,28.75,
89,132,99.5,28.75,
89,133,99.75,28.75,
89,134,100.0,28.75,
90,0,66.5,29.0,
90,1,66.75,29.0,
90,2,67.0,29.0,
90,3,67.25,29.0,
90,4,67.5,29.0,
90,5,67.75,29.0,
90,6,68.0,29.0,
90,7,68.25,29.0,
90,8,68.5,29.0,
90,9,68.75,29.0,
90,10,69.0,29.0,
90,11,69.25,29.0,
90,12,69.5,29.0,
90,13,69.75,29.0,
90,14,70.0,29.0,
90,15,70.25,29.0,
90,16,70.5,29.0,
90,17,70.75,29.0,
90,18,71.0,29.0,
90,19,71.25,29.0,
90,20,71.5,29.0,
90,21,71.75,29.0,
90,22,72.0,29.0,
90,23,72.25,29.0,
90,24,72.5,29.0,
90,25,72.75,29.0,
90,26,73.0,29.0,
90,27,73.25,29.0,
90,28,73.5,29.0,474.0
90,29,73.75,29.0,474.0
90,30,74.0,29.0,481.0
90,31,74.25,29.0,482.0
90,32,74.5,29.0,482.0
90,33,74.75,29.0,482.0
90,34,75.0,29.0,482.0
90,35,75.25,29.0,482.0
90,36,75.5,29.0,482.0
90,37,75.75,29.0,179.0
90,38,76.0,29.0,174.0
90,39,76.25,29.0,191.0
90,40,76.5,29.0,191.0
90,41,76.75,29.0,193.0
90,42,77.0,29.0,193.0
90,43,77.25,29.0,590.0
90,44,77.5,29.0,636.0
90,45,77.75,29.0,636.0
90,46,78.0,29.0,636.0
90,47,78.25,29.0,586.0
90,48,78.5,29.0,586.0
90,49,78.75,29.0,638.0
90,50,79.0,29.0,644.0
90,51,79.25,29.0,644.0
90,52,79.5,29.0,668.0
90,53,79.75,29.0,668.0
90,54,80.0,29.0,668.0
90,55,80.25,29.0,
90,56,80.5,29.0,
90,57,80.75,29.0,
90,58,81.0,29.0,
90,59,81.25,29.0,
90,60,81.5,29.0,
90,61,81.75,29.0,
90,62,82.0,29.0,
90,63,82.25,29.0,
90,64,82.5,29.0,
90,65,82.75,29.0,
90,66,83.0,29.0,
90,67,83.25,29.0,
90,68,83.5,29.0,
90,69,83.75,29.0,
90,70,84.0,29.0,
90,71,84.25,29.0,
90,72,84.5,29.0,
90,73,84.75,29.0,
90,74,85.0,29.0,
90,75,85.25,29.0,
90,76,85.5,29.0,
90,77,85.75,29.0,
90,78,86.0,29.0,
90,79,86.25,29.0,
90,80,86.5,29.0,
90,81,86.75,29.0,
90,82,87.0,29.0,
90,83,87.25,29.0,
90,84,87.5,29.0,
90,85,87.75,29.0,
90,86,88.0,29.0,
90,87,88.25,29.0,
90,88,88.5,29.0,
90,89,88.75,29.0,
90,90,89.0,29.0,
90,91,89.25,29.0,
90,92,89.5,29.0,
90,93,89.75,29.0,
90,94,90.0,29.0,
90,95,90.25,29.0,
90,96,90.5,29.0,
90,97,90.75,29.0,
90,98,91.0,29.0,
90,99,91.25,29.0,
90,100,91.5,29.0,
90,101,91.75,29.0,
90,102,92.0,29.0,
90,103,92.25,29.0,
90,104,92.5,29.0,
90,105,92.75,29.0,
90,106,93.0,29.0,
90,107,93.25,29.0,
90,108,93.5,29.0,
90,109,93.75,29.0,
90,110,94.0,29.0,
90,111,94.25,29.0,
90,112,94.5,29.0,18.0
90,113,94.75,29.0,18.0
90,114,95.0,29.0,18.0
90,115,95.25,29.0,21.0
90,116,95.5,29.0,21.0
90,117,95.75,29.0,21.0
90,118,96.0,29.0,21.0
90,119,96.25,29.0,
90,120,96.5,29.0,
90,121,96.75,29.0,
90,122,97.0,29.0,
90,123,97.25,29.0,
90,124,97.5,29.0,
90,125,97.75,29.0,
90,126,98.0,29.0,
90,127,98.25,29.0,
90,128,98.5,29.0,
90,129,98.75,29.0,
90,130,99.0,29.0,
90,131,99.25,29.0,
90,132,99.5,29.0,
90,133,99.75,29.0,
90,134,100.0,29.0,
91,0,66.5,29.25,
91,1,66.75,29.25,
91,2,67.0,29.25,
91,3,67.25,29.25,
91,4,67.5,29.25,
91,5,67.75,29.25,
91,6,68.0,29.25,
91,7,68.25,29.25,
91,8,68.5,29.25,
91,9,68.75,29.25,
91,10,69.0,29.25,
91,11,69.25,29.25,
91,12,69.5,29.25,
91,13,69.75,29.25,
91,14,70.0,29.25,
91,15,70.25,29.25,
91,16,70.5,29.25,
91,17,70.75,29.25,
91,18,71.0,29.25,
91,19,71.25,29.25,
91,20,71.5,29.25,
91,21,71.75,29.25,
91,22,72.0,29.25,
91,23,72.25,29.25,
91,24,72.5,29.25,
91,25,72.75,29.25,
91,26,73.0,29.25,
91,27,73.25,29.25,
91,28,73.5,29.25,
91,29,73.75,29.25,481.0
91,30,74.0,29.25,481.0
91,31,74.25,29.25,482.0
91,32,74.5,29.25,482.0
91,33,74.75,29.25,482.0
91,34,75.0,29.25,482.0
91,35,75.25,29.25,482.0
91,36,75.5,29.25,179.0
91,37,75.75,29.25,179.0
91,38,76.0,29.25,179.0
91,39,76.25,29.25,181.0
91,40,76.5,29.25,181.0
91,41,76.75,29.25,193.0
91,42,77.0,29.25,189.0
91,43,77.25,29.25,590.0
91,44,77.5,29.25,639.0
91,45,77.75,29.25,639.0
91,46,78.0,29.25,636.0
91,47,78.25,29.25,599.0
91,48,78.5,29.25,599.0
91,49,78.75,29.25,638.0
91,50,79.0,29.25,668.0
91,51,79.25,29.25,663.0
91,52,79.5,29.25,663.0
91,53,79.75,29.25,663.0
91,54,80.0,29.25,660.0
91,55,80.25,29.25,660.0
91,56,80.5,29.25,
91,57,80.75,29.25,
91,58,81.0,29.25,
91,59,81.25,29.25,
91,60,81.5,29.25,
91,61,81.75,29.25,
91,62,82.0,29.25,
91,63,82.25,29.25,
91,64,82.5,29.25,
91,65,82.75,29.25,
91,66,83.0,29.25,
91,67,83.25,29.25,
91,68,83.5,29.25,
91,69,83.75,29.25,
91,70,84.0,29.25,
91,71,84.25,29.25,
91,72,84.5,29.25,
91,73,84.75,29.25,
91,74,85.0,29.25,
91,75,85.25,29.25,
91,76,85.5,29.25,
91,77,85.75,29.25,
91,78,86.0,29.25,
91,79,86.25,29.25,
91,80,86.5,29.25,
91,81,86.75,29.25,
91,82,87.0,29.25,
91,83,87.25,29.25,
91,84,87.5,29.25,
91,85,87.75,29.25,
91,86,88.0,29.25,
91,87,88.25,29.25,
91,88,88.5,29.25,
91,89,88.75,29.25,
91,90,89.0,29.25,
91,91,89.25,29.25,
91,92,89.5,29.25,
91,93,89.75,29.25,
91,94,90.0,29.25,
91,95,90.25,29.25,
91,96,90.5,29.25,
91,97,90.75,29.25,
91,98,91.0,29.25,
91,99,91.25,29.25,
91,100,91.5,29.25,
91,101,91.75,29.25,
91,102,92.0,29.25,
91,103,92.25,29.25,
91,104,92.5,29.25,
91,105,92.75,29.25,
91,106,93.0,29.25,
91,107,93.25,29.25,
91,108,93.5,29.25,
91,109,93.75,29.25,
91,110,94.0,29.25,
91,111,94.25,29.25,
91,112,94.5,29.25,
91,113,94.75,29.25,18.0
91,114,95.0,29.25,
91,115,95.25,29.25,
91,116,95.5,29.25,
91,117,95.75,29.25,21.0
91,118,96.0,29.25,21.0
91,119,96.25,29.25,
91,120,96.5,29.25,
91,121,96.75,29.25,
91,122,97.0,29.25,
91,123,97.25,29.25,
91,124,97.5,29.25,
91,125,97.75,29.25,
91,126,98.0,29.25,
91,127,98.25,29.25,
91,128,98.5,29.25,
91,129,98.75,29.25,
91,130,99.0,29.25,
91,131,99.25,29.25,
91,132,99.5,29.25,
91,133,99.75,29.25,
91,134,100.0,29.25,
92,0,66.5,29.5,
92,1,66.75,29.5,
92,2,67.0,29.5,
92,3,67.25,29.5,
92,4,67.5,29.5,
92,5,67.75,29.5,
92,6,68.0,29.5,
92,7,68.25,29.5,
92,8,68.5,29.5,
92,9,68.75,29.5,
92,10,69.0,29.5,
92,11,69.25,29.5,
92,12,69.5,29.5,
92,13,69.75,29.5,
92,14,70.0,29.5,
92,15,70.25,29.5,
92,16,70.5,29.5,
92,17,70.75,29.5,
92,18,71.0,29.5,
92,19,71.25,29.5,
92,20,71.5,29.5,
92,21,71.75,29.5,
92,22,72.0,29.5,
92,23,72.25,29.5,
92,24,72.5,29.5,
92,25,72.75,29.5,
92,26,73.0,29.5,
92,27,73.25,29.5,
92,28,73.5,29.5,
92,29,73.75,29.5,481.0
92,30,74.0,29.5,482.0
92,31,74.25,29.5,482.0
92,32,74.5,29.5,482.0
92,33,74.75,29.5,192.0
92,34,75.0,29.5,192.0
92,35,75.25,29.5,192.0
92,36,75.5,29.5,177.0
92,37,75.75,29.5,177.0
92,38,76.0,29.5,181.0
92,39,76.25,29.5,181.0
92,40,76.5,29.5,181.0
92,41,76.75,29.5,183.0
92,42,77.0,29.5,183.0
92,43,77.25,29.5,649.0
92,44,77.5,29.5,639.0
92,45,77.75,29.5,639.0
92,46,78.0,29.5,599.0
92,47,78.25,29.5,599.0
92,48,78.5,29.5,599.0
92,49,78.75,29.5,664.0
92,50,79.0,29.5,663.0
92,51,79.25,29.5,663.0
92,52,79.5,29.5,657.0
92,53,79.75,29.5,657.0
92,54,80.0,29.5,657.0
92,55,80.25,29.5,665.0
92,56,80.5,29.5,
92,57,80.75,29.5,
92,58,81.0,29.5,
92,59,81.25,29.5,
92,60,81.5,29.5,
92,61,81.75,29.5,
92,62,82.0,29.5,
92,63,82.25,29.5,
92,64,82.5,29.5,
92,65,82.75,29.5,
92,66,83.0,29.5,
92,67,83.25,29.5,
92,68,83.5,29.5,
92,69,83.75,29.5,
92,70,84.0,29.5,
92,71,84.25,29.5,
92,72,84.5,29.5,
92,73,84.75,29.5,
92,74,85.0,29.5,
92,75,85.25,29.5,
92,76,85.5,29.5,
92,77,85.75,29.5,
92,78,86.0,29.5,
92,79,86.25,29.5,
92,80,86.5,29.5,
92,81,86.75,29.5,
92,82,87.0,29.5,
92,83,87.25,29.5,
92,84,87.5,29.5,
92,85,87.75,29.5,
92,86,88.0,29.5,
92,87,88.25,29.5,
92,88,88.5,29.5,
92,89,88.75,29.5,
92,90,89.0,29.5,
92,91,89.25,29.5,
92,92,89.5,29.5,
92,93,89.75,29.5,
92,94,90.0,29.5,
92,95,90.25,29.5,
92,96,90.5,29.5,
92,97,90.75,29.5,
92,98,91.0,29.5,
92,99,91.25,29.5,
92,100,91.5,29.5,
92,101,91.75,29.5,
92,102,92.0,29.5,
92,103,92.25,29.5,
92,104,92.5,29.5,
92,105,92.75,29.5,
92,106,93.0,29.5,
92,107,93.25,29.5,
92,108,93.5,29.5,
92,109,93.75,29.5,
92,110,94.0,29.5,
92,111,94.25,29.5,
92,112,94.5,29.5,
92,113,94.75,29.5,
92,114,95.0,29.5,
92,115,95.25,29.5,
92,116,95.5,29.5,
92,117,95.75,29.5,
92,118,96.0,29.5,
92,119,96.25,29.5,
92,120,96.5,29.5,
92,121,96.75,29.5,
92,122,97.0,29.5,
92,123,97.25,29.5,
92,124,97.5,29.5,
92,125,97.75,29.5,
92,126,98.0,29.5,
92,127,98.25,29.5,
92,128,98.5,29.5,
92,129,98.75,29.5,
92,130,99.0,29.5,
92,131,99.25,29.5,
92,132,99.5,29.5,
92,133,99.75,29.5,
92,134,100.0,29.5,
93,0,66.5,29.75,
93,1,66.75,29.75,
93,2,67.0,29.75,
93,3,67.25,29.75,
93,4,67.5,29.75,
93,5,67.75,29.75,
93,6,68.0,29.75,
93,7,68.25,29.75,
93,8,68.5,29.75,
93,9,68.75,29.75,
93,10,69.0,29.75,
93,11,69.25,29.75,
93,12,69.5,29.75,
93,13,69.75,29.75,
93,14,70.0,29.75,
93,15,70.25,29.75,
93,16,70.5,29.75,
93,17,70.75,29.75,
93,18,71.0,29.75,
93,19,71.25,29.75,
93,20,71.5,29.75,
93,21,71.75,29.75,
93,22,72.0,29.75,
93,23,72.25,29.75,
93,24,72.5,29.75,
93,25,72.75,29.75,
93,26,73.0,29.75,
93,27,73.25,29.75,
93,28,73.5,29.75,481.0
93,29,73.75,29.75,481.0
93,30,74.0,29.75,481.0
93,31,74.25,29.75,482.0
93,32,74.5,29.75,192.0
93,33,74.75,29.75,192.0
93,34,75.0,29.75,192.0
93,35,75.25,29.75,457.0
93,36,75.5,29.75,177.0
93,37,75.75,29.75,177.0
93,38,76.0,29.75,462.0
93,39,76.25,29.75,182.0
93,40,76.5,29.75,182.0
93,41,76.75,29.75,183.0
93,42,77.0,29.75,183.0
93,43,77.25,29.75,645.0
93,44,77.5,29.75,645.0
93,45,77.75,29.75,645.0
93,46,78.0,29.75,662.0
93,47,78.25,29.75,662.0
93,48,78.5,29.75,664.0
93,49,78.75,29.75,664.0
93,50,79.0,29.75,664.0
93,51,79.25,29.75,657.0
93,52,79.5,29.75,657.0
93,53,79.75,29.75,658.0
93,54,80.0,29.75,665.0
93,55,80.25,29.75,665.0
93,56,80.5,29.75,
93,57,80.75,29.75,
93,58,81.0,29.75,
93,59,81.25,29.75,
93,60,81.5,29.75,
93,61,81.75,29.75,
93,62,82.0,29.75,
93,63,82.25,29.75,
93,64,82.5,29.75,
93,65,82.75,29.75,
93,66,83.0,29.75,
93,67,83.25,29.75,
93,68,83.5,29.75,
93,69,83.75,29.75,
93,70,84.0,29.75,
93,71,84.25,29.75,
93,72,84.5,29.75,
93,73,84.75,29.75,
93,74,85.0,29.75,
93,75,85.25,29.75,
93,76,85.5,29.75,
93,77,85.75,29.75,
93,78,86.0,29.75,
93,79,86.25,29.75,
93,80,86.5,29.75,
93,81,86.75,29.75,
93,82,87.0,29.75,
93,83,87.25,29.75,
93,84,87.5,29.75,
93,85,87.75,29.75,
93,86,88.0,29.75,
93,87,88.25,29.75,
93,88,88.5,29.75,
93,89,88.75,29.75,
93,90,89.0,29.75,
93,91,89.25,29.75,
93,92,89.5,29.75,
93,93,89.75,29.75,
93,94,90.0,29.75,
93,95,90.25,29.75,
93,96,90.5,29.75,
93,97,90.75,29.75,
93,98,91.0,29.75,
93,99,91.25,29.75,
93,100,91.5,29.75,
93,101,91.75,29.75,
93,102,92.0,29.75,
93,103,92.25,29.75,
93,104,92.5,29.75,
93,105,92.75,29.75,
93,106,93.0,29.75,
93,107,93.25,29.75,
93,108,93.5,29.75,
93,109,93.75,29.75,
93,110,94.0,29.75,
93,111,94.25,29.75,
93,112,94.5,29.75,
93,113,94.75,29.75,
93,114,95.0,29.75,
93,115,95.25,29.75,
93,116,95.5,29.75,
93,117,95.75,29.75,
93,118,96.0,29.75,
93,119,96.25,29.75,
93,120,96.5,29.75,
93,121,96.75,29.75,
93,122,97.0,29.75,
93,123,97.25,29.75,
93,124,97.5,29.75,
93,125,97.75,29.75,
93,126,98.0,29.75,
93,127,98.25,29.75,
93,128,98.5,29.75,
93,129,98.75,29.75,
93,130,99.0,29.75,
93,131,99.25,29.75,
93,132,99.5,29.75,
93,133,99.75,29.75,
93,134,100.0,29.75,
94,0,66.5,30.0,
94,1,66.75,30.0,
94,2,67.0,30.0,
94,3,67.25,30.0,
94,4,67.5,30.0,
94,5,67.75,30.0,
94,6,68.0,30.0,
94,7,68.25,30.0,
94,8,68.5,30.0,
94,9,68.75,30.0,
94,10,69.0,30.0,
94,11,69.25,30.0,
94,12,69.5,30.0,
94,13,69.75,30.0,
94,14,70.0,30.0,
94,15,70.25,30.0,
94,16,70.5,30.0,
94,17,70.75,30.0,
94,18,71.0,30.0,
94,19,71.25,30.0,
94,20,71.5,30.0,
94,21,71.75,30.0,
94,22,72.0,30.0,
94,23,72.25,30.0,
94,24,72.5,30.0,
94,25,72.75,30.0,
94,26,73.0,30.0,
94,27,73.25,30.0,
94,28,73.5,30.0,
94,29,73.75,30.0,481.0
94,30,74.0,30.0,450.0
94,31,74.25,30.0,450.0
94,32,74.5,30.0,465.0
94,33,74.75,30.0,447.0
94,34,75.0,30.0,447.0
94,35,75.25,30.0,447.0
94,36,75.5,30.0,457.0
94,37,75.75,30.0,462.0
94,38,76.0,30.0,462.0
94,39,76.25,30.0,182.0
94,40,76.5,30.0,184.0
94,41,76.75,30.0,184.0
94,42,77.0,30.0,184.0
94,43,77.25,30.0,194.0
94,44,77.5,30.0,645.0
94,45,77.75,30.0,645.0
94,46,78.0,30.0,662.0
94,47,78.25,30.0,664.0
94,48,78.5,30.0,664.0
94,49,78.75,30.0,664.0
94,50,79.0,30.0,664.0
94,51,79.25,30.0,659.0
94,52,79.5,30.0,658.0
94,53,79.75,30.0,658.0
94,54,80.0,30.0,658.0
94,55,80.25,30.0,665.0
94,56,80.5,30.0,665.0
94,57,80.75,30.0,
94,58,81.0,30.0,
94,59,81.25,30.0,
94,60,81.5,30.0,
94,61,81.75,30.0,
94,62,82.0,30.0,
94,63,82.25,30.0,
94,64,82.5,30.0,
94,65,82.75,30.0,
94,66,83.0,30.0,
94,67,83.25,30.0,
94,68,83.5,30.0,
94,69,83.75,30.0,
94,70,84.0,30.0,
94,71,84.25,30.0,
94,72,84.5,30.0,
94,73,84.75,30.0,
94,74,85.0,30.0,
94,75,85.25,30.0,
94,76,85.5,30.0,
94,77,85.75,30.0,
94,78,86.0,30.0,
94,79,86.25,30.0,
94,80,86.5,30.0,
94,81,86.75,30.0,
94,82,87.0,30.0,
94,83,87.25,30.0,
94,84,87.5,30.0,
94,85,87.75,30.0,
94,86,88.0,30.0,
94,87,88.25,30.0,
94,88,88.5,30.0,
94,89,88.75,30.0,
94,90,89.0,30.0,
94,91,89.25,30.0,
94,92,89.5,30.0,
94,93,89.75,30.0,
94,94,90.0,30.0,
94,95,90.25,30.0,
94,96,90.5,30.0,
94,97,90.75,30.0,
94,98,91.0,30.0,
94,99,91.25,30.0,
94,100,91.5,30.0,
94,101,91.75,30.0,
94,102,92.0,30.0,
94,103,92.25,30.0,
94,104,92.5,30.0,
94,105,92.75,30.0,
94,106,93.0,30.0,
94,107,93.25,30.0,
94,108,93.5,30.0,
94,109,93.75,30.0,
94,110,94.0,30.0,
94,111,94.25,30.0,
94,112,94.5,30.0,
94,113,94.75,30.0,
94,114,95.0,30.0,
94,115,95.25,30.0,
94,116,95.5,30.0,
94,117,95.75,30.0,
94,118,96.0,30.0,
94,119,96.25,30.0,
94,120,96.5,30.0,
94,121,96.75,30.0,
94,122,97.0,30.0,
94,123,97.25,30.0,
94,124,97.5,30.0,
94,125,97.75,30.0,
94,126,98.0,30.0,
94,127,98.25,30.0,
94,128,98.5,30.0,
94,129,98.75,30.0,
94,130,99.0,30.0,
94,131,99.25,30.0,
94,132,99.5,30.0,
94,133,99.75,30.0,
94,134,100.0,30.0,
95,0,66.5,30.25,
95,1,66.75,30.25,
95,2,67.0,30.25,
95,3,67.25,30.25,
95,4,67.5,30.25,
95,5,67.75,30.25,
95,6,68.0,30.25,
95,7,68.25,30.25,
95,8,68.5,30.25,
95,9,68.75,30.25,
95,10,69.0,30.25,
95,11,69.25,30.25,
95,12,69.5,30.25,
95,13,69.75,30.25,
95,14,70.0,30.25,
95,15,70.25,30.25,
95,16,70.5,30.25,
95,17,70.75,30.25,
95,18,71.0,30.25,
95,19,71.25,30.25,
95,20,71.5,30.25,
95,21,71.75,30.25,
95,22,72.0,30.25,
95,23,72.25,30.25,
95,24,72.5,30.25,
95,25,72.75,30.25,
95,26,73.0,30.25,
95,27,73.25,30.25,
95,28,73.5,30.25,
95,29,73.75,30.25,
95,30,74.0,30.25,450.0
95,31,74.25,30.25,450.0
95,32,74.5,30.25,465.0
95,33,74.75,30.25,447.0
95,34,75.0,30.25,447.0
95,35,75.25,30.25,447.0
95,36,75.5,30.25,446.0
95,37,75.75,30.25,462.0
95,38,76.0,30.25,462.0
95,39,76.25,30.25,460.0
95,40,76.5,30.25,460.0
95,41,76.75,30.25,173.0
95,42,77.0,30.25,173.0
95,43,77.25,30.25,194.0
95,44,77.5,30.25,194.0
95,45,77.75,30.25,645.0
95,46,78.0,30.25,661.0
95,47,78.25,30.25,661.0
95,48,78.5,30.25,667.0
95,49,78.75,30.25,667.0
95,50,79.0,30.25,666.0
95,51,79.25,30.25,659.0
95,52,79.5,30.25,659.0
95,53,79.75,30.25,659.0
95,54,80.0,30.25,658.0
95,55,80.25,30.25,665.0
95,56,80.5,30.25,665.0
95,57,80.75,30.25,665.0
95,58,81.0,30.25,665.0
95,59,81.25,30.25,
95,60,81.5,30.25,
95,61,81.75,30.25,
95,62,82.0,30.25,
95,63,82.25,30.25,
95,64,82.5,30.25,
95,65,82.75,30.25,
95,66,83.0,30.25,
95,67,83.25,30.25,
95,68,83.5,30.25,
95,69,83.75,30.25,
95,70,84.0,30.25,
95,71,84.25,30.25,
95,72,84.5,30.25,
95,73,84.75,30.25,
95,74,85.0,30.25,
95,75,85.25,30.25,
95,76,85.5,30.25,
95,77,85.75,30.25,
95,78,86.0,30.25,
95,79,86.25,30.25,
95,80,86.5,30.25,
95,81,86.75,30.25,
95,82,87.0,30.25,
95,83,87.25,30.25,
95,84,87.5,30.25,
95,85,87.75,30.25,
95,86,88.0,30.25,
95,87,88.25,30.25,
95,88,88.5,30.25,
95,89,88.75,30.25,
95,90,89.0,30.25,
95,91,89.25,30.25,
95,92,89.5,30.25,
95,93,89.75,30.25,
95,94,90.0,30.25,
95,95,90.25,30.25,
95,96,90.5,30.25,
95,97,90.75,30.25,
95,98,91.0,30.25,
95,99,91.25,30.25,
95,100,91.5,30.25,
95,101,91.75,30.25,
95,102,92.0,30.25,
95,103,92.25,30.25,
95,104,92.5,30.25,
95,105,92.75,30.25,
95,106,93.0,30.25,
95,107,93.25,30.25,
95,108,93.5,30.25,
95,109,93.75,30.25,
95,110,94.0,30.25,
95,111,94.25,30.25,
95,112,94.5,30.25,
95,113,94.75,30.25,
95,114,95.0,30.25,
95,115,95.25,30.25,
95,116,95.5,30.25,
95,117,95.75,30.25,
95,118,96.0,30.25,
95,119,96.25,30.25,
95,120,96.5,30.25,
95,121,96.75,30.25,
95,122,97.0,30.25,
95,123,97.25,30.25,
95,124,97.5,30.25,
95,125,97.75,30.25,
95,126,98.0,30.25,
95,127,98.25,30.25,
95,128,98.5,30.25,
95,129,98.75,30.25,
95,130,99.0,30.25,
95,131,99.25,30.25,
95,132,99.5,30.25,
95,133,99.75,30.25,
95,134,100.0,30.25,
96,0,66.5,30.5,
96,1,66.75,30.5,
96,2,67.0,30.5,
96,3,67.25,30.5,
96,4,67.5,30.5,
96,5,67.75,30.5,
96,6,68.0,30.5,
96,7,68.25,30.5,
96,8,68.5,30.5,
96,9,68.75,30.5,
96,10,69.0,30.5,
96,11,69.25,30.5,
96,12,69.5,30.5,
96,13,69.75,30.5,
96,14,70.0,30.5,
96,15,70.25,30.5,
96,16,70.5,30.5,
96,17,70.75,30.5,
96,18,71.0,30.5,
96,19,71.25,30.5,
96,20,71.5,30.5,
96,21,71.75,30.5,
96,22,72.0,30.5,
96,23,72.25,30.5,
96,24,72.5,30.5,
96,25,72.75,30.5,
96,26,73.0,30.5,
96,27,73.25,30.5,
96,28,73.5,30.5,
96,29,73.75,30.5,
96,30,74.0,30.5,450.0
96,31,74.25,30.5,450.0
96,32,74.5,30.5,465.0
96,33,74.75,30.5,448.0
96,34,75.0,30.5,458.0
96,35,75.25,30.5,447.0
96,36,75.5,30.5,446.0
96,37,75.75,30.5,462.0
96,38,76.0,30.5,
96,39,76.25,30.5,460.0
96,40,76.5,30.5,460.0
96,41,76.75,30.5,460.0
96,42,77.0,30.5,188.0
96,43,77.25,30.5,204.0
96,44,77.5,30.5,204.0
96,45,77.75,30.5,204.0
96,46,78.0,30.5,667.0
96,47,78.25,30.5,667.0
96,48,78.5,30.5,667.0
96,49,78.75,30.5,667.0
96,50,79.0,30.5,666.0
96,51,79.25,30.5,659.0
96,52,79.5,30.5,659.0
96,53,79.75,30.5,659.0
96,54,80.0,30.5,659.0
96,55,80.25,30.5,665.0
96,56,80.5,30.5,
96,57,80.75,30.5,
96,58,81.0,30.5,
96,59,81.25,30.5,
96,60,81.5,30.5,
96,61,81.75,30.5,
96,62,82.0,30.5,
96,63,82.25,30.5,
96,64,82.5,30.5,
96,65,82.75,30.5,
96,66,83.0,30.5,
96,67,83.25,30.5,
96,68,83.5,30.5,
96,69,83.75,30.5,
96,70,84.0,30.5,
96,71,84.25,30.5,
96,72,84.5,30.5,
96,73,84.75,30.5,
96,74,85.0,30.5,
96,75,85.25,30.5,
96,76,85.5,30.5,
96,77,85.75,30.5,
96,78,86.0,30.5,
96,79,86.25,30.5,
96,80,86.5,30.5,
96,81,86.75,30.5,
96,82,87.0,30.5,
96,83,87.25,30.5,
96,84,87.5,30.5,
96,85,87.75,30.5,
96,86,88.0,30.5,
96,87,88.25,30.5,
96,88,88.5,30.5,
96,89,88.75,30.5,
96,90,89.0,30.5,
96,91,89.25,30.5,
96,92,89.5,30.5,
96,93,89.75,30.5,
96,94,90.0,30.5,
96,95,90.25,30.5,
96,96,90.5,30.5,
96,97,90.75,30.5,
96,98,91.0,30.5,
96,99,91.25,30.5,
96,100,91.5,30.5,
96,101,91.75,30.5,
96,102,92.0,30.5,
96,103,92.25,30.5,
96,104,92.5,30.5,
96,105,92.75,30.5,
96,106,93.0,30.5,
96,107,93.25,30.5,
96,108,93.5,30.5,
96,109,93.75,30.5,
96,110,94.0,30.5,
96,111,94.25,30.5,
96,112,94.5,30.5,
96,113,94.75,30.5,
96,114,95.0,30.5,
96,115,95.25,30.5,
96,116,95.5,30.5,
96,117,95.75,30.5,
96,118,96.0,30.5,
96,119,96.25,30.5,
96,120,96.5,30.5,
96,121,96.75,30.5,
96,122,97.0,30.5,
96,123,97.25,30.5,
96,124,97.5,30.5,
96,125,97.75,30.5,
96,126,98.0,30.5,
96,127,98.25,30.5,
96,128,98.5,30.5,
96,129,98.75,30.5,
96,130,99.0,30.5,
96,131,99.25,30.5,
96,132,99.5,30.5,
96,133,99.75,30.5,
96,134,100.0,30.5,
97,0,66.5,30.75,
97,1,66.75,30.75,
97,2,67.0,30.75,
97,3,67.25,30.75,
97,4,67.5,30.75,
97,5,67.75,30.75,
97,6,68.0,30.75,
97,7,68.25,30.75,
97,8,68.5,30.75,
97,9,68.75,30.75,
97,10,69.0,30.75,
97,11,69.25,30.75,
97,12,69.5,30.75,
97,13,69.75,30.75,
97,14,70.0,30.75,
97,15,70.25,30.75,
97,16,70.5,30.75,
97,17,70.75,30.75,
97,18,71.0,30.75,
97,19,71.25,30.75,
97,20,71.5,30.75,
97,21,71.75,30.75,
97,22,72.0,30.75,
97,23,72.25,30.75,
97,24,72.5,30.75,
97,25,72.75,30.75,
97,26,73.0,30.75,
97,27,73.25,30.75,
97,28,73.5,30.75,
97,29,73.75,30.75,
97,30,74.0,30.75,
97,31,74.25,30.75,
97,32,74.5,30.75,448.0
97,33,74.75,30.75,448.0
97,34,75.0,30.75,458.0
97,35,75.25,30.75,458.0
97,36,75.5,30.75,456.0
97,37,75.75,30.75,456.0
97,38,76.0,30.75,456.0
97,39,76.25,30.75,456.0
97,40,76.5,30.75,461.0
97,41,76.75,30.75,95.0
97,42,77.0,30.75,188.0
97,43,77.25,30.75,204.0
97,44,77.5,30.75,204.0
97,45,77.75,30.75,661.0
97,46,78.0,30.75,661.0
97,47,78.25,30.75,669.0
97,48,78.5,30.75,669.0
97,49,78.75,30.75,669.0
97,50,79.0,30.75,667.0
97,51,79.25,30.75,669.0
97,52,79.5,30.75,659.0
97,53,79.75,30.75,659.0
97,54,80.0,30.75,659.0
97,55,80.25,30.75,
97,56,80.5,30.75,
97,57,80.75,30.75,
97,58,81.0,30.75,
97,59,81.25,30.75,
97,60,81.5,30.75,
97,61,81.75,30.75,
97,62,82.0,30.75,
97,63,82.25,30.75,
97,64,82.5,30.75,
97,65,82.75,30.75,
97,66,83.0,30.75,
97,67,83.25,30.75,
97,68,83.5,30.75,
97,69,83.75,30.75,
97,70,84.0,30.75,
97,71,84.25,30.75,
97,72,84.5,30.75,
97,73,84.75,30.75,
97,74,85.0,30.75,
97,75,85.25,30.75,
97,76,85.5,30.75,
97,77,85.75,30.75,
97,78,86.0,30.75,
97,79,86.25,30.75,
97,80,86.5,30.75,
97,81,86.75,30.75,
97,82,87.0,30.75,
97,83,87.25,30.75,
97,84,87.5,30.75,
97,85,87.75,30.75,
97,86,88.0,30.75,
97,87,88.25,30.75,
97,88,88.5,30.75,
97,89,88.75,30.75,
97,90,89.0,30.75,
97,91,89.25,30.75,
97,92,89.5,30.75,
97,93,89.75,30.75,
97,94,90.0,30.75,
97,95,90.25,30.75,
97,96,90.5,30.75,
97,97,90.75,30.75,
97,98,91.0,30.75,
97,99,91.25,30.75,
97,100,91.5,30.75,
97,101,91.75,30.75,
97,102,92.0,30.75,
97,103,92.25,30.75,
97,104,92.5,30.75,
97,105,92.75,30.75,
97,106,93.0,30.75,
97,107,93.25,30.75,
97,108,93.5,30.75,
97,109,93.75,30.75,
97,110,94.0,30.75,
97,111,94.25,30.75,
97,112,94.5,30.75,
97,113,94.75,30.75,
97,114,95.0,30.75,
97,115,95.25,30.75,
97,116,95.5,30.75,
97,117,95.75,30.75,
97,118,96.0,30.75,
97,119,96.25,30.75,
97,120,96.5,30.75,
97,121,96.75,30.75,
97,122,97.0,30.75,
97,123,97.25,30.75,
97,124,97.5,30.75,
97,125,97.75,30.75,
97,126,98.0,30.75,
97,127,98.25,30.75,
97,128,98.5,30.75,
97,129,98.75,30.75,
97,130,99.0,30.75,
97,131,99.25,30.75,
97,132,99.5,30.75,
97,133,99.75,30.75,
97,134,100.0,30.75,
98,0,66.5,31.0,
98,1,66.75,31.0,
98,2,67.0,31.0,
98,3,67.25,31.0,
98,4,67.5,31.0,
98,5,67.75,31.0,
98,6,68.0,31.0,
98,7,68.25,31.0,
98,8,68.5,31.0,
98,9,68.75,31.0,
98,10,69.0,31.0,
98,11,69.25,31.0,
98,12,69.5,31.0,
98,13,69.75,31.0,
98,14,70.0,31.0,
98,15,70.25,31.0,
98,16,70.5,31.0,
98,17,70.75,31.0,
98,18,71.0,31.0,
98,19,71.25,31.0,
98,20,71.5,31.0,
98,21,71.75,31.0,
98,22,72.0,31.0,
98,23,72.25,31.0,
98,24,72.5,31.0,
98,25,72.75,31.0,
98,26,73.0,31.0,
98,27,73.25,31.0,
98,28,73.5,31.0,
98,29,73.75,31.0,
98,30,74.0,31.0,
98,31,74.25,31.0,
98,32,74.5,31.0,
98,33,74.75,31.0,451.0
98,34,75.0,31.0,451.0
98,35,75.25,31.0,458.0
98,36,75.5,31.0,454.0
98,37,75.75,31.0,456.0
98,38,76.0,31.0,456.0
98,39,76.25,31.0,456.0
98,40,76.5,31.0,464.0
98,41,76.75,31.0,205.0
98,42,77.0,31.0,205.0
98,43,77.25,31.0,203.0
98,44,77.5,31.0,203.0
98,45,77.75,31.0,203.0
98,46,78.0,31.0,669.0
98,47,78.25,31.0,669.0
98,48,78.5,31.0,669.0
98,49,78.75,31.0,669.0
98,50,79.0,31.0,669.0
98,51,79.25,31.0,669.0
98,52,79.5,31.0,659.0
98,53,79.75,31.0,659.0
98,54,80.0,31.0,
98,55,80.25,31.0,
98,56,80.5,31.0,
98,57,80.75,31.0,
98,58,81.0,31.0,
98,59,81.25,31.0,
98,60,81.5,31.0,
98,61,81.75,31.0,
98,62,82.0,31.0,
98,63,82.25,31.0,
98,64,82.5,31.0,
98,65,82.75,31.0,
98,66,83.0,31.0,
98,67,83.25,31.0,
98,68,83.5,31.0,
98,69,83.75,31.0,
98,70,84.0,31.0,
98,71,84.25,31.0,
98,72,84.5,31.0,
98,73,84.75,31.0,
98,74,85.0,31.0,
98,75,85.25,31.0,
98,76,85.5,31.0,
98,77,85.75,31.0,
98,78,86.0,31.0,
98,79,86.25,31.0,
98,80,86.5,31.0,
98,81,86.75,31.0,
98,82,87.0,31.0,
98,83,87.25,31.0,
98,84,87.5,31.0,
98,85,87.75,31.0,
98,86,88.0,31.0,
98,87,88.25,31.0,
98,88,88.5,31.0,
98,89,88.75,31.0,
98,90,89.0,31.0,
98,91,89.25,31.0,
98,92,89.5,31.0,
98,93,89.75,31.0,
98,94,90.0,31.0,
98,95,90.25,31.0,
98,96,90.5,31.0,
98,97,90.75,31.0,
98,98,91.0,31.0,
98,99,91.25,31.0,
98,100,91.5,31.0,
98,101,91.75,31.0,
98,102,92.0,31.0,
98,103,92.25,31.0,
98,104,92.5,31.0,
98,105,92.75,31.0,
98,106,93.0,31.0,
98,107,93.25,31.0,
98,108,93.5,31.0,
98,109,93.75,31.0,
98,110,94.0,31.0,
98,111,94.25,31.0,
98,112,94.5,31.0,
98,113,94.75,31.0,
98,114,95.0,31.0,
98,115,95.25,31.0,
98,116,95.5,31.0,
98,117,95.75,31.0,
98,118,96.0,31.0,
98,119,96.25,31.0,
98,120,96.5,31.0,
98,121,96.75,31.0,
98,122,97.0,31.0,
98,123,97.25,31.0,
98,124,97.5,31.0,
98,125,97.75,31.0,
98,126,98.0,31.0,
98,127,98.25,31.0,
98,128,98.5,31.0,
98,129,98.75,31.0,
98,130,99.0,31.0,
98,131,99.25,31.0,
98,132,99.5,31.0,
98,133,99.75,31.0,
98,134,100.0,31.0,
99,0,66.5,31.25,
99,1,66.75,31.25,
99,2,67.0,31.25,
99,3,67.25,31.25,
99,4,67.5,31.25,
99,5,67.75,31.25,
99,6,68.0,31.25,
99,7,68.25,31.25,
99,8,68.5,31.25,
99,9,68.75,31.25,
99,10,69.0,31.25,
99,11,69.25,31.25,
99,12,69.5,31.25,
99,13,69.75,31.25,
99,14,70.0,31.25,
99,15,70.25,31.25,
99,16,70.5,31.25,
99,17,70.75,31.25,
99,18,71.0,31.25,
99,19,71.25,31.25,
99,20,71.5,31.25,
99,21,71.75,31.25,
99,22,72.0,31.25,
99,23,72.25,31.25,
99,24,72.5,31.25,
99,25,72.75,31.25,
99,26,73.0,31.25,
99,27,73.25,31.25,
99,28,73.5,31.25,
99,29,73.75,31.25,
99,30,74.0,31.25,
99,31,74.25,31.25,
99,32,74.5,31.25,
99,33,74.75,31.25,466.0
99,34,75.0,31.25,466.0
99,35,75.25,31.25,455.0
99,36,75.5,31.25,454.0
99,37,75.75,31.25,
99,38,76.0,31.25,453.0
99,39,76.25,31.25,453.0
99,40,76.5,31.25,461.0
99,41,76.75,31.25,195.0
99,42,77.0,31.25,205.0
99,43,77.25,31.25,203.0
99,44,77.5,31.25,203.0
99,45,77.75,31.25,203.0
99,46,78.0,31.25,203.0
99,47,78.25,31.25,203.0
99,48,78.5,31.25,199.0
99,49,78.75,31.25,199.0
99,50,79.0,31.25,669.0
99,51,79.25,31.25,669.0
99,52,79.5,31.25,
99,53,79.75,31.25,
99,54,80.0,31.25,
99,55,80.25,31.25,
99,56,80.5,31.25,
99,57,80.75,31.25,
99,58,81.0,31.25,
99,59,81.25,31.25,
99,60,81.5,31.25,
99,61,81.75,31.25,
99,62,82.0,31.25,
99,63,82.25,31.25,
99,64,82.5,31.25,
99,65,82.75,31.25,
99,66,83.0,31.25,
99,67,83.25,31.25,
99,68,83.5,31.25,
99,69,83.75,31.25,
99,70,84.0,31.25,
99,71,84.25,31.25,
99,72,84.5,31.25,
99,73,84.75,31.25,
99,74,85.0,31.25,
99,75,85.25,31.25,
99,76,85.5,31.25,
99,77,85.75,31.25,
99,78,86.0,31.25,
99,79,86.25,31.25,
99,80,86.5,31.25,
99,81,86.75,31.25,
99,82,87.0,31.25,
99,83,87.25,31.25,
99,84,87.5,31.25,
99,85,87.75,31.25,
99,86,88.0,31.25,
99,87,88.25,31.25,
99,88,88.5,31.25,
99,89,88.75,31.25,
99,90,89.0,31.25,
99,91,89.25,31.25,
99,92,89.5,31.25,
99,93,89.75,31.25,
99,94,90.0,31.25,
99,95,90.25,31.25,
99,96,90.5,31.25,
99,97,90.75,31.25,
99,98,91.0,31.25,
99,99,91.25,31.25,
99,100,91.5,31.25,
99,101,91.75,31.25,
99,102,92.0,31.25,
99,103,92.25,31.25,
99,104,92.5,31.25,
99,105,92.75,31.25,
99,106,93.0,31.25,
99,107,93.25,31.25,
99,108,93.5,31.25,
99,109,93.75,31.25,
99,110,94.0,31.25,
99,111,94.25,31.25,
99,112,94.5,31.25,
99,113,94.75,31.25,
99,114,95.0,31.25,
99,115,95.25,31.25,
99,116,95.5,31.25,
99,117,95.75,31.25,
99,118,96.0,31.25,
99,119,96.25,31.25,
99,120,96.5,31.25,
99,121,96.75,31.25,
99,122,97.0,31.25,
99,123,97.25,31.25,
99,124,97.5,31.25,
99,125,97.75,31.25,
99,126,98.0,31.25,
99,127,98.25,31.25,
99,128,98.5,31.25,
99,129,98.75,31.25,
99,130,99.0,31.25,
99,131,99.25,31.25,
99,132,99.5,31.25,
99,133,99.75,31.25,
99,134,100.0,31.25,
100,0,66.5,31.5,
100,1,66.75,31.5,
100,2,67.0,31.5,
100,3,67.25,31.5,
100,4,67.5,31.5,
100,5,67.75,31.5,
100,6,68.0,31.5,
100,7,68.25,31.5,
100,8,68.5,31.5,
100,9,68.75,31.5,
100,10,69.0,31.5,
100,11,69.25,31.5,
100,12,69.5,31.5,
100,13,69.75,31.5,
100,14,70.0,31.5,
100,15,70.25,31.5,
100,16,70.5,31.5,
100,17,70.75,31.5,
100,18,71.0,31.5,
100,19,71.25,31.5,
100,20,71.5,31.5,
100,21,71.75,31.5,
100,22,72.0,31.5,
100,23,72.25,31.5,
100,24,72.5,31.5,
100,25,72.75,31.5,
100,26,73.0,31.5,
100,27,73.25,31.5,
100,28,73.5,31.5,
100,29,73.75,31.5,
100,30,74.0,31.5,
100,31,74.25,31.5,
100,32,74.5,31.5,
100,33,74.75,31.5,466.0
100,34,75.0,31.5,466.0
100,35,75.25,31.5,466.0
100,36,75.5,31.5,455.0
100,37,75.75,31.5,453.0
100,38,76.0,31.5,453.0
100,39,76.25,31.5,206.0
100,40,76.5,31.5,
100,41,76.75,31.5,195.0
100,42,77.0,31.5,202.0
100,43,77.25,31.5,202.0
100,44,77.5,31.5,200.0
100,45,77.75,31.5,203.0
100,46,78.0,31.5,199.0
100,47,78.25,31.5,199.0
100,48,78.5,31.5,199.0
100,49,78.75,31.5,
100,50,79.0,31.5,
100,51,79.25,31.5,
100,52,79.5,31.5,
100,53,79.75,31.5,
100,54,80.0,31.5,
100,55,80.25,31.5,
100,56,80.5,31.5,
100,57,80.75,31.5,
100,58,81.0,31.5,
100,59,81.25,31.5,
100,60,81.5,31.5,
100,61,81.75,31.5,
100,62,82.0,31.5,
100,63,82.25,31.5,
100,64,82.5,31.5,
100,65,82.75,31.5,
100,66,83.0,31.5,
100,67,83.25,31.5,
100,68,83.5,31.5,
100,69,83.75,31.5,
100,70,84.0,31.5,
100,71,84.25,31.5,
100,72,84.5,31.5,
100,73,84.75,31.5,
100,74,85.0,31.5,
100,75,85.25,31.5,
100,76,85.5,31.5,
100,77,85.75,31.5,
100,78,86.0,31.5,
100,79,86.25,31.5,
100,80,86.5,31.5,
100,81,86.75,31.5,
100,82,87.0,31.5,
100,83,87.25,31.5,
100,84,87.5,31.5,
100,85,87.75,31.5,
100,86,88.0,31.5,
100,87,88.25,31.5,
100,88,88.5,31.5,
100,89,88.75,31.5,
100,90,89.0,31.5,
100,91,89.25,31.5,
100,92,89.5,31.5,
100,93,89.75,31.5,
100,94,90.0,31.5,
100,95,90.25,31.5,
100,96,90.5,31.5,
100,97,90.75,31.5,
100,98,91.0,31.5,
100,99,91.25,31.5,
100,100,91.5,31.5,
100,101,91.75,31.5,
100,102,92.0,31.5,
100,103,92.25,31.5,
100,104,92.5,31.5,
100,105,92.75,31.5,
100,106,93.0,31.5,
100,107,93.25,31.5,
100,108,93.5,31.5,
100,109,93.75,31.5,
100,110,94.0,31.5,
100,111,94.25,31.5,
100,112,94.5,31.5,
100,113,94.75,31.5,
100,114,95.0,31.5,
100,115,95.25,31.5,
100,116,95.5,31.5,
100,117,95.75,31.5,
100,118,96.0,31.5,
100,119,96.25,31.5,
100,120,96.5,31.5,
100,121,96.75,31.5,
100,122,97.0,31.5,
100,123,97.25,31.5,
100,124,97.5,31.5,
100,125,97.75,31.5,
100,126,98.0,31.5,
100,127,98.25,31.5,
100,128,98.5,31.5,
100,129,98.75,31.5,
100,130,99.0,31.5,
100,131,99.25,31.5,
100,132,99.5,31.5,
100,133,99.75,31.5,
100,134,100.0,31.5,
101,0,66.5,31.75,
101,1,66.75,31.75,
101,2,67.0,31.75,
101,3,67.25,31.75,
101,4,67.5,31.75,
101,5,67.75,31.75,
101,6,68.0,31.75,
101,7,68.25,31.75,
101,8,68.5,31.75,
101,9,68.75,31.75,
101,10,69.0,31.75,
101,11,69.25,31.75,
101,12,69.5,31.75,
101,13,69.75,31.75,
101,14,70.0,31.75,
101,15,70.25,31.75,
101,16,70.5,31.75,
101,17,70.75,31.75,
101,18,71.0,31.75,
101,19,71.25,31.75,
101,20,71.5,31.75,
101,21,71.75,31.75,
101,22,72.0,31.75,
101,23,72.25,31.75,
101,24,72.5,31.75,
101,25,72.75,31.75,
101,26,73.0,31.75,
101,27,73.25,31.75,
101,28,73.5,31.75,
101,29,73.75,31.75,
101,30,74.0,31.75,
101,31,74.25,31.75,
101,32,74.5,31.75,
101,33,74.75,31.75,445.0
101,34,75.0,31.75,445.0
101,35,75.25,31.75,452.0
101,36,75.5,31.75,452.0
101,37,75.75,31.75,453.0
101,38,76.0,31.75,206.0
101,39,76.25,31.75,198.0
101,40,76.5,31.75,
101,41,76.75,31.75,202.0
101,42,77.0,31.75,202.0
101,43,77.25,31.75,200.0
101,44,77.5,31.75,200.0
101,45,77.75,31.75,200.0
101,46,78.0,31.75,199.0
101,47,78.25,31.75,199.0
101,48,78.5,31.75,199.0
101,49,78.75,31.75,
101,50,79.0,31.75,
101,51,79.25,31.75,
101,52,79.5,31.75,
101,53,79.75,31.75,
101,54,80.0,31.75,
101,55,80.25,31.75,
101,56,80.5,31.75,
101,57,80.75,31.75,
101,58,81.0,31.75,
101,59,81.25,31.75,
101,60,81.5,31.75,
101,61,81.75,31.75,
101,62,82.0,31.75,
101,63,82.25,31.75,
101,64,82.5,31.75,
101,65,82.75,31.75,
101,66,83.0,31.75,
101,67,83.25,31.75,
101,68,83.5,31.75,
101,69,83.75,31.75,
101,70,84.0,31.75,
101,71,84.25,31.75,
101,72,84.5,31.75,
101,73,84.75,31.75,
101,74,85.0,31.75,
101,75,85.25,31.75,
101,76,85.5,31.75,
101,77,85.75,31.75,
101,78,86.0,31.75,
101,79,86.25,31.75,
101,80,86.5,31.75,
101,81,86.75,31.75,
101,82,87.0,31.75,
101,83,87.25,31.75,
101,84,87.5,31.75,
101,85,87.75,31.75,
101,86,88.0,31.75,
101,87,88.25,31.75,
101,88,88.5,31.75,
101,89,88.75,31.75,
101,90,89.0,31.75,
101,91,89.25,31.75,
101,92,89.5,31.75,
101,93,89.75,31.75,
101,94,90.0,31.75,
101,95,90.25,31.75,
101,96,90.5,31.75,
101,97,90.75,31.75,
101,98,91.0,31.75,
101,99,91.25,31.75,
101,100,91.5,31.75,
101,101,91.75,31.75,
101,102,92.0,31.75,
101,103,92.25,31.75,
101,104,92.5,31.75,
101,105,92.75,31.75,
101,106,93.0,31.75,
101,107,93.25,31.75,
101,108,93.5,31.75,
101,109,93.75,31.75,
101,110,94.0,31.75,
101,111,94.25,31.75,
101,112,94.5,31.75,
101,113,94.75,31.75,
101,114,95.0,31.75,
101,115,95.25,31.75,
101,116,95.5,31.75,
101,117,95.75,31.75,
101,118,96.0,31.75,
101,119,96.25,31.75,
101,120,96.5,31.75,
101,121,96.75,31.75,
101,122,97.0,31.75,
101,123,97.25,31.75,
101,124,97.5,31.75,
101,125,97.75,31.75,
101,126,98.0,31.75,
101,127,98.25,31.75,
101,128,98.5,31.75,
101,129,98.75,31.75,
101,130,99.0,31.75,
101,131,99.25,31.75,
101,132,99.5,31.75,
101,133,99.75,31.75,
101,134,100.0,31.75,
102,0,66.5,32.0,
102,1,66.75,32.0,
102,2,67.0,32.0,
102,3,67.25,32.0,
102,4,67.5,32.0,
102,5,67.75,32.0,
102,6,68.0,32.0,
102,7,68.25,32.0,
102,8,68.5,32.0,
102,9,68.75,32.0,
102,10,69.0,32.0,
102,11,69.25,32.0,
102,12,69.5,32.0,
102,13,69.75,32.0,
102,14,70.0,32.0,
102,15,70.25,32.0,
102,16,70.5,32.0,
102,17,70.75,32.0,
102,18,71.0,32.0,
102,19,71.25,32.0,
102,20,71.5,32.0,
102,21,71.75,32.0,
102,22,72.0,32.0,
102,23,72.25,32.0,
102,24,72.5,32.0,
102,25,72.75,32.0,
102,26,73.0,32.0,
102,27,73.25,32.0,
102,28,73.5,32.0,
102,29,73.75,32.0,
102,30,74.0,32.0,
102,31,74.25,32.0,
102,32,74.5,32.0,
102,33,74.75,32.0,
102,34,75.0,32.0,452.0
102,35,75.25,32.0,452.0
102,36,75.5,32.0,452.0
102,37,75.75,32.0,453.0
102,38,76.0,32.0,198.0
102,39,76.25,32.0,198.0
102,40,76.5,32.0,198.0
102,41,76.75,32.0,202.0
102,42,77.0,32.0,200.0
102,43,77.25,32.0,200.0
102,44,77.5,32.0,200.0
102,45,77.75,32.0,200.0
102,46,78.0,32.0,201.0
102,47,78.25,32.0,201.0
102,48,78.5,32.0,199.0
102,49,78.75,32.0,199.0
102,50,79.0,32.0,
102,51,79.25,32.0,
102,52,79.5,32.0,
102,53,79.75,32.0,
102,54,80.0,32.0,
102,55,80.25,32.0,
102,56,80.5,32.0,
102,57,80.75,32.0,
102,58,81.0,32.0,
102,59,81.25,32.0,
102,60,81.5,32.0,
102,61,81.75,32.0,
102,62,82.0,32.0,
102,63,82.25,32.0,
102,64,82.5,32.0,
102,65,82.75,32.0,
102,66,83.0,32.0,
102,67,83.25,32.0,
102,68,83.5,32.0,
102,69,83.75,32.0,
102,70,84.0,32.0,
102,71,84.25,32.0,
102,72,84.5,32.0,
102,73,84.75,32.0,
102,74,85.0,32.0,
102,75,85.25,32.0,
102,76,85.5,32.0,
102,77,85.75,32.0,
102,78,86.0,32.0,
102,79,86.25,32.0,
102,80,86.5,32.0,
102,81,86.75,32.0,
102,82,87.0,32.0,
102,83,87.25,32.0,
102,84,87.5,32.0,
102,85,87.75,32.0,
102,86,88.0,32.0,
102,87,88.25,32.0,
102,88,88.5,32.0,
102,89,88.75,32.0,
102,90,89.0,32.0,
102,91,89.25,32.0,
102,92,89.5,32.0,
102,93,89.75,32.0,
102,94,90.0,32.0,
102,95,90.25,32.0,
102,96,90.5,32.0,
102,97,90.75,32.0,
102,98,91.0,32.0,
102,99,91.25,32.0,
102,100,91.5,32.0,
102,101,91.75,32.0,
102,102,92.0,32.0,
102,103,92.25,32.0,
102,104,92.5,32.0,
102,105,92.75,32.0,
102,106,93.0,32.0,
102,107,93.25,32.0,
102,108,93.5,32.0,
102,109,93.75,32.0,
102,110,94.0,32.0,
102,111,94.25,32.0,
102,112,94.5,32.0,
102,113,94.75,32.0,
102,114,95.0,32.0,
102,115,95.25,32.0,
102,116,95.5,32.0,
102,117,95.75,32.0,
102,118,96.0,32.0,
102,119,96.25,32.0,
102,120,96.5,32.0,
102,121,96.75,32.0,
102,122,97.0,32.0,
102,123,97.25,32.0,
102,124,97.5,32.0,
102,125,97.75,32.0,
102,126,98.0,32.0,
102,127,98.25,32.0,
102,128,98.5,32.0,
102,129,98.75,32.0,
102,130,99.0,32.0,
102,131,99.25,32.0,
102,132,99.5,32.0,
102,133,99.75,32.0,
102,134,100.0,32.0,
103,0,66.5,32.25,
103,1,66.75,32.25,
103,2,67.0,32.25,
103,3,67.25,32.25,
103,4,67.5,32.25,
103,5,67.75,32.25,
103,6,68.0,32.25,
103,7,68.25,32.25,
103,8,68.5,32.25,
103,9,68.75,32.25,
103,10,69.0,32.25,
103,11,69.25,32.25,
103,12,69.5,32.25,
103,13,69.75,32.25,
103,14,70.0,32.25,
103,15,70.25,32.25,
103,16,70.5,32.25,
103,17,70.75,32.25,
103,18,71.0,32.25,
103,19,71.25,32.25,
103,20,71.5,32.25,
103,21,71.75,32.25,
103,22,72.0,32.25,
103,23,72.25,32.25,
103,24,72.5,32.25,
103,25,72.75,32.25,
103,26,73.0,32.25,
103,27,73.25,32.25,
103,28,73.5,32.25,
103,29,73.75,32.25,
103,30,74.0,32.25,
103,31,74.25,32.25,
103,32,74.5,32.25,
103,33,74.75,32.25,
103,34,75.0,32.25,
103,35,75.25,32.25,
103,36,75.5,32.25,459.0
103,37,75.75,32.25,198.0
103,38,76.0,32.25,198.0
103,39,76.25,32.25,198.0
103,40,76.5,32.25,196.0
103,41,76.75,32.25,196.0
103,42,77.0,32.25,198.0
103,43,77.25,32.25,200.0
103,44,77.5,32.25,201.0
103,45,77.75,32.25,201.0
103,46,78.0,32.25,201.0
103,47,78.25,32.25,201.0
103,48,78.5,32.25,201.0
103,49,78.75,32.25,
103,50,79.0,32.25,
103,51,79.25,32.25,
103,52,79.5,32.25,
103,53,79.75,32.25,
103,54,80.0,32.25,
103,55,80.25,32.25,
103,56,80.5,32.25,
103,57,80.75,32.25,
103,58,81.0,32.25,
103,59,81.25,32.25,
103,60,81.5,32.25,
103,61,81.75,32.25,
103,62,82.0,32.25,
103,63,82.25,32.25,
103,64,82.5,32.25,
103,65,82.75,32.25,
103,66,83.0,32.25,
103,67,83.25,32.25,
103,68,83.5,32.25,
103,69,83.75,32.25,
103,70,84.0,32.25,
103,71,84.25,32.25,
103,72,84.5,32.25,
103,73,84.75,32.25,
103,74,85.0,32.25,
103,75,85.25,32.25,
103,76,85.5,32.25,
103,77,85.75,32.25,
103,78,86.0,32.25,
103,79,86.25,32.25,
103,80,86.5,32.25,
103,81,86.75,32.25,
103,82,87.0,32.25,
103,83,87.25,32.25,
103,84,87.5,32.25,
103,85,87.75,32.25,
103,86,88.0,32.25,
103,87,88.25,32.25,
103,88,88.5,32.25,
103,89,88.75,32.25,
103,90,89.0,32.25,
103,91,89.25,32.25,
103,92,89.5,32.25,
103,93,89.75,32.25,
103,94,90.0,32.25,
103,95,90.25,32.25,
103,96,90.5,32.25,
103,97,90.75,32.25,
103,98,91.0,32.25,
103,99,91.25,32.25,
103,100,91.5,32.25,
103,101,91.75,32.25,
103,102,92.0,32.25,
103,103,92.25,32.25,
103,104,92.5,32.25,
103,105,92.75,32.25,
103,106,93.0,32.25,
103,107,93.25,32.25,
103,108,93.5,32.25,
103,109,93.75,32.25,
103,110,94.0,32.25,
103,111,94.25,32.25,
103,112,94.5,32.25,
103,113,94.75,32.25,
103,114,95.0,32.25,
103,115,95.25,32.25,
103,116,95.5,32.25,
103,117,95.75,32.25,
103,118,96.0,32.25,
103,119,96.25,32.25,
103,120,96.5,32.25,
103,121,96.75,32.25,
103,122,97.0,32.25,
103,123,97.25,32.25,
103,124,97.5,32.25,
103,125,97.75,32.25,
103,126,98.0,32.25,
103,127,98.25,32.25,
103,128,98.5,32.25,
103,129,98.75,32.25,
103,130,99.0,32.25,
103,131,99.25,32.25,
103,132,99.5,32.25,
103,133,99.75,32.25,
103,134,100.0,32.25,
104,0,66.5,32.5,
104,1,66.75,32.5,
104,2,67.0,32.5,
104,3,67.25,32.5,
104,4,67.5,32.5,
104,5,67.75,32.5,
104,6,68.0,32.5,
104,7,68.25,32.5,
104,8,68.5,32.5,
104,9,68.75,32.5,
104,10,69.0,32.5,
104,11,69.25,32.5,
104,12,69.5,32.5,
104,13,69.75,32.5,
104,14,70.0,32.5,
104,15,70.25,32.5,
104,16,70.5,32.5,
104,17,70.75,32.5,
104,18,71.0,32.5,
104,19,71.25,32.5,
104,20,71.5,32.5,
104,21,71.75,32.5,
104,22,72.0,32.5,
104,23,72.25,32.5,
104,24,72.5,32.5,
104,25,72.75,32.5,
104,26,73.0,32.5,
104,27,73.25,32.5,
104,28,73.5,32.5,
104,29,73.75,32.5,
104,30,74.0,32.5,
104,31,74.25,32.5,
104,32,74.5,32.5,
104,33,74.75,32.5,
104,34,75.0,32.5,
104,35,75.25,32.5,
104,36,75.5,32.5,
104,37,75.75,32.5,
104,38,76.0,32.5,196.0
104,39,76.25,32.5,196.0
104,40,76.5,32.5,196.0
104,41,76.75,32.5,196.0
104,42,77.0,32.5,201.0
104,43,77.25,32.5,201.0
104,44,77.5,32.5,201.0
104,45,77.75,32.5,201.0
104,46,78.0,32.5,201.0
104,47,78.25,32.5,201.0
104,48,78.5,32.5,
104,49,78.75,32.5,
104,50,79.0,32.5,
104,51,79.25,32.5,
104,52,79.5,32.5,
104,53,79.75,32.5,
104,54,80.0,32.5,
104,55,80.25,32.5,
104,56,80.5,32.5,
104,57,80.75,32.5,
104,58,81.0,32.5,
104,59,81.25,32.5,
104,60,81.5,32.5,
104,61,81.75,32.5,
104,62,82.0,32.5,
104,63,82.25,32.5,
104,64,82.5,32.5,
104,65,82.75,32.5,
104,66,83.0,32.5,
104,67,83.25,32.5,
104,68,83.5,32.5,
104,69,83.75,32.5,
104,70,84.0,32.5,
104,71,84.25,32.5,
104,72,84.5,32.5,
104,73,84.75,32.5,
104,74,85.0,32.5,
104,75,85.25,32.5,
104,76,85.5,32.5,
104,77,85.75,32.5,
104,78,86.0,32.5,
104,79,86.25,32.5,
104,80,86.5,32.5,
104,81,86.75,32.5,
104,82,87.0,32.5,
104,83,87.25,32.5,
104,84,87.5,32.5,
104,85,87.75,32.5,
104,86,88.0,32.5,
104,87,88.25,32.5,
104,88,88.5,32.5,
104,89,88.75,32.5,
104,90,89.0,32.5,
104,91,89.25,32.5,
104,92,89.5,32.5,
104,93,89.75,32.5,
104,94,90.0,32.5,
104,95,90.25,32.5,
104,96,90.5,32.5,
104,97,90.75,32.5,
104,98,91.0,32.5,
104,99,91.25,32.5,
104,100,91.5,32.5,
104,101,91.75,32.5,
104,102,92.0,32.5,
104,103,92.25,32.5,
104,104,92.5,32.5,
104,105,92.75,32.5,
104,106,93.0,32.5,
104,107,93.25,32.5,
104,108,93.5,32.5,
104,109,93.75,32.5,
104,110,94.0,32.5,
104,111,94.25,32.5,
104,112,94.5,32.5,
104,113,94.75,32.5,
104,114,95.0,32.5,
104,115,95.25,32.5,
104,116,95.5,32.5,
104,117,95.75,32.5,
104,118,96.0,32.5,
104,119,96.25,32.5,
104,120,96.5,32.5,
104,121,96.75,32.5,
104,122,97.0,32.5,
104,123,97.25,32.5,
104,124,97.5,32.5,
104,125,97.75,32.5,
104,126,98.0,32.5,
104,127,98.25,32.5,
104,128,98.5,32.5,
104,129,98.75,32.5,
104,130,99.0,32.5,
104,131,99.25,32.5,
104,132,99.5,32.5,
104,133,99.75,32.5,
104,134,100.0,32.5,
105,0,66.5,32.75,
105,1,66.75,32.75,
105,2,67.0,32.75,
105,3,67.25,32.75,
105,4,67.5,32.75,
105,5,67.75,32.75,
105,6,68.0,32.75,
105,7,68.25,32.75,
105,8,68.5,32.75,
105,9,68.75,32.75,
105,10,69.0,32.75,
105,11,69.25,32.75,
105,12,69.5,32.75,
105,13,69.75,32.75,
105,14,70.0,32.75,
105,15,70.25,32.75,
105,16,70.5,32.75,
105,17,70.75,32.75,
105,18,71.0,32.75,
105,19,71.25,32.75,
105,20,71.5,32.75,
105,21,71.75,32.75,
105,22,72.0,32.75,
105,23,72.25,32.75,
105,24,72.5,32.75,
105,25,72.75,32.75,
105,26,73.0,32.75,
105,27,73.25,32.75,
105,28,73.5,32.75,
105,29,73.75,32.75,
105,30,74.0,32.75,
105,31,74.25,32.75,
105,32,74.5,32.75,
105,33,74.75,32.75,
105,34,75.0,32.75,
105,35,75.25,32.75,
105,36,75.5,32.75,
105,37,75.75,32.75,
105,38,76.0,32.75,196.0
105,39,76.25,32.75,196.0
105,40,76.5,32.75,201.0
105,41,76.75,32.75,201.0
105,42,77.0,32.75,201.0
105,43,77.25,32.75,201.0
105,44,77.5,32.75,201.0
105,45,77.75,32.75,201.0
105,46,78.0,32.75,
105,47,78.25,32.75,
105,48,78.5,32.75,
105,49,78.75,32.75,
105,50,79.0,32.75,
105,51,79.25,32.75,
105,52,79.5,32.75,
105,53,79.75,32.75,
105,54,80.0,32.75,
105,55,80.25,32.75,
105,56,80.5,32.75,
105,57,80.75,32.75,
105,58,81.0,32.75,
105,59,81.25,32.75,
105,60,81.5,32.75,
105,61,81.75,32.75,
105,62,82.0,32.75,
105,63,82.25,32.75,
105,64,82.5,32.75,
105,65,82.75,32.75,
105,66,83.0,32.75,
105,67,83.25,32.75,
105,68,83.5,32.75,
105,69,83.75,32.75,
105,70,84.0,32.75,
105,71,84.25,32.75,
105,72,84.5,32.75,
105,73,84.75,32.75,
105,74,85.0,32.75,
105,75,85.25,32.75,
105,76,85.5,32.75,
105,77,85.75,32.75,
105,78,86.0,32.75,
105,79,86.25,32.75,
105,80,86.5,32.75,
105,81,86.75,32.75,
105,82,87.0,32.75,
105,83,87.25,32.75,
105,84,87.5,32.75,
105,85,87.75,32.75,
105,86,88.0,32.75,
105,87,88.25,32.75,
105,88,88.5,32.75,
105,89,88.75,32.75,
105,90,89.0,32.75,
105,91,89.25,32.75,
105,92,89.5,32.75,
105,93,89.75,32.75,
105,94,90.0,32.75,
105,95,90.25,32.75,
105,96,90.5,32.75,
105,97,90.75,32.75,
105,98,91.0,32.75,
105,99,91.25,32.75,
105,100,91.5,32.75,
105,101,91.75,32.75,
105,102,92.0,32.75,
105,103,92.25,32.75,
105,104,92.5,32.75,
105,105,92.75,32.75,
105,106,93.0,32.75,
105,107,93.25,32.75,
105,108,93.5,32.75,
105,109,93.75,32.75,
105,110,94.0,32.75,
105,111,94.25,32.75,
105,112,94.5,32.75,
105,113,94.75,32.75,
105,114,95.0,32.75,
105,115,95.25,32.75,
105,116,95.5,32.75,
105,117,95.75,32.75,
105,118,96.0,32.75,
105,119,96.25,32.75,
105,120,96.5,32.75,
105,121,96.75,32.75,
105,122,97.0,32.75,
105,123,97.25,32.75,
105,124,97.5,32.75,
105,125,97.75,32.75,
105,126,98.0,32.75,
105,127,98.25,32.75,
105,128,98.5,32.75,
105,129,98.75,32.75,
105,130,99.0,32.75,
105,131,99.25,32.75,
105,132,99.5,32.75,
105,133,99.75,32.75,
105,134,100.0,32.75,
106,0,66.5,33.0,
106,1,66.75,33.0,
106,2,67.0,33.0,
106,3,67.25,33.0,
106,4,67.5,33.0,
106,5,67.75,33.0,
106,6,68.0,33.0,
106,7,68.25,33.0,
106,8,68.5,33.0,
106,9,68.75,33.0,
106,10,69.0,33.0,
106,11,69.25,33.0,
106,12,69.5,33.0,
106,13,69.75,33.0,
106,14,70.0,33.0,
106,15,70.25,33.0,
106,16,70.5,33.0,
106,17,70.75,33.0,
106,18,71.0,33.0,
106,19,71.25,33.0,
106,20,71.5,33.0,
106,21,71.75,33.0,
106,22,72.0,33.0,
106,23,72.25,33.0,
106,24,72.5,33.0,
106,25,72.75,33.0,
106,26,73.0,33.0,
106,27,73.25,33.0,
106,28,73.5,33.0,
106,29,73.75,33.0,
106,30,74.0,33.0,
106,31,74.25,33.0,
106,32,74.5,33.0,
106,33,74.75,33.0,
106,34,75.0,33.0,
106,35,75.25,33.0,
106,36,75.5,33.0,
106,37,75.75,33.0,
106,38,76.0,33.0,
106,39,76.25,33.0,196.0
106,40,76.5,33.0,196.0
106,41,76.75,33.0,196.0
106,42,77.0,33.0,
106,43,77.25,33.0,
106,44,77.5,33.0,
106,45,77.75,33.0,
106,46,78.0,33.0,
106,47,78.25,33.0,
106,48,78.5,33.0,
106,49,78.75,33.0,
106,50,79.0,33.0,
106,51,79.25,33.0,
106,52,79.5,33.0,
106,53,79.75,33.0,
106,54,80.0,33.0,
106,55,80.25,33.0,
106,56,80.5,33.0,
106,57,80.75,33.0,
106,58,81.0,33.0,
106,59,81.25,33.0,
106,60,81.5,33.0,
106,61,81.75,33.0,
106,62,82.0,33.0,
106,63,82.25,33.0,
106,64,82.5,33.0,
106,65,82.75,33.0,
106,66,83.0,33.0,
106,67,83.25,33.0,
106,68,83.5,33.0,
106,69,83.75,33.0,
106,70,84.0,33.0,
106,71,84.25,33.0,
106,72,84.5,33.0,
106,73,84.75,33.0,
106,74,85.0,33.0,
106,75,85.25,33.0,
106,76,85.5,33.0,
106,77,85.75,33.0,
106,78,86.0,33.0,
106,79,86.25,33.0,
106,80,86.5,33.0,
106,81,86.75,33.0,
106,82,87.0,33.0,
106,83,87.25,33.0,
106,84,87.5,33.0,
106,85,87.75,33.0,
106,86,88.0,33.0,
106,87,88.25,33.0,
106,88,88.5,33.0,
106,89,88.75,33.0,
106,90,89.0,33.0,
106,91,89.25,33.0,
106,92,89.5,33.0,
106,93,89.75,33.0,
106,94,90.0,33.0,
106,95,90.25,33.0,
106,96,90.5,33.0,
106,97,90.75,33.0,
106,98,91.0,33.0,
106,99,91.25,33.0,
106,100,91.5,33.0,
106,101,91.75,33.0,
106,102,92.0,33.0,
106,103,92.25,33.0,
106,104,92.5,33.0,
106,105,92.75,33.0,
106,106,93.0,33.0,
106,107,93.25,33.0,
106,108,93.5,33.0,
106,109,93.75,33.0,
106,110,94.0,33.0,
106,111,94.25,33.0,
106,112,94.5,33.0,
106,113,94.75,33.0,
106,114,95.0,33.0,
106,115,95.25,33.0,
106,116,95.5,33.0,
106,117,95.75,33.0,
106,118,96.0,33.0,
106,119,96.25,33.0,
106,120,96.5,33.0,
106,121,96.75,33.0,
106,122,97.0,33.0,
106,123,97.25,33.0,
106,124,97.5,33.0,
106,125,97.75,33.0,
106,126,98.0,33.0,
106,127,98.25,33.0,
106,128,98.5,33.0,
106,129,98.75,33.0,
106,130,99.0,33.0,
106,131,99.25,33.0,
106,132,99.5,33.0,
106,133,99.75,33.0,
106,134,100.0,33.0,
107,0,66.5,33.25,
107,1,66.75,33.25,
107,2,67.0,33.25,
107,3,67.25,33.25,
107,4,67.5,33.25,
107,5,67.75,33.25,
107,6,68.0,33.25,
107,7,68.25,33.25,
107,8,68.5,33.25,
107,9,68.75,33.25,
107,10,69.0,33.25,
107,11,69.25,33.25,
107,12,69.5,33.25,
107,13,69.75,33.25,
107,14,70.0,33.25,
107,15,70.25,33.25,
107,16,70.5,33.25,
107,17,70.75,33.25,
107,18,71.0,33.25,
107,19,71.25,33.25,
107,20,71.5,33.25,
107,21,71.75,33.25,
107,22,72.0,33.25,
107,23,72.25,33.25,
107,24,72.5,33.25,
107,25,72.75,33.25,
107,26,73.0,33.25,
107,27,73.25,33.25,
107,28,73.5,33.25,
107,29,73.75,33.25,
107,30,74.0,33.25,
107,31,74.25,33.25,
107,32,74.5,33.25,
107,33,74.75,33.25,
107,34,75.0,33.25,
107,35,75.25,33.25,
107,36,75.5,33.25,
107,37,75.75,33.25,
107,38,76.0,33.25,
107,39,76.25,33.25,
107,40,76.5,33.25,
107,41,76.75,33.25,
107,42,77.0,33.25,
107,43,77.25,33.25,
107,44,77.5,33.25,
107,45,77.75,33.25,
107,46,78.0,33.25,
107,47,78.25,33.25,
107,48,78.5,33.25,
107,49,78.75,33.25,
107,50,79.0,33.25,
107,51,79.25,33.25,
107,52,79.5,33.25,
107,53,79.75,33.25,
107,54,80.0,33.25,
107,55,80.25,33.25,
107,56,80.5,33.25,
107,57,80.75,33.25,
107,58,81.0,33.25,
107,59,81.25,33.25,
107,60,81.5,33.25,
107,61,81.75,33.25,
107,62,82.0,33.25,
107,63,82.25,33.25,
107,64,82.5,33.25,
107,65,82.75,33.25,
107,66,83.0,33.25,
107,67,83.25,33.25,
107,68,83.5,33.25,
107,69,83.75,33.25,
107,70,84.0,33.25,
107,71,84.25,33.25,
107,72,84.5,33.25,
107,73,84.75,33.25,
107,74,85.0,33.25,
107,75,85.25,33.25,
107,76,85.5,33.25,
107,77,85.75,33.25,
107,78,86.0,33.25,
107,79,86.25,33.25,
107,80,86.5,33.25,
107,81,86.75,33.25,
107,82,87.0,33.25,
107,83,87.25,33.25,
107,84,87.5,33.25,
107,85,87.75,33.25,
107,86,88.0,33.25,
107,87,88.25,33.25,
107,88,88.5,33.25,
107,89,88.75,33.25,
107,90,89.0,33.25,
107,91,89.25,33.25,
107,92,89.5,33.25,
107,93,89.75,33.25,
107,94,90.0,33.25,
107,95,90.25,33.25,
107,96,90.5,33.25,
107,97,90.75,33.25,
107,98,91.0,33.25,
107,99,91.25,33.25,
107,100,91.5,33.25,
107,101,91.75,33.25,
107,102,92.0,33.25,
107,103,92.25,33.25,
107,104,92.5,33.25,
107,105,92.75,33.25,
107,106,93.0,33.25,
107,107,93.25,33.25,
107,108,93.5,33.25,
107,109,93.75,33.25,
107,110,94.0,33.25,
107,111,94.25,33.25,
107,112,94.5,33.25,
107,113,94.75,33.25,
107,114,95.0,33.25,
107,115,95.25,33.25,
107,116,95.5,33.25,
107,117,95.75,33.25,
107,118,96.0,33.25,
107,119,96.25,33.25,
107,120,96.5,33.25,
107,121,96.75,33.25,
107,122,97.0,33.25,
107,123,97.25,33.25,
107,124,97.5,33.25,
107,125,97.75,33.25,
107,126,98.0,33.25,
107,127,98.25,33.25,
107,128,98.5,33.25,
107,129,98.75,33.25,
107,130,99.0,33.25,
107,131,99.25,33.25,
107,132,99.5,33.25,
107,133,99.75,33.25,
107,134,100.0,33.25,
108,0,66.5,33.5,
108,1,66.75,33.5,
108,2,67.0,33.5,
108,3,67.25,33.5,
108,4,67.5,33.5,
108,5,67.75,33.5,
108,6,68.0,33.5,
108,7,68.25,33.5,
108,8,68.5,33.5,
108,9,68.75,33.5,
108,10,69.0,33.5,
108,11,69.25,33.5,
108,12,69.5,33.5,
108,13,69.75,33.5,
108,14,70.0,33.5,
108,15,70.25,33.5,
108,16,70.5,33.5,
108,17,70.75,33.5,
108,18,71.0,33.5,
108,19,71.25,33.5,
108,20,71.5,33.5,
108,21,71.75,33.5,
108,22,72.0,33.5,
108,23,72.25,33.5,
108,24,72.5,33.5,
108,25,72.75,33.5,
108,26,73.0,33.5,
108,27,73.25,33.5,
108,28,73.5,33.5,
108,29,73.75,33.5,
108,30,74.0,33.5,
108,31,74.25,33.5,
108,32,74.5,33.5,
108,33,74.75,33.5,
108,34,75.0,33.5,
108,35,75.25,33.5,
108,36,75.5,33.5,
108,37,75.75,33.5,
108,38,76.0,33.5,
108,39,76.25,33.5,
108,40,76.5,33.5,
108,41,76.75,33.5,
108,42,77.0,33.5,
108,43,77.25,33.5,
108,44,77.5,33.5,
108,45,77.75,33.5,
108,46,78.0,33.5,
108,47,78.25,33.5,
108,48,78.5,33.5,
108,49,78.75,33.5,
108,50,79.0,33.5,
108,51,79.25,33.5,
108,52,79.5,33.5,
108,53,79.75,33.5,
108,54,80.0,33.5,
108,55,80.25,33.5,
108,56,80.5,33.5,
108,57,80.75,33.5,
108,58,81.0,33.5,
108,59,81.25,33.5,
108,60,81.5,33.5,
108,61,81.75,33.5,
108,62,82.0,33.5,
108,63,82.25,33.5,
108,64,82.5,33.5,
108,65,82.75,33.5,
108,66,83.0,33.5,
108,67,83.25,33.5,
108,68,83.5,33.5,
108,69,83.75,33.5,
108,70,84.0,33.5,
108,71,84.25,33.5,
108,72,84.5,33.5,
108,73,84.75,33.5,
108,74,85.0,33.5,
108,75,85.25,33.5,
108,76,85.5,33.5,
108,77,85.75,33.5,
108,78,86.0,33.5,
108,79,86.25,33.5,
108,80,86.5,33.5,
108,81,86.75,33.5,
108,82,87.0,33.5,
108,83,87.25,33.5,
108,84,87.5,33.5,
108,85,87.75,33.5,
108,86,88.0,33.5,
108,87,88.25,33.5,
108,88,88.5,33.5,
108,89,88.75,33.5,
108,90,89.0,33.5,
108,91,89.25,33.5,
108,92,89.5,33.5,
108,93,89.75,33.5,
108,94,90.0,33.5,
108,95,90.25,33.5,
108,96,90.5,33.5,
108,97,90.75,33.5,
108,98,91.0,33.5,
108,99,91.25,33.5,
108,100,91.5,33.5,
108,101,91.75,33.5,
108,102,92.0,33.5,
108,103,92.25,33.5,
108,104,92.5,33.5,
108,105,92.75,33.5,
108,106,93.0,33.5,
108,107,93.25,33.5,
108,108,93.5,33.5,
108,109,93.75,33.5,
108,110,94.0,33.5,
108,111,94.25,33.5,
108,112,94.5,33.5,
108,113,94.75,33.5,
108,114,95.0,33.5,
108,115,95.25,33.5,
108,116,95.5,33.5,
108,117,95.75,33.5,
108,118,96.0,33.5,
108,119,96.25,33.5,
108,120,96.5,33.5,
108,121,96.75,33.5,
108,122,97.0,33.5,
108,123,97.25,33.5,
108,124,97.5,33.5,
108,125,97.75,33.5,
108,126,98.0,33.5,
108,127,98.25,33.5,
108,128,98.5,33.5,
108,129,98.75,33.5,
108,130,99.0,33.5,
108,131,99.25,33.5,
108,132,99.5,33.5,
108,133,99.75,33.5,
108,134,100.0,33.5,
109,0,66.5,33.75,
109,1,66.75,33.75,
109,2,67.0,33.75,
109,3,67.25,33.75,
109,4,67.5,33.75,
109,5,67.75,33.75,
109,6,68.0,33.75,
109,7,68.25,33.75,
109,8,68.5,33.75,
109,9,68.75,33.75,
109,10,69.0,33.75,
109,11,69.25,33.75,
109,12,69.5,33.75,
109,13,69.75,33.75,
109,14,70.0,33.75,
109,15,70.25,33.75,
109,16,70.5,33.75,
109,17,70.75,33.75,
109,18,71.0,33.75,
109,19,71.25,33.75,
109,20,71.5,33.75,
109,21,71.75,33.75,
109,22,72.0,33.75,
109,23,72.25,33.75,
109,24,72.5,33.75,
109,25,72.75,33.75,
109,26,73.0,33.75,
109,27,73.25,33.75,
109,28,73.5,33.75,
109,29,73.75,33.75,
109,30,74.0,33.75,
109,31,74.25,33.75,
109,32,74.5,33.75,
109,33,74.75,33.75,
109,34,75.0,33.75,
109,35,75.25,33.75,
109,36,75.5,33.75,
109,37,75.75,33.75,
109,38,76.0,33.75,
109,39,76.25,33.75,
109,40,76.5,33.75,
109,41,76.75,33.75,
109,42,77.0,33.75,
109,43,77.25,33.75,
109,44,77.5,33.75,
109,45,77.75,33.75,
109,46,78.0,33.75,
109,47,78.25,33.75,
109,48,78.5,33.75,
109,49,78.75,33.75,
109,50,79.0,33.75,
109,51,79.25,33.75,
109,52,79.5,33.75,
109,53,79.75,33.75,
109,54,80.0,33.75,
109,55,80.25,33.75,
109,56,80.5,33.75,
109,57,80.75,33.75,
109,58,81.0,33.75,
109,59,81.25,33.75,
109,60,81.5,33.75,
109,61,81.75,33.75,
109,62,82.0,33.75,
109,63,82.25,33.75,
109,64,82.5,33.75,
109,65,82.75,33.75,
109,66,83.0,33.75,
109,67,83.25,33.75,
109,68,83.5,33.75,
109,69,83.75,33.75,
109,70,84.0,33.75,
109,71,84.25,33.75,
109,72,84.5,33.75,
109,73,84.75,33.75,
109,74,85.0,33.75,
109,75,85.25,33.75,
109,76,85.5,33.75,
109,77,85.75,33.75,
109,78,86.0,33.75,
109,79,86.25,33.75,
109,80,86.5,33.75,
109,81,86.75,33.75,
109,82,87.0,33.75,
109,83,87.25,33.75,
109,84,87.5,33.75,
109,85,87.75,33.75,
109,86,88.0,33.75,
109,87,88.25,33.75,
109,88,88.5,33.75,
109,89,88.75,33.75,
109,90,89.0,33.75,
109,91,89.25,33.75,
109,92,89.5,33.75,
109,93,89.75,33.75,
109,94,90.0,33.75,
109,95,90.25,33.75,
109,96,90.5,33.75,
109,97,90.75,33.75,
109,98,91.0,33.75,
109,99,91.25,33.75,
109,100,91.5,33.75,
109,101,91.75,33.75,
109,102,92.0,33.75,
109,103,92.25,33.75,
109,104,92.5,33.75,
109,105,92.75,33.75,
109,106,93.0,33.75,
109,107,93.25,33.75,
109,108,93.5,33.75,
109,109,93.75,33.75,
109,110,94.0,33.75,
109,111,94.25,33.75,
109,112,94.5,33.75,
109,113,94.75,33.75,
109,114,95.0,33.75,
109,115,95.25,33.75,
109,116,95.5,33.75,
109,117,95.75,33.75,
109,118,96.0,33.75,
109,119,96.25,33.75,
109,120,96.5,33.75,
109,121,96.75,33.75,
109,122,97.0,33.75,
109,123,97.25,33.75,
109,124,97.5,33.75,
109,125,97.75,33.75,
109,126,98.0,33.75,
109,127,98.25,33.75,
109,128,98.5,33.75,
109,129,98.75,33.75,
109,130,99.0,33.75,
109,131,99.25,33.75,
109,132,99.5,33.75,
109,133,99.75,33.75,
109,134,100.0,33.75,
110,0,66.5,34.0,
110,1,66.75,34.0,
110,2,67.0,34.0,
110,3,67.25,34.0,
110,4,67.5,34.0,
110,5,67.75,34.0,
110,6,68.0,34.0,
110,7,68.25,34.0,
110,8,68.5,34.0,
110,9,68.75,34.0,
110,10,69.0,34.0,
110,11,69.25,34.0,
110,12,69.5,34.0,
110,13,69.75,34.0,
110,14,70.0,34.0,
110,15,70.25,34.0,
110,16,70.5,34.0,
110,17,70.75,34.0,
110,18,71.0,34.0,
110,19,71.25,34.0,
110,20,71.5,34.0,
110,21,71.75,34.0,
110,22,72.0,34.0,
110,23,72.25,34.0,
110,24,72.5,34.0,
110,25,72.75,34.0,
110,26,73.0,34.0,
110,27,73.25,34.0,
110,28,73.5,34.0,
110,29,73.75,34.0,
110,30,74.0,34.0,
110,31,74.25,34.0,
110,32,74.5,34.0,
110,33,74.75,34.0,
110,34,75.0,34.0,
110,35,75.25,34.0,
110,36,75.5,34.0,
110,37,75.75,34.0,
110,38,76.0,34.0,
110,39,76.25,34.0,
110,40,76.5,34.0,
110,41,76.75,34.0,
110,42,77.0,34.0,
110,43,77.25,34.0,
110,44,77.5,34.0,
110,45,77.75,34.0,
110,46,78.0,34.0,
110,47,78.25,34.0,
110,48,78.5,34.0,
110,49,78.75,34.0,
110,50,79.0,34.0,
110,51,79.25,34.0,
110,52,79.5,34.0,
110,53,79.75,34.0,
110,54,80.0,34.0,
110,55,80.25,34.0,
110,56,80.5,34.0,
110,57,80.75,34.0,
110,58,81.0,34.0,
110,59,81.25,34.0,
110,60,81.5,34.0,
110,61,81.75,34.0,
110,62,82.0,34.0,
110,63,82.25,34.0,
110,64,82.5,34.0,
110,65,82.75,34.0,
110,66,83.0,34.0,
110,67,83.25,34.0,
110,68,83.5,34.0,
110,69,83.75,34.0,
110,70,84.0,34.0,
110,71,84.25,34.0,
110,72,84.5,34.0,
110,73,84.75,34.0,
110,74,85.0,34.0,
110,75,85.25,34.0,
110,76,85.5,34.0,
110,77,85.75,34.0,
110,78,86.0,34.0,
110,79,86.25,34.0,
110,80,86.5,34.0,
110,81,86.75,34.0,
110,82,87.0,34.0,
110,83,87.25,34.0,
110,84,87.5,34.0,
110,85,87.75,34.0,
110,86,88.0,34.0,
110,87,88.25,34.0,
110,88,88.5,34.0,
110,89,88.75,34.0,
110,90,89.0,34.0,
110,91,89.25,34.0,
110,92,89.5,34.0,
110,93,89.75,34.0,
110,94,90.0,34.0,
110,95,90.25,34.0,
110,96,90.5,34.0,
110,97,90.75,34.0,
110,98,91.0,34.0,
110,99,91.25,34.0,
110,100,91.5,34.0,
110,101,91.75,34.0,
110,102,92.0,34.0,
110,103,92.25,34.0,
110,104,92.5,34.0,
110,105,92.75,34.0,
110,106,93.0,34.0,
110,107,93.25,34.0,
110,108,93.5,34.0,
110,109,93.75,34.0,
110,110,94.0,34.0,
110,111,94.25,34.0,
110,112,94.5,34.0,
110,113,94.75,34.0,
110,114,95.0,34.0,
110,115,95.25,34.0,
110,116,95.5,34.0,
110,117,95.75,34.0,
110,118,96.0,34.0,
110,119,96.25,34.0,
110,120,96.5,34.0,
110,121,96.75,34.0,
110,122,97.0,34.0,
110,123,97.25,34.0,
110,124,97.5,34.0,
110,125,97.75,34.0,
110,126,98.0,34.0,
110,127,98.25,34.0,
110,128,98.5,34.0,
110,129,98.75,34.0,
110,130,99.0,34.0,
110,131,99.25,34.0,
110,132,99.5,34.0,
110,133,99.75,34.0,
110,134,100.0,34.0,
111,0,66.5,34.25,
111,1,66.75,34.25,
111,2,67.0,34.25,
111,3,67.25,34.25,
111,4,67.5,34.25,
111,5,67.75,34.25,
111,6,68.0,34.25,
111,7,68.25,34.25,
111,8,68.5,34.25,
111,9,68.75,34.25,
111,10,69.0,34.25,
111,11,69.25,34.25,
111,12,69.5,34.25,
111,13,69.75,34.25,
111,14,70.0,34.25,
111,15,70.25,34.25,
111,16,70.5,34.25,
111,17,70.75,34.25,
111,18,71.0,34.25,
111,19,71.25,34.25,
111,20,71.5,34.25,
111,21,71.75,34.25,
111,22,72.0,34.25,
111,23,72.25,34.25,
111,24,72.5,34.25,
111,25,72.75,34.25,
111,26,73.0,34.25,
111,27,73.25,34.25,
111,28,73.5,34.25,
111,29,73.75,34.25,
111,30,74.0,34.25,
111,31,74.25,34.25,
111,32,74.5,34.25,
111,33,74.75,34.25,
111,34,75.0,34.25,
111,35,75.25,34.25,
111,36,75.5,34.25,
111,37,75.75,34.25,
111,38,76.0,34.25,
111,39,76.25,34.25,
111,40,76.5,34.25,
111,41,76.75,34.25,
111,42,77.0,34.25,
111,43,77.25,34.25,
111,44,77.5,34.25,
111,45,77.75,34.25,
111,46,78.0,34.25,
111,47,78.25,34.25,
111,48,78.5,34.25,
111,49,78.75,34.25,
111,50,79.0,34.25,
111,51,79.25,34.25,
111,52,79.5,34.25,
111,53,79.75,34.25,
111,54,80.0,34.25,
111,55,80.25,34.25,
111,56,80.5,34.25,
111,57,80.75,34.25,
111,58,81.0,34.25,
111,59,81.25,34.25,
111,60,81.5,34.25,
111,61,81.75,34.25,
111,62,82.0,34.25,
111,63,82.25,34.25,
111,64,82.5,34.25,
111,65,82.75,34.25,
111,66,83.0,34.25,
111,67,83.25,34.25,
111,68,83.5,34.25,
111,69,83.75,34.25,
111,70,84.0,34.25,
111,71,84.25,34.25,
111,72,84.5,34.25,
111,73,84.75,34.25,
111,74,85.0,34.25,
111,75,85.25,34.25,
111,76,85.5,34.25,
111,77,85.75,34.25,
111,78,86.0,34.25,
111,79,86.25,34.25,
111,80,86.5,34.25,
111,81,86.75,34.25,
111,82,87.0,34.25,
111,83,87.25,34.25,
111,84,87.5,34.25,
111,85,87.75,34.25,
111,86,88.0,34.25,
111,87,88.25,34.25,
111,88,88.5,34.25,
111,89,88.75,34.25,
111,90,89.0,34.25,
111,91,89.25,34.25,
111,92,89.5,34.25,
111,93,89.75,34.25,
111,94,90.0,34.25,
111,95,90.25,34.25,
111,96,90.5,34.25,
111,97,90.75,34.25,
111,98,91.0,34.25,
111,99,91.25,34.25,
111,100,91.5,34.25,
111,101,91.75,34.25,
111,102,92.0,34.25,
111,103,92.25,34.25,
111,104,92.5,34.25,
111,105,92.75,34.25,
111,106,93.0,34.25,
111,107,93.25,34.25,
111,108,93.5,34.25,
111,109,93.75,34.25,
111,110,94.0,34.25,
111,111,94.25,34.25,
111,112,94.5,34.25,
111,113,94.75,34.25,
111,114,95.0,34.25,
111,115,95.25,34.25,
111,116,95.5,34.25,
111,117,95.75,34.25,
111,118,96.0,34.25,
111,119,96.25,34.25,
111,120,96.5,34.25,
111,121,96.75,34.25,
111,122,97.0,34.25,
111,123,97.25,34.25,
111,124,97.5,34.25,
111,125,97.75,34.25,
111,126,98.0,34.25,
111,127,98.25,34.25,
111,128,98.5,34.25,
111,129,98.75,34.25,
111,130,99.0,34.25,
111,131,99.25,34.25,
111,132,99.5,34.25,
111,133,99.75,34.25,
111,134,100.0,34.25,
112,0,66.5,34.5,
112,1,66.75,34.5,
112,2,67.0,34.5,
112,3,67.25,34.5,
112,4,67.5,34.5,
112,5,67.75,34.5,
112,6,68.0,34.5,
112,7,68.25,34.5,
112,8,68.5,34.5,
112,9,68.75,34.5,
112,10,69.0,34.5,
112,11,69.25,34.5,
112,12,69.5,34.5,
112,13,69.75,34.5,
112,14,70.0,34.5,
112,15,70.25,34.5,
112,16,70.5,34.5,
112,17,70.75,34.5,
112,18,71.0,34.5,
112,19,71.25,34.5,
112,20,71.5,34.5,
112,21,71.75,34.5,
112,22,72.0,34.5,
112,23,72.25,34.5,
112,24,72.5,34.5,
112,25,72.75,34.5,
112,26,73.0,34.5,
112,27,73.25,34.5,
112,28,73.5,34.5,
112,29,73.75,34.5,
112,30,74.0,34.5,
112,31,74.25,34.5,
112,32,74.5,34.5,
112,33,74.75,34.5,
112,34,75.0,34.5,
112,35,75.25,34.5,
112,36,75.5,34.5,
112,37,75.75,34.5,
112,38,76.0,34.5,
112,39,76.25,34.5,
112,40,76.5,34.5,
112,41,76.75,34.5,
112,42,77.0,34.5,
112,43,77.25,34.5,
112,44,77.5,34.5,
112,45,77.75,34.5,
112,46,78.0,34.5,
112,47,78.25,34.5,
112,48,78.5,34.5,
112,49,78.75,34.5,
112,50,79.0,34.5,
112,51,79.25,34.5,
112,52,79.5,34.5,
112,53,79.75,34.5,
112,54,80.0,34.5,
112,55,80.25,34.5,
112,56,80.5,34.5,
112,57,80.75,34.5,
112,58,81.0,34.5,
112,59,81.25,34.5,
112,60,81.5,34.5,
112,61,81.75,34.5,
112,62,82.0,34.5,
112,63,82.25,34.5,
112,64,82.5,34.5,
112,65,82.75,34.5,
112,66,83.0,34.5,
112,67,83.25,34.5,
112,68,83.5,34.5,
112,69,83.75,34.5,
112,70,84.0,34.5,
112,71,84.25,34.5,
112,72,84.5,34.5,
112,73,84.75,34.5,
112,74,85.0,34.5,
112,75,85.25,34.5,
112,76,85.5,34.5,
112,77,85.75,34.5,
112,78,86.0,34.5,
112,79,86.25,34.5,
112,80,86.5,34.5,
112,81,86.75,34.5,
112,82,87.0,34.5,
112,83,87.25,34.5,
112,84,87.5,34.5,
112,85,87.75,34.5,
112,86,88.0,34.5,
112,87,88.25,34.5,
112,88,88.5,34.5,
112,89,88.75,34.5,
112,90,89.0,34.5,
112,91,89.25,34.5,
112,92,89.5,34.5,
112,93,89.75,34.5,
112,94,90.0,34.5,
112,95,90.25,34.5,
112,96,90.5,34.5,
112,97,90.75,34.5,
112,98,91.0,34.5,
112,99,91.25,34.5,
112,100,91.5,34.5,
112,101,91.75,34.5,
112,102,92.0,34.5,
112,103,92.25,34.5,
112,104,92.5,34.5,
112,105,92.75,34.5,
112,106,93.0,34.5,
112,107,93.25,34.5,
112,108,93.5,34.5,
112,109,93.75,34.5,
112,110,94.0,34.5,
112,111,94.25,34.5,
112,112,94.5,34.5,
112,113,94.75,34.5,
112,114,95.0,34.5,
112,115,95.25,34.5,
112,116,95.5,34.5,
112,117,95.75,34.5,
112,118,96.0,34.5,
112,119,96.25,34.5,
112,120,96.5,34.5,
112,121,96.75,34.5,
112,122,97.0,34.5,
112,123,97.25,34.5,
112,124,97.5,34.5,
112,125,97.75,34.5,
112,126,98.0,34.5,
112,127,98.25,34.5,
112,128,98.5,34.5,
112,129,98.75,34.5,
112,130,99.0,34.5,
112,131,99.25,34.5,
112,132,99.5,34.5,
112,133,99.75,34.5,
112,134,100.0,34.5,
113,0,66.5,34.75,
113,1,66.75,34.75,
113,2,67.0,34.75,
113,3,67.25,34.75,
113,4,67.5,34.75,
113,5,67.75,34.75,
113,6,68.0,34.75,
113,7,68.25,34.75,
113,8,68.5,34.75,
113,9,68.75,34.75,
113,10,69.0,34.75,
113,11,69.25,34.75,
113,12,69.5,34.75,
113,13,69.75,34.75,
113,14,70.0,34.75,
113,15,70.25,34.75,
113,16,70.5,34.75,
113,17,70.75,34.75,
113,18,71.0,34.75,
113,19,71.25,34.75,
113,20,71.5,34.75,
113,21,71.75,34.75,
113,22,72.0,34.75,
113,23,72.25,34.75,
113,24,72.5,34.75,
113,25,72.75,34.75,
113,26,73.0,34.75,
113,27,73.25,34.75,
113,28,73.5,34.75,
113,29,73.75,34.75,
113,30,74.0,34.75,
113,31,74.25,34.75,
113,32,74.5,34.75,
113,33,74.75,34.75,
113,34,75.0,34.75,
113,35,75.25,34.75,
113,36,75.5,34.75,
113,37,75.75,34.75,
113,38,76.0,34.75,
113,39,76.25,34.75,
113,40,76.5,34.75,
113,41,76.75,34.75,
113,42,77.0,34.75,
113,43,77.25,34.75,
113,44,77.5,34.75,
113,45,77.75,34.75,
113,46,78.0,34.75,
113,47,78.25,34.75,
113,48,78.5,34.75,
113,49,78.75,34.75,
113,50,79.0,34.75,
113,51,79.25,34.75,
113,52,79.5,34.75,
113,53,79.75,34.75,
113,54,80.0,34.75,
113,55,80.25,34.75,
113,56,80.5,34.75,
113,57,80.75,34.75,
113,58,81.0,34.75,
113,59,81.25,34.75,
113,60,81.5,34.75,
113,61,81.75,34.75,
113,62,82.0,34.75,
113,63,82.25,34.75,
113,64,82.5,34.75,
113,65,82.75,34.75,
113,66,83.0,34.75,
113,67,83.25,34.75,
113,68,83.5,34.75,
113,69,83.75,34.75,
113,70,84.0,34.75,
113,71,84.25,34.75,
113,72,84.5,34.75,
113,73,84.75,34.75,
113,74,85.0,34.75,
113,75,85.25,34.75,
113,76,85.5,34.75,
113,77,85.75,34.75,
113,78,86.0,34.75,
113,79,86.25,34.75,
113,80,86.5,34.75,
113,81,86.75,34.75,
113,82,87.0,34.75,
113,83,87.25,34.75,
113,84,87.5,34.75,
113,85,87.75,34.75,
113,86,88.0,34.75,
113,87,88.25,34.75,
113,88,88.5,34.75,
113,89,88.75,34.75,
113,90,89.0,34.75,
113,91,89.25,34.75,
113,92,89.5,34.75,
113,93,89.75,34.75,
113,94,90.0,34.75,
113,95,90.25,34.75,
113,96,90.5,34.75,
113,97,90.75,34.75,
113,98,91.0,34.75,
113,99,91.25,34.75,
113,100,91.5,34.75,
113,101,91.75,34.75,
113,102,92.0,34.75,
113,103,92.25,34.75,
113,104,92.5,34.75,
113,105,92.75,34.75,
113,106,93.0,34.75,
113,107,93.25,34.75,
113,108,93.5,34.75,
113,109,93.75,34.75,
113,110,94.0,34.75,
113,111,94.25,34.75,
113,112,94.5,34.75,
113,113,94.75,34.75,
113,114,95.0,34.75,
113,115,95.25,34.75,
113,116,95.5,34.75,
113,117,95.75,34.75,
113,118,96.0,34.75,
113,119,96.25,34.75,
113,120,96.5,34.75,
113,121,96.75,34.75,
113,122,97.0,34.75,
113,123,97.25,34.75,
113,124,97.5,34.75,
113,125,97.75,34.75,
113,126,98.0,34.75,
113,127,98.25,34.75,
113,128,98.5,34.75,
113,129,98.75,34.75,
113,130,99.0,34.75,
113,131,99.25,34.75,
113,132,99.5,34.75,
113,133,99.75,34.75,
113,134,100.0,34.75,
114,0,66.5,35.0,
114,1,66.75,35.0,
114,2,67.0,35.0,
114,3,67.25,35.0,
114,4,67.5,35.0,
114,5,67.75,35.0,
114,6,68.0,35.0,
114,7,68.25,35.0,
114,8,68.5,35.0,
114,9,68.75,35.0,
114,10,69.0,35.0,
114,11,69.25,35.0,
114,12,69.5,35.0,
114,13,69.75,35.0,
114,14,70.0,35.0,
114,15,70.25,35.0,
114,16,70.5,35.0,
114,17,70.75,35.0,
114,18,71.0,35.0,
114,19,71.25,35.0,
114,20,71.5,35.0,
114,21,71.75,35.0,
114,22,72.0,35.0,
114,23,72.25,35.0,
114,24,72.5,35.0,
114,25,72.75,35.0,
114,26,73.0,35.0,
114,27,73.25,35.0,
114,28,73.5,35.0,
114,29,73.75,35.0,
114,30,74.0,35.0,
114,31,74.25,35.0,
114,32,74.5,35.0,
114,33,74.75,35.0,
114,34,75.0,35.0,
114,35,75.25,35.0,
114,36,75.5,35.0,
114,37,75.75,35.0,
114,38,76.0,35.0,
114,39,76.25,35.0,
114,40,76.5,35.0,
114,41,76.75,35.0,
114,42,77.0,35.0,
114,43,77.25,35.0,
114,44,77.5,35.0,
114,45,77.75,35.0,
114,46,78.0,35.0,
114,47,78.25,35.0,
114,48,78.5,35.0,
114,49,78.75,35.0,
114,50,79.0,35.0,
114,51,79.25,35.0,
114,52,79.5,35.0,
114,53,79.75,35.0,
114,54,80.0,35.0,
114,55,80.25,35.0,
114,56,80.5,35.0,
114,57,80.75,35.0,
114,58,81.0,35.0,
114,59,81.25,35.0,
114,60,81.5,35.0,
114,61,81.75,35.0,
114,62,82.0,35.0,
114,63,82.25,35.0,
114,64,82.5,35.0,
114,65,82.75,35.0,
114,66,83.0,35.0,
114,67,83.25,35.0,
114,68,83.5,35.0,
114,69,83.75,35.0,
114,70,84.0,35.0,
114,71,84.25,35.0,
114,72,84.5,35.0,
114,73,84.75,35.0,
114,74,85.0,35.0,
114,75,85.25,35.0,
114,76,85.5,35.0,
114,77,85.75,35.0,
114,78,86.0,35.0,
114,79,86.25,35.0,
114,80,86.5,35.0,
114,81,86.75,35.0,
114,82,87.0,35.0,
114,83,87.25,35.0,
114,84,87.5,35.0,
114,85,87.75,35.0,
114,86,88.0,35.0,
114,87,88.25,35.0,
114,88,88.5,35.0,
114,89,88.75,35.0,
114,90,89.0,35.0,
114,91,89.25,35.0,
114,92,89.5,35.0,
114,93,89.75,35.0,
114,94,90.0,35.0,
114,95,90.25,35.0,
114,96,90.5,35.0,
114,97,90.75,35.0,
114,98,91.0,35.0,
114,99,91.25,35.0,
114,100,91.5,35.0,
114,101,91.75,35.0,
114,102,92.0,35.0,
114,103,92.25,35.0,
114,104,92.5,35.0,
114,105,92.75,35.0,
114,106,93.0,35.0,
114,107,93.25,35.0,
114,108,93.5,35.0,
114,109,93.75,35.0,
114,110,94.0,35.0,
114,111,94.25,35.0,
114,112,94.5,35.0,
114,113,94.75,35.0,
114,114,95.0,35.0,
114,115,95.25,35.0,
114,116,95.5,35.0,
114,117,95.75,35.0,
114,118,96.0,35.0,
114,119,96.25,35.0,
114,120,96.5,35.0,
114,121,96.75,35.0,
114,122,97.0,35.0,
114,123,97.25,35.0,
114,124,97.5,35.0,
114,125,97.75,35.0,
114,126,98.0,35.0,
114,127,98.25,35.0,
114,128,98.5,35.0,
114,129,98.75,35.0,
114,130,99.0,35.0,
114,131,99.25,35.0,
114,132,99.5,35.0,
114,133,99.75,35.0,
114,134,100.0,35.0,
115,0,66.5,35.25,
115,1,66.75,35.25,
115,2,67.0,35.25,
115,3,67.25,35.25,
115,4,67.5,35.25,
115,5,67.75,35.25,
115,6,68.0,35.25,
115,7,68.25,35.25,
115,8,68.5,35.25,
115,9,68.75,35.25,
115,10,69.0,35.25,
115,11,69.25,35.25,
115,12,69.5,35.25,
115,13,69.75,35.25,
115,14,70.0,35.25,
115,15,70.25,35.25,
115,16,70.5,35.25,
115,17,70.75,35.25,
115,18,71.0,35.25,
115,19,71.25,35.25,
115,20,71.5,35.25,
115,21,71.75,35.25,
115,22,72.0,35.25,
115,23,72.25,35.25,
115,24,72.5,35.25,
115,25,72.75,35.25,
115,26,73.0,35.25,
115,27,73.25,35.25,
115,28,73.5,35.25,
115,29,73.75,35.25,
115,30,74.0,35.25,
115,31,74.25,35.25,
115,32,74.5,35.25,
115,33,74.75,35.25,
115,34,75.0,35.25,
115,35,75.25,35.25,
115,36,75.5,35.25,
115,37,75.75,35.25,
115,38,76.0,35.25,
115,39,76.25,35.25,
115,40,76.5,35.25,
115,41,76.75,35.25,
115,42,77.0,35.25,
115,43,77.25,35.25,
115,44,77.5,35.25,
115,45,77.75,35.25,
115,46,78.0,35.25,
115,47,78.25,35.25,
115,48,78.5,35.25,
115,49,78.75,35.25,
115,50,79.0,35.25,
115,51,79.25,35.25,
115,52,79.5,35.25,
115,53,79.75,35.25,
115,54,80.0,35.25,
115,55,80.25,35.25,
115,56,80.5,35.25,
115,57,80.75,35.25,
115,58,81.0,35.25,
115,59,81.25,35.25,
115,60,81.5,35.25,
115,61,81.75,35.25,
115,62,82.0,35.25,
115,63,82.25,35.25,
115,64,82.5,35.25,
115,65,82.75,35.25,
115,66,83.0,35.25,
115,67,83.25,35.25,
115,68,83.5,35.25,
115,69,83.75,35.25,
115,70,84.0,35.25,
115,71,84.25,35.25,
115,72,84.5,35.25,
115,73,84.75,35.25,
115,74,85.0,35.25,
115,75,85.25,35.25,
115,76,85.5,35.25,
115,77,85.75,35.25,
115,78,86.0,35.25,
115,79,86.25,35.25,
115,80,86.5,35.25,
115,81,86.75,35.25,
115,82,87.0,35.25,
115,83,87.25,35.25,
115,84,87.5,35.25,
115,85,87.75,35.25,
115,86,88.0,35.25,
115,87,88.25,35.25,
115,88,88.5,35.25,
115,89,88.75,35.25,
115,90,89.0,35.25,
115,91,89.25,35.25,
115,92,89.5,35.25,
115,93,89.75,35.25,
115,94,90.0,35.25,
115,95,90.25,35.25,
115,96,90.5,35.25,
115,97,90.75,35.25,
115,98,91.0,35.25,
115,99,91.25,35.25,
115,100,91.5,35.25,
115,101,91.75,35.25,
115,102,92.0,35.25,
115,103,92.25,35.25,
115,104,92.5,35.25,
115,105,92.75,35.25,
115,106,93.0,35.25,
115,107,93.25,35.25,
115,108,93.5,35.25,
115,109,93.75,35.25,
115,110,94.0,35.25,
115,111,94.25,35.25,
115,112,94.5,35.25,
115,113,94.75,35.25,
115,114,95.0,35.25,
115,115,95.25,35.25,
115,116,95.5,35.25,
115,117,95.75,35.25,
115,118,96.0,35.25,
115,119,96.25,35.25,
115,120,96.5,35.25,
115,121,96.75,35.25,
115,122,97.0,35.25,
115,123,97.25,35.25,
115,124,97.5,35.25,
115,125,97.75,35.25,
115,126,98.0,35.25,
115,127,98.25,35.25,
115,128,98.5,35.25,
115,129,98.75,35.25,
115,130,99.0,35.25,
115,131,99.25,35.25,
115,132,99.5,35.25,
115,133,99.75,35.25,
115,134,100.0,35.25,
116,0,66.5,35.5,
116,1,66.75,35.5,
116,2,67.0,35.5,
116,3,67.25,35.5,
116,4,67.5,35.5,
116,5,67.75,35.5,
116,6,68.0,35.5,
116,7,68.25,35.5,
116,8,68.5,35.5,
116,9,68.75,35.5,
116,10,69.0,35.5,
116,11,69.25,35.5,
116,12,69.5,35.5,
116,13,69.75,35.5,
116,14,70.0,35.5,
116,15,70.25,35.5,
116,16,70.5,35.5,
116,17,70.75,35.5,
116,18,71.0,35.5,
116,19,71.25,35.5,
116,20,71.5,35.5,
116,21,71.75,35.5,
116,22,72.0,35.5,
116,23,72.25,35.5,
116,24,72.5,35.5,
116,25,72.75,35.5,
116,26,73.0,35.5,
116,27,73.25,35.5,
116,28,73.5,35.5,
116,29,73.75,35.5,
116,30,74.0,35.5,
116,31,74.25,35.5,
116,32,74.5,35.5,
116,33,74.75,35.5,
116,34,75.0,35.5,
116,35,75.25,35.5,
116,36,75.5,35.5,
116,37,75.75,35.5,
116,38,76.0,35.5,
116,39,76.25,35.5,
116,40,76.5,35.5,
116,41,76.75,35.5,
116,42,77.0,35.5,
116,43,77.25,35.5,
116,44,77.5,35.5,
116,45,77.75,35.5,
116,46,78.0,35.5,
116,47,78.25,35.5,
116,48,78.5,35.5,
116,49,78.75,35.5,
116,50,79.0,35.5,
116,51,79.25,35.5,
116,52,79.5,35.5,
116,53,79.75,35.5,
116,54,80.0,35.5,
116,55,80.25,35.5,
116,56,80.5,35.5,
116,57,80.75,35.5,
116,58,81.0,35.5,
116,59,81.25,35.5,
116,60,81.5,35.5,
116,61,81.75,35.5,
116,62,82.0,35.5,
116,63,82.25,35.5,
116,64,82.5,35.5,
116,65,82.75,35.5,
116,66,83.0,35.5,
116,67,83.25,35.5,
116,68,83.5,35.5,
116,69,83.75,35.5,
116,70,84.0,35.5,
116,71,84.25,35.5,
116,72,84.5,35.5,
116,73,84.75,35.5,
116,74,85.0,35.5,
116,75,85.25,35.5,
116,76,85.5,35.5,
116,77,85.75,35.5,
116,78,86.0,35.5,
116,79,86.25,35.5,
116,80,86.5,35.5,
116,81,86.75,35.5,
116,82,87.0,35.5,
116,83,87.25,35.5,
116,84,87.5,35.5,
116,85,87.75,35.5,
116,86,88.0,35.5,
116,87,88.25,35.5,
116,88,88.5,35.5,
116,89,88.75,35.5,
116,90,89.0,35.5,
116,91,89.25,35.5,
116,92,89.5,35.5,
116,93,89.75,35.5,
116,94,90.0,35.5,
116,95,90.25,35.5,
116,96,90.5,35.5,
116,97,90.75,35.5,
116,98,91.0,35.5,
116,99,91.25,35.5,
116,100,91.5,35.5,
116,101,91.75,35.5,
116,102,92.0,35.5,
116,103,92.25,35.5,
116,104,92.5,35.5,
116,105,92.75,35.5,
116,106,93.0,35.5,
116,107,93.25,35.5,
116,108,93.5,35.5,
116,109,93.75,35.5,
116,110,94.0,35.5,
116,111,94.25,35.5,
116,112,94.5,35.5,
116,113,94.75,35.5,
116,114,95.0,35.5,
116,115,95.25,35.5,
116,116,95.5,35.5,
116,117,95.75,35.5,
116,118,96.0,35.5,
116,119,96.25,35.5,
116,120,96.5,35.5,
116,121,96.75,35.5,
116,122,97.0,35.5,
116,123,97.25,35.5,
116,124,97.5,35.5,
116,125,97.75,35.5,
116,126,98.0,35.5,
116,127,98.25,35.5,
116,128,98.5,35.5,
116,129,98.75,35.5,
116,130,99.0,35.5,
116,131,99.25,35.5,
116,132,99.5,35.5,
116,133,99.75,35.5,
116,134,100.0,35.5,
117,0,66.5,35.75,
117,1,66.75,35.75,
117,2,67.0,35.75,
117,3,67.25,35.75,
117,4,67.5,35.75,
117,5,67.75,35.75,
117,6,68.0,35.75,
117,7,68.25,35.75,
117,8,68.5,35.75,
117,9,68.75,35.75,
117,10,69.0,35.75,
117,11,69.25,35.75,
117,12,69.5,35.75,
117,13,69.75,35.75,
117,14,70.0,35.75,
117,15,70.25,35.75,
117,16,70.5,35.75,
117,17,70.75,35.75,
117,18,71.0,35.75,
117,19,71.25,35.75,
117,20,71.5,35.75,
117,21,71.75,35.75,
117,22,72.0,35.75,
117,23,72.25,35.75,
117,24,72.5,35.75,
117,25,72.75,35.75,
117,26,73.0,35.75,
117,27,73.25,35.75,
117,28,73.5,35.75,
117,29,73.75,35.75,
117,30,74.0,35.75,
117,31,74.25,35.75,
117,32,74.5,35.75,
117,33,74.75,35.75,
117,34,75.0,35.75,
117,35,75.25,35.75,
117,36,75.5,35.75,
117,37,75.75,35.75,
117,38,76.0,35.75,
117,39,76.25,35.75,
117,40,76.5,35.75,
117,41,76.75,35.75,
117,42,77.0,35.75,
117,43,77.25,35.75,
117,44,77.5,35.75,
117,45,77.75,35.75,
117,46,78.0,35.75,
117,47,78.25,35.75,
117,48,78.5,35.75,
117,49,78.75,35.75,
117,50,79.0,35.75,
117,51,79.25,35.75,
117,52,79.5,35.75,
117,53,79.75,35.75,
117,54,80.0,35.75,
117,55,80.25,35.75,
117,56,80.5,35.75,
117,57,80.75,35.75,
117,58,81.0,35.75,
117,59,81.25,35.75,
117,60,81.5,35.75,
117,61,81.75,35.75,
117,62,82.0,35.75,
117,63,82.25,35.75,
117,64,82.5,35.75,
117,65,82.75,35.75,
117,66,83.0,35.75,
117,67,83.25,35.75,
117,68,83.5,35.75,
117,69,83.75,35.75,
117,70,84.0,35.75,
117,71,84.25,35.75,
117,72,84.5,35.75,
117,73,84.75,35.75,
117,74,85.0,35.75,
117,75,85.25,35.75,
117,76,85.5,35.75,
117,77,85.75,35.75,
117,78,86.0,35.75,
117,79,86.25,35.75,
117,80,86.5,35.75,
117,81,86.75,35.75,
117,82,87.0,35.75,
117,83,87.25,35.75,
117,84,87.5,35.75,
117,85,87.75,35.75,
117,86,88.0,35.75,
117,87,88.25,35.75,
117,88,88.5,35.75,
117,89,88.75,35.75,
117,90,89.0,35.75,
117,91,89.25,35.75,
117,92,89.5,35.75,
117,93,89.75,35.75,
117,94,90.0,35.75,
117,95,90.25,35.75,
117,96,90.5,35.75,
117,97,90.75,35.75,
117,98,91.0,35.75,
117,99,91.25,35.75,
117,100,91.5,35.75,
117,101,91.75,35.75,
117,102,92.0,35.75,
117,103,92.25,35.75,
117,104,92.5,35.75,
117,105,92.75,35.75,
117,106,93.0,35.75,
117,107,93.25,35.75,
117,108,93.5,35.75,
117,109,93.75,35.75,
117,110,94.0,35.75,
117,111,94.25,35.75,
117,112,94.5,35.75,
117,113,94.75,35.75,
117,114,95.0,35.75,
117,115,95.25,35.75,
117,116,95.5,35.75,
117,117,95.75,35.75,
117,118,96.0,35.75,
117,119,96.25,35.75,
117,120,96.5,35.75,
117,121,96.75,35.75,
117,122,97.0,35.75,
117,123,97.25,35.75,
117,124,97.5,35.75,
117,125,97.75,35.75,
117,126,98.0,35.75,
117,127,98.25,35.75,
117,128,98.5,35.75,
117,129,98.75,35.75,
117,130,99.0,35.75,
117,131,99.25,35.75,
117,132,99.5,35.75,
117,133,99.75,35.75,
117,134,100.0,35.75,
118,0,66.5,36.0,
118,1,66.75,36.0,
118,2,67.0,36.0,
118,3,67.25,36.0,
118,4,67.5,36.0,
118,5,67.75,36.0,
118,6,68.0,36.0,
118,7,68.25,36.0,
118,8,68.5,36.0,
118,9,68.75,36.0,
118,10,69.0,36.0,
118,11,69.25,36.0,
118,12,69.5,36.0,
118,13,69.75,36.0,
118,14,70.0,36.0,
118,15,70.25,36.0,
118,16,70.5,36.0,
118,17,70.75,36.0,
118,18,71.0,36.0,
118,19,71.25,36.0,
118,20,71.5,36.0,
118,21,71.75,36.0,
118,22,72.0,36.0,
118,23,72.25,36.0,
118,24,72.5,36.0,
118,25,72.75,36.0,
118,26,73.0,36.0,
118,27,73.25,36.0,
118,28,73.5,36.0,
118,29,73.75,36.0,
118,30,74.0,36.0,
118,31,74.25,36.0,
118,32,74.5,36.0,
118,33,74.75,36.0,
118,34,75.0,36.0,
118,35,75.25,36.0,
118,36,75.5,36.0,
118,37,75.75,36.0,
118,38,76.0,36.0,
118,39,76.25,36.0,
118,40,76.5,36.0,
118,41,76.75,36.0,
118,42,77.0,36.0,
118,43,77.25,36.0,
118,44,77.5,36.0,
118,45,77.75,36.0,
118,46,78.0,36.0,
118,47,78.25,36.0,
118,48,78.5,36.0,
118,49,78.75,36.0,
118,50,79.0,36.0,
118,51,79.25,36.0,
118,52,79.5,36.0,
118,53,79.75,36.0,
118,54,80.0,36.0,
118,55,80.25,36.0,
118,56,80.5,36.0,
118,57,80.75,36.0,
118,58,81.0,36.0,
118,59,81.25,36.0,
118,60,81.5,36.0,
118,61,81.75,36.0,
118,62,82.0,36.0,
118,63,82.25,36.0,
118,64,82.5,36.0,
118,65,82.75,36.0,
118,66,83.0,36.0,
118,67,83.25,36.0,
118,68,83.5,36.0,
118,69,83.75,36.0,
118,70,84.0,36.0,
118,71,84.25,36.0,
118,72,84.5,36.0,
118,73,84.75,36.0,
118,74,85.0,36.0,
118,75,85.25,36.0,
118,76,85.5,36.0,
118,77,85.75,36.0,
118,78,86.0,36.0,
118,79,86.25,36.0,
118,80,86.5,36.0,
118,81,86.75,36.0,
118,82,87.0,36.0,
118,83,87.25,36.0,
118,84,87.5,36.0,
118,85,87.75,36.0,
118,86,88.0,36.0,
118,87,88.25,36.0,
118,88,88.5,36.0,
118,89,88.75,36.0,
118,90,89.0,36.0,
118,91,89.25,36.0,
118,92,89.5,36.0,
118,93,89.75,36.0,
118,94,90.0,36.0,
118,95,90.25,36.0,
118,96,90.5,36.0,
118,97,90.75,36.0,
118,98,91.0,36.0,
118,99,91.25,36.0,
118,100,91.5,36.0,
118,101,91.75,36.0,
118,102,92.0,36.0,
118,103,92.25,36.0,
118,104,92.5,36.0,
118,105,92.75,36.0,
118,106,93.0,36.0,
118,107,93.25,36.0,
118,108,93.5,36.0,
118,109,93.75,36.0,
118,110,94.0,36.0,
118,111,94.25,36.0,
118,112,94.5,36.0,
118,113,94.75,36.0,
118,114,95.0,36.0,
118,115,95.25,36.0,
118,116,95.5,36.0,
118,117,95.75,36.0,
118,118,96.0,36.0,
118,119,96.25,36.0,
118,120,96.5,36.0,
118,121,96.75,36.0,
118,122,97.0,36.0,
118,123,97.25,36.0,
118,124,97.5,36.0,
118,125,97.75,36.0,
118,126,98.0,36.0,
118,127,98.25,36.0,
118,128,98.5,36.0,
118,129,98.75,36.0,
118,130,99.0,36.0,
118,131,99.25,36.0,
118,132,99.5,36.0,
118,133,99.75,36.0,
118,134,100.0,36.0,
119,0,66.5,36.25,
119,1,66.75,36.25,
119,2,67.0,36.25,
119,3,67.25,36.25,
119,4,67.5,36.25,
119,5,67.75,36.25,
119,6,68.0,36.25,
119,7,68.25,36.25,
119,8,68.5,36.25,
119,9,68.75,36.25,
119,10,69.0,36.25,
119,11,69.25,36.25,
119,12,69.5,36.25,
119,13,69.75,36.25,
119,14,70.0,36.25,
119,15,70.25,36.25,
119,16,70.5,36.25,
119,17,70.75,36.25,
119,18,71.0,36.25,
119,19,71.25,36.25,
119,20,71.5,36.25,
119,21,71.75,36.25,
119,22,72.0,36.25,
119,23,72.25,36.25,
119,24,72.5,36.25,
119,25,72.75,36.25,
119,26,73.0,36.25,
119,27,73.25,36.25,
119,28,73.5,36.25,
119,29,73.75,36.25,
119,30,74.0,36.25,
119,31,74.25,36.25,
119,32,74.5,36.25,
119,33,74.75,36.25,
119,34,75.0,36.25,
119,35,75.25,36.25,
119,36,75.5,36.25,
119,37,75.75,36.25,
119,38,76.0,36.25,
119,39,76.25,36.25,
119,40,76.5,36.25,
119,41,76.75,36.25,
119,42,77.0,36.25,
119,43,77.25,36.25,
119,44,77.5,36.25,
119,45,77.75,36.25,
119,46,78.0,36.25,
119,47,78.25,36.25,
119,48,78.5,36.25,
119,49,78.75,36.25,
119,50,79.0,36.25,
119,51,79.25,36.25,
119,52,79.5,36.25,
119,53,79.75,36.25,
119,54,80.0,36.25,
119,55,80.25,36.25,
119,56,80.5,36.25,
119,57,80.75,36.25,
119,58,81.0,36.25,
119,59,81.25,36.25,
119,60,81.5,36.25,
119,61,81.75,36.25,
119,62,82.0,36.25,
119,63,82.25,36.25,
119,64,82.5,36.25,
119,65,82.75,36.25,
119,66,83.0,36.25,
119,67,83.25,36.25,
119,68,83.5,36.25,
119,69,83.75,36.25,
119,70,84.0,36.25,
119,71,84.25,36.25,
119,72,84.5,36.25,
119,73,84.75,36.25,
119,74,85.0,36.25,
119,75,85.25,36.25,
119,76,85.5,36.25,
119,77,85.75,36.25,
119,78,86.0,36.25,
119,79,86.25,36.25,
119,80,86.5,36.25,
119,81,86.75,36.25,
119,82,87.0,36.25,
119,83,87.25,36.25,
119,84,87.5,36.25,
119,85,87.75,36.25,
119,86,88.0,36.25,
119,87,88.25,36.25,
119,88,88.5,36.25,
119,89,88.75,36.25,
119,90,89.0,36.25,
119,91,89.25,36.25,
119,92,89.5,36.25,
119,93,89.75,36.25,
119,94,90.0,36.25,
119,95,90.25,36.25,
119,96,90.5,36.25,
119,97,90.75,36.25,
119,98,91.0,36.25,
119,99,91.25,36.25,
119,100,91.5,36.25,
119,101,91.75,36.25,
119,102,92.0,36.25,
119,103,92.25,36.25,
119,104,92.5,36.25,
119,105,92.75,36.25,
119,106,93.0,36.25,
119,107,93.25,36.25,
119,108,93.5,36.25,
119,109,93.75,36.25,
119,110,94.0,36.25,
119,111,94.25,36.25,
119,112,94.5,36.25,
119,113,94.75,36.25,
119,114,95.0,36.25,
119,115,95.25,36.25,
119,116,95.5,36.25,
119,117,95.75,36.25,
119,118,96.0,36.25,
119,119,96.25,36.25,
119,120,96.5,36.25,
119,121,96.75,36.25,
119,122,97.0,36.25,
119,123,97.25,36.25,
119,124,97.5,36.25,
119,125,97.75,36.25,
119,126,98.0,36.25,
119,127,98.25,36.25,
119,128,98.5,36.25,
119,129,98.75,36.25,
119,130,99.0,36.25,
119,131,99.25,36.25,
119,132,99.5,36.25,
119,133,99.75,36.25,
119,134,100.0,36.25,
120,0,66.5,36.5,
120,1,66.75,36.5,
120,2,67.0,36.5,
120,3,67.25,36.5,
120,4,67.5,36.5,
120,5,67.75,36.5,
120,6,68.0,36.5,
120,7,68.25,36.5,
120,8,68.5,36.5,
120,9,68.75,36.5,
120,10,69.0,36.5,
120,11,69.25,36.5,
120,12,69.5,36.5,
120,13,69.75,36.5,
120,14,70.0,36.5,
120,15,70.25,36.5,
120,16,70.5,36.5,
120,17,70.75,36.5,
120,18,71.0,36.5,
120,19,71.25,36.5,
120,20,71.5,36.5,
120,21,71.75,36.5,
120,22,72.0,36.5,
120,23,72.25,36.5,
120,24,72.5,36.5,
120,25,72.75,36.5,
120,26,73.0,36.5,
120,27,73.25,36.5,
120,28,73.5,36.5,
120,29,73.75,36.5,
120,30,74.0,36.5,
120,31,74.25,36.5,
120,32,74.5,36.5,
120,33,74.75,36.5,
120,34,75.0,36.5,
120,35,75.25,36.5,
120,36,75.5,36.5,
120,37,75.75,36.5,
120,38,76.0,36.5,
120,39,76.25,36.5,
120,40,76.5,36.5,
120,41,76.75,36.5,
120,42,77.0,36.5,
120,43,77.25,36.5,
120,44,77.5,36.5,
120,45,77.75,36.5,
120,46,78.0,36.5,
120,47,78.25,36.5,
120,48,78.5,36.5,
120,49,78.75,36.5,
120,50,79.0,36.5,
120,51,79.25,36.5,
120,52,79.5,36.5,
120,53,79.75,36.5,
120,54,80.0,36.5,
120,55,80.25,36.5,
120,56,80.5,36.5,
120,57,80.75,36.5,
120,58,81.0,36.5,
120,59,81.25,36.5,
120,60,81.5,36.5,
120,61,81.75,36.5,
120,62,82.0,36.5,
120,63,82.25,36.5,
120,64,82.5,36.5,
120,65,82.75,36.5,
120,66,83.0,36.5,
120,67,83.25,36.5,
120,68,83.5,36.5,
120,69,83.75,36.5,
120,70,84.0,36.5,
120,71,84.25,36.5,
120,72,84.5,36.5,
120,73,84.75,36.5,
120,74,85.0,36.5,
120,75,85.25,36.5,
120,76,85.5,36.5,
120,77,85.75,36.5,
120,78,86.0,36.5,
120,79,86.25,36.5,
120,80,86.5,36.5,
120,81,86.75,36.5,
120,82,87.0,36.5,
120,83,87.25,36.5,
120,84,87.5,36.5,
120,85,87.75,36.5,
120,86,88.0,36.5,
120,87,88.25,36.5,
120,88,88.5,36.5,
120,89,88.75,36.5,
120,90,89.0,36.5,
120,91,89.25,36.5,
120,92,89.5,36.5,
120,93,89.75,36.5,
120,94,90.0,36.5,
120,95,90.25,36.5,
120,96,90.5,36.5,
120,97,90.75,36.5,
120,98,91.0,36.5,
120,99,91.25,36.5,
120,100,91.5,36.5,
120,101,91.75,36.5,
120,102,92.0,36.5,
120,103,92.25,36.5,
120,104,92.5,36.5,
120,105,92.75,36.5,
120,106,93.0,36.5,
120,107,93.25,36.5,
120,108,93.5,36.5,
120,109,93.75,36.5,
120,110,94.0,36.5,
120,111,94.25,36.5,
120,112,94.5,36.5,
120,113,94.75,36.5,
120,114,95.0,36.5,
120,115,95.25,36.5,
120,116,95.5,36.5,
120,117,95.75,36.5,
120,118,96.0,36.5,
120,119,96.25,36.5,
120,120,96.5,36.5,
120,121,96.75,36.5,
120,122,97.0,36.5,
120,123,97.25,36.5,
120,124,97.5,36.5,
120,125,97.75,36.5,
120,126,98.0,36.5,
120,127,98.25,36.5,
120,128,98.5,36.5,
120,129,98.75,36.5,
120,130,99.0,36.5,
120,131,99.25,36.5,
120,132,99.5,36.5,
120,133,99.75,36.5,
120,134,100.0,36.5,
121,0,66.5,36.75,
121,1,66.75,36.75,
121,2,67.0,36.75,
121,3,67.25,36.75,
121,4,67.5,36.75,
121,5,67.75,36.75,
121,6,68.0,36.75,
121,7,68.25,36.75,
121,8,68.5,36.75,
121,9,68.75,36.75,
121,10,69.0,36.75,
121,11,69.25,36.75,
121,12,69.5,36.75,
121,13,69.75,36.75,
121,14,70.0,36.75,
121,15,70.25,36.75,
121,16,70.5,36.75,
121,17,70.75,36.75,
121,18,71.0,36.75,
121,19,71.25,36.75,
121,20,71.5,36.75,
121,21,71.75,36.75,
121,22,72.0,36.75,
121,23,72.25,36.75,
121,24,72.5,36.75,
121,25,72.75,36.75,
121,26,73.0,36.75,
121,27,73.25,36.75,
121,28,73.5,36.75,
121,29,73.75,36.75,
121,30,74.0,36.75,
121,31,74.25,36.75,
121,32,74.5,36.75,
121,33,74.75,36.75,
121,34,75.0,36.75,
121,35,75.25,36.75,
121,36,75.5,36.75,
121,37,75.75,36.75,
121,38,76.0,36.75,
121,39,76.25,36.75,
121,40,76.5,36.75,
121,41,76.75,36.75,
121,42,77.0,36.75,
121,43,77.25,36.75,
121,44,77.5,36.75,
121,45,77.75,36.75,
121,46,78.0,36.75,
121,47,78.25,36.75,
121,48,78.5,36.75,
121,49,78.75,36.75,
121,50,79.0,36.75,
121,51,79.25,36.75,
121,52,79.5,36.75,
121,53,79.75,36.75,
121,54,80.0,36.75,
121,55,80.25,36.75,
121,56,80.5,36.75,
121,57,80.75,36.75,
121,58,81.0,36.75,
121,59,81.25,36.75,
121,60,81.5,36.75,
121,61,81.75,36.75,
121,62,82.0,36.75,
121,63,82.25,36.75,
121,64,82.5,36.75,
121,65,82.75,36.75,
121,66,83.0,36.75,
121,67,83.25,36.75,
121,68,83.5,36.75,
121,69,83.75,36.75,
121,70,84.0,36.75,
121,71,84.25,36.75,
121,72,84.5,36.75,
121,73,84.75,36.75,
121,74,85.0,36.75,
121,75,85.25,36.75,
121,76,85.5,36.75,
121,77,85.75,36.75,
121,78,86.0,36.75,
121,79,86.25,36.75,
121,80,86.5,36.75,
121,81,86.75,36.75,
121,82,87.0,36.75,
121,83,87.25,36.75,
121,84,87.5,36.75,
121,85,87.75,36.75,
121,86,88.0,36.75,
121,87,88.25,36.75,
121,88,88.5,36.75,
121,89,88.75,36.75,
121,90,89.0,36.75,
121,91,89.25,36.75,
121,92,89.5,36.75,
121,93,89.75,36.75,
121,94,90.0,36.75,
121,95,90.25,36.75,
121,96,90.5,36.75,
121,97,90.75,36.75,
121,98,91.0,36.75,
121,99,91.25,36.75,
121,100,91.5,36.75,
121,101,91.75,36.75,
121,102,92.0,36.75,
121,103,92.25,36.75,
121,104,92.5,36.75,
121,105,92.75,36.75,
121,106,93.0,36.75,
121,107,93.25,36.75,
121,108,93.5,36.75,
121,109,93.75,36.75,
121,110,94.0,36.75,
121,111,94.25,36.75,
121,112,94.5,36.75,
121,113,94.75,36.75,
121,114,95.0,36.75,
121,115,95.25,36.75,
121,116,95.5,36.75,
121,117,95.75,36.75,
121,118,96.0,36.75,
121,119,96.25,36.75,
121,120,96.5,36.75,
121,121,96.75,36.75,
121,122,97.0,36.75,
121,123,97.25,36.75,
121,124,97.5,36.75,
121,125,97.75,36.75,
121,126,98.0,36.75,
121,127,98.25,36.75,
121,128,98.5,36.75,
121,129,98.75,36.75,
121,130,99.0,36.75,
121,131,99.25,36.75,
121,132,99.5,36.75,
121,133,99.75,36.75,
121,134,100.0,36.75,
122,0,66.5,37.0,
122,1,66.75,37.0,
122,2,67.0,37.0,
122,3,67.25,37.0,
122,4,67.5,37.0,
122,5,67.75,37.0,
122,6,68.0,37.0,
122,7,68.25,37.0,
122,8,68.5,37.0,
122,9,68.75,37.0,
122,10,69.0,37.0,
122,11,69.25,37.0,
122,12,69.5,37.0,
122,13,69.75,37.0,
122,14,70.0,37.0,
122,15,70.25,37.0,
122,16,70.5,37.0,
122,17,70.75,37.0,
122,18,71.0,37.0,
122,19,71.25,37.0,
122,20,71.5,37.0,
122,21,71.75,37.0,
122,22,72.0,37.0,
122,23,72.25,37.0,
122,24,72.5,37.0,
122,25,72.75,37.0,
122,26,73.0,37.0,
122,27,73.25,37.0,
122,28,73.5,37.0,
122,29,73.75,37.0,
122,30,74.0,37.0,
122,31,74.25,37.0,
122,32,74.5,37.0,
122,33,74.75,37.0,
122,34,75.0,37.0,
122,35,75.25,37.0,
122,36,75.5,37.0,
122,37,75.75,37.0,
122,38,76.0,37.0,
122,39,76.25,37.0,
122,40,76.5,37.0,
122,41,76.75,37.0,
122,42,77.0,37.0,
122,43,77.25,37.0,
122,44,77.5,37.0,
122,45,77.75,37.0,
122,46,78.0,37.0,
122,47,78.25,37.0,
122,48,78.5,37.0,
122,49,78.75,37.0,
122,50,79.0,37.0,
122,51,79.25,37.0,
122,52,79.5,37.0,
122,53,79.75,37.0,
122,54,80.0,37.0,
122,55,80.25,37.0,
122,56,80.5,37.0,
122,57,80.75,37.0,
122,58,81.0,37.0,
122,59,81.25,37.0,
122,60,81.5,37.0,
122,61,81.75,37.0,
122,62,82.0,37.0,
122,63,82.25,37.0,
122,64,82.5,37.0,
122,65,82.75,37.0,
122,66,83.0,37.0,
122,67,83.25,37.0,
122,68,83.5,37.0,
122,69,83.75,37.0,
122,70,84.0,37.0,
122,71,84.25,37.0,
122,72,84.5,37.0,
122,73,84.75,37.0,
122,74,85.0,37.0,
122,75,85.25,37.0,
122,76,85.5,37.0,
122,77,85.75,37.0,
122,78,86.0,37.0,
122,79,86.25,37.0,
122,80,86.5,37.0,
122,81,86.75,37.0,
122,82,87.0,37.0,
122,83,87.25,37.0,
122,84,87.5,37.0,
122,85,87.75,37.0,
122,86,88.0,37.0,
122,87,88.25,37.0,
122,88,88.5,37.0,
122,89,88.75,37.0,
122,90,89.0,37.0,
122,91,89.25,37.0,
122,92,89.5,37.0,
122,93,89.75,37.0,
122,94,90.0,37.0,
122,95,90.25,37.0,
122,96,90.5,37.0,
122,97,90.75,37.0,
122,98,91.0,37.0,
122,99,91.25,37.0,
122,100,91.5,37.0,
122,101,91.75,37.0,
122,102,92.0,37.0,
122,103,92.25,37.0,
122,104,92.5,37.0,
122,105,92.75,37.0,
122,106,93.0,37.0,
122,107,93.25,37.0,
122,108,93.5,37.0,
122,109,93.75,37.0,
122,110,94.0,37.0,
122,111,94.25,37.0,
122,112,94.5,37.0,
122,113,94.75,37.0,
122,114,95.0,37.0,
122,115,95.25,37.0,
122,116,95.5,37.0,
122,117,95.75,37.0,
122,118,96.0,37.0,
122,119,96.25,37.0,
122,120,96.5,37.0,
122,121,96.75,37.0,
122,122,97.0,37.0,
122,123,97.25,37.0,
122,124,97.5,37.0,
122,125,97.75,37.0,
122,126,98.0,37.0,
122,127,98.25,37.0,
122,128,98.5,37.0,
122,129,98.75,37.0,
122,130,99.0,37.0,
122,131,99.25,37.0,
122,132,99.5,37.0,
122,133,99.75,37.0,
122,134,100.0,37.0,
123,0,66.5,37.25,
123,1,66.75,37.25,
123,2,67.0,37.25,
123,3,67.25,37.25,
123,4,67.5,37.25,
123,5,67.75,37.25,
123,6,68.0,37.25,
123,7,68.25,37.25,
123,8,68.5,37.25,
123,9,68.75,37.25,
123,10,69.0,37.25,
123,11,69.25,37.25,
123,12,69.5,37.25,
123,13,69.75,37.25,
123,14,70.0,37.25,
123,15,70.25,37.25,
123,16,70.5,37.25,
123,17,70.75,37.25,
123,18,71.0,37.25,
123,19,71.25,37.25,
123,20,71.5,37.25,
123,21,71.75,37.25,
123,22,72.0,37.25,
123,23,72.25,37.25,
123,24,72.5,37.25,
123,25,72.75,37.25,
123,26,73.0,37.25,
123,27,73.25,37.25,
123,28,73.5,37.25,
123,29,73.75,37.25,
123,30,74.0,37.25,
123,31,74.25,37.25,
123,32,74.5,37.25,
123,33,74.75,37.25,
123,34,75.0,37.25,
123,35,75.25,37.25,
123,36,75.5,37.25,
123,37,75.75,37.25,
123,38,76.0,37.25,
123,39,76.25,37.25,
123,40,76.5,37.25,
123,41,76.75,37.25,
123,42,77.0,37.25,
123,43,77.25,37.25,
123,44,77.5,37.25,
123,45,77.75,37.25,
123,46,78.0,37.25,
123,47,78.25,37.25,
123,48,78.5,37.25,
123,49,78.75,37.25,
123,50,79.0,37.25,
123,51,79.25,37.25,
123,52,79.5,37.25,
123,53,79.75,37.25,
123,54,80.0,37.25,
123,55,80.25,37.25,
123,56,80.5,37.25,
123,57,80.75,37.25,
123,58,81.0,37.25,
123,59,81.25,37.25,
123,60,81.5,37.25,
123,61,81.75,37.25,
123,62,82.0,37.25,
123,63,82.25,37.25,
123,64,82.5,37.25,
123,65,82.75,37.25,
123,66,83.0,37.25,
123,67,83.25,37.25,
123,68,83.5,37.25,
123,69,83.75,37.25,
123,70,84.0,37.25,
123,71,84.25,37.25,
123,72,84.5,37.25,
123,73,84.75,37.25,
123,74,85.0,37.25,
123,75,85.25,37.25,
123,76,85.5,37.25,
123,77,85.75,37.25,
123,78,86.0,37.25,
123,79,86.25,37.25,
123,80,86.5,37.25,
123,81,86.75,37.25,
123,82,87.0,37.25,
123,83,87.25,37.25,
123,84,87.5,37.25,
123,85,87.75,37.25,
123,86,88.0,37.25,
123,87,88.25,37.25,
123,88,88.5,37.25,
123,89,88.75,37.25,
123,90,89.0,37.25,
123,91,89.25,37.25,
123,92,89.5,37.25,
123,93,89.75,37.25,
123,94,90.0,37.25,
123,95,90.25,37.25,
123,96,90.5,37.25,
123,97,90.75,37.25,
123,98,91.0,37.25,
123,99,91.25,37.25,
123,100,91.5,37.25,
123,101,91.75,37.25,
123,102,92.0,37.25,
123,103,92.25,37.25,
123,104,92.5,37.25,
123,105,92.75,37.25,
123,106,93.0,37.25,
123,107,93.25,37.25,
123,108,93.5,37.25,
123,109,93.75,37.25,
123,110,94.0,37.25,
123,111,94.25,37.25,
123,112,94.5,37.25,
123,113,94.75,37.25,
123,114,95.0,37.25,
123,115,95.25,37.25,
123,116,95.5,37.25,
123,117,95.75,37.25,
123,118,96.0,37.25,
123,119,96.25,37.25,
123,120,96.5,37.25,
123,121,96.75,37.25,
123,122,97.0,37.25,
123,123,97.25,37.25,
123,124,97.5,37.25,
123,125,97.75,37.25,
123,126,98.0,37.25,
123,127,98.25,37.25,
123,128,98.5,37.25,
123,129,98.75,37.25,
123,130,99.0,37.25,
123,131,99.25,37.25,
123,132,99.5,37.25,
123,133,99.75,37.25,
123,134,100.0,37.25,
124,0,66.5,37.5,
124,1,66.75,37.5,
124,2,67.0,37.5,
124,3,67.25,37.5,
124,4,67.5,37.5,
124,5,67.75,37.5,
124,6,68.0,37.5,
124,7,68.25,37.5,
124,8,68.5,37.5,
124,9,68.75,37.5,
124,10,69.0,37.5,
124,11,69.25,37.5,
124,12,69.5,37.5,
124,13,69.75,37.5,
124,14,70.0,37.5,
124,15,70.25,37.5,
124,16,70.5,37.5,
124,17,70.75,37.5,
124,18,71.0,37.5,
124,19,71.25,37.5,
124,20,71.5,37.5,
124,21,71.75,37.5,
124,22,72.0,37.5,
124,23,72.25,37.5,
124,24,72.5,37.5,
124,25,72.75,37.5,
124,26,73.0,37.5,
124,27,73.25,37.5,
124,28,73.5,37.5,
124,29,73.75,37.5,
124,30,74.0,37.5,
124,31,74.25,37.5,
124,32,74.5,37.5,
124,33,74.75,37.5,
124,34,75.0,37.5,
124,35,75.25,37.5,
124,36,75.5,37.5,
124,37,75.75,37.5,
124,38,76.0,37.5,
124,39,76.25,37.5,
124,40,76.5,37.5,
124,41,76.75,37.5,
124,42,77.0,37.5,
124,43,77.25,37.5,
124,44,77.5,37.5,
124,45,77.75,37.5,
124,46,78.0,37.5,
124,47,78.25,37.5,
124,48,78.5,37.5,
124,49,78.75,37.5,
124,50,79.0,37.5,
124,51,79.25,37.5,
124,52,79.5,37.5,
124,53,79.75,37.5,
124,54,80.0,37.5,
124,55,80.25,37.5,
124,56,80.5,37.5,
124,57,80.75,37.5,
124,58,81.0,37.5,
124,59,81.25,37.5,
124,60,81.5,37.5,
124,61,81.75,37.5,
124,62,82.0,37.5,
124,63,82.25,37.5,
124,64,82.5,37.5,
124,65,82.75,37.5,
124,66,83.0,37.5,
124,67,83.25,37.5,
124,68,83.5,37.5,
124,69,83.75,37.5,
124,70,84.0,37.5,
124,71,84.25,37.5,
124,72,84.5,37.5,
124,73,84.75,37.5,
124,74,85.0,37.5,
124,75,85.25,37.5,
124,76,85.5,37.5,
124,77,85.75,37.5,
124,78,86.0,37.5,
124,79,86.25,37.5,
124,80,86.5,37.5,
124,81,86.75,37.5,
124,82,87.0,37.5,
124,83,87.25,37.5,
124,84,87.5,37.5,
124,85,87.75,37.5,
124,86,88.0,37.5,
124,87,88.25,37.5,
124,88,88.5,37.5,
124,89,88.75,37.5,
124,90,89.0,37.5,
124,91,89.25,37.5,
124,92,89.5,37.5,
124,93,89.75,37.5,
124,94,90.0,37.5,
124,95,90.25,37.5,
124,96,90.5,37.5,
124,97,90.75,37.5,
124,98,91.0,37.5,
124,99,91.25,37.5,
124,100,91.5,37.5,
124,101,91.75,37.5,
124,102,92.0,37.5,
124,103,92.25,37.5,
124,104,92.5,37.5,
124,105,92.75,37.5,
124,106,93.0,37.5,
124,107,93.25,37.5,
124,108,93.5,37.5,
124,109,93.75,37.5,
124,110,94.0,37.5,
124,111,94.25,37.5,
124,112,94.5,37.5,
124,113,94.75,37.5,
124,114,95.0,37.5,
124,115,95.25,37.5,
124,116,95.5,37.5,
124,117,95.75,37.5,
124,118,96.0,37.5,
124,119,96.25,37.5,
124,120,96.5,37.5,
124,121,96.75,37.5,
124,122,97.0,37.5,
124,123,97.25,37.5,
124,124,97.5,37.5,
124,125,97.75,37.5,
124,126,98.0,37.5,
124,127,98.25,37.5,
124,128,98.5,37.5,
124,129,98.75,37.5,
124,130,99.0,37.5,
124,131,99.25,37.5,
124,132,99.5,37.5,
124,133,99.75,37.5,
124,134,100.0,37.5,
125,0,66.5,37.75,
125,1,66.75,37.75,
125,2,67.0,37.75,
125,3,67.25,37.75,
125,4,67.5,37.75,
125,5,67.75,37.75,
125,6,68.0,37.75,
125,7,68.25,37.75,
125,8,68.5,37.75,
125,9,68.75,37.75,
125,10,69.0,37.75,
125,11,69.25,37.75,
125,12,69.5,37.75,
125,13,69.75,37.75,
125,14,70.0,37.75,
125,15,70.25,37.75,
125,16,70.5,37.75,
125,17,70.75,37.75,
125,18,71.0,37.75,
125,19,71.25,37.75,
125,20,71.5,37.75,
125,21,71.75,37.75,
125,22,72.0,37.75,
125,23,72.25,37.75,
125,24,72.5,37.75,
125,25,72.75,37.75,
125,26,73.0,37.75,
125,27,73.25,37.75,
125,28,73.5,37.75,
125,29,73.75,37.75,
125,30,74.0,37.75,
125,31,74.25,37.75,
125,32,74.5,37.75,
125,33,74.75,37.75,
125,34,75.0,37.75,
125,35,75.25,37.75,
125,36,75.5,37.75,
125,37,75.75,37.75,
125,38,76.0,37.75,
125,39,76.25,37.75,
125,40,76.5,37.75,
125,41,76.75,37.75,
125,42,77.0,37.75,
125,43,77.25,37.75,
125,44,77.5,37.75,
125,45,77.75,37.75,
125,46,78.0,37.75,
125,47,78.25,37.75,
125,48,78.5,37.75,
125,49,78.75,37.75,
125,50,79.0,37.75,
125,51,79.25,37.75,
125,52,79.5,37.75,
125,53,79.75,37.75,
125,54,80.0,37.75,
125,55,80.25,37.75,
125,56,80.5,37.75,
125,57,80.75,37.75,
125,58,81.0,37.75,
125,59,81.25,37.75,
125,60,81.5,37.75,
125,61,81.75,37.75,
125,62,82.0,37.75,
125,63,82.25,37.75,
125,64,82.5,37.75,
125,65,82.75,37.75,
125,66,83.0,37.75,
125,67,83.25,37.75,
125,68,83.5,37.75,
125,69,83.75,37.75,
125,70,84.0,37.75,
125,71,84.25,37.75,
125,72,84.5,37.75,
125,73,84.75,37.75,
125,74,85.0,37.75,
125,75,85.25,37.75,
125,76,85.5,37.75,
125,77,85.75,37.75,
125,78,86.0,37.75,
125,79,86.25,37.75,
125,80,86.5,37.75,
125,81,86.75,37.75,
125,82,87.0,37.75,
125,83,87.25,37.75,
125,84,87.5,37.75,
125,85,87.75,37.75,
125,86,88.0,37.75,
125,87,88.25,37.75,
125,88,88.5,37.75,
125,89,88.75,37.75,
125,90,89.0,37.75,
125,91,89.25,37.75,
125,92,89.5,37.75,
125,93,89.75,37.75,
125,94,90.0,37.75,
125,95,90.25,37.75,
125,96,90.5,37.75,
125,97,90.75,37.75,
125,98,91.0,37.75,
125,99,91.25,37.75,
125,100,91.5,37.75,
125,101,91.75,37.75,
125,102,92.0,37.75,
125,103,92.25,37.75,
125,104,92.5,37.75,
125,105,92.75,37.75,
125,106,93.0,37.75,
125,107,93.25,37.75,
125,108,93.5,37.75,
125,109,93.75,37.75,
125,110,94.0,37.75,
125,111,94.25,37.75,
125,112,94.5,37.75,
125,113,94.75,37.75,
125,114,95.0,37.75,
125,115,95.25,37.75,
125,116,95.5,37.75,
125,117,95.75,37.75,
125,118,96.0,37.75,
125,119,96.25,37.75,
125,120,96.5,37.75,
125,121,96.75,37.75,
125,122,97.0,37.75,
125,123,97.25,37.75,
125,124,97.5,37.75,
125,125,97.75,37.75,
125,126,98.0,37.75,
125,127,98.25,37.75,
125,128,98.5,37.75,
125,129,98.75,37.75,
125,130,99.0,37.75,
125,131,99.25,37.75,
125,132,99.5,37.75,
125,133,99.75,37.75,
125,134,100.0,37.75,
126,0,66.5,38.0,
126,1,66.75,38.0,
126,2,67.0,38.0,
126,3,67.25,38.0,
126,4,67.5,38.0,
126,5,67.75,38.0,
126,6,68.0,38.0,
126,7,68.25,38.0,
126,8,68.5,38.0,
126,9,68.75,38.0,
126,10,69.0,38.0,
126,11,69.25,38.0,
126,12,69.5,38.0,
126,13,69.75,38.0,
126,14,70.0,38.0,
126,15,70.25,38.0,
126,16,70.5,38.0,
126,17,70.75,38.0,
126,18,71.0,38.0,
126,19,71.25,38.0,
126,20,71.5,38.0,
126,21,71.75,38.0,
126,22,72.0,38.0,
126,23,72.25,38.0,
126,24,72.5,38.0,
126,25,72.75,38.0,
126,26,73.0,38.0,
126,27,73.25,38.0,
126,28,73.5,38.0,
126,29,73.75,38.0,
126,30,74.0,38.0,
126,31,74.25,38.0,
126,32,74.5,38.0,
126,33,74.75,38.0,
126,34,75.0,38.0,
126,35,75.25,38.0,
126,36,75.5,38.0,
126,37,75.75,38.0,
126,38,76.0,38.0,
126,39,76.25,38.0,
126,40,76.5,38.0,
126,41,76.75,38.0,
126,42,77.0,38.0,
126,43,77.25,38.0,
126,44,77.5,38.0,
126,45,77.75,38.0,
126,46,78.0,38.0,
126,47,78.25,38.0,
126,48,78.5,38.0,
126,49,78.75,38.0,
126,50,79.0,38.0,
126,51,79.25,38.0,
126,52,79.5,38.0,
126,53,79.75,38.0,
126,54,80.0,38.0,
126,55,80.25,38.0,
126,56,80.5,38.0,
126,57,80.75,38.0,
126,58,81.0,38.0,
126,59,81.25,38.0,
126,60,81.5,38.0,
126,61,81.75,38.0,
126,62,82.0,38.0,
126,63,82.25,38.0,
126,64,82.5,38.0,
126,65,82.75,38.0,
126,66,83.0,38.0,
126,67,83.25,38.0,
126,68,83.5,38.0,
126,69,83.75,38.0,
126,70,84.0,38.0,
126,71,84.25,38.0,
126,72,84.5,38.0,
126,73,84.75,38.0,
126,74,85.0,38.0,
126,75,85.25,38.0,
126,76,85.5,38.0,
126,77,85.75,38.0,
126,78,86.0,38.0,
126,79,86.25,38.0,
126,80,86.5,38.0,
126,81,86.75,38.0,
126,82,87.0,38.0,
126,83,87.25,38.0,
126,84,87.5,38.0,
126,85,87.75,38.0,
126,86,88.0,38.0,
126,87,88.25,38.0,
126,88,88.5,38.0,
126,89,88.75,38.0,
126,90,89.0,38.0,
126,91,89.25,38.0,
126,92,89.5,38.0,
126,93,89.75,38.0,
126,94,90.0,38.0,
126,95,90.25,38.0,
126,96,90.5,38.0,
126,97,90.75,38.0,
126,98,91.0,38.0,
126,99,91.25,38.0,
126,100,91.5,38.0,
126,101,91.75,38.0,
126,102,92.0,38.0,
126,103,92.25,38.0,
126,104,92.5,38.0,
126,105,92.75,38.0,
126,106,93.0,38.0,
126,107,93.25,38.0,
126,108,93.5,38.0,
126,109,93.75,38.0,
126,110,94.0,38.0,
126,111,94.25,38.0,
126,112,94.5,38.0,
126,113,94.75,38.0,
126,114,95.0,38.0,
126,115,95.25,38.0,
126,116,95.5,38.0,
126,117,95.75,38.0,
126,118,96.0,38.0,
126,119,96.25,38.0,
126,120,96.5,38.0,
126,121,96.75,38.0,
126,122,97.0,38.0,
126,123,97.25,38.0,
126,124,97.5,38.0,
126,125,97.75,38.0,
126,126,98.0,38.0,
126,127,98.25,38.0,
126,128,98.5,38.0,
126,129,98.75,38.0,
126,130,99.0,38.0,
126,131,99.25,38.0,
126,132,99.5,38.0,
126,133,99.75,38.0,
126,134,100.0,38.0,
127,0,66.5,38.25,
127,1,66.75,38.25,
127,2,67.0,38.25,
127,3,67.25,38.25,
127,4,67.5,38.25,
127,5,67.75,38.25,
127,6,68.0,38.25,
127,7,68.25,38.25,
127,8,68.5,38.25,
127,9,68.75,38.25,
127,10,69.0,38.25,
127,11,69.25,38.25,
127,12,69.5,38.25,
127,13,69.75,38.25,
127,14,70.0,38.25,
127,15,70.25,38.25,
127,16,70.5,38.25,
127,17,70.75,38.25,
127,18,71.0,38.25,
127,19,71.25,38.25,
127,20,71.5,38.25,
127,21,71.75,38.25,
127,22,72.0,38.25,
127,23,72.25,38.25,
127,24,72.5,38.25,
127,25,72.75,38.25,
127,26,73.0,38.25,
127,27,73.25,38.25,
127,28,73.5,38.25,
127,29,73.75,38.25,
127,30,74.0,38.25,
127,31,74.25,38.25,
127,32,74.5,38.25,
127,33,74.75,38.25,
127,34,75.0,38.25,
127,35,75.25,38.25,
127,36,75.5,38.25,
127,37,75.75,38.25,
127,38,76.0,38.25,
127,39,76.25,38.25,
127,40,76.5,38.25,
127,41,76.75,38.25,
127,42,77.0,38.25,
127,43,77.25,38.25,
127,44,77.5,38.25,
127,45,77.75,38.25,
127,46,78.0,38.25,
127,47,78.25,38.25,
127,48,78.5,38.25,
127,49,78.75,38.25,
127,50,79.0,38.25,
127,51,79.25,38.25,
127,52,79.5,38.25,
127,53,79.75,38.25,
127,54,80.0,38.25,
127,55,80.25,38.25,
127,56,80.5,38.25,
127,57,80.75,38.25,
127,58,81.0,38.25,
127,59,81.25,38.25,
127,60,81.5,38.25,
127,61,81.75,38.25,
127,62,82.0,38.25,
127,63,82.25,38.25,
127,64,82.5,38.25,
127,65,82.75,38.25,
127,66,83.0,38.25,
127,67,83.25,38.25,
127,68,83.5,38.25,
127,69,83.75,38.25,
127,70,84.0,38.25,
127,71,84.25,38.25,
127,72,84.5,38.25,
127,73,84.75,38.25,
127,74,85.0,38.25,
127,75,85.25,38.25,
127,76,85.5,38.25,
127,77,85.75,38.25,
127,78,86.0,38.25,
127,79,86.25,38.25,
127,80,86.5,38.25,
127,81,86.75,38.25,
127,82,87.0,38.25,
127,83,87.25,38.25,
127,84,87.5,38.25,
127,85,87.75,38.25,
127,86,88.0,38.25,
127,87,88.25,38.25,
127,88,88.5,38.25,
127,89,88.75,38.25,
127,90,89.0,38.25,
127,91,89.25,38.25,
127,92,89.5,38.25,
127,93,89.75,38.25,
127,94,90.0,38.25,
127,95,90.25,38.25,
127,96,90.5,38.25,
127,97,90.75,38.25,
127,98,91.0,38.25,
127,99,91.25,38.25,
127,100,91.5,38.25,
127,101,91.75,38.25,
127,102,92.0,38.25,
127,103,92.25,38.25,
127,104,92.5,38.25,
127,105,92.75,38.25,
127,106,93.0,38.25,
127,107,93.25,38.25,
127,108,93.5,38.25,
127,109,93.75,38.25,
127,110,94.0,38.25,
127,111,94.25,38.25,
127,112,94.5,38.25,
127,113,94.75,38.25,
127,114,95.0,38.25,
127,115,95.25,38.25,
127,116,95.5,38.25,
127,117,95.75,38.25,
127,118,96.0,38.25,
127,119,96.25,38.25,
127,120,96.5,38.25,
127,121,96.75,38.25,
127,122,97.0,38.25,
127,123,97.25,38.25,
127,124,97.5,38.25,
127,125,97.75,38.25,
127,126,98.0,38.25,
127,127,98.25,38.25,
127,128,98.5,38.25,
127,129,98.75,38.25,
127,130,99.0,38.25,
127,131,99.25,38.25,
127,132,99.5,38.25,
127,133,99.75,38.25,
127,134,100.0,38.25,
128,0,66.5,38.5,
128,1,66.75,38.5,
128,2,67.0,38.5,
128,3,67.25,38.5,
128,4,67.5,38.5,
128,5,67.75,38.5,
128,6,68.0,38.5,
128,7,68.25,38.5,
128,8,68.5,38.5,
128,9,68.75,38.5,
128,10,69.0,38.5,
128,11,69.25,38.5,
128,12,69.5,38.5,
128,13,69.75,38.5,
128,14,70.0,38.5,
128,15,70.25,38.5,
128,16,70.5,38.5,
128,17,70.75,38.5,
128,18,71.0,38.5,
128,19,71.25,38.5,
128,20,71.5,38.5,
128,21,71.75,38.5,
128,22,72.0,38.5,
128,23,72.25,38.5,
128,24,72.5,38.5,
128,25,72.75,38.5,
128,26,73.0,38.5,
128,27,73.25,38.5,
128,28,73.5,38.5,
128,29,73.75,38.5,
128,30,74.0,38.5,
128,31,74.25,38.5,
128,32,74.5,38.5,
128,33,74.75,38.5,
128,34,75.0,38.5,
128,35,75.25,38.5,
128,36,75.5,38.5,
128,37,75.75,38.5,
128,38,76.0,38.5,
128,39,76.25,38.5,
128,40,76.5,38.5,
128,41,76.75,38.5,
128,42,77.0,38.5,
128,43,77.25,38.5,
128,44,77.5,38.5,
128,45,77.75,38.5,
128,46,78.0,38.5,
128,47,78.25,38.5,
128,48,78.5,38.5,
128,49,78.75,38.5,
128,50,79.0,38.5,
128,51,79.25,38.5,
128,52,79.5,38.5,
128,53,79.75,38.5,
128,54,80.0,38.5,
128,55,80.25,38.5,
128,56,80.5,38.5,
128,57,80.75,38.5,
128,58,81.0,38.5,
128,59,81.25,38.5,
128,60,81.5,38.5,
128,61,81.75,38.5,
128,62,82.0,38.5,
128,63,82.25,38.5,
128,64,82.5,38.5,
128,65,82.75,38.5,
128,66,83.0,38.5,
128,67,83.25,38.5,
128,68,83.5,38.5,
128,69,83.75,38.5,
128,70,84.0,38.5,
128,71,84.25,38.5,
128,72,84.5,38.5,
128,73,84.75,38.5,
128,74,85.0,38.5,
128,75,85.25,38.5,
128,76,85.5,38.5,
128,77,85.75,38.5,
128,78,86.0,38.5,
128,79,86.25,38.5,
128,80,86.5,38.5,
128,81,86.75,38.5,
128,82,87.0,38.5,
128,83,87.25,38.5,
128,84,87.5,38.5,
128,85,87.75,38.5,
128,86,88.0,38.5,
128,87,88.25,38.5,
128,88,88.5,38.5,
128,89,88.75,38.5,
128,90,89.0,38.5,
128,91,89.25,38.5,
128,92,89.5,38.5,
128,93,89.75,38.5,
128,94,90.0,38.5,
128,95,90.25,38.5,
128,96,90.5,38.5,
128,97,90.75,38.5,
128,98,91.0,38.5,
128,99,91.25,38.5,
128,100,91.5,38.5,
128,101,91.75,38.5,
128,102,92.0,38.5,
128,103,92.25,38.5,
128,104,92.5,38.5,
128,105,92.75,38.5,
128,106,93.0,38.5,
128,107,93.25,38.5,
128,108,93.5,38.5,
128,109,93.75,38.5,
128,110,94.0,38.5,
128,111,94.25,38.5,
128,112,94.5,38.5,
128,113,94.75,38.5,
128,114,95.0,38.5,
128,115,95.25,38.5,
128,116,95.5,38.5,
128,117,95.75,38.5,
128,118,96.0,38.5,
128,119,96.25,38.5,
128,120,96.5,38.5,
128,121,96.75,38.5,
128,122,97.0,38.5,
128,123,97.25,38.5,
128,124,97.5,38.5,
128,125,97.75,38.5,
128,126,98.0,38.5,
128,127,98.25,38.5,
128,128,98.5,38.5,
128,129,98.75,38.5,
128,130,99.0,38.5,
128,131,99.25,38.5,
128,132,99.5,38.5,
128,133,99.75,38.5,
128,134,100.0,38.5,
77,94,90.0,25.75,53.0
56,25,72.75,20.5,125.0
57,18,71.0,20.75,126.0
89,43,77.25,28.75,127.0
88,43,77.25,28.5,128.0
88,43,77.25,28.5,129.0
89,42,77.0,28.75,130.0
88,43,77.25,28.5,134.0
88,42,77.0,28.5,136.0
89,42,77.0,28.75,137.0
87,43,77.25,28.25,176.0
17,29,73.75,10.75,275.0
50,25,72.75,19.0,345.0
73,109,93.75,24.75,369.0
73,107,93.25,24.75,370.0
72,110,94.0,24.5,379.0
78,109,93.75,26.0,400.0
21,36,75.5,11.75,442.0
41,63,82.25,16.75,444.0
97,40,76.5,30.75,449.0
97,41,76.75,30.75,463.0
44,48,78.5,17.5,543.0
64,87,88.25,22.5,681.0
