cell_row,cell_col,lon,lat,district_id
2,109,93.75,7.0,0.0
7,43,77.25,8.25,611.0
7,44,77.5,8.25,611.0
7,45,77.75,8.25,632.0
8,42,77.0,8.5,336.0
8,43,77.25,8.5,611.0
8,44,77.5,8.5,632.0
8,45,77.75,8.5,632.0
8,46,78.0,8.5,630.0
9,41,76.75,8.75,336.0
9,42,77.0,8.75,336.0
9,43,77.25,8.75,632.0
9,44,77.5,8.75,632.0
9,45,77.75,8.75,632.0
9,46,78.0,8.75,630.0
10,41,76.75,9.0,330.0
10,42,77.0,9.0,330.0
10,43,77.25,9.0,624.0
10,44,77.5,9.0,624.0
10,45,77.75,9.0,630.0
10,46,78.0,9.0,630.0
10,47,78.25,9.0,630.0
11,40,76.5,9.25,325.0
11,41,76.75,9.25,335.0
11,42,77.0,9.25,335.0
11,43,77.25,9.25,335.0
11,44,77.5,9.25,624.0
11,45,77.75,9.25,630.0
11,46,78.0,9.25,630.0
11,47,78.25,9.25,630.0
11,48,78.5,9.25,620.0
11,49,78.75,9.25,620.0
12,40,76.5,9.5,325.0
12,41,76.75,9.5,331.0
12,42,77.0,9.5,327.0
12,43,77.25,9.5,327.0
12,44,77.5,9.5,638.0
12,45,77.75,9.5,638.0
12,46,78.0,9.5,638.0
12,47,78.25,9.5,638.0
12,48,78.5,9.5,620.0
12,49,78.75,9.5,620.0
13,40,76.5,9.75,331.0
13,41,76.75,9.75,331.0
13,42,77.0,9.75,327.0
13,43,77.25,9.75,627.0
13,44,77.5,9.75,627.0
13,45,77.75,9.75,614.0
13,46,78.0,9.75,614.0
13,47,78.25,9.75,638.0
13,48,78.5,9.75,623.0
13,49,78.75,9.75,620.0
13,50,79.0,9.75,620.0
14,39,76.25,10.0,326.0
14,40,76.5,10.0,326.0
14,41,76.75,10.0,326.0
14,42,77.0,10.0,327.0
14,43,77.25,10.0,327.0
14,44,77.5,10.0,627.0
14,45,77.75,10.0,614.0
14,46,78.0,10.0,614.0
14,47,78.25,10.0,614.0
14,48,78.5,10.0,623.0
14,49,78.75,10.0,623.0
14,50,79.0,10.0,619.0
15,39,76.25,10.25,337.0
15,40,76.5,10.25,326.0
15,41,76.75,10.25,326.0
15,42,77.0,10.25,604.0
15,43,77.25,10.25,327.0
15,44,77.5,10.25,607.0
15,45,77.75,10.25,607.0
15,46,78.0,10.25,607.0
15,47,78.25,10.25,607.0
15,48,78.5,10.25,619.0
15,49,78.75,10.25,619.0
15,50,79.0,10.25,619.0
15,51,79.25,10.25,625.0
16,39,76.25,10.5,337.0
16,40,76.5,10.5,334.0
16,41,76.75,10.5,334.0
16,42,77.0,10.5,604.0
16,43,77.25,10.5,634.0
16,44,77.5,10.5,607.0
16,45,77.75,10.5,607.0
16,46,78.0,10.5,607.0
16,47,78.25,10.5,631.0
16,48,78.5,10.5,619.0
16,49,78.75,10.5,619.0
16,50,79.0,10.5,619.0
16,51,79.25,10.5,625.0
16,52,79.5,10.5,629.0
16,53,79.75,10.5,616.0
17,38,76.0,10.75,333.0
17,39,76.25,10.75,334.0
17,40,76.5,10.75,334.0
17,41,76.75,10.75,334.0
17,42,77.0,10.75,604.0
17,43,77.25,10.75,634.0
17,44,77.5,10.75,634.0
17,45,77.75,10.75,634.0
17,46,78.0,10.75,607.0
17,47,78.25,10.75,612.0
17,48,78.5,10.75,612.0
17,49,78.75,10.75,631.0
17,50,79.0,10.75,625.0
17,51,79.25,10.75,625.0
17,52,79.5,10.75,629.0
17,53,79.75,10.75,616.0
18,38,76.0,11.0,333.0
18,39,76.25,11.0,333.0
18,40,76.5,11.0,334.0
18,41,76.75,11.0,604.0
18,42,77.0,11.0,604.0
18,43,77.25,11.0,634.0
18,44,77.5,11.0,634.0
18,45,77.75,11.0,634.0
18,46,78.0,11.0,612.0
18,47,78.25,11.0,631.0
18,48,78.5,11.0,631.0
18,49,78.75,11.0,631.0
18,50,79.0,11.0,601.0
18,51,79.25,11.0,601.0
18,52,79.5,11.0,625.0
18,53,79.75,11.0,518.0
19,38,76.0,11.25,333.0
19,39,76.25,11.25,333.0
19,40,76.5,11.25,626.0
19,41,76.75,11.25,626.0
19,42,77.0,11.25,604.0
19,43,77.25,11.25,634.0
19,44,77.5,11.25,608.0
19,45,77.75,11.25,608.0
19,46,78.0,11.25,617.0
19,47,78.25,11.25,617.0
19,48,78.5,11.25,631.0
19,49,78.75,11.25,618.0
19,50,79.0,11.25,618.0
19,51,79.25,11.25,601.0
19,52,79.5,11.25,605.0
19,53,79.75,11.25,615.0
20,37,75.75,11.5,332.0
20,38,76.0,11.5,332.0
20,39,76.25,11.5,333.0
20,40,76.5,11.5,626.0
20,41,76.75,11.5,626.0
20,42,77.0,11.5,608.0
20,43,77.25,11.5,608.0
20,44,77.5,11.5,608.0
20,45,77.75,11.5,622.0
20,46,78.0,11.5,617.0
20,47,78.25,11.5,617.0
20,48,78.5,11.5,622.0
20,49,78.75,11.5,622.0
20,50,79.0,11.5,605.0
20,51,79.25,11.5,605.0
20,52,79.5,11.5,605.0
20,53,79.75,11.5,605.0
21,36,75.5,11.75,328.0
21,37,75.75,11.75,332.0
21,38,76.0,11.75,338.0
21,39,76.25,11.75,338.0
21,40,76.5,11.75,300.0
21,41,76.75,11.75,300.0
21,42,77.0,11.75,608.0
21,43,77.25,11.75,608.0
21,44,77.5,11.75,608.0
21,45,77.75,11.75,622.0
21,46,78.0,11.75,622.0
21,47,78.25,11.75,622.0
21,48,78.5,11.75,622.0
21,49,78.75,11.75,609.0
21,50,79.0,11.75,609.0
21,51,79.25,11.75,609.0
21,52,79.5,11.75,605.0
21,53,79.75,11.75,605.0
21,105,92.75,11.75,2.0
22,36,75.5,12.0,328.0
22,37,75.75,12.0,328.0
22,38,76.0,12.0,311.0
22,39,76.25,12.0,315.0
22,40,76.5,12.0,315.0
22,41,76.75,12.0,315.0
22,42,77.0,12.0,300.0
22,43,77.25,12.0,300.0
22,44,77.5,12.0,300.0
22,45,77.75,12.0,606.0
22,46,78.0,12.0,606.0
22,47,78.25,12.0,606.0
22,48,78.5,12.0,606.0
22,49,78.75,12.0,609.0
22,50,79.0,12.0,609.0
22,51,79.25,12.0,637.0
22,52,79.5,12.0,637.0
22,53,79.75,12.0,520.0
22,105,92.75,12.0,2.0
23,35,75.25,12.25,329.0
23,36,75.5,12.25,328.0
23,37,75.75,12.25,311.0
23,38,76.0,12.25,311.0
23,39,76.25,12.25,315.0
23,40,76.5,12.25,315.0
23,41,76.75,12.25,315.0
23,42,77.0,12.25,314.0
23,43,77.25,12.25,300.0
23,44,77.5,12.25,613.0
23,45,77.75,12.25,613.0
23,46,78.0,12.25,606.0
23,47,78.25,12.25,606.0
23,48,78.5,12.25,613.0
23,49,78.75,12.25,635.0
23,50,79.0,12.25,635.0
23,51,79.25,12.25,637.0
23,52,79.5,12.25,637.0
23,53,79.75,12.25,637.0
23,54,80.0,12.25,637.0
24,34,75.0,12.5,329.0
24,35,75.25,12.5,329.0
24,36,75.5,12.5,304.0
24,37,75.75,12.5,311.0
24,38,76.0,12.5,315.0
24,39,76.25,12.5,315.0
24,40,76.5,12.5,314.0
24,41,76.75,12.5,314.0
24,42,77.0,12.5,314.0
24,43,77.25,12.5,317.0
24,44,77.5,12.5,317.0
24,45,77.75,12.5,613.0
24,46,78.0,12.5,606.0
24,47,78.25,12.5,613.0
24,48,78.5,12.5,633.0
24,49,78.75,12.5,633.0
24,50,79.0,12.5,635.0
24,51,79.25,12.5,635.0
24,52,79.5,12.5,635.0
24,53,79.75,12.5,602.0
24,54,80.0,12.5,602.0
24,105,92.75,12.5,1.0
25,34,75.0,12.75,304.0
25,35,75.25,12.75,304.0
25,36,75.5,12.75,304.0
25,37,75.75,12.75,308.0
25,38,76.0,12.75,308.0
25,39,76.25,12.75,308.0
25,40,76.5,12.75,314.0
25,41,76.75,12.75,314.0
25,42,77.0,12.75,314.0
25,43,77.25,12.75,317.0
25,44,77.5,12.75,298.0
25,45,77.75,12.75,298.0
25,46,78.0,12.75,613.0
25,47,78.25,12.75,8.0
25,48,78.5,12.75,8.0
25,49,78.75,12.75,633.0
25,50,79.0,12.75,636.0
25,51,79.25,12.75,635.0
25,52,79.5,12.75,635.0
25,53,79.75,12.75,610.0
25,54,80.0,12.75,602.0
25,105,92.75,12.75,1.0
26,34,75.0,13.0,304.0
26,35,75.25,13.0,304.0
26,36,75.5,13.0,304.0
26,37,75.75,13.0,308.0
26,38,76.0,13.0,308.0
26,39,76.25,13.0,308.0
26,40,76.5,13.0,308.0
26,41,76.75,13.0,314.0
26,42,77.0,13.0,319.0
26,43,77.25,13.0,317.0
26,44,77.5,13.0,298.0
26,45,77.75,13.0,298.0
26,46,78.0,13.0,312.0
26,47,78.25,13.0,312.0
26,48,78.5,13.0,8.0
26,49,78.75,13.0,636.0
26,50,79.0,13.0,636.0
26,51,79.25,13.0,636.0
26,52,79.5,13.0,621.0
26,53,79.75,13.0,610.0
26,54,80.0,13.0,610.0
26,55,80.25,13.0,603.0
27,33,74.75,13.25,320.0
27,34,75.0,13.25,320.0
27,35,75.25,13.25,302.0
27,36,75.5,13.25,302.0
27,37,75.75,13.25,302.0
27,38,76.0,13.25,308.0
27,39,76.25,13.25,308.0
27,40,76.5,13.25,319.0
27,41,76.75,13.25,319.0
27,42,77.0,13.25,319.0
27,43,77.25,13.25,297.0
27,44,77.5,13.25,297.0
27,45,77.75,13.25,297.0
27,46,78.0,13.25,312.0
27,47,78.25,13.25,312.0
27,48,78.5,13.25,312.0
27,49,78.75,13.25,8.0
27,50,79.0,13.25,8.0
27,51,79.25,13.25,8.0
27,52,79.5,13.25,628.0
27,54,80.0,13.25,628.0
27,55,80.25,13.25,628.0
28,33,74.75,13.5,320.0
28,34,75.0,13.5,320.0
28,35,75.25,13.5,302.0
28,36,75.5,13.5,302.0
28,37,75.75,13.5,302.0
28,38,76.0,13.5,302.0
28,39,76.25,13.5,308.0
28,40,76.5,13.5,319.0
28,41,76.75,13.5,319.0
28,42,77.0,13.5,319.0
28,43,77.25,13.5,319.0
28,44,77.5,13.5,301.0
28,45,77.75,13.5,301.0
28,46,78.0,13.5,301.0
28,47,78.25,13.5,312.0
28,48,78.5,13.5,6.0
28,49,78.75,13.5,8.0
28,50,79.0,13.5,24.0
28,51,79.25,13.5,24.0
28,52,79.5,13.5,24.0
28,53,79.75,13.5,24.0
28,54,80.0,13.5,24.0
28,55,80.25,13.5,24.0
29,33,74.75,13.75,320.0
29,34,75.0,13.75,318.0
29,35,75.25,13.75,318.0
29,36,75.5,13.75,302.0
29,37,75.75,13.75,302.0
29,38,76.0,13.75,302.0
29,39,76.25,13.75,303.0
29,40,76.5,13.75,303.0
29,41,76.75,13.75,319.0
29,42,77.0,13.75,22.0
29,43,77.25,13.75,319.0
29,44,77.5,13.75,22.0
29,45,77.75,13.75,301.0
29,46,78.0,13.75,301.0
29,47,78.25,13.75,6.0
29,48,78.5,13.75,6.0
29,49,78.75,13.75,6.0
29,50,79.0,13.75,6.0
29,51,79.25,13.75,24.0
29,52,79.5,13.75,24.0
29,53,79.75,13.75,24.0
29,54,80.0,13.75,24.0
30,33,74.75,14.0,318.0
30,34,75.0,14.0,318.0
30,35,75.25,14.0,318.0
30,36,75.5,14.0,318.0
30,37,75.75,14.0,318.0
30,38,76.0,14.0,305.0
30,39,76.25,14.0,303.0
30,40,76.5,14.0,303.0
30,41,76.75,14.0,303.0
30,42,77.0,14.0,22.0
30,43,77.25,14.0,22.0
30,44,77.5,14.0,22.0
30,45,77.75,14.0,22.0
30,46,78.0,14.0,22.0
30,47,78.25,14.0,22.0
30,48,78.5,14.0,6.0
30,49,78.75,14.0,6.0
30,50,79.0,14.0,6.0
30,51,79.25,14.0,6.0
30,52,79.5,14.0,24.0
30,53,79.75,14.0,24.0
30,54,80.0,14.0,24.0
31,32,74.5,14.25,321.0
31,33,74.75,14.25,318.0
31,34,75.0,14.25,318.0
31,35,75.25,14.25,318.0
31,36,75.5,14.25,318.0
31,37,75.75,14.25,305.0
31,38,76.0,14.25,305.0
31,39,76.25,14.25,303.0
31,40,76.5,14.25,303.0
31,41,76.75,14.25,303.0
31,42,77.0,14.25,5.0
31,45,77.75,14.25,22.0
31,46,78.0,14.25,22.0
31,47,78.25,14.25,22.0
31,48,78.5,14.25,28.0
31,49,78.75,14.25,6.0
31,50,79.0,14.25,6.0
31,51,79.25,14.25,6.0
31,52,79.5,14.25,21.0
31,53,79.75,14.25,21.0
31,54,80.0,14.25,21.0
32,32,74.5,14.5,321.0
32,33,74.75,14.5,321.0
32,34,75.0,14.5,321.0
32,35,75.25,14.5,318.0
32,36,75.5,14.5,309.0
32,37,75.75,14.5,305.0
32,38,76.0,14.5,305.0
32,39,76.25,14.5,305.0
32,40,76.5,14.5,303.0
32,41,76.75,14.5,303.0
32,42,77.0,14.5,5.0
32,43,77.25,14.5,5.0
32,44,77.5,14.5,5.0
32,45,77.75,14.5,22.0
32,46,78.0,14.5,28.0
32,47,78.25,14.5,28.0
32,48,78.5,14.5,28.0
32,49,78.75,14.5,28.0
32,50,79.0,14.5,28.0
32,51,79.25,14.5,28.0
32,52,79.5,14.5,21.0
32,53,79.75,14.5,21.0
32,54,80.0,14.5,21.0
33,31,74.25,14.75,321.0
33,32,74.5,14.75,321.0
33,33,74.75,14.75,321.0
33,34,75.0,14.75,321.0
33,35,75.25,14.75,309.0
33,36,75.5,14.75,309.0
33,37,75.75,14.75,322.0
33,38,76.0,14.75,322.0
33,39,76.25,14.75,322.0
33,40,76.5,14.75,322.0
33,41,76.75,14.75,303.0
33,42,77.0,14.75,5.0
33,43,77.25,14.75,5.0
33,44,77.5,14.75,5.0
33,45,77.75,14.75,5.0
33,46,78.0,14.75,5.0
33,47,78.25,14.75,28.0
33,48,78.5,14.75,28.0
33,49,78.75,14.75,28.0
33,50,79.0,14.75,28.0
33,51,79.25,14.75,21.0
33,52,79.5,14.75,21.0
33,53,79.75,14.75,21.0
33,54,80.0,14.75,21.0
34,31,74.25,15.0,179.0
34,32,74.5,15.0,321.0
34,33,74.75,15.0,321.0
34,34,75.0,15.0,321.0
34,35,75.25,15.0,309.0
34,36,75.5,15.0,309.0
34,37,75.75,15.0,307.0
34,38,76.0,15.0,322.0
34,39,76.25,15.0,322.0
34,40,76.5,15.0,295.0
34,41,76.75,15.0,295.0
34,42,77.0,15.0,5.0
34,43,77.25,15.0,5.0
34,44,77.5,15.0,5.0
34,45,77.75,15.0,5.0
34,46,78.0,15.0,5.0
34,47,78.25,15.0,28.0
34,48,78.5,15.0,28.0
34,49,78.75,15.0,28.0
34,50,79.0,15.0,28.0
34,51,79.25,15.0,21.0
34,52,79.5,15.0,21.0
34,53,79.75,15.0,21.0
34,54,80.0,15.0,21.0
35,30,74.0,15.25,179.0
35,31,74.25,15.25,179.0
35,32,74.5,15.25,321.0
35,33,74.75,15.25,321.0
35,34,75.0,15.25,306.0
35,35,75.25,15.25,306.0
35,36,75.5,15.25,307.0
35,37,75.75,15.25,307.0
35,38,76.0,15.25,313.0
35,39,76.25,15.25,313.0
35,40,76.5,15.25,322.0
35,41,76.75,15.25,295.0
35,42,77.0,15.25,295.0
35,43,77.25,15.25,15.0
35,44,77.5,15.25,15.0
35,45,77.75,15.25,16.0
35,46,78.0,15.25,16.0
35,47,78.25,15.25,16.0
35,48,78.5,15.25,16.0
35,49,78.75,15.25,20.0
35,50,79.0,15.25,20.0
35,51,79.25,15.25,20.0
35,52,79.5,15.25,20.0
35,53,79.75,15.25,20.0
35,54,80.0,15.25,20.0
36,30,74.0,15.5,178.0
36,31,74.25,15.5,178.0
36,32,74.5,15.5,296.0
36,33,74.75,15.5,296.0
36,34,75.0,15.5,306.0
36,35,75.25,15.5,306.0
36,36,75.5,15.5,307.0
36,37,75.75,15.5,307.0
36,38,76.0,15.5,313.0
36,39,76.25,15.5,313.0
36,40,76.5,15.5,313.0
36,41,76.75,15.5,313.0
36,42,77.0,15.5,15.0
36,43,77.25,15.5,15.0
36,44,77.5,15.5,15.0
36,45,77.75,15.5,15.0
36,46,78.0,15.5,15.0
36,47,78.25,15.5,16.0
36,48,78.5,15.5,16.0
36,49,78.75,15.5,16.0
36,50,79.0,15.5,20.0
36,51,79.25,15.5,20.0
36,52,79.5,15.5,20.0
36,53,79.75,15.5,20.0
36,54,80.0,15.5,20.0
37,29,73.75,15.75,427.0
37,30,74.0,15.75,427.0
37,31,74.25,15.75,412.0
37,32,74.5,15.75,296.0
37,33,74.75,15.75,296.0
37,34,75.0,15.75,296.0
37,35,75.25,15.75,296.0
37,36,75.5,15.75,307.0
37,37,75.75,15.75,307.0
37,38,76.0,15.75,307.0
37,39,76.25,15.75,313.0
37,40,76.5,15.75,316.0
37,41,76.75,15.75,316.0
37,42,77.0,15.75,295.0
37,43,77.25,15.75,15.0
37,44,77.5,15.75,15.0
37,45,77.75,15.75,15.0
37,46,78.0,15.75,15.0
37,47,78.25,15.75,16.0
37,48,78.5,15.75,16.0
37,49,78.75,15.75,16.0
37,50,79.0,15.75,20.0
37,51,79.25,15.75,20.0
37,52,79.5,15.75,20.0
37,53,79.75,15.75,20.0
37,54,80.0,15.75,7.0
37,55,80.25,15.75,7.0
37,58,81.0,15.75,14.0
38,28,73.5,16.0,427.0
38,29,73.75,16.0,427.0
38,30,74.0,16.0,427.0
38,31,74.25,16.0,412.0
38,32,74.5,16.0,296.0
38,33,74.75,16.0,296.0
38,34,75.0,16.0,296.0
38,35,75.25,16.0,296.0
38,36,75.5,16.0,294.0
38,37,75.75,16.0,294.0
38,38,76.0,16.0,313.0
38,39,76.25,16.0,294.0
38,40,76.5,16.0,316.0
38,41,76.75,16.0,316.0
38,42,77.0,16.0,316.0
38,43,77.25,16.0,316.0
38,44,77.5,16.0,316.0
38,45,77.75,16.0,646.0
38,46,78.0,16.0,646.0
38,47,78.25,16.0,669.0
38,48,78.5,16.0,16.0
38,49,78.75,16.0,16.0
38,50,79.0,16.0,20.0
38,51,79.25,16.0,20.0
38,52,79.5,16.0,20.0
38,53,79.75,16.0,18.0
38,54,80.0,16.0,7.0
38,55,80.25,16.0,7.0
38,56,80.5,16.0,12.0
38,57,80.75,16.0,7.0
38,58,81.0,16.0,14.0
39,28,73.5,16.25,427.0
39,29,73.75,16.25,427.0
39,30,74.0,16.25,412.0
39,31,74.25,16.25,412.0
39,32,74.5,16.25,296.0
39,33,74.75,16.25,296.0
39,34,75.0,16.25,296.0
39,35,75.25,16.25,294.0
39,36,75.5,16.25,294.0
39,37,75.75,16.25,294.0
39,38,76.0,16.25,294.0
39,39,76.25,16.25,323.0
39,40,76.5,16.25,316.0
39,41,76.75,16.25,316.0
39,42,77.0,16.25,316.0
39,43,77.25,16.25,316.0
39,44,77.5,16.25,646.0
39,45,77.75,16.25,646.0
39,46,78.0,16.25,669.0
39,47,78.25,16.25,657.0
39,48,78.5,16.25,657.0
39,49,78.75,16.25,657.0
39,50,79.0,16.25,657.0
39,51,79.25,16.25,18.0
39,52,79.5,16.25,20.0
39,53,79.75,16.25,18.0
39,54,80.0,16.25,18.0
39,55,80.25,16.25,18.0
39,56,80.5,16.25,12.0
39,57,80.75,16.25,12.0
39,58,81.0,16.25,14.0
40,28,73.5,16.5,427.0
40,29,73.75,16.5,427.0
40,30,74.0,16.5,412.0
40,31,74.25,16.5,412.0
40,32,74.5,16.5,296.0
40,33,74.75,16.5,296.0
40,34,75.0,16.5,294.0
40,35,75.25,16.5,294.0
40,36,75.5,16.5,323.0
40,37,75.75,16.5,323.0
40,38,76.0,16.5,323.0
40,39,76.25,16.5,323.0
40,40,76.5,16.5,324.0
40,41,76.75,16.5,324.0
40,42,77.0,16.5,316.0
40,43,77.25,16.5,324.0
40,44,77.5,16.5,659.0
40,45,77.75,16.5,659.0
40,46,78.0,16.5,669.0
40,47,78.25,16.5,657.0
40,48,78.5,16.5,657.0
40,49,78.75,16.5,657.0
40,50,79.0,16.5,658.0
40,51,79.25,16.5,18.0
40,52,79.5,16.5,18.0
40,53,79.75,16.5,18.0
40,54,80.0,16.5,18.0
40,55,80.25,16.5,18.0
40,56,80.5,16.5,12.0
40,57,80.75,16.5,14.0
40,58,81.0,16.5,14.0
40,59,81.25,16.5,11.0
40,60,81.5,16.5,27.0
40,61,81.75,16.5,27.0
40,62,82.0,16.5,9.0
41,28,73.5,16.75,424.0
41,29,73.75,16.75,424.0
41,30,74.0,16.75,412.0
41,31,74.25,16.75,412.0
41,32,74.5,16.75,412.0
41,33,74.75,16.75,425.0
41,34,75.0,16.75,296.0
41,35,75.25,16.75,296.0
41,36,75.5,16.75,323.0
41,37,75.75,16.75,323.0
41,38,76.0,16.75,323.0
41,39,76.25,16.75,323.0
41,40,76.5,16.75,310.0
41,41,76.75,16.75,324.0
41,42,77.0,16.75,324.0
41,43,77.25,16.75,324.0
41,44,77.5,16.75,659.0
41,45,77.75,16.75,652.0
41,46,78.0,16.75,652.0
41,47,78.25,16.75,652.0
41,48,78.5,16.75,657.0
41,49,78.75,16.75,657.0
41,50,79.0,16.75,658.0
41,51,79.25,16.75,658.0
41,52,79.5,16.75,658.0
41,53,79.75,16.75,667.0
41,54,80.0,16.75,667.0
41,55,80.25,16.75,17.0
41,56,80.5,16.75,17.0
41,57,80.75,16.75,11.0
41,58,81.0,16.75,11.0
41,59,81.25,16.75,11.0
41,60,81.5,16.75,27.0
41,61,81.75,16.75,10.0
41,62,82.0,16.75,9.0
41,63,82.25,16.75,13.0
42,28,73.5,17.0,424.0
42,29,73.75,17.0,424.0
42,30,74.0,17.0,425.0
42,31,74.25,17.0,425.0
42,32,74.5,17.0,425.0
42,33,74.75,17.0,425.0
42,34,75.0,17.0,425.0
42,35,75.25,17.0,425.0
42,36,75.5,17.0,425.0
42,37,75.75,17.0,323.0
42,38,76.0,17.0,323.0
42,39,76.25,17.0,323.0
42,40,76.5,17.0,310.0
42,41,76.75,17.0,310.0
42,42,77.0,17.0,310.0
42,43,77.25,17.0,310.0
42,44,77.5,17.0,668.0
42,45,77.75,17.0,659.0
42,46,78.0,17.0,664.0
42,47,78.25,17.0,664.0
42,48,78.5,17.0,664.0
42,49,78.75,17.0,664.0
42,50,79.0,17.0,658.0
42,51,79.25,17.0,658.0
42,52,79.5,17.0,658.0
42,53,79.75,17.0,667.0
42,54,80.0,17.0,667.0
42,55,80.25,17.0,17.0
42,56,80.5,17.0,17.0
42,57,80.75,17.0,17.0
42,58,81.0,17.0,11.0
42,59,81.25,17.0,11.0
42,60,81.5,17.0,10.0
42,61,81.75,17.0,10.0
42,62,82.0,17.0,10.0
42,63,82.25,17.0,13.0
43,27,73.25,17.25,424.0
43,28,73.5,17.25,424.0
43,29,73.75,17.25,425.0
43,30,74.0,17.25,426.0
43,31,74.25,17.25,426.0
43,32,74.5,17.25,425.0
43,33,74.75,17.25,425.0
43,34,75.0,17.25,428.0
43,35,75.25,17.25,428.0
43,36,75.5,17.25,428.0
43,37,75.75,17.25,323.0
43,38,76.0,17.25,323.0
43,39,76.25,17.25,310.0
43,40,76.5,17.25,310.0
43,41,76.75,17.25,310.0
43,42,77.0,17.25,310.0
43,43,77.25,17.25,310.0
43,44,77.5,17.25,668.0
43,45,77.75,17.25,668.0
43,46,78.0,17.25,668.0
43,47,78.25,17.25,664.0
43,48,78.5,17.25,664.0
43,49,78.75,17.25,664.0
43,50,79.0,17.25,658.0
43,51,79.25,17.25,658.0
43,52,79.5,17.25,667.0
43,53,79.75,17.25,667.0
43,54,80.0,17.25,649.0
43,55,80.25,17.25,649.0
43,56,80.5,17.25,649.0
43,57,80.75,17.25,649.0
43,58,81.0,17.25,640.0
43,59,81.25,17.25,11.0
43,60,81.5,17.25,11.0
43,61,81.75,17.25,3.0
43,62,82.0,17.25,13.0
43,63,82.25,17.25,13.0
43,64,82.5,17.25,13.0
44,27,73.25,17.5,424.0
44,28,73.5,17.5,424.0
44,29,73.75,17.5,426.0
44,30,74.0,17.5,426.0
44,31,74.25,17.5,426.0
44,32,74.5,17.5,426.0
44,33,74.75,17.5,426.0
44,34,75.0,17.5,428.0
44,35,75.25,17.5,428.0
44,36,75.5,17.5,428.0
44,37,75.75,17.5,428.0
44,38,76.0,17.5,428.0
44,39,76.25,17.5,428.0
44,40,76.5,17.5,310.0
44,41,76.75,17.5,310.0
44,42,77.0,17.5,310.0
44,43,77.25,17.5,310.0
44,44,77.5,17.5,310.0
44,45,77.75,17.5,668.0
44,46,78.0,17.5,665.0
44,47,78.25,17.5,665.0
44,48,78.5,17.5,655.0
44,49,78.75,17.5,671.0
44,50,79.0,17.5,671.0
44,51,79.25,17.5,671.0
44,52,79.5,17.5,644.0
44,53,79.75,17.5,651.0
44,54,80.0,17.5,651.0
44,55,80.25,17.5,649.0
44,56,80.5,17.5,640.0
44,57,80.75,17.5,640.0
44,58,81.0,17.5,640.0
44,59,81.25,17.5,11.0
44,60,81.5,17.5,3.0
44,61,81.75,17.5,3.0
44,62,82.0,17.5,3.0
44,63,82.25,17.5,3.0
44,64,82.5,17.5,13.0
44,65,82.75,17.5,4.0
44,66,83.0,17.5,4.0
45,27,73.25,17.75,424.0
45,28,73.5,17.75,424.0
45,29,73.75,17.75,426.0
45,30,74.0,17.75,426.0
45,31,74.25,17.75,426.0
45,32,74.5,17.75,426.0
45,33,74.75,17.75,426.0
45,34,75.0,17.75,428.0
45,35,75.25,17.75,428.0
45,36,75.5,17.75,428.0
45,37,75.75,17.75,428.0
45,38,76.0,17.75,428.0
45,39,76.25,17.75,405.0
45,40,76.5,17.75,405.0
45,41,76.75,17.75,299.0
45,42,77.0,17.75,299.0
45,43,77.25,17.75,299.0
45,44,77.5,17.75,299.0
45,45,77.75,17.75,665.0
45,46,78.0,17.75,665.0
45,47,78.25,17.75,654.0
45,48,78.5,17.75,654.0
45,49,78.75,17.75,666.0
45,50,79.0,17.75,644.0
45,51,79.25,17.75,644.0
45,52,79.5,17.75,670.0
45,53,79.75,17.75,670.0
45,54,80.0,17.75,651.0
45,55,80.25,17.75,651.0
45,56,80.5,17.75,640.0
45,57,80.75,17.75,640.0
45,58,81.0,17.75,640.0
45,59,81.25,17.75,3.0
45,60,81.5,17.75,3.0
45,61,81.75,17.75,3.0
45,62,82.0,17.75,3.0
45,63,82.25,17.75,3.0
45,64,82.5,17.75,3.0
45,65,82.75,17.75,4.0
45,66,83.0,17.75,4.0
45,67,83.25,17.75,25.0
46,27,73.25,18.0,424.0
46,28,73.5,18.0,423.0
46,29,73.75,18.0,426.0
46,30,74.0,18.0,426.0
46,31,74.25,18.0,426.0
46,32,74.5,18.0,426.0
46,33,74.75,18.0,428.0
46,34,75.0,18.0,422.0
46,35,75.25,18.0,428.0
46,36,75.5,18.0,428.0
46,37,75.75,18.0,428.0
46,38,76.0,18.0,405.0
46,39,76.25,18.0,405.0
46,40,76.5,18.0,405.0
46,41,76.75,18.0,413.0
46,42,77.0,18.0,299.0
46,43,77.25,18.0,299.0
46,44,77.5,18.0,299.0
46,45,77.75,18.0,665.0
46,46,78.0,18.0,654.0
46,47,78.25,18.0,654.0
46,48,78.5,18.0,654.0
46,49,78.75,18.0,666.0
46,50,79.0,18.0,666.0
46,51,79.25,18.0,641.0
46,52,79.5,18.0,641.0
46,53,79.75,18.0,670.0
46,54,80.0,18.0,651.0
46,55,80.25,18.0,651.0
46,56,80.5,18.0,640.0
46,57,80.75,18.0,640.0
46,58,81.0,18.0,159.0
46,59,81.25,18.0,159.0
46,60,81.5,18.0,508.0
46,61,81.75,18.0,508.0
46,62,82.0,18.0,3.0
46,63,82.25,18.0,508.0
46,64,82.5,18.0,3.0
46,65,82.75,18.0,3.0
46,66,83.0,18.0,4.0
46,67,83.25,18.0,26.0
46,68,83.5,18.0,26.0
47,26,73.0,18.25,423.0
47,27,73.25,18.25,423.0
47,28,73.5,18.25,423.0
47,29,73.75,18.25,422.0
47,30,74.0,18.25,422.0
47,31,74.25,18.25,422.0
47,32,74.5,18.25,422.0
47,33,74.75,18.25,422.0
47,34,75.0,18.25,428.0
47,35,75.25,18.25,428.0
47,36,75.5,18.25,405.0
47,37,75.75,18.25,428.0
47,38,76.0,18.25,405.0
47,39,76.25,18.25,405.0
47,40,76.5,18.25,413.0
47,41,76.75,18.25,413.0
47,42,77.0,18.25,413.0
47,43,77.25,18.25,299.0
47,44,77.5,18.25,299.0
47,45,77.75,18.25,647.0
47,46,78.0,18.25,647.0
47,47,78.25,18.25,647.0
47,48,78.5,18.25,647.0
47,49,78.75,18.25,663.0
47,50,79.0,18.25,666.0
47,51,79.25,18.25,648.0
47,52,79.5,18.25,648.0
47,53,79.75,18.25,645.0
47,54,80.0,18.25,656.0
47,55,80.25,18.25,656.0
47,56,80.5,18.25,656.0
47,57,80.75,18.25,656.0
47,58,81.0,18.25,135.0
47,59,81.25,18.25,159.0
47,60,81.5,18.25,159.0
47,61,81.75,18.25,508.0
47,62,82.0,18.25,508.0
47,63,82.25,18.25,508.0
47,64,82.5,18.25,3.0
47,65,82.75,18.25,3.0
47,66,83.0,18.25,3.0
47,67,83.25,18.25,3.0
47,68,83.5,18.25,26.0
47,69,83.75,18.25,23.0
47,70,84.0,18.25,23.0
48,26,73.0,18.5,423.0
48,27,73.25,18.5,423.0
48,28,73.5,18.5,422.0
48,29,73.75,18.5,422.0
48,30,74.0,18.5,422.0
48,31,74.25,18.5,422.0
48,32,74.5,18.5,422.0
48,33,74.75,18.5,397.0
48,34,75.0,18.5,397.0
48,35,75.25,18.5,428.0
48,36,75.5,18.5,405.0
48,37,75.75,18.5,405.0
48,38,76.0,18.5,405.0
48,39,76.25,18.5,405.0
48,40,76.5,18.5,413.0
48,41,76.75,18.5,413.0
48,42,77.0,18.5,413.0
48,43,77.25,18.5,417.0
48,44,77.5,18.5,417.0
48,45,77.75,18.5,647.0
48,46,78.0,18.5,661.0
48,47,78.25,18.5,661.0
48,48,78.5,18.5,661.0
48,49,78.75,18.5,663.0
48,50,79.0,18.5,648.0
48,51,79.25,18.5,662.0
48,52,79.5,18.5,662.0
48,53,79.75,18.5,645.0
48,54,80.0,18.5,645.0
48,55,80.25,18.5,656.0
48,56,80.5,18.5,656.0
48,57,80.75,18.5,135.0
48,58,81.0,18.5,135.0
48,59,81.25,18.5,159.0
48,60,81.5,18.5,159.0
48,61,81.75,18.5,159.0
48,62,82.0,18.5,508.0
48,63,82.25,18.5,508.0
48,64,82.5,18.5,3.0
48,65,82.75,18.5,507.0
48,66,83.0,18.5,507.0
48,67,83.25,18.5,26.0
48,68,83.5,18.5,26.0
48,69,83.75,18.5,26.0
48,70,84.0,18.5,23.0
48,71,84.25,18.5,23.0
49,26,73.0,18.75,423.0
49,27,73.25,18.75,423.0
49,28,73.5,18.75,422.0
49,29,73.75,18.75,422.0
49,30,74.0,18.75,422.0
49,31,74.25,18.75,422.0
49,32,74.5,18.75,397.0
49,33,74.75,18.75,397.0
49,34,75.0,18.75,397.0
49,35,75.25,18.75,400.0
49,36,75.5,18.75,400.0
49,37,75.75,18.75,400.0
49,38,76.0,18.75,400.0
49,39,76.25,18.75,400.0
49,40,76.5,18.75,400.0
49,41,76.75,18.75,413.0
49,42,77.0,18.75,413.0
49,43,77.25,18.75,417.0
49,44,77.5,18.75,417.0
49,45,77.75,18.75,417.0
49,46,78.0,18.75,661.0
49,47,78.25,18.75,661.0
49,48,78.5,18.75,661.0
49,49,78.75,18.75,643.0
49,50,79.0,18.75,643.0
49,51,79.25,18.75,662.0
49,52,79.5,18.75,662.0
49,53,79.75,18.75,653.0
49,54,80.0,18.75,645.0
49,55,80.25,18.75,407.0
49,56,80.5,18.75,135.0
49,57,80.75,18.75,135.0
49,58,81.0,18.75,135.0
49,59,81.25,18.75,137.0
49,60,81.5,18.75,137.0
49,61,81.75,18.75,137.0
49,62,82.0,18.75,133.0
49,63,82.25,18.75,507.0
49,64,82.5,18.75,507.0
49,65,82.75,18.75,507.0
49,66,83.0,18.75,507.0
49,67,83.25,18.75,19.0
49,68,83.5,18.75,19.0
49,69,83.75,18.75,19.0
49,70,84.0,18.75,23.0
49,71,84.25,18.75,23.0
49,72,84.5,18.75,23.0
50,26,73.0,19.0,429.0
50,27,73.25,19.0,423.0
50,28,73.5,19.0,423.0
50,29,73.75,19.0,422.0
50,30,74.0,19.0,422.0
50,31,74.25,19.0,397.0
50,32,74.5,19.0,397.0
50,33,74.75,19.0,397.0
50,34,75.0,19.0,400.0
50,35,75.25,19.0,400.0
50,36,75.5,19.0,400.0
50,37,75.75,19.0,400.0
50,38,76.0,19.0,400.0
50,39,76.25,19.0,400.0
50,40,76.5,19.0,421.0
50,41,76.75,19.0,421.0
50,42,77.0,19.0,421.0
50,43,77.25,19.0,417.0
50,44,77.5,19.0,417.0
50,45,77.75,19.0,417.0
50,46,78.0,19.0,660.0
50,47,78.25,19.0,661.0
50,48,78.5,19.0,660.0
50,49,78.75,19.0,643.0
50,50,79.0,19.0,643.0
50,51,79.25,19.0,653.0
50,52,79.5,19.0,653.0
50,53,79.75,19.0,653.0
50,54,80.0,19.0,407.0
50,55,80.25,19.0,407.0
50,56,80.5,19.0,135.0
50,57,80.75,19.0,135.0
50,58,81.0,19.0,135.0
50,59,81.25,19.0,137.0
50,60,81.5,19.0,133.0
50,61,81.75,19.0,133.0
50,62,82.0,19.0,133.0
50,63,82.25,19.0,507.0
50,64,82.5,19.0,507.0
50,65,82.75,19.0,507.0
50,66,83.0,19.0,507.0
50,67,83.25,19.0,507.0
50,68,83.5,19.0,19.0
50,69,83.75,19.0,514.0
50,70,84.0,19.0,497.0
50,71,84.25,19.0,497.0
50,72,84.5,19.0,23.0
51,26,73.0,19.25,429.0
51,27,73.25,19.25,429.0
51,28,73.5,19.25,429.0
51,29,73.75,19.25,422.0
51,30,74.0,19.25,422.0
51,31,74.25,19.25,397.0
51,32,74.5,19.25,397.0
51,33,74.75,19.25,397.0
51,34,75.0,19.25,397.0
51,35,75.25,19.25,397.0
51,36,75.5,19.25,400.0
51,37,75.75,19.25,400.0
51,38,76.0,19.25,400.0
51,39,76.25,19.25,421.0
51,40,76.5,19.25,421.0
51,41,76.75,19.25,421.0
51,42,77.0,19.25,421.0
51,43,77.25,19.25,417.0
51,44,77.5,19.25,417.0
51,45,77.75,19.25,417.0
51,46,78.0,19.25,660.0
51,47,78.25,19.25,660.0
51,48,78.5,19.25,639.0
51,49,78.75,19.25,660.0
51,50,79.0,19.25,650.0
51,51,79.25,19.25,650.0
51,52,79.5,19.25,650.0
51,53,79.75,19.25,650.0
51,54,80.0,19.25,407.0
51,55,80.25,19.25,407.0
51,56,80.5,19.25,135.0
51,57,80.75,19.25,135.0
51,58,81.0,19.25,153.0
51,59,81.25,19.25,153.0
51,60,81.5,19.25,146.0
51,61,81.75,19.25,133.0
51,62,82.0,19.25,133.0
51,63,82.25,19.25,510.0
51,64,82.5,19.25,510.0
51,65,82.75,19.25,510.0
51,66,83.0,19.25,514.0
51,67,83.25,19.25,514.0
51,68,83.5,19.25,514.0
51,69,83.75,19.25,514.0
51,70,84.0,19.25,497.0
51,71,84.25,19.25,497.0
51,72,84.5,19.25,498.0
51,73,84.75,19.25,498.0
52,25,72.75,19.5,420.0
52,26,73.0,19.5,420.0
52,27,73.25,19.5,429.0
52,28,73.5,19.5,429.0
52,29,73.75,19.5,397.0
52,30,74.0,19.5,397.0
52,31,74.25,19.5,397.0
52,32,74.5,19.5,397.0
52,33,74.75,19.5,397.0
52,34,75.0,19.5,397.0
52,35,75.25,19.5,397.0
52,36,75.5,19.5,404.0
52,37,75.75,19.5,411.0
52,38,76.0,19.5,411.0
52,39,76.25,19.5,411.0
52,40,76.5,19.5,421.0
52,41,76.75,19.5,421.0
52,42,77.0,19.5,409.0
52,43,77.25,19.5,409.0
52,44,77.5,19.5,417.0
52,45,77.75,19.5,432.0
52,46,78.0,19.5,432.0
52,47,78.25,19.5,417.0
52,48,78.5,19.5,639.0
52,49,78.75,19.5,639.0
52,50,79.0,19.5,650.0
52,51,79.25,19.5,650.0
52,52,79.5,19.5,650.0
52,53,79.75,19.5,650.0
52,54,80.0,19.5,407.0
52,55,80.25,19.5,407.0
52,56,80.5,19.5,407.0
52,57,80.75,19.5,407.0
52,58,81.0,19.5,153.0
52,59,81.25,19.5,153.0
52,60,81.5,19.5,146.0
52,61,81.75,19.5,146.0
52,62,82.0,19.5,146.0
52,63,82.25,19.5,510.0
52,64,82.5,19.5,510.0
52,65,82.75,19.5,502.0
52,66,83.0,19.5,502.0
52,67,83.25,19.5,514.0
52,68,83.5,19.5,514.0
52,69,83.75,19.5,514.0
52,70,84.0,19.5,497.0
52,71,84.25,19.5,497.0
52,72,84.5,19.5,498.0
52,73,84.75,19.5,498.0
52,74,85.0,19.5,498.0
53,25,72.75,19.75,420.0
53,26,73.0,19.75,420.0
53,27,73.25,19.75,420.0
53,28,73.5,19.75,420.0
53,29,73.75,19.75,419.0
53,30,74.0,19.75,419.0
53,31,74.25,19.75,397.0
53,32,74.5,19.75,397.0
53,33,74.75,19.75,404.0
53,34,75.0,19.75,404.0
53,35,75.25,19.75,404.0
53,36,75.5,19.75,404.0
53,37,75.75,19.75,411.0
53,38,76.0,19.75,411.0
53,39,76.25,19.75,411.0
53,40,76.5,19.75,421.0
53,41,76.75,19.75,409.0
53,42,77.0,19.75,409.0
53,43,77.25,19.75,409.0
53,44,77.5,19.75,432.0
53,45,77.75,19.75,432.0
53,46,78.0,19.75,417.0
53,47,78.25,19.75,417.0
53,48,78.5,19.75,639.0
53,49,78.75,19.75,639.0
53,50,79.0,19.75,403.0
53,51,79.25,19.75,403.0
53,52,79.5,19.75,403.0
53,53,79.75,19.75,403.0
53,54,80.0,19.75,407.0
53,55,80.25,19.75,407.0
53,56,80.5,19.75,407.0
53,57,80.75,19.75,153.0
53,58,81.0,19.75,153.0
53,59,81.25,19.75,153.0
53,60,81.5,19.75,146.0
53,61,81.75,19.75,146.0
53,62,82.0,19.75,146.0
53,63,82.25,19.75,510.0
53,64,82.5,19.75,510.0
53,65,82.75,19.75,502.0
53,66,83.0,19.75,502.0
53,67,83.25,19.75,502.0
53,68,83.5,19.75,514.0
53,69,83.75,19.75,503.0
53,70,84.0,19.75,503.0
53,71,84.25,19.75,498.0
53,72,84.5,19.75,498.0
53,73,84.75,19.75,498.0
53,74,85.0,19.75,498.0
53,75,85.25,19.75,506.0
53,76,85.5,19.75,513.0
54,25,72.75,20.0,420.0
54,26,73.0,20.0,420.0
54,27,73.25,20.0,420.0
54,28,73.5,20.0,419.0
54,29,73.75,20.0,419.0
54,30,74.0,20.0,419.0
54,31,74.25,20.0,419.0
54,32,74.5,20.0,419.0
54,33,74.75,20.0,404.0
54,34,75.0,20.0,404.0
54,35,75.25,20.0,404.0
54,36,75.5,20.0,404.0
54,37,75.75,20.0,411.0
54,38,76.0,20.0,402.0
54,39,76.25,20.0,402.0
54,40,76.5,20.0,402.0
54,41,76.75,20.0,431.0
54,42,77.0,20.0,409.0
54,43,77.25,20.0,431.0
54,44,77.5,20.0,432.0
54,45,77.75,20.0,432.0
54,46,78.0,20.0,432.0
54,47,78.25,20.0,432.0
54,48,78.5,20.0,432.0
54,49,78.75,20.0,432.0
54,50,79.0,20.0,432.0
54,51,79.25,20.0,403.0
54,52,79.5,20.0,403.0
54,53,79.75,20.0,403.0
54,54,80.0,20.0,407.0
54,55,80.25,20.0,407.0
54,56,80.5,20.0,407.0
54,57,80.75,20.0,162.0
54,58,81.0,20.0,162.0
54,59,81.25,20.0,162.0
54,60,81.5,20.0,146.0
54,61,81.75,20.0,146.0
54,62,82.0,20.0,510.0
54,63,82.25,20.0,140.0
54,64,82.5,20.0,140.0
54,65,82.75,20.0,502.0
54,66,83.0,20.0,502.0
54,67,83.25,20.0,502.0
54,68,83.5,20.0,502.0
54,69,83.75,20.0,503.0
54,70,84.0,20.0,503.0
54,71,84.25,20.0,503.0
54,72,84.5,20.0,498.0
54,73,84.75,20.0,498.0
54,74,85.0,20.0,511.0
54,75,85.25,20.0,511.0
54,76,85.5,20.0,506.0
54,77,85.75,20.0,513.0
54,78,86.0,20.0,513.0
54,79,86.25,20.0,513.0
55,25,72.75,20.25,212.0
55,26,73.0,20.25,163.0
55,27,73.25,20.25,212.0
55,28,73.5,20.25,419.0
55,29,73.75,20.25,419.0
55,30,74.0,20.25,419.0
55,31,74.25,20.25,419.0
55,32,74.5,20.25,419.0
55,33,74.75,20.25,419.0
55,34,75.0,20.25,404.0
55,35,75.25,20.25,404.0
55,36,75.5,20.25,404.0
55,37,75.75,20.25,411.0
55,38,76.0,20.25,411.0
55,39,76.25,20.25,402.0
55,40,76.5,20.25,402.0
55,41,76.75,20.25,402.0
55,42,77.0,20.25,431.0
55,43,77.25,20.25,431.0
55,44,77.5,20.25,431.0
55,45,77.75,20.25,432.0
55,46,78.0,20.25,432.0
55,47,78.25,20.25,432.0
55,48,78.5,20.25,432.0
55,49,78.75,20.25,432.0
55,50,79.0,20.25,403.0
55,51,79.25,20.25,403.0
55,52,79.5,20.25,403.0
55,53,79.75,20.25,403.0
55,54,80.0,20.25,407.0
55,55,80.25,20.25,407.0
55,56,80.5,20.25,151.0
55,57,80.75,20.25,162.0
55,58,81.0,20.25,162.0
55,59,81.25,20.25,162.0
55,60,81.5,20.25,162.0
55,61,81.75,20.25,162.0
55,62,82.0,20.25,138.0
55,63,82.25,20.25,140.0
55,64,82.5,20.25,512.0
55,65,82.75,20.25,512.0
55,66,83.0,20.25,489.0
55,67,83.25,20.25,502.0
55,68,83.5,20.25,502.0
55,69,83.75,20.25,503.0
55,70,84.0,20.25,503.0
55,71,84.25,20.25,503.0
55,72,84.5,20.25,503.0
55,73,84.75,20.25,511.0
55,74,85.0,20.25,511.0
55,75,85.25,20.25,511.0
55,76,85.5,20.25,506.0
55,77,85.75,20.25,506.0
55,78,86.0,20.25,494.0
55,79,86.25,20.25,499.0
55,80,86.5,20.25,499.0
56,26,73.0,20.5,212.0
56,27,73.25,20.5,212.0
56,28,73.5,20.5,419.0
56,29,73.75,20.5,419.0
56,30,74.0,20.5,419.0
56,31,74.25,20.5,419.0
56,32,74.5,20.5,419.0
56,33,74.75,20.5,419.0
56,34,75.0,20.5,410.0
56,35,75.25,20.5,404.0
56,36,75.5,20.5,404.0
56,37,75.75,20.5,404.0
56,38,76.0,20.5,402.0
56,39,76.25,20.5,402.0
56,40,76.5,20.5,402.0
56,41,76.75,20.5,398.0
56,42,77.0,20.5,398.0
56,43,77.25,20.5,398.0
56,44,77.5,20.5,431.0
56,45,77.75,20.5,432.0
56,46,78.0,20.5,432.0
56,47,78.25,20.5,432.0
56,48,78.5,20.5,432.0
56,49,78.75,20.5,430.0
56,50,79.0,20.5,430.0
56,51,79.25,20.5,403.0
56,52,79.5,20.5,403.0
56,53,79.75,20.5,403.0
56,54,80.0,20.5,407.0
56,55,80.25,20.5,407.0
56,56,80.5,20.5,407.0
56,57,80.75,20.5,151.0
56,58,81.0,20.5,130.0
56,59,81.25,20.5,130.0
56,60,81.5,20.5,162.0
56,61,81.75,20.5,138.0
56,62,82.0,20.5,138.0
56,63,82.25,20.5,140.0
56,64,82.5,20.5,512.0
56,65,82.75,20.5,489.0
56,66,83.0,20.5,489.0
56,67,83.25,20.5,489.0
56,68,83.5,20.5,489.0
56,69,83.75,20.5,493.0
56,70,84.0,20.5,503.0
56,71,84.25,20.5,503.0
56,72,84.5,20.5,493.0
56,73,84.75,20.5,511.0
56,74,85.0,20.5,494.0
56,75,85.25,20.5,494.0
56,76,85.5,20.5,494.0
56,77,85.75,20.5,494.0
56,78,86.0,20.5,494.0
56,79,86.25,20.5,494.0
56,80,86.5,20.5,504.0
56,81,86.75,20.5,504.0
57,17,70.75,20.75,193.0
57,18,71.0,20.75,193.0
57,26,73.0,20.75,202.0
57,27,73.25,20.75,202.0
57,28,73.5,20.75,190.0
57,29,73.75,20.75,190.0
57,30,74.0,20.75,419.0
57,31,74.25,20.75,419.0
57,32,74.5,20.75,419.0
57,33,74.75,20.75,406.0
57,34,75.0,20.75,410.0
57,35,75.25,20.75,410.0
57,36,75.5,20.75,410.0
57,37,75.75,20.75,410.0
57,38,76.0,20.75,402.0
57,39,76.25,20.75,402.0
57,40,76.5,20.75,402.0
57,41,76.75,20.75,402.0
57,42,77.0,20.75,398.0
57,43,77.25,20.75,398.0
57,44,77.5,20.75,398.0
57,45,77.75,20.75,399.0
57,46,78.0,20.75,399.0
57,47,78.25,20.75,399.0
57,48,78.5,20.75,430.0
57,49,78.75,20.75,430.0
57,50,79.0,20.75,416.0
57,51,79.25,20.75,416.0
57,52,79.5,20.75,416.0
57,53,79.75,20.75,401.0
57,54,80.0,20.75,408.0
57,55,80.25,20.75,408.0
57,56,80.5,20.75,407.0
57,57,80.75,20.75,151.0
57,58,81.0,20.75,130.0
57,59,81.25,20.75,130.0
57,60,81.5,20.75,138.0
57,61,81.75,20.75,138.0
57,62,82.0,20.75,140.0
57,63,82.25,20.75,140.0
57,64,82.5,20.75,512.0
57,65,82.75,20.75,489.0
57,66,83.0,20.75,489.0
57,67,83.25,20.75,489.0
57,68,83.5,20.75,489.0
57,69,83.75,20.75,516.0
57,70,84.0,20.75,493.0
57,71,84.25,20.75,493.0
57,72,84.5,20.75,488.0
57,73,84.75,20.75,488.0
57,74,85.0,20.75,488.0
57,75,85.25,20.75,496.0
57,76,85.5,20.75,496.0
57,77,85.75,20.75,496.0
57,78,86.0,20.75,496.0
57,79,86.25,20.75,500.0
57,80,86.5,20.75,500.0
57,81,86.75,20.75,504.0
58,15,70.25,21.0,193.0
58,16,70.5,21.0,193.0
58,17,70.75,21.0,195.0
58,18,71.0,21.0,195.0
58,19,71.25,21.0,181.0
58,20,71.5,21.0,181.0
58,25,72.75,21.0,202.0
58,26,73.0,21.0,202.0
58,27,73.25,21.0,210.0
58,28,73.5,21.0,210.0
58,29,73.75,21.0,190.0
58,30,74.0,21.0,406.0
58,31,74.25,21.0,406.0
58,32,74.5,21.0,406.0
58,33,74.75,21.0,406.0
58,34,75.0,21.0,410.0
58,35,75.25,21.0,410.0
58,36,75.5,21.0,410.0
58,37,75.75,21.0,410.0
58,38,76.0,21.0,410.0
58,39,76.25,21.0,410.0
58,40,76.5,21.0,402.0
58,41,76.75,21.0,402.0
58,42,77.0,21.0,398.0
58,43,77.25,21.0,399.0
58,44,77.5,21.0,399.0
58,45,77.75,21.0,399.0
58,46,78.0,21.0,399.0
58,47,78.25,21.0,430.0
58,48,78.5,21.0,430.0
58,49,78.75,21.0,416.0
58,50,79.0,21.0,416.0
58,51,79.25,21.0,416.0
58,52,79.5,21.0,416.0
58,53,79.75,21.0,401.0
58,54,80.0,21.0,401.0
58,55,80.25,21.0,408.0
58,56,80.5,21.0,156.0
58,57,80.75,21.0,156.0
58,58,81.0,21.0,130.0
58,59,81.25,21.0,130.0
58,60,81.5,21.0,139.0
58,61,81.75,21.0,138.0
58,62,82.0,21.0,140.0
58,63,82.25,21.0,149.0
58,64,82.5,21.0,149.0
58,65,82.75,21.0,491.0
58,66,83.0,21.0,491.0
58,67,83.25,21.0,491.0
58,68,83.5,21.0,516.0
58,69,83.75,21.0,516.0
58,70,84.0,21.0,516.0
58,71,84.25,21.0,515.0
58,72,84.5,21.0,488.0
58,73,84.75,21.0,488.0
58,74,85.0,21.0,488.0
58,75,85.25,21.0,488.0
58,76,85.5,21.0,496.0
58,77,85.75,21.0,500.0
58,78,86.0,21.0,500.0
58,79,86.25,21.0,500.0
58,80,86.5,21.0,492.0
58,81,86.75,21.0,492.0
59,14,70.0,21.25,205.0
59,15,70.25,21.25,195.0
59,16,70.5,21.25,195.0
59,17,70.75,21.25,195.0
59,18,71.0,21.25,181.0
59,19,71.25,21.25,181.0
59,20,71.5,21.25,181.0
59,21,71.75,21.25,186.0
59,22,72.0,21.25,186.0
59,25,72.75,21.25,208.0
59,26,73.0,21.25,208.0
59,27,73.25,21.25,208.0
59,28,73.5,21.25,210.0
59,29,73.75,21.25,210.0
59,30,74.0,21.25,418.0
59,31,74.25,21.25,418.0
59,32,74.5,21.25,406.0
59,33,74.75,21.25,406.0
59,34,75.0,21.25,406.0
59,35,75.25,21.25,410.0
59,36,75.5,21.25,410.0
59,37,75.75,21.25,410.0
59,38,76.0,21.25,410.0
59,39,76.25,21.25,351.0
59,40,76.5,21.25,351.0
59,41,76.75,21.25,399.0
59,42,77.0,21.25,399.0
59,43,77.25,21.25,399.0
59,44,77.5,21.25,399.0
59,45,77.75,21.25,399.0
59,46,78.0,21.25,399.0
59,47,78.25,21.25,430.0
59,48,78.5,21.25,416.0
59,49,78.75,21.25,416.0
59,50,79.0,21.25,416.0
59,51,79.25,21.25,416.0
59,52,79.5,21.25,416.0
59,53,79.75,21.25,401.0
59,54,80.0,21.25,408.0
59,55,80.25,21.25,408.0
59,56,80.5,21.25,408.0
59,57,80.75,21.25,156.0
59,58,81.0,21.25,145.0
59,59,81.25,21.25,139.0
59,60,81.5,21.25,139.0
59,61,81.75,21.25,155.0
59,62,82.0,21.25,155.0
59,63,82.25,21.25,149.0
59,64,82.5,21.25,149.0
59,65,82.75,21.25,149.0
59,66,83.0,21.25,149.0
59,67,83.25,21.25,491.0
59,68,83.5,21.25,491.0
59,69,83.75,21.25,491.0
59,70,84.0,21.25,515.0
59,71,84.25,21.25,515.0
59,72,84.5,21.25,515.0
59,73,84.75,21.25,515.0
59,74,85.0,21.25,488.0
59,75,85.25,21.25,488.0
59,76,85.5,21.25,505.0
59,77,85.75,21.25,505.0
59,78,86.0,21.25,505.0
59,79,86.25,21.25,505.0
59,80,86.5,21.25,490.0
59,81,86.75,21.25,490.0
60,13,69.75,21.5,205.0
60,14,70.0,21.5,195.0
60,15,70.25,21.5,195.0
60,16,70.5,21.5,195.0
60,17,70.75,21.5,195.0
60,18,71.0,21.5,181.0
60,19,71.25,21.5,181.0
60,20,71.5,21.5,186.0
60,21,71.75,21.5,186.0
60,22,72.0,21.5,186.0
60,23,72.25,21.5,186.0
60,25,72.75,21.5,185.0
60,26,73.0,21.5,208.0
60,27,73.25,21.5,185.0
60,28,73.5,21.5,201.0
60,29,73.75,21.5,201.0
60,30,74.0,21.5,210.0
60,31,74.25,21.5,210.0
60,32,74.5,21.5,418.0
60,33,74.75,21.5,418.0
60,34,75.0,21.5,406.0
60,35,75.25,21.5,347.0
60,36,75.5,21.5,367.0
60,37,75.75,21.5,367.0
60,38,76.0,21.5,351.0
60,39,76.25,21.5,351.0
60,40,76.5,21.5,351.0
60,41,76.75,21.5,351.0
60,42,77.0,21.5,399.0
60,43,77.25,21.5,399.0
60,44,77.5,21.5,348.0
60,45,77.75,21.5,348.0
60,46,78.0,21.5,348.0
60,47,78.25,21.5,399.0
60,48,78.5,21.5,416.0
60,49,78.75,21.5,377.0
60,50,79.0,21.5,416.0
60,51,79.25,21.5,416.0
60,52,79.5,21.5,401.0
60,53,79.75,21.5,401.0
60,54,80.0,21.5,408.0
60,55,80.25,21.5,408.0
60,56,80.5,21.5,346.0
60,57,80.75,21.5,145.0
60,58,81.0,21.5,145.0
60,59,81.25,21.5,139.0
60,60,81.5,21.5,134.0
60,61,81.75,21.5,155.0
60,62,82.0,21.5,131.0
60,63,82.25,21.5,131.0
60,64,82.5,21.5,131.0
60,65,82.75,21.5,149.0
60,66,83.0,21.5,158.0
60,67,83.25,21.5,158.0
60,68,83.5,21.5,491.0
60,69,83.75,21.5,491.0
60,70,84.0,21.5,515.0
60,71,84.25,21.5,515.0
60,72,84.5,21.5,495.0
60,73,84.75,21.5,495.0
60,74,85.0,21.5,495.0
60,75,85.25,21.5,488.0
60,76,85.5,21.5,505.0
60,77,85.75,21.5,505.0
60,78,86.0,21.5,505.0
60,79,86.25,21.5,509.0
60,80,86.5,21.5,509.0
60,81,86.75,21.5,490.0
60,82,87.0,21.5,490.0
61,12,69.5,21.75,205.0
61,13,69.75,21.75,205.0
61,14,70.0,21.75,205.0
61,15,70.25,21.75,206.0
61,16,70.5,21.75,206.0
61,17,70.75,21.75,206.0
61,18,71.0,21.75,206.0
61,19,71.25,21.75,181.0
61,20,71.5,21.75,181.0
61,21,71.75,21.75,186.0
61,22,72.0,21.75,186.0
61,25,72.75,21.75,185.0
61,26,73.0,21.75,185.0
61,27,73.25,21.75,185.0
61,28,73.5,21.75,201.0
61,29,73.75,21.75,201.0
61,30,74.0,21.75,418.0
61,31,74.25,21.75,418.0
61,32,74.5,21.75,418.0
61,33,74.75,21.75,347.0
61,34,75.0,21.75,347.0
61,35,75.25,21.75,347.0
61,36,75.5,21.75,367.0
61,37,75.75,21.75,367.0
61,38,76.0,21.75,367.0
61,39,76.25,21.75,366.0
61,40,76.5,21.75,366.0
61,41,76.75,21.75,366.0
61,42,77.0,21.75,366.0
61,43,77.25,21.75,348.0
61,44,77.5,21.75,348.0
61,45,77.75,21.75,348.0
61,46,78.0,21.75,348.0
61,47,78.25,21.75,348.0
61,48,78.5,21.75,377.0
61,49,78.75,21.75,377.0
61,50,79.0,21.75,353.0
61,51,79.25,21.75,386.0
61,52,79.5,21.75,386.0
61,53,79.75,21.75,346.0
61,54,80.0,21.75,346.0
61,55,80.25,21.75,346.0
61,56,80.5,21.75,346.0
61,57,80.75,21.75,145.0
61,58,81.0,21.75,144.0
61,59,81.25,21.75,144.0
61,60,81.5,21.75,134.0
61,61,81.75,21.75,131.0
61,62,82.0,21.75,131.0
61,63,82.25,21.75,131.0
61,64,82.5,21.75,142.0
61,65,82.75,21.75,142.0
61,66,83.0,21.75,157.0
61,67,83.25,21.75,157.0
61,68,83.5,21.75,501.0
61,69,83.75,21.75,501.0
61,70,84.0,21.75,515.0
61,71,84.25,21.75,515.0
61,72,84.5,21.75,515.0
61,73,84.75,21.75,517.0
61,74,85.0,21.75,517.0
61,75,85.25,21.75,505.0
61,76,85.5,21.75,505.0
61,77,85.75,21.75,505.0
61,78,86.0,21.75,509.0
61,79,86.25,21.75,509.0
61,80,86.5,21.75,509.0
61,81,86.75,21.75,509.0
61,82,87.0,21.75,509.0
61,83,87.25,21.75,490.0
61,84,87.5,21.75,787.0
61,85,87.75,21.75,787.0
61,86,88.0,21.75,789.0
61,87,88.25,21.75,789.0
61,88,88.5,21.75,789.0
61,89,88.75,21.75,789.0
61,90,89.0,21.75,789.0
62,11,69.25,22.0,191.0
62,12,69.5,22.0,191.0
62,13,69.75,22.0,191.0
62,14,70.0,22.0,194.0
62,15,70.25,22.0,194.0
62,16,70.5,22.0,206.0
62,17,70.75,22.0,206.0
62,18,71.0,22.0,206.0
62,19,71.25,22.0,181.0
62,20,71.5,22.0,187.0
62,21,71.75,22.0,186.0
62,22,72.0,22.0,186.0
62,23,72.25,22.0,180.0
62,25,72.75,22.0,185.0
62,26,73.0,22.0,185.0
62,27,73.25,22.0,211.0
62,28,73.5,22.0,211.0
62,29,73.75,22.0,188.0
62,30,74.0,22.0,188.0
62,31,74.25,22.0,343.0
62,32,74.5,22.0,347.0
62,33,74.75,22.0,347.0
62,34,75.0,22.0,347.0
62,35,75.25,22.0,347.0
62,36,75.5,22.0,367.0
62,37,75.75,22.0,367.0
62,38,76.0,22.0,367.0
62,39,76.25,22.0,366.0
62,40,76.5,22.0,366.0
62,41,76.75,22.0,366.0
62,42,77.0,22.0,361.0
62,43,77.25,22.0,361.0
62,44,77.5,22.0,348.0
62,45,77.75,22.0,348.0
62,46,78.0,22.0,348.0
62,47,78.25,22.0,348.0
62,48,78.5,22.0,353.0
62,49,78.75,22.0,353.0
62,50,79.0,22.0,353.0
62,51,79.25,22.0,353.0
62,52,79.5,22.0,386.0
62,53,79.75,22.0,386.0
62,54,80.0,22.0,346.0
62,55,80.25,22.0,346.0
62,56,80.5,22.0,346.0
62,57,80.75,22.0,346.0
62,58,81.0,22.0,144.0
62,59,81.25,22.0,144.0
62,60,81.5,22.0,134.0
62,61,81.75,22.0,152.0
62,62,82.0,22.0,136.0
62,63,82.25,22.0,136.0
62,64,82.5,22.0,142.0
62,65,82.75,22.0,142.0
62,66,83.0,22.0,157.0
62,67,83.25,22.0,154.0
62,68,83.5,22.0,154.0
62,69,83.75,22.0,517.0
62,70,84.0,22.0,517.0
62,71,84.25,22.0,517.0
62,72,84.5,22.0,515.0
62,73,84.75,22.0,517.0
62,74,85.0,22.0,517.0
62,75,85.25,22.0,505.0
62,76,85.5,22.0,505.0
62,77,85.75,22.0,509.0
62,78,86.0,22.0,509.0
62,79,86.25,22.0,509.0
62,80,86.5,22.0,509.0
62,81,86.75,22.0,509.0
62,82,87.0,22.0,509.0
62,83,87.25,22.0,785.0
62,84,87.5,22.0,787.0
62,85,87.75,22.0,787.0
62,86,88.0,22.0,787.0
62,87,88.25,22.0,789.0
62,88,88.5,22.0,789.0
62,89,88.75,22.0,789.0
62,90,89.0,22.0,789.0
62,106,93.0,22.0,469.0
63,10,69.0,22.25,191.0
63,11,69.25,22.25,191.0
63,12,69.5,22.25,191.0
63,13,69.75,22.25,191.0
63,14,70.0,22.25,194.0
63,15,70.25,22.25,194.0
63,16,70.5,22.25,194.0
63,17,70.75,22.25,206.0
63,18,71.0,22.25,206.0
63,19,71.25,22.25,206.0
63,20,71.5,22.25,187.0
63,21,71.75,22.25,187.0
63,22,72.0,22.25,180.0
63,23,72.25,22.25,180.0
63,24,72.5,22.25,182.0
63,25,72.75,22.25,182.0
63,26,73.0,22.25,211.0
63,27,73.25,22.25,211.0
63,28,73.5,22.25,211.0
63,29,73.75,22.25,188.0
63,30,74.0,22.25,188.0
63,31,74.25,22.25,343.0
63,32,74.5,22.25,343.0
63,33,74.75,22.25,357.0
63,34,75.0,22.25,357.0
63,35,75.25,22.25,357.0
63,36,75.5,22.25,357.0
63,37,75.75,22.25,367.0
63,38,76.0,22.25,367.0
63,39,76.25,22.25,366.0
63,40,76.5,22.25,366.0
63,41,76.75,22.25,366.0
63,42,77.0,22.25,361.0
63,43,77.25,22.25,361.0
63,44,77.5,22.25,348.0
63,45,77.75,22.25,348.0
63,46,78.0,22.25,348.0
63,47,78.25,22.25,348.0
63,48,78.5,22.25,353.0
63,49,78.75,22.25,353.0
63,50,79.0,22.25,353.0
63,51,79.25,22.25,353.0
63,52,79.5,22.25,386.0
63,53,79.75,22.25,386.0
63,54,80.0,22.25,386.0
63,55,80.25,22.25,346.0
63,56,80.5,22.25,346.0
63,57,80.75,22.25,346.0
63,58,81.0,22.25,346.0
63,59,81.25,22.25,144.0
63,60,81.5,22.25,144.0
63,61,81.75,22.25,136.0
63,62,82.0,22.25,136.0
63,63,82.25,22.25,136.0
63,64,82.5,22.25,142.0
63,65,82.75,22.25,147.0
63,67,83.25,22.25,154.0
63,68,83.5,22.25,154.0
63,69,83.75,22.25,154.0
63,70,84.0,22.25,517.0
63,71,84.25,22.25,517.0
63,72,84.5,22.25,517.0
63,73,84.75,22.25,517.0
63,74,85.0,22.25,517.0
63,75,85.25,22.25,293.0
63,76,85.5,22.25,293.0
63,77,85.75,22.25,293.0
63,78,86.0,22.25,509.0
63,79,86.25,22.25,509.0
63,80,86.5,22.25,509.0
63,81,86.75,22.25,275.0
63,82,87.0,22.25,776.0
63,83,87.25,22.25,785.0
63,84,87.5,22.25,785.0
63,85,87.75,22.25,787.0
63,86,88.0,22.25,773.0
63,87,88.25,22.25,789.0
63,88,88.5,22.25,789.0
63,89,88.75,22.25,789.0
63,90,89.0,22.25,783.0
63,105,92.75,22.25,466.0
63,106,93.0,22.25,469.0
64,14,70.0,22.5,194.0
64,15,70.25,22.5,194.0
64,16,70.5,22.5,194.0
64,17,70.75,22.5,200.0
64,18,71.0,22.5,200.0
64,19,71.25,22.5,209.0
64,20,71.5,22.5,209.0
64,21,71.75,22.5,209.0
64,22,72.0,22.5,180.0
64,23,72.25,22.5,180.0
64,24,72.5,22.5,182.0
64,25,72.75,22.5,182.0
64,26,73.0,22.5,182.0
64,27,73.25,22.5,211.0
64,28,73.5,22.5,203.0
64,29,73.75,22.5,188.0
64,30,74.0,22.5,188.0
64,31,74.25,22.5,343.0
64,32,74.5,22.5,343.0
64,33,74.75,22.5,357.0
64,34,75.0,22.5,357.0
64,35,75.25,22.5,357.0
64,36,75.5,22.5,357.0
64,37,75.75,22.5,362.0
64,38,76.0,22.5,362.0
64,39,76.25,22.5,356.0
64,40,76.5,22.5,356.0
64,41,76.75,22.5,356.0
64,42,77.0,22.5,356.0
64,43,77.25,22.5,361.0
64,44,77.5,22.5,373.0
64,45,77.75,22.5,373.0
64,46,78.0,22.5,373.0
64,47,78.25,22.5,373.0
64,48,78.5,22.5,373.0
64,49,78.75,22.5,353.0
64,50,79.0,22.5,353.0
64,51,79.25,22.5,353.0
64,52,79.5,22.5,386.0
64,53,79.75,22.5,386.0
64,54,80.0,22.5,386.0
64,55,80.25,22.5,369.0
64,56,80.5,22.5,369.0
64,57,80.75,22.5,369.0
64,58,81.0,22.5,369.0
64,59,81.25,22.5,358.0
64,60,81.5,22.5,152.0
64,61,81.75,22.5,152.0
64,62,82.0,22.5,136.0
64,63,82.25,22.5,147.0
64,64,82.5,22.5,147.0
64,65,82.75,22.5,147.0
64,66,83.0,22.5,147.0
64,67,83.25,22.5,154.0
64,68,83.5,22.5,154.0
64,69,83.75,22.5,143.0
64,70,84.0,22.5,517.0
64,71,84.25,22.5,292.0
64,72,84.5,22.5,292.0
64,73,84.75,22.5,292.0
64,74,85.0,22.5,292.0
64,75,85.25,22.5,293.0
64,76,85.5,22.5,293.0
64,77,85.75,22.5,293.0
64,78,86.0,22.5,509.0
64,79,86.25,22.5,275.0
64,80,86.5,22.5,275.0
64,81,86.75,22.5,275.0
64,82,87.0,22.5,776.0
64,83,87.25,22.5,785.0
64,84,87.5,22.5,785.0
64,85,87.75,22.5,785.0
64,86,88.0,22.5,773.0
64,87,88.25,22.5,789.0
64,88,88.5,22.5,789.0
64,89,88.75,22.5,783.0
64,105,92.75,22.5,466.0
64,106,93.0,22.5,469.0
65,16,70.5,22.75,194.0
65,17,70.75,22.75,200.0
65,18,71.0,22.75,200.0
65,19,71.25,22.75,209.0
65,20,71.5,22.75,209.0
65,21,71.75,22.75,209.0
65,22,72.0,22.75,209.0
65,23,72.25,22.75,180.0
65,24,72.5,22.75,180.0
65,25,72.75,22.75,197.0
65,26,73.0,22.75,197.0
65,27,73.25,22.75,197.0
65,28,73.5,22.75,203.0
65,29,73.75,22.75,203.0
65,30,74.0,22.75,189.0
65,31,74.25,22.75,189.0
65,32,74.5,22.75,364.0
65,33,74.75,22.75,364.0
65,34,75.0,22.75,357.0
65,35,75.25,22.75,357.0
65,36,75.5,22.75,362.0
65,37,75.75,22.75,362.0
65,38,76.0,22.75,362.0
65,39,76.25,22.75,356.0
65,40,76.5,22.75,356.0
65,41,76.75,22.75,356.0
65,42,77.0,22.75,356.0
65,43,77.25,22.75,385.0
65,44,77.5,22.75,385.0
65,45,77.75,22.75,373.0
65,46,78.0,22.75,373.0
65,47,78.25,22.75,373.0
65,48,78.5,22.75,373.0
65,49,78.75,22.75,374.0
65,50,79.0,22.75,374.0
65,51,79.25,22.75,353.0
65,52,79.5,22.75,374.0
65,53,79.75,22.75,386.0
65,54,80.0,22.75,386.0
65,55,80.25,22.75,386.0
65,56,80.5,22.75,369.0
65,57,80.75,22.75,369.0
65,58,81.0,22.75,358.0
65,59,81.25,22.75,358.0
65,60,81.5,22.75,358.0
65,61,81.75,22.75,344.0
65,62,82.0,22.75,141.0
65,63,82.25,22.75,147.0
65,64,82.5,22.75,147.0
65,65,82.75,22.75,147.0
65,66,83.0,22.75,161.0
65,67,83.25,22.75,154.0
65,68,83.5,22.75,161.0
65,69,83.75,22.75,143.0
65,70,84.0,22.75,143.0
65,71,84.25,22.75,292.0
65,72,84.5,22.75,292.0
65,73,84.75,22.75,292.0
65,74,85.0,22.75,292.0
65,75,85.25,22.75,293.0
65,76,85.5,22.75,293.0
65,77,85.75,22.75,291.0
65,78,86.0,22.75,291.0
65,79,86.25,22.75,275.0
65,80,86.5,22.75,788.0
65,81,86.75,22.75,769.0
65,82,87.0,22.75,769.0
65,83,87.25,22.75,785.0
65,84,87.5,22.75,785.0
65,85,87.75,22.75,774.0
65,86,88.0,22.75,774.0
65,87,88.25,22.75,774.0
65,88,88.5,22.75,783.0
65,89,88.75,22.75,783.0
65,104,92.5,22.75,467.0
65,105,92.75,22.75,467.0
66,10,69.0,23.0,196.0
66,11,69.25,23.0,196.0
66,12,69.5,23.0,196.0
66,13,69.75,23.0,196.0
66,14,70.0,23.0,196.0
66,17,70.75,23.0,200.0
66,18,71.0,23.0,200.0
66,19,71.25,23.0,200.0
66,20,71.5,23.0,209.0
66,21,71.75,23.0,209.0
66,22,72.0,23.0,209.0
66,23,72.25,23.0,180.0
66,24,72.5,23.0,180.0
66,25,72.75,23.0,180.0
66,26,73.0,23.0,197.0
66,27,73.25,23.0,197.0
66,28,73.5,23.0,199.0
66,29,73.75,23.0,203.0
66,30,74.0,23.0,189.0
66,31,74.25,23.0,189.0
66,32,74.5,23.0,364.0
66,33,74.75,23.0,364.0
66,34,75.0,23.0,364.0
66,35,75.25,23.0,357.0
66,36,75.5,23.0,362.0
66,37,75.75,23.0,362.0
66,38,76.0,23.0,356.0
66,39,76.25,23.0,356.0
66,40,76.5,23.0,385.0
66,41,76.75,23.0,385.0
66,42,77.0,23.0,385.0
66,43,77.25,23.0,385.0
66,44,77.5,23.0,379.0
66,45,77.75,23.0,379.0
66,46,78.0,23.0,379.0
66,47,78.25,23.0,379.0
66,48,78.5,23.0,374.0
66,49,78.75,23.0,374.0
66,50,79.0,23.0,374.0
66,51,79.25,23.0,374.0
66,52,79.5,23.0,374.0
66,53,79.75,23.0,363.0
66,54,80.0,23.0,369.0
66,55,80.25,23.0,369.0
66,56,80.5,23.0,369.0
66,57,80.75,23.0,358.0
66,58,81.0,23.0,358.0
66,59,81.25,23.0,344.0
66,60,81.5,23.0,344.0
66,61,81.75,23.0,344.0
66,62,82.0,23.0,141.0
66,63,82.25,23.0,150.0
66,64,82.5,23.0,148.0
66,65,82.75,23.0,160.0
66,66,83.0,23.0,161.0
66,67,83.25,23.0,161.0
66,68,83.5,23.0,161.0
66,69,83.75,23.0,143.0
66,70,84.0,23.0,143.0
66,71,84.25,23.0,279.0
66,72,84.5,23.0,279.0
66,73,84.75,23.0,279.0
66,74,85.0,23.0,282.0
66,75,85.25,23.0,282.0
66,76,85.5,23.0,282.0
66,77,85.75,23.0,289.0
66,78,86.0,23.0,291.0
66,79,86.25,23.0,788.0
66,80,86.5,23.0,788.0
66,81,86.75,23.0,769.0
66,82,87.0,23.0,769.0
66,83,87.25,23.0,769.0
66,84,87.5,23.0,769.0
66,85,87.75,23.0,786.0
66,86,88.0,23.0,786.0
66,87,88.25,23.0,774.0
66,88,88.5,23.0,782.0
66,89,88.75,23.0,783.0
66,104,92.5,23.0,467.0
66,105,92.75,23.0,467.0
66,106,93.0,23.0,463.0
67,9,68.75,23.25,196.0
67,10,69.0,23.25,196.0
67,11,69.25,23.25,196.0
67,12,69.5,23.25,196.0
67,13,69.75,23.25,196.0
67,14,70.0,23.25,196.0
67,15,70.25,23.25,196.0
67,16,70.5,23.25,196.0
67,17,70.75,23.25,196.0
67,18,71.0,23.25,196.0
67,19,71.25,23.25,196.0
67,20,71.5,23.25,196.0
67,21,71.75,23.25,209.0
67,22,72.0,23.25,180.0
67,23,72.25,23.25,198.0
67,24,72.5,23.25,192.0
67,25,72.75,23.25,192.0
67,26,73.0,23.25,183.0
67,27,73.25,23.25,183.0
67,28,73.5,23.25,199.0
67,29,73.75,23.25,199.0
67,30,74.0,23.25,189.0
67,31,74.25,23.25,549.0
67,32,74.5,23.25,549.0
67,33,74.75,23.25,381.0
67,34,75.0,23.25,381.0
67,35,75.25,23.25,381.0
67,36,75.5,23.25,394.0
67,37,75.75,23.25,394.0
67,38,76.0,23.25,394.0
67,39,76.25,23.25,388.0
67,40,76.5,23.25,388.0
67,41,76.75,23.25,388.0
67,42,77.0,23.25,385.0
67,43,77.25,23.25,350.0
67,44,77.5,23.25,350.0
67,45,77.75,23.25,379.0
67,46,78.0,23.25,379.0
67,47,78.25,23.25,379.0
67,48,78.5,23.25,379.0
67,49,78.75,23.25,379.0
67,50,79.0,23.25,383.0
67,51,79.25,23.25,354.0
67,52,79.5,23.25,363.0
67,53,79.75,23.25,363.0
67,54,80.0,23.25,363.0
67,55,80.25,23.25,363.0
67,56,80.5,23.25,363.0
67,57,80.75,23.25,395.0
67,58,81.0,23.25,395.0
67,59,81.25,23.25,395.0
67,60,81.5,23.25,387.0
67,61,81.75,23.25,387.0
67,62,82.0,23.25,344.0
67,63,82.25,23.25,150.0
67,64,82.5,23.25,148.0
67,65,82.75,23.25,160.0
67,66,83.0,23.25,160.0
67,67,83.25,23.25,132.0
67,68,83.5,23.25,132.0
67,69,83.75,23.25,132.0
67,70,84.0,23.25,132.0
67,71,84.25,23.25,279.0
67,72,84.5,23.25,279.0
67,73,84.75,23.25,279.0
67,74,85.0,23.25,289.0
67,75,85.25,23.25,289.0
67,76,85.5,23.25,289.0
67,77,85.75,23.25,289.0
67,78,86.0,23.25,788.0
67,79,86.25,23.25,788.0
67,80,86.5,23.25,788.0
67,81,86.75,23.25,788.0
67,82,87.0,23.25,769.0
67,83,87.25,23.25,769.0
67,84,87.5,23.25,769.0
67,85,87.75,23.25,786.0
67,86,88.0,23.25,786.0
67,87,88.25,23.25,786.0
67,88,88.5,23.25,782.0
67,100,91.5,23.25,677.0
67,101,91.75,23.25,673.0
67,104,92.5,23.25,467.0
67,105,92.75,23.25,471.0
67,106,93.0,23.25,471.0
67,107,93.25,23.25,462.0
68,9,68.75,23.5,196.0
68,10,69.0,23.5,196.0
68,11,69.25,23.5,196.0
68,12,69.5,23.5,196.0
68,13,69.75,23.5,196.0
68,14,70.0,23.5,196.0
68,15,70.25,23.5,196.0
68,16,70.5,23.5,196.0
68,17,70.75,23.5,196.0
68,18,71.0,23.5,196.0
68,19,71.25,23.5,196.0
68,20,71.5,23.5,196.0
68,21,71.75,23.5,204.0
68,22,72.0,23.5,198.0
68,23,72.25,23.5,198.0
68,24,72.5,23.5,198.0
68,25,72.75,23.5,192.0
68,26,73.0,23.5,207.0
68,27,73.25,23.5,183.0
68,28,73.5,23.5,183.0
68,29,73.75,23.5,564.0
68,30,74.0,23.5,564.0
68,31,74.25,23.5,549.0
68,32,74.5,23.5,549.0
68,33,74.75,23.5,381.0
68,34,75.0,23.5,381.0
68,35,75.25,23.5,394.0
68,36,75.5,23.5,394.0
68,37,75.75,23.5,394.0
68,38,76.0,23.5,394.0
68,39,76.25,23.5,388.0
68,40,76.5,23.5,388.0
68,41,76.75,23.5,380.0
68,42,77.0,23.5,380.0
68,43,77.25,23.5,385.0
68,44,77.5,23.5,350.0
68,45,77.75,23.5,379.0
68,46,78.0,23.5,396.0
68,47,78.25,23.5,379.0
68,48,78.5,23.5,379.0
68,49,78.75,23.5,383.0
68,50,79.0,23.5,383.0
68,51,79.25,23.5,383.0
68,52,79.5,23.5,354.0
68,53,79.75,23.5,354.0
68,54,80.0,23.5,363.0
68,55,80.25,23.5,365.0
68,56,80.5,23.5,365.0
68,57,80.75,23.5,395.0
68,58,81.0,23.5,395.0
68,59,81.25,23.5,395.0
68,60,81.5,23.5,387.0
68,61,81.75,23.5,387.0
68,62,82.0,23.5,150.0
68,63,82.25,23.5,150.0
68,64,82.5,23.5,148.0
68,65,82.75,23.5,160.0
68,66,83.0,23.5,160.0
68,67,83.25,23.5,160.0
68,68,83.5,23.5,132.0
68,69,83.75,23.5,132.0
68,70,84.0,23.5,132.0
68,71,84.25,23.5,284.0
68,72,84.5,23.5,285.0
68,73,84.75,23.5,285.0
68,74,85.0,23.5,289.0
68,75,85.25,23.5,289.0
68,76,85.5,23.5,289.0
68,77,85.75,23.5,288.0
68,78,86.0,23.5,270.0
68,79,86.25,23.5,270.0
68,80,86.5,23.5,788.0
68,81,86.75,23.5,788.0
68,82,87.0,23.5,769.0
68,83,87.25,23.5,769.0
68,84,87.5,23.5,786.0
68,85,87.75,23.5,786.0
68,86,88.0,23.5,786.0
68,87,88.25,23.5,786.0
68,88,88.5,23.5,782.0
68,99,91.25,23.5,676.0
68,100,91.5,23.5,673.0
68,101,91.75,23.5,673.0
68,104,92.5,23.5,468.0
68,105,92.75,23.5,461.0
68,106,93.0,23.5,470.0
68,107,93.25,23.5,464.0
69,7,68.25,23.75,196.0
69,8,68.5,23.75,196.0
69,9,68.75,23.75,196.0
69,10,69.0,23.75,196.0
69,11,69.25,23.75,196.0
69,12,69.5,23.75,196.0
69,13,69.75,23.75,196.0
69,14,70.0,23.75,196.0
69,15,70.25,23.75,196.0
69,16,70.5,23.75,196.0
69,17,70.75,23.75,196.0
69,18,71.0,23.75,196.0
69,19,71.25,23.75,204.0
69,20,71.5,23.75,204.0
69,21,71.75,23.75,204.0
69,22,72.0,23.75,204.0
69,23,72.25,23.75,204.0
69,24,72.5,23.75,198.0
69,25,72.75,23.75,198.0
69,26,73.0,23.75,207.0
69,27,73.25,23.75,183.0
69,28,73.5,23.75,564.0
69,29,73.75,23.75,564.0
69,30,74.0,23.75,564.0
69,31,74.25,23.75,549.0
69,32,74.5,23.75,549.0
69,33,74.75,23.75,585.0
69,34,75.0,23.75,381.0
69,35,75.25,23.75,381.0
69,36,75.5,23.75,381.0
69,37,75.75,23.75,342.0
69,38,76.0,23.75,342.0
69,39,76.25,23.75,342.0
69,40,76.5,23.75,380.0
69,41,76.75,23.75,380.0
69,42,77.0,23.75,380.0
69,43,77.25,23.75,350.0
69,44,77.5,23.75,350.0
69,45,77.75,23.75,396.0
69,46,78.0,23.75,396.0
69,47,78.25,23.75,396.0
69,48,78.5,23.75,383.0
69,49,78.75,23.75,383.0
69,50,79.0,23.75,383.0
69,51,79.25,23.75,383.0
69,52,79.5,23.75,354.0
69,53,79.75,23.75,354.0
69,54,80.0,23.75,365.0
69,55,80.25,23.75,365.0
69,56,80.5,23.75,365.0
69,57,80.75,23.75,365.0
69,58,81.0,23.75,395.0
69,59,81.25,23.75,387.0
69,60,81.5,23.75,387.0
69,61,81.75,23.75,150.0
69,62,82.0,23.75,150.0
69,63,82.25,23.75,150.0
69,64,82.5,23.75,148.0
69,65,82.75,23.75,160.0
69,66,83.0,23.75,160.0
69,67,83.25,23.75,132.0
69,68,83.5,23.75,132.0
69,69,83.75,23.75,276.0
69,70,84.0,23.75,276.0
69,71,84.25,23.75,284.0
69,72,84.5,23.75,284.0
69,73,84.75,23.75,284.0
69,74,85.0,23.75,271.0
69,75,85.25,23.75,280.0
69,76,85.5,23.75,288.0
69,77,85.75,23.75,270.0
69,78,86.0,23.75,270.0
69,79,86.25,23.75,273.0
69,80,86.5,23.75,273.0
69,81,86.75,23.75,273.0
69,82,87.0,23.75,784.0
69,83,87.25,23.75,770.0
69,84,87.5,23.75,770.0
69,85,87.75,23.75,770.0
69,86,88.0,23.75,786.0
69,87,88.25,23.75,782.0
69,88,88.5,23.75,782.0
69,99,91.25,23.75,679.0
69,100,91.5,23.75,679.0
69,101,91.75,23.75,674.0
69,102,92.0,23.75,672.0
69,103,92.25,23.75,675.0
69,104,92.5,23.75,468.0
69,105,92.75,23.75,461.0
69,106,93.0,23.75,470.0
69,107,93.25,23.75,462.0
70,10,69.0,24.0,196.0
70,11,69.25,24.0,196.0
70,12,69.5,24.0,196.0
70,13,69.75,24.0,196.0
70,14,70.0,24.0,196.0
70,15,70.25,24.0,196.0
70,16,70.5,24.0,196.0
70,17,70.75,24.0,196.0
70,18,71.0,24.0,196.0
70,19,71.25,24.0,196.0
70,20,71.5,24.0,184.0
70,21,71.75,24.0,184.0
70,22,72.0,24.0,184.0
70,23,72.25,24.0,204.0
70,24,72.5,24.0,184.0
70,25,72.75,24.0,198.0
70,26,73.0,24.0,207.0
70,27,73.25,24.0,207.0
70,28,73.5,24.0,594.0
70,29,73.75,24.0,594.0
70,30,74.0,24.0,587.0
70,31,74.25,24.0,587.0
70,32,74.5,24.0,585.0
70,33,74.75,24.0,585.0
70,34,75.0,24.0,370.0
70,35,75.25,24.0,370.0
70,36,75.5,24.0,572.0
70,37,75.75,24.0,370.0
70,38,76.0,24.0,342.0
70,39,76.25,24.0,342.0
70,40,76.5,24.0,380.0
70,41,76.75,24.0,380.0
70,42,77.0,24.0,380.0
70,43,77.25,24.0,359.0
70,44,77.5,24.0,396.0
70,45,77.75,24.0,396.0
70,46,78.0,24.0,396.0
70,47,78.25,24.0,396.0
70,48,78.5,24.0,383.0
70,49,78.75,24.0,383.0
70,50,79.0,24.0,383.0
70,51,79.25,24.0,354.0
70,52,79.5,24.0,354.0
70,53,79.75,24.0,354.0
70,54,80.0,24.0,378.0
70,55,80.25,24.0,378.0
70,56,80.5,24.0,365.0
70,57,80.75,24.0,365.0
70,58,81.0,24.0,395.0
70,59,81.25,24.0,387.0
70,60,81.5,24.0,387.0
70,61,81.75,24.0,391.0
70,62,82.0,24.0,391.0
70,63,82.25,24.0,392.0
70,64,82.5,24.0,392.0
70,65,82.75,24.0,392.0
70,66,83.0,24.0,751.0
70,67,83.25,24.0,132.0
70,68,83.5,24.0,132.0
70,69,83.75,24.0,276.0
70,70,84.0,24.0,287.0
70,71,84.25,24.0,287.0
70,72,84.5,24.0,287.0
70,73,84.75,24.0,284.0
70,74,85.0,24.0,271.0
70,75,85.25,24.0,280.0
70,76,85.5,24.0,280.0
70,77,85.75,24.0,280.0
70,78,86.0,24.0,277.0
70,79,86.25,24.0,277.0
70,80,86.5,24.0,281.0
70,81,86.75,24.0,281.0
70,82,87.0,24.0,281.0
70,83,87.25,24.0,770.0
70,84,87.5,24.0,770.0
70,85,87.75,24.0,770.0
70,86,88.0,24.0,781.0
70,87,88.25,24.0,781.0
70,88,88.5,24.0,781.0
70,89,88.75,24.0,782.0
70,100,91.5,24.0,679.0
70,101,91.75,24.0,674.0
70,102,92.0,24.0,672.0
70,103,92.25,24.0,675.0
70,104,92.5,24.0,468.0
70,105,92.75,24.0,465.0
70,106,93.0,24.0,470.0
70,107,93.25,24.0,470.0
70,108,93.5,24.0,435.0
70,110,94.0,24.0,434.0
71,11,69.25,24.25,196.0
71,12,69.5,24.25,196.0
71,15,70.25,24.25,196.0
71,16,70.5,24.25,196.0
71,18,71.0,24.25,196.0
71,19,71.25,24.25,196.0
71,20,71.5,24.25,184.0
71,21,71.75,24.25,184.0
71,22,72.0,24.25,184.0
71,23,72.25,24.25,184.0
71,24,72.5,24.25,184.0
71,25,72.75,24.25,184.0
71,26,73.0,24.25,184.0
71,27,73.25,24.25,594.0
71,28,73.5,24.25,594.0
71,29,73.75,24.25,587.0
71,30,74.0,24.25,587.0
71,31,74.25,24.25,587.0
71,32,74.5,24.25,585.0
71,33,74.75,24.25,375.0
71,34,75.0,24.25,370.0
71,35,75.25,24.25,370.0
71,36,75.5,24.25,370.0
71,37,75.75,24.25,370.0
71,38,76.0,24.25,572.0
71,39,76.25,24.25,572.0
71,40,76.5,24.25,572.0
71,41,76.75,24.25,572.0
71,42,77.0,24.25,359.0
71,43,77.25,24.25,359.0
71,44,77.5,24.25,396.0
71,45,77.75,24.25,396.0
71,46,78.0,24.25,345.0
71,47,78.25,24.25,383.0
71,48,78.5,24.25,383.0
71,49,78.75,24.25,727.0
71,50,79.0,24.25,383.0
71,51,79.25,24.25,352.0
71,52,79.5,24.25,354.0
71,53,79.75,24.25,354.0
71,54,80.0,24.25,378.0
71,55,80.25,24.25,378.0
71,56,80.5,24.25,378.0
71,57,80.75,24.25,368.0
71,58,81.0,24.25,368.0
71,59,81.25,24.25,368.0
71,60,81.5,24.25,391.0
71,61,81.75,24.25,391.0
71,62,82.0,24.25,391.0
71,63,82.25,24.25,392.0
71,64,82.5,24.25,392.0
71,65,82.75,24.25,392.0
71,66,83.0,24.25,751.0
71,67,83.25,24.25,751.0
71,68,83.5,24.25,276.0
71,69,83.75,24.25,276.0
71,70,84.0,24.25,287.0
71,71,84.25,24.25,287.0
71,72,84.5,24.25,271.0
71,73,84.75,24.25,271.0
71,74,85.0,24.25,271.0
71,75,85.25,24.25,271.0
71,76,85.5,24.25,280.0
71,77,85.75,24.25,280.0
71,78,86.0,24.25,277.0
71,79,86.25,24.25,277.0
71,80,86.5,24.25,277.0
71,81,86.75,24.25,272.0
71,82,87.0,24.25,272.0
71,83,87.25,24.25,274.0
71,84,87.5,24.25,274.0
71,85,87.75,24.25,770.0
71,86,88.0,24.25,770.0
71,87,88.25,24.25,781.0
71,88,88.5,24.25,781.0
71,102,92.0,24.25,678.0
71,103,92.25,24.25,675.0
71,104,92.5,24.25,71.0
71,105,92.75,24.25,465.0
71,106,93.0,24.25,461.0
71,107,93.25,24.25,443.0
71,108,93.5,24.25,435.0
71,109,93.75,24.25,435.0
71,110,94.0,24.25,434.0
71,111,94.25,24.25,446.0
72,19,71.25,24.5,196.0
72,20,71.5,24.5,184.0
72,21,71.75,24.5,184.0
72,22,72.0,24.5,184.0
72,23,72.25,24.5,184.0
72,24,72.5,24.5,592.0
72,25,72.75,24.5,592.0
72,26,73.0,24.5,592.0
72,27,73.25,24.5,594.0
72,28,73.5,24.5,594.0
72,29,73.75,24.5,594.0
72,30,74.0,24.5,594.0
72,31,74.25,24.5,557.0
72,32,74.5,24.5,557.0
72,33,74.75,24.5,375.0
72,34,75.0,24.5,375.0
72,35,75.25,24.5,375.0
72,36,75.5,24.5,375.0
72,37,75.75,24.5,370.0
72,38,76.0,24.5,572.0
72,39,76.25,24.5,572.0
72,40,76.5,24.5,572.0
72,41,76.75,24.5,550.0
72,42,77.0,24.5,550.0
72,43,77.25,24.5,359.0
72,44,77.5,24.5,345.0
72,45,77.75,24.5,345.0
72,46,78.0,24.5,345.0
72,47,78.25,24.5,727.0
72,48,78.5,24.5,727.0
72,49,78.75,24.5,727.0
72,50,79.0,24.5,393.0
72,51,79.25,24.5,352.0
72,52,79.5,24.5,352.0
72,53,79.75,24.5,352.0
72,54,80.0,24.5,378.0
72,55,80.25,24.5,378.0
72,56,80.5,24.5,384.0
72,57,80.75,24.5,384.0
72,58,81.0,24.5,384.0
72,59,81.25,24.5,382.0
72,60,81.5,24.5,382.0
72,61,81.75,24.5,391.0
72,62,82.0,24.5,391.0
72,63,82.25,24.5,391.0
72,64,82.5,24.5,392.0
72,65,82.75,24.5,751.0
72,66,83.0,24.5,751.0
72,67,83.25,24.5,751.0
72,68,83.5,24.5,276.0
72,69,83.75,24.5,276.0
72,70,84.0,24.5,287.0
72,71,84.25,24.5,287.0
72,72,84.5,24.5,100.0
72,73,84.75,24.5,100.0
72,74,85.0,24.5,100.0
72,75,85.25,24.5,100.0
72,76,85.5,24.5,283.0
72,77,85.75,24.5,283.0
72,78,86.0,24.5,277.0
72,79,86.25,24.5,277.0
72,80,86.5,24.5,103.0
72,81,86.75,24.5,272.0
72,82,87.0,24.5,274.0
72,83,87.25,24.5,274.0
72,84,87.5,24.5,274.0
72,85,87.75,24.5,286.0
72,86,88.0,24.5,781.0
72,103,92.25,24.5,77.0
72,104,92.5,24.5,77.0
72,105,92.75,24.5,71.0
72,106,93.0,24.5,61.0
72,107,93.25,24.5,443.0
72,108,93.5,24.5,435.0
72,109,93.75,24.5,433.0
72,110,94.0,24.5,439.0
72,111,94.25,24.5,446.0
73,19,71.25,24.75,551.0
73,20,71.5,24.75,588.0
73,21,71.75,24.75,588.0
73,22,72.0,24.75,588.0
73,23,72.25,24.75,588.0
73,24,72.5,24.75,592.0
73,25,72.75,24.75,592.0
73,26,73.0,24.75,592.0
73,27,73.25,24.75,594.0
73,28,73.5,24.75,594.0
73,29,73.75,24.75,586.0
73,30,74.0,24.75,594.0
73,31,74.25,24.75,557.0
73,32,74.5,24.75,557.0
73,33,74.75,24.75,557.0
73,34,75.0,24.75,557.0
73,37,75.75,24.75,370.0
73,38,76.0,24.75,579.0
73,39,76.25,24.75,572.0
73,40,76.5,24.75,550.0
73,41,76.75,24.75,550.0
73,42,77.0,24.75,359.0
73,43,77.25,24.75,359.0
73,44,77.5,24.75,359.0
73,45,77.75,24.75,345.0
73,46,78.0,24.75,345.0
73,47,78.25,24.75,727.0
73,48,78.5,24.75,727.0
73,49,78.75,24.75,727.0
73,50,79.0,24.75,393.0
73,51,79.25,24.75,393.0
73,52,79.5,24.75,352.0
73,53,79.75,24.75,352.0
73,54,80.0,24.75,352.0
73,55,80.25,24.75,378.0
73,56,80.5,24.75,384.0
73,57,80.75,24.75,384.0
73,58,81.0,24.75,384.0
73,59,81.25,24.75,382.0
73,60,81.5,24.75,382.0
73,61,81.75,24.75,371.0
73,62,82.0,24.75,371.0
73,63,82.25,24.75,371.0
73,64,82.5,24.75,735.0
73,65,82.75,24.75,751.0
73,66,83.0,24.75,751.0
73,67,83.25,24.75,700.0
73,68,83.5,24.75,104.0
73,69,83.75,24.75,104.0
73,70,84.0,24.75,119.0
73,71,84.25,24.75,93.0
73,72,84.5,24.75,93.0
73,73,84.75,24.75,100.0
73,74,85.0,24.75,100.0
73,75,85.25,24.75,100.0
73,76,85.5,24.75,114.0
73,77,85.75,24.75,283.0
73,78,86.0,24.75,277.0
73,79,86.25,24.75,103.0
73,80,86.5,24.75,103.0
73,81,86.75,24.75,94.0
73,82,87.0,24.75,94.0
73,83,87.25,24.75,278.0
73,84,87.5,24.75,286.0
73,85,87.75,24.75,286.0
73,86,88.0,24.75,780.0
73,104,92.5,24.75,77.0
73,105,92.75,24.75,61.0
73,106,93.0,24.75,61.0
73,107,93.25,24.75,445.0
73,108,93.5,24.75,442.0
73,109,93.75,24.75,441.0
73,110,94.0,24.75,436.0
73,111,94.25,24.75,440.0
73,112,94.5,24.75,440.0
74,18,71.0,25.0,551.0
74,19,71.25,25.0,551.0
74,20,71.5,25.0,588.0
74,21,71.75,25.0,588.0
74,22,72.0,25.0,571.0
74,23,72.25,25.0,571.0
74,24,72.5,25.0,571.0
74,25,72.75,25.0,592.0
74,26,73.0,25.0,592.0
74,27,73.25,25.0,583.0
74,28,73.5,25.0,594.0
74,29,73.75,25.0,586.0
74,30,74.0,25.0,586.0
74,31,74.25,25.0,586.0
74,32,74.5,25.0,557.0
74,33,74.75,25.0,557.0
74,34,75.0,25.0,557.0
74,35,75.25,25.0,375.0
74,37,75.75,25.0,579.0
74,38,76.0,25.0,579.0
74,39,76.25,25.0,579.0
74,40,76.5,25.0,550.0
74,41,76.75,25.0,550.0
74,42,77.0,25.0,359.0
74,43,77.25,25.0,359.0
74,44,77.5,25.0,390.0
74,45,77.75,25.0,390.0
74,46,78.0,25.0,390.0
74,47,78.25,25.0,390.0
74,48,78.5,25.0,727.0
74,49,78.75,25.0,393.0
74,50,79.0,25.0,393.0
74,51,79.25,25.0,393.0
74,52,79.5,25.0,352.0
74,53,79.75,25.0,352.0
74,54,80.0,25.0,352.0
74,55,80.25,25.0,378.0
74,56,80.5,25.0,384.0
74,57,80.75,25.0,384.0
74,58,81.0,25.0,701.0
74,59,81.25,25.0,382.0
74,60,81.5,25.0,382.0
74,61,81.75,25.0,382.0
74,62,82.0,25.0,740.0
74,63,82.25,25.0,740.0
74,64,82.5,25.0,735.0
74,65,82.75,25.0,735.0
74,66,83.0,25.0,735.0
74,67,83.25,25.0,700.0
74,68,83.5,25.0,104.0
74,69,83.75,25.0,104.0
74,70,84.0,25.0,119.0
74,71,84.25,25.0,119.0
74,72,84.5,25.0,93.0
74,73,84.75,25.0,100.0
74,74,85.0,25.0,100.0
74,75,85.25,25.0,100.0
74,76,85.5,25.0,114.0
74,77,85.75,25.0,114.0
74,78,86.0,25.0,108.0
74,79,86.25,25.0,103.0
74,80,86.5,25.0,111.0
74,81,86.75,25.0,94.0
74,82,87.0,25.0,94.0
74,83,87.25,25.0,278.0
74,84,87.5,25.0,290.0
74,85,87.75,25.0,290.0
74,86,88.0,25.0,780.0
74,87,88.25,25.0,780.0
74,104,92.5,25.0,61.0
74,105,92.75,25.0,61.0
74,106,93.0,25.0,61.0
74,107,93.25,25.0,68.0
74,108,93.5,25.0,445.0
74,109,93.75,25.0,445.0
74,110,94.0,25.0,441.0
74,111,94.25,25.0,448.0
74,112,94.5,25.0,440.0
75,18,71.0,25.25,551.0
75,19,71.25,25.25,551.0
75,20,71.5,25.25,551.0
75,21,71.75,25.25,551.0
75,22,72.0,25.25,588.0
75,23,72.25,25.25,571.0
75,24,72.5,25.25,571.0
75,25,72.75,25.25,571.0
75,26,73.0,25.25,583.0
75,27,73.25,25.25,583.0
75,28,73.5,25.25,583.0
75,29,73.75,25.25,586.0
75,30,74.0,25.25,586.0
75,31,74.25,25.25,554.0
75,32,74.5,25.25,554.0
75,33,74.75,25.25,554.0
75,34,75.0,25.25,554.0
75,35,75.25,25.25,554.0
75,36,75.5,25.25,556.0
75,37,75.75,25.25,556.0
75,38,76.0,25.25,579.0
75,39,76.25,25.25,579.0
75,40,76.5,25.25,550.0
75,41,76.75,25.25,550.0
75,42,77.0,25.25,550.0
75,43,77.25,25.25,550.0
75,44,77.5,25.25,390.0
75,45,77.75,25.25,390.0
75,46,78.0,25.25,390.0
75,47,78.25,25.25,390.0
75,48,78.5,25.25,719.0
75,49,78.75,25.25,376.0
75,50,79.0,25.25,393.0
75,51,79.25,25.25,719.0
75,52,79.5,25.25,729.0
75,53,79.75,25.25,729.0
75,54,80.0,25.25,352.0
75,55,80.25,25.25,352.0
75,56,80.5,25.25,692.0
75,57,80.75,25.25,701.0
75,58,81.0,25.25,701.0
75,59,81.25,25.25,701.0
75,60,81.5,25.25,701.0
75,61,81.75,25.25,740.0
75,62,82.0,25.25,740.0
75,63,82.25,25.25,696.0
75,64,82.5,25.25,696.0
75,65,82.75,25.25,754.0
75,66,83.0,25.25,754.0
75,67,83.25,25.25,700.0
75,68,83.5,25.25,104.0
75,69,83.75,25.25,104.0
75,70,84.0,25.25,119.0
75,71,84.25,25.25,119.0
75,72,84.5,25.25,97.0
75,73,84.75,25.25,92.0
75,74,85.0,25.25,102.0
75,75,85.25,25.25,113.0
75,76,85.5,25.25,113.0
75,77,85.75,25.25,123.0
75,78,86.0,25.25,108.0
75,79,86.25,25.25,108.0
75,80,86.5,25.25,111.0
75,81,86.75,25.25,96.0
75,82,87.0,25.25,96.0
75,83,87.25,25.25,96.0
75,84,87.5,25.25,290.0
75,85,87.75,25.25,290.0
75,86,88.0,25.25,780.0
75,87,88.25,25.25,780.0
75,88,88.5,25.25,771.0
75,89,88.75,25.25,771.0
75,95,90.25,25.25,459.0
75,96,90.5,25.25,456.0
75,97,90.75,25.25,456.0
75,98,91.0,25.25,458.0
75,99,91.25,25.25,458.0
75,100,91.5,25.25,453.0
75,101,91.75,25.25,453.0
75,102,92.0,25.25,460.0
75,103,92.25,25.25,452.0
75,104,92.5,25.25,452.0
75,105,92.75,25.25,452.0
75,106,93.0,25.25,68.0
75,107,93.25,25.25,68.0
75,108,93.5,25.25,445.0
75,109,93.75,25.25,445.0
75,110,94.0,25.25,441.0
75,111,94.25,25.25,444.0
75,112,94.5,25.25,448.0
76,17,70.75,25.5,551.0
76,18,71.0,25.5,551.0
76,19,71.25,25.5,551.0
76,20,71.5,25.5,551.0
76,21,71.75,25.5,551.0
76,22,72.0,25.5,548.0
76,23,72.25,25.5,548.0
76,24,72.5,25.5,548.0
76,25,72.75,25.5,571.0
76,26,73.0,25.5,571.0
76,27,73.25,25.5,583.0
76,28,73.5,25.5,583.0
76,29,73.75,25.5,583.0
76,30,74.0,25.5,586.0
76,31,74.25,25.5,554.0
76,32,74.5,25.5,554.0
76,33,74.75,25.5,590.0
76,34,75.0,25.5,590.0
76,35,75.25,25.5,590.0
76,36,75.5,25.5,556.0
76,37,75.75,25.5,556.0
76,38,76.0,25.5,556.0
76,39,76.25,25.5,579.0
76,40,76.5,25.5,579.0
76,41,76.75,25.5,389.0
76,42,77.0,25.5,389.0
76,43,77.25,25.5,390.0
76,44,77.5,25.5,390.0
76,45,77.75,25.5,390.0
76,46,78.0,25.5,390.0
76,47,78.25,25.5,390.0
76,48,78.5,25.5,719.0
76,49,78.75,25.5,719.0
76,50,79.0,25.5,719.0
76,51,79.25,25.5,719.0
76,52,79.5,25.5,713.0
76,53,79.75,25.5,729.0
76,54,80.0,25.5,729.0
76,55,80.25,25.5,692.0
76,56,80.5,25.5,692.0
76,57,80.75,25.5,692.0
76,58,81.0,25.5,692.0
76,59,81.25,25.5,706.0
76,60,81.5,25.5,724.0
76,61,81.75,25.5,740.0
76,62,82.0,25.5,740.0
76,63,82.25,25.5,740.0
76,64,82.5,25.5,718.0
76,65,82.75,25.5,754.0
76,66,83.0,25.5,754.0
76,67,83.25,25.5,700.0
76,68,83.5,25.5,710.0
76,69,83.75,25.5,710.0
76,70,84.0,25.5,98.0
76,71,84.25,25.5,98.0
76,72,84.5,25.5,97.0
76,73,84.75,25.5,97.0
76,74,85.0,25.5,116.0
76,75,85.25,25.5,116.0
76,76,85.5,25.5,128.0
76,77,85.75,25.5,116.0
76,78,86.0,25.5,95.0
76,79,86.25,25.5,95.0
76,80,86.5,25.5,106.0
76,81,86.75,25.5,106.0
76,82,87.0,25.5,109.0
76,83,87.25,25.5,105.0
76,84,87.5,25.5,105.0
76,85,87.75,25.5,105.0
76,86,88.0,25.5,105.0
76,87,88.25,25.5,790.0
76,88,88.5,25.5,771.0
76,94,90.0,25.5,457.0
76,95,90.25,25.5,459.0
76,96,90.5,25.5,451.0
76,97,90.75,25.5,456.0
76,98,91.0,25.5,450.0
76,99,91.25,25.5,450.0
76,100,91.5,25.5,449.0
76,101,91.75,25.5,453.0
76,102,92.0,25.5,453.0
76,103,92.25,25.5,460.0
76,104,92.5,25.5,460.0
76,105,92.75,25.5,68.0
76,106,93.0,25.5,68.0
76,107,93.25,25.5,68.0
76,108,93.5,25.5,481.0
76,109,93.75,25.5,481.0
76,110,94.0,25.5,444.0
76,111,94.25,25.5,482.0
76,112,94.5,25.5,448.0
76,113,94.75,25.5,482.0
77,16,70.5,25.75,551.0
77,17,70.75,25.75,551.0
77,18,71.0,25.75,551.0
77,19,71.25,25.75,551.0
77,20,71.5,25.75,551.0
77,21,71.75,25.75,548.0
77,22,72.0,25.75,548.0
77,23,72.25,25.75,548.0
77,24,72.5,25.75,548.0
77,25,72.75,25.75,571.0
77,26,73.0,25.75,583.0
77,27,73.25,25.75,583.0
77,28,73.5,25.75,583.0
77,29,73.75,25.75,583.0
77,30,74.0,25.75,552.0
77,31,74.25,25.75,552.0
77,32,74.5,25.75,554.0
77,33,74.75,25.75,554.0
77,34,75.0,25.75,590.0
77,35,75.25,25.75,577.0
77,36,75.5,25.75,593.0
77,37,75.75,25.75,556.0
77,38,76.0,25.75,556.0
77,39,76.25,25.75,556.0
77,40,76.5,25.75,579.0
77,41,76.75,25.75,389.0
77,42,77.0,25.75,389.0
77,43,77.25,25.75,389.0
77,44,77.5,25.75,390.0
77,45,77.75,25.75,390.0
77,46,78.0,25.75,360.0
77,47,78.25,25.75,355.0
77,48,78.5,25.75,355.0
77,49,78.75,25.75,355.0
77,50,79.0,25.75,719.0
77,51,79.25,25.75,719.0
77,52,79.5,25.75,713.0
77,53,79.75,25.75,713.0
77,54,80.0,25.75,713.0
77,55,80.25,25.75,713.0
77,56,80.5,25.75,692.0
77,57,80.75,25.75,706.0
77,58,81.0,25.75,706.0
77,59,81.25,25.75,724.0
77,60,81.5,25.75,739.0
77,61,81.75,25.75,739.0
77,62,82.0,25.75,739.0
77,63,82.25,25.75,718.0
77,64,82.5,25.75,718.0
77,65,82.75,25.75,718.0
77,66,83.0,25.75,687.0
77,67,83.25,25.75,710.0
77,68,83.5,25.75,710.0
77,69,83.75,25.75,710.0
77,70,84.0,25.75,690.0
77,71,84.25,25.75,690.0
77,72,84.5,25.75,690.0
77,73,84.75,25.75,122.0
77,74,85.0,25.75,122.0
77,75,85.25,25.75,128.0
77,76,85.5,25.75,128.0
77,77,85.75,25.75,121.0
77,78,86.0,25.75,121.0
77,79,86.25,25.75,121.0
77,80,86.5,25.75,120.0
77,81,86.75,25.75,120.0
77,82,87.0,25.75,109.0
77,83,87.25,25.75,118.0
77,84,87.5,25.75,118.0
77,85,87.75,25.75,105.0
77,86,88.0,25.75,790.0
77,87,88.25,25.75,790.0
77,94,90.0,25.75,459.0
77,95,90.25,25.75,459.0
77,96,90.5,25.75,454.0
77,97,90.75,25.75,451.0
77,98,91.0,25.75,450.0
77,99,91.25,25.75,75.0
77,100,91.5,25.75,449.0
77,101,91.75,25.75,449.0
77,102,92.0,25.75,455.0
77,103,92.25,25.75,90.0
77,104,92.5,25.75,90.0
77,105,92.75,25.75,90.0
77,106,93.0,25.75,68.0
77,107,93.25,25.75,76.0
77,108,93.5,25.75,76.0
77,109,93.75,25.75,472.0
77,110,94.0,25.75,475.0
77,111,94.25,25.75,475.0
77,112,94.5,25.75,482.0
77,113,94.75,25.75,482.0
77,114,95.0,25.75,474.0
78,15,70.25,26.0,551.0
78,16,70.5,26.0,551.0
78,17,70.75,26.0,551.0
78,18,71.0,26.0,551.0
78,19,71.25,26.0,551.0
78,20,71.5,26.0,551.0
78,21,71.75,26.0,548.0
78,22,72.0,26.0,548.0
78,23,72.25,26.0,548.0
78,24,72.5,26.0,548.0
78,25,72.75,26.0,575.0
78,26,73.0,26.0,575.0
78,27,73.25,26.0,583.0
78,28,73.5,26.0,583.0
78,29,73.75,26.0,583.0
78,30,74.0,26.0,552.0
78,31,74.25,26.0,552.0
78,32,74.5,26.0,552.0
78,33,74.75,26.0,577.0
78,34,75.0,26.0,577.0
78,35,75.25,26.0,577.0
78,36,75.5,26.0,577.0
78,37,75.75,26.0,593.0
78,38,76.0,26.0,593.0
78,39,76.25,26.0,589.0
78,40,76.5,26.0,589.0
78,41,76.75,26.0,589.0
78,42,77.0,26.0,389.0
78,43,77.25,26.0,389.0
78,44,77.5,26.0,389.0
78,45,77.75,26.0,360.0
78,46,78.0,26.0,360.0
78,47,78.25,26.0,360.0
78,48,78.5,26.0,360.0
78,49,78.75,26.0,355.0
78,50,79.0,26.0,717.0
78,51,79.25,26.0,717.0
78,52,79.5,26.0,717.0
78,53,79.75,26.0,717.0
78,54,80.0,26.0,713.0
78,55,80.25,26.0,706.0
78,56,80.5,26.0,706.0
78,57,80.75,26.0,706.0
78,58,81.0,26.0,706.0
78,59,81.25,26.0,741.0
78,60,81.5,26.0,741.0
78,61,81.75,26.0,739.0
78,62,82.0,26.0,739.0
78,63,82.25,26.0,739.0
78,64,82.5,26.0,752.0
78,65,82.75,26.0,687.0
78,66,83.0,26.0,687.0
78,67,83.25,26.0,687.0
78,68,83.5,26.0,733.0
78,69,83.75,26.0,733.0
78,70,84.0,26.0,690.0
78,71,84.25,26.0,126.0
78,72,84.5,26.0,122.0
78,73,84.75,26.0,122.0
78,74,85.0,26.0,122.0
78,75,85.25,26.0,128.0
78,76,85.5,26.0,112.0
78,77,85.75,26.0,121.0
78,78,86.0,26.0,99.0
78,79,86.25,26.0,99.0
78,80,86.5,26.0,120.0
78,81,86.75,26.0,109.0
78,82,87.0,26.0,109.0
78,83,87.25,26.0,91.0
78,84,87.5,26.0,91.0
78,85,87.75,26.0,118.0
78,86,88.0,26.0,790.0
78,94,90.0,26.0,66.0
78,95,90.25,26.0,69.0
78,96,90.5,26.0,454.0
78,97,90.75,26.0,69.0
78,98,91.0,26.0,69.0
78,99,91.25,26.0,75.0
78,100,91.5,26.0,75.0
78,101,91.75,26.0,455.0
78,102,92.0,26.0,455.0
78,103,92.25,26.0,90.0
78,104,92.5,26.0,90.0
78,105,92.75,26.0,90.0
78,106,93.0,26.0,72.0
78,107,93.25,26.0,76.0
78,108,93.5,26.0,76.0
78,109,93.75,26.0,76.0
78,110,94.0,26.0,486.0
78,111,94.25,26.0,484.0
78,112,94.5,26.0,487.0
78,113,94.75,26.0,474.0
78,114,95.0,26.0,480.0
79,15,70.25,26.25,570.0
79,16,70.5,26.25,570.0
79,17,70.75,26.25,570.0
79,18,71.0,26.25,551.0
79,19,71.25,26.25,551.0
79,20,71.5,26.25,551.0
79,21,71.75,26.25,548.0
79,22,72.0,26.25,548.0
79,23,72.25,26.25,575.0
79,24,72.5,26.25,548.0
79,25,72.75,26.25,575.0
79,26,73.0,26.25,574.0
79,27,73.25,26.25,575.0
79,28,73.5,26.25,575.0
79,29,73.75,26.25,575.0
79,30,74.0,26.25,552.0
79,31,74.25,26.25,552.0
79,32,74.5,26.25,545.0
79,33,74.75,26.25,545.0
79,34,75.0,26.25,577.0
79,35,75.25,26.25,593.0
79,36,75.5,26.25,593.0
79,37,75.75,26.25,593.0
79,38,76.0,26.25,593.0
79,39,76.25,26.25,589.0
79,40,76.5,26.25,589.0
79,41,76.75,26.25,576.0
79,42,77.0,26.25,576.0
79,43,77.25,26.25,372.0
79,44,77.5,26.25,372.0
79,45,77.75,26.25,372.0
79,46,78.0,26.25,360.0
79,47,78.25,26.25,360.0
79,48,78.5,26.25,360.0
79,49,78.75,26.25,355.0
79,50,79.0,26.25,349.0
79,51,79.25,26.25,717.0
79,52,79.5,26.25,717.0
79,53,79.75,26.25,721.0
79,54,80.0,26.25,721.0
79,55,80.25,26.25,722.0
79,56,80.5,26.25,722.0
79,57,80.75,26.25,753.0
79,58,81.0,26.25,741.0
79,59,81.25,26.25,741.0
79,60,81.5,26.25,683.0
79,61,81.75,26.25,683.0
79,62,82.0,26.25,752.0
79,63,82.25,26.25,752.0
79,64,82.5,26.25,752.0
79,65,82.75,26.25,682.0
79,66,83.0,26.25,687.0
79,67,83.25,26.25,687.0
79,68,83.5,26.25,733.0
79,69,83.75,26.25,733.0
79,70,84.0,26.25,702.0
79,71,84.25,26.25,126.0
79,72,84.5,26.25,126.0
79,73,84.75,26.25,101.0
79,74,85.0,26.25,112.0
79,75,85.25,26.25,112.0
79,76,85.5,26.25,112.0
79,77,85.75,26.25,99.0
79,78,86.0,26.25,99.0
79,79,86.25,26.25,110.0
79,80,86.5,26.25,110.0
79,81,86.75,26.25,127.0
79,82,87.0,26.25,127.0
79,83,87.25,26.25,91.0
79,84,87.5,26.25,91.0
79,85,87.75,26.25,107.0
79,86,88.0,26.25,107.0
79,87,88.25,26.25,790.0
79,90,89.0,26.25,778.0
79,91,89.25,26.25,778.0
79,92,89.5,26.25,778.0
79,93,89.75,26.25,66.0
79,94,90.0,26.25,78.0
79,95,90.25,26.25,66.0
79,96,90.5,26.25,60.0
79,97,90.75,26.25,58.0
79,98,91.0,26.25,58.0
79,99,91.25,26.25,83.0
79,100,91.5,26.25,75.0
79,101,91.75,26.25,75.0
79,102,92.0,26.25,81.0
79,103,92.25,26.25,81.0
79,104,92.5,26.25,82.0
79,105,92.75,26.25,82.0
79,106,93.0,26.25,76.0
79,107,93.25,26.25,76.0
79,108,93.5,26.25,76.0
79,109,93.75,26.25,76.0
79,110,94.0,26.25,70.0
79,111,94.25,26.25,486.0
79,112,94.5,26.25,487.0
79,113,94.75,26.25,485.0
79,114,95.0,26.25,480.0
80,15,70.25,26.5,570.0
80,16,70.5,26.5,570.0
80,17,70.75,26.5,570.0
80,18,71.0,26.5,570.0
80,19,71.25,26.5,570.0
80,20,71.5,26.5,570.0
80,21,71.75,26.5,570.0
80,22,72.0,26.5,570.0
80,23,72.25,26.5,575.0
80,24,72.5,26.5,575.0
80,25,72.75,26.5,575.0
80,26,73.0,26.5,575.0
80,27,73.25,26.5,575.0
80,28,73.5,26.5,575.0
80,29,73.75,26.5,575.0
80,30,74.0,26.5,581.0
80,31,74.25,26.5,581.0
80,32,74.5,26.5,545.0
80,33,74.75,26.5,545.0
80,34,75.0,26.5,545.0
80,35,75.25,26.5,593.0
80,36,75.5,26.5,563.0
80,37,75.75,26.5,569.0
80,38,76.0,26.5,593.0
80,39,76.25,26.5,559.0
80,40,76.5,26.5,566.0
80,41,76.75,26.5,566.0
80,42,77.0,26.5,576.0
80,43,77.25,26.5,561.0
80,44,77.5,26.5,561.0
80,45,77.75,26.5,372.0
80,46,78.0,26.5,372.0
80,47,78.25,26.5,349.0
80,48,78.5,26.5,349.0
80,49,78.75,26.5,349.0
80,50,79.0,26.5,349.0
80,51,79.25,26.5,704.0
80,52,79.5,26.5,685.0
80,53,79.75,26.5,721.0
80,54,80.0,26.5,721.0
80,55,80.25,26.5,722.0
80,56,80.5,26.5,753.0
80,57,80.75,26.5,753.0
80,58,81.0,26.5,741.0
80,59,81.25,26.5,741.0
80,60,81.5,26.5,683.0
80,61,81.75,26.5,683.0
80,62,82.0,26.5,686.0
80,63,82.25,26.5,686.0
80,64,82.5,26.5,682.0
80,65,82.75,26.5,682.0
80,66,83.0,26.5,745.0
80,67,83.25,26.5,712.0
80,68,83.5,26.5,712.0
80,69,83.75,26.5,702.0
80,70,84.0,26.5,101.0
80,71,84.25,26.5,101.0
80,72,84.5,26.5,101.0
80,73,84.75,26.5,117.0
80,74,85.0,26.5,117.0
80,75,85.25,26.5,124.0
80,76,85.5,26.5,125.0
80,77,85.75,26.5,125.0
80,78,86.0,26.5,110.0
80,79,86.25,26.5,110.0
80,80,86.5,26.5,110.0
80,82,87.0,26.5,127.0
80,87,88.25,26.5,772.0
80,89,88.75,26.5,775.0
80,90,89.0,26.5,778.0
80,91,89.25,26.5,768.0
80,92,89.5,26.5,768.0
80,93,89.75,26.5,768.0
80,94,90.0,26.5,78.0
80,95,90.25,26.5,78.0
80,96,90.5,26.5,63.0
80,97,90.75,26.5,63.0
80,98,91.0,26.5,56.0
80,99,91.25,26.5,56.0
80,100,91.5,26.5,83.0
80,101,91.75,26.5,87.0
80,102,92.0,26.5,64.0
80,103,92.25,26.5,64.0
80,104,92.5,26.5,82.0
80,105,92.75,26.5,82.0
80,106,93.0,26.5,82.0
80,107,93.25,26.5,76.0
80,108,93.5,26.5,76.0
80,109,93.75,26.5,76.0
80,110,94.0,26.5,70.0
80,111,94.25,26.5,486.0
80,112,94.5,26.5,477.0
80,113,94.75,26.5,476.0
80,114,95.0,26.5,478.0
81,13,69.75,26.75,570.0
81,14,70.0,26.75,570.0
81,15,70.25,26.75,570.0
81,16,70.5,26.75,570.0
81,17,70.75,26.75,570.0
81,18,71.0,26.75,570.0
81,19,71.25,26.75,570.0
81,20,71.5,26.75,570.0
81,21,71.75,26.75,570.0
81,22,72.0,26.75,570.0
81,23,72.25,26.75,584.0
81,24,72.5,26.75,575.0
81,25,72.75,26.75,575.0
81,26,73.0,26.75,575.0
81,27,73.25,26.75,575.0
81,28,73.5,26.75,575.0
81,29,73.75,26.75,581.0
81,30,74.0,26.75,581.0
81,31,74.25,26.75,581.0
81,32,74.5,26.75,581.0
81,33,74.75,26.75,545.0
81,34,75.0,26.75,545.0
81,35,75.25,26.75,569.0
81,36,75.5,26.75,563.0
81,37,75.75,26.75,569.0
81,38,76.0,26.75,569.0
81,39,76.25,26.75,559.0
81,40,76.5,26.75,566.0
81,41,76.75,26.75,566.0
81,42,77.0,26.75,576.0
81,43,77.25,26.75,576.0
81,44,77.5,26.75,561.0
81,45,77.75,26.75,561.0
81,46,78.0,26.75,561.0
81,47,78.25,26.75,372.0
81,48,78.5,26.75,372.0
81,49,78.75,26.75,349.0
81,50,79.0,26.75,704.0
81,51,79.25,26.75,704.0
81,52,79.5,26.75,685.0
81,53,79.75,26.75,721.0
81,54,80.0,26.75,722.0
81,55,80.25,26.75,753.0
81,56,80.5,26.75,753.0
81,57,80.75,26.75,728.0
81,58,81.0,26.75,728.0
81,59,81.25,26.75,693.0
81,60,81.5,26.75,693.0
81,61,81.75,26.75,686.0
81,62,82.0,26.75,686.0
81,63,82.25,26.75,686.0
81,64,82.5,26.75,695.0
81,65,82.75,26.75,695.0
81,66,83.0,26.75,745.0
81,67,83.25,26.75,712.0
81,68,83.5,26.75,712.0
81,69,83.75,26.75,726.0
81,70,84.0,26.75,726.0
81,71,84.25,26.75,115.0
81,72,84.5,26.75,115.0
81,73,84.75,26.75,117.0
81,74,85.0,26.75,117.0
81,75,85.25,26.75,117.0
81,76,85.5,26.75,125.0
81,87,88.25,26.75,772.0
81,88,88.5,26.75,775.0
81,89,88.75,26.75,775.0
81,90,89.0,26.75,775.0
81,91,89.25,26.75,768.0
81,92,89.5,26.75,768.0
81,95,90.25,26.75,78.0
81,96,90.5,26.75,63.0
81,97,90.75,26.75,63.0
81,98,91.0,26.75,57.0
81,99,91.25,26.75,57.0
81,100,91.5,26.75,87.0
81,101,91.75,26.75,89.0
81,102,92.0,26.75,89.0
81,103,92.25,26.75,89.0
81,104,92.5,26.75,85.0
81,105,92.75,26.75,85.0
81,106,93.0,26.75,59.0
81,107,93.25,26.75,59.0
81,108,93.5,26.75,70.0
81,109,93.75,26.75,70.0
81,110,94.0,26.75,70.0
81,111,94.25,26.75,73.0
81,112,94.5,26.75,73.0
81,113,94.75,26.75,476.0
81,114,95.0,26.75,478.0
81,115,95.25,26.75,41.0
82,13,69.75,27.0,570.0
82,14,70.0,27.0,570.0
82,15,70.25,27.0,570.0
82,16,70.5,27.0,570.0
82,17,70.75,27.0,570.0
82,18,71.0,27.0,570.0
82,19,71.25,27.0,570.0
82,20,71.5,27.0,570.0
82,21,71.75,27.0,570.0
82,22,72.0,27.0,570.0
82,23,72.25,27.0,584.0
82,24,72.5,27.0,584.0
82,25,72.75,27.0,584.0
82,26,73.0,27.0,584.0
82,27,73.25,27.0,581.0
82,28,73.5,27.0,581.0
82,29,73.75,27.0,581.0
82,30,74.0,27.0,581.0
82,31,74.25,27.0,581.0
82,32,74.5,27.0,562.0
82,33,74.75,27.0,562.0
82,34,75.0,27.0,562.0
82,35,75.25,27.0,569.0
82,36,75.5,27.0,569.0
82,37,75.75,27.0,568.0
82,38,76.0,27.0,569.0
82,39,76.25,27.0,559.0
82,40,76.5,27.0,559.0
82,41,76.75,27.0,559.0
82,42,77.0,27.0,559.0
82,43,77.25,27.0,553.0
82,44,77.5,27.0,553.0
82,45,77.75,27.0,553.0
82,46,78.0,27.0,680.0
82,47,78.25,27.0,680.0
82,48,78.5,27.0,707.0
82,49,78.75,27.0,707.0
82,50,79.0,27.0,731.0
82,51,79.25,27.0,731.0
82,52,79.5,27.0,720.0
82,53,79.75,27.0,720.0
82,54,80.0,27.0,720.0
82,55,80.25,27.0,753.0
82,56,80.5,27.0,715.0
82,57,80.75,27.0,728.0
82,58,81.0,27.0,728.0
82,59,81.25,27.0,693.0
82,60,81.5,27.0,693.0
82,61,81.75,27.0,711.0
82,62,82.0,27.0,711.0
82,63,82.25,27.0,711.0
82,64,82.5,27.0,711.0
82,65,82.75,27.0,695.0
82,66,83.0,27.0,745.0
82,67,83.25,27.0,712.0
82,68,83.5,27.0,730.0
82,69,83.75,27.0,730.0
82,70,84.0,27.0,726.0
82,71,84.25,27.0,115.0
82,72,84.5,27.0,115.0
82,73,84.75,27.0,115.0
82,87,88.25,27.0,772.0
82,88,88.5,27.0,777.0
82,89,88.75,27.0,777.0
82,103,92.25,27.0,54.0
82,104,92.5,27.0,54.0
82,105,92.75,27.0,85.0
82,106,93.0,27.0,46.0
82,107,93.25,27.0,46.0
82,108,93.5,27.0,47.0
82,109,93.75,27.0,79.0
82,110,94.0,27.0,79.0
82,111,94.25,27.0,80.0
82,112,94.5,27.0,84.0
82,113,94.75,27.0,84.0
82,114,95.0,27.0,62.0
82,115,95.25,27.0,41.0
82,116,95.5,27.0,51.0
82,117,95.75,27.0,31.0
83,13,69.75,27.25,570.0
83,14,70.0,27.25,570.0
83,15,70.25,27.25,570.0
83,16,70.5,27.25,570.0
83,17,70.75,27.25,570.0
83,18,71.0,27.25,570.0
83,19,71.25,27.25,570.0
83,20,71.5,27.25,570.0
83,21,71.75,27.25,570.0
83,22,72.0,27.25,584.0
83,23,72.25,27.25,584.0
83,24,72.5,27.25,584.0
83,25,72.75,27.25,584.0
83,26,73.0,27.25,584.0
83,27,73.25,27.25,581.0
83,28,73.5,27.25,581.0
83,29,73.75,27.25,581.0
83,30,74.0,27.25,581.0
83,31,74.25,27.25,581.0
83,32,74.5,27.25,562.0
83,33,74.75,27.25,562.0
83,34,75.0,27.25,562.0
83,35,75.25,27.25,591.0
83,36,75.5,27.25,569.0
83,37,75.75,27.25,569.0
83,38,76.0,27.25,569.0
83,39,76.25,27.25,546.0
83,40,76.5,27.25,546.0
83,41,76.75,27.25,546.0
83,42,77.0,27.25,546.0
83,43,77.25,27.25,553.0
83,44,77.5,27.25,553.0
83,45,77.75,27.25,732.0
83,46,78.0,27.25,680.0
83,47,78.25,27.25,707.0
83,48,78.5,27.25,707.0
83,49,78.75,27.25,731.0
83,50,79.0,27.25,731.0
83,51,79.25,27.25,731.0
83,52,79.5,27.25,705.0
83,53,79.75,27.25,715.0
83,54,80.0,27.25,715.0
83,55,80.25,27.25,715.0
83,56,80.5,27.25,715.0
83,57,80.75,27.25,750.0
83,58,81.0,27.25,750.0
83,59,81.25,27.25,693.0
83,60,81.5,27.25,689.0
83,61,81.75,27.25,711.0
83,62,82.0,27.25,711.0
83,63,82.25,27.25,711.0
83,64,82.5,27.25,691.0
83,65,82.75,27.25,749.0
83,66,83.0,27.25,749.0
83,67,83.25,27.25,730.0
83,68,83.5,27.25,730.0
83,69,83.75,27.25,730.0
83,70,84.0,27.25,115.0
83,71,84.25,27.25,115.0
83,72,84.5,27.25,115.0
83,87,88.25,27.25,600.0
83,88,88.5,27.25,599.0
83,89,88.75,27.25,599.0
83,103,92.25,27.25,54.0
83,104,92.5,27.25,54.0
83,105,92.75,27.25,54.0
83,106,93.0,27.25,33.0
83,107,93.25,27.25,47.0
83,108,93.5,27.25,47.0
83,109,93.75,27.25,47.0
83,110,94.0,27.25,79.0
83,111,94.25,27.25,79.0
83,112,94.5,27.25,79.0
83,113,94.75,27.25,67.0
83,114,95.0,27.25,67.0
83,115,95.25,27.25,67.0
83,116,95.5,27.25,88.0
83,117,95.75,27.25,31.0
83,118,96.0,27.25,31.0
83,122,97.0,27.25,31.0
84,14,70.0,27.5,570.0
84,15,70.25,27.5,570.0
84,16,70.5,27.5,570.0
84,17,70.75,27.5,570.0
84,18,71.0,27.5,570.0
84,19,71.25,27.5,570.0
84,20,71.5,27.5,570.0
84,21,71.75,27.5,570.0
84,22,72.0,27.5,584.0
84,23,72.25,27.5,555.0
84,24,72.5,27.5,584.0
84,25,72.75,27.5,584.0
84,26,73.0,27.5,555.0
84,27,73.25,27.5,555.0
84,28,73.5,27.5,555.0
84,29,73.75,27.5,581.0
84,30,74.0,27.5,581.0
84,31,74.25,27.5,562.0
84,32,74.5,27.5,562.0
84,33,74.75,27.5,562.0
84,34,75.0,27.5,591.0
84,35,75.25,27.5,591.0
84,36,75.5,27.5,591.0
84,37,75.75,27.5,582.0
84,38,76.0,27.5,569.0
84,39,76.25,27.5,546.0
84,40,76.5,27.5,546.0
84,41,76.75,27.5,546.0
84,42,77.0,27.5,546.0
84,43,77.25,27.5,560.0
84,44,77.5,27.5,732.0
84,45,77.75,27.5,732.0
84,46,78.0,27.5,716.0
84,47,78.25,27.5,703.0
84,48,78.5,27.5,703.0
84,49,78.75,27.5,703.0
84,50,79.0,27.5,703.0
84,51,79.25,27.5,703.0
84,52,79.5,27.5,705.0
84,53,79.75,27.5,715.0
84,54,80.0,27.5,715.0
84,55,80.25,27.5,715.0
84,56,80.5,27.5,750.0
84,57,80.75,27.5,750.0
84,58,81.0,27.5,750.0
84,59,81.25,27.5,750.0
84,60,81.5,27.5,689.0
84,61,81.75,27.5,689.0
84,62,82.0,27.5,748.0
84,63,82.25,27.5,691.0
84,64,82.5,27.5,691.0
84,65,82.75,27.5,749.0
84,87,88.25,27.5,598.0
84,88,88.5,27.5,597.0
84,89,88.75,27.5,597.0
84,101,91.75,27.5,50.0
84,102,92.0,27.5,50.0
84,103,92.25,27.5,54.0
84,104,92.5,27.5,30.0
84,105,92.75,27.5,30.0
84,106,93.0,27.5,33.0
84,107,93.25,27.5,33.0
84,108,93.5,27.5,47.0
84,109,93.75,27.5,36.0
84,110,94.0,27.5,36.0
84,111,94.25,27.5,79.0
84,112,94.5,27.5,65.0
84,113,94.75,27.5,65.0
84,114,95.0,27.5,67.0
84,115,95.25,27.5,88.0
84,116,95.5,27.5,88.0
84,117,95.75,27.5,88.0
84,118,96.0,27.5,31.0
84,119,96.25,27.5,31.0
84,120,96.5,27.5,31.0
84,121,96.75,27.5,31.0
85,15,70.25,27.75,570.0
85,16,70.5,27.75,570.0
85,19,71.25,27.75,570.0
85,20,71.5,27.75,570.0
85,21,71.75,27.75,570.0
85,22,72.0,27.75,584.0
85,23,72.25,27.75,555.0
85,24,72.5,27.75,555.0
85,25,72.75,27.75,555.0
85,26,73.0,27.75,555.0
85,27,73.25,27.75,555.0
85,28,73.5,27.75,555.0
85,29,73.75,27.75,555.0
85,30,74.0,27.75,558.0
85,31,74.25,27.75,558.0
85,32,74.5,27.75,558.0
85,33,74.75,27.75,591.0
85,34,75.0,27.75,591.0
85,35,75.25,27.75,591.0
85,36,75.5,27.75,582.0
85,37,75.75,27.75,582.0
85,38,76.0,27.75,582.0
85,39,76.25,27.75,580.0
85,40,76.5,27.75,580.0
85,41,76.75,27.75,578.0
85,42,77.0,27.75,227.0
85,43,77.25,27.75,560.0
85,44,77.5,27.75,732.0
85,45,77.75,27.75,732.0
85,46,78.0,27.75,681.0
85,47,78.25,27.75,681.0
85,48,78.5,27.75,723.0
85,49,78.75,27.75,723.0
85,50,79.0,27.75,723.0
85,51,79.25,27.75,698.0
85,52,79.5,27.75,746.0
85,53,79.75,27.75,746.0
85,54,80.0,27.75,746.0
85,55,80.25,27.75,715.0
85,56,80.5,27.75,750.0
85,57,80.75,27.75,750.0
85,58,81.0,27.75,750.0
85,59,81.25,27.75,725.0
85,60,81.5,27.75,689.0
85,61,81.75,27.75,748.0
85,62,82.0,27.75,748.0
85,63,82.25,27.75,691.0
85,87,88.25,27.75,597.0
85,88,88.5,27.75,597.0
85,89,88.75,27.75,597.0
85,101,91.75,27.75,50.0
85,102,92.0,27.75,50.0
85,103,92.25,27.75,50.0
85,104,92.5,27.75,30.0
85,105,92.75,27.75,33.0
85,106,93.0,27.75,33.0
85,107,93.25,27.75,38.0
85,108,93.5,27.75,38.0
85,109,93.75,27.75,37.0
85,110,94.0,27.75,35.0
85,111,94.25,27.75,35.0
85,112,94.5,27.75,43.0
85,113,94.75,27.75,43.0
85,114,95.0,27.75,65.0
85,115,95.25,27.75,65.0
85,116,95.5,27.75,88.0
85,117,95.75,27.75,88.0
85,118,96.0,27.75,45.0
85,119,96.25,27.75,45.0
85,120,96.5,27.75,40.0
85,121,96.75,27.75,29.0
85,122,97.0,27.75,29.0
86,16,70.5,28.0,570.0
86,22,72.0,28.0,555.0
86,23,72.25,28.0,555.0
86,24,72.5,28.0,555.0
86,25,72.75,28.0,555.0
86,26,73.0,28.0,555.0
86,27,73.25,28.0,555.0
86,28,73.5,28.0,555.0
86,29,73.75,28.0,555.0
86,30,74.0,28.0,555.0
86,31,74.25,28.0,558.0
86,32,74.5,28.0,558.0
86,33,74.75,28.0,558.0
86,34,75.0,28.0,591.0
86,35,75.25,28.0,573.0
86,36,75.5,28.0,573.0
86,37,75.75,28.0,582.0
86,38,76.0,28.0,226.0
86,39,76.25,28.0,580.0
86,40,76.5,28.0,578.0
86,41,76.75,28.0,578.0
86,42,77.0,28.0,227.0
86,43,77.25,28.0,228.0
86,44,77.5,28.0,228.0
86,45,77.75,28.0,681.0
86,46,78.0,28.0,681.0
86,47,78.25,28.0,681.0
86,48,78.5,28.0,681.0
86,49,78.75,28.0,698.0
86,50,79.0,28.0,698.0
86,51,79.25,28.0,698.0
86,52,79.5,28.0,746.0
86,53,79.75,28.0,746.0
86,54,80.0,28.0,746.0
86,55,80.25,28.0,725.0
86,56,80.5,28.0,725.0
86,57,80.75,28.0,725.0
86,58,81.0,28.0,725.0
86,59,81.25,28.0,689.0
86,60,81.5,28.0,689.0
86,88,88.5,28.0,597.0
86,89,88.75,28.0,597.0
86,105,92.75,28.0,38.0
86,106,93.0,28.0,38.0
86,107,93.25,28.0,38.0
86,108,93.5,28.0,38.0
86,109,93.75,28.0,37.0
86,110,94.0,28.0,53.0
86,111,94.25,28.0,53.0
86,112,94.5,28.0,53.0
86,113,94.75,28.0,39.0
86,114,95.0,28.0,43.0
86,115,95.25,28.0,34.0
86,116,95.5,28.0,34.0
86,117,95.75,28.0,42.0
86,118,96.0,28.0,40.0
86,119,96.25,28.0,40.0
86,120,96.5,28.0,29.0
86,121,96.75,28.0,29.0
86,122,97.0,28.0,29.0
86,123,97.25,28.0,29.0
87,23,72.25,28.25,555.0
87,24,72.5,28.25,555.0
87,25,72.75,28.25,555.0
87,26,73.0,28.25,555.0
87,27,73.25,28.25,555.0
87,28,73.5,28.25,555.0
87,29,73.75,28.25,555.0
87,30,74.0,28.25,555.0
87,31,74.25,28.25,558.0
87,32,74.5,28.25,558.0
87,33,74.75,28.25,558.0
87,34,75.0,28.25,558.0
87,35,75.25,28.25,573.0
87,36,75.5,28.25,573.0
87,37,75.75,28.25,573.0
87,38,76.0,28.25,573.0
87,39,76.25,28.25,226.0
87,40,76.5,28.25,231.0
87,41,76.75,28.25,219.0
87,42,77.0,28.25,227.0
87,43,77.25,28.25,228.0
87,44,77.5,28.25,228.0
87,45,77.75,28.25,699.0
87,46,78.0,28.25,699.0
87,47,78.25,28.25,699.0
87,48,78.5,28.25,744.0
87,49,78.75,28.25,698.0
87,50,79.0,28.25,698.0
87,51,79.25,28.25,694.0
87,52,79.5,28.25,694.0
87,53,79.75,28.25,738.0
87,54,80.0,28.25,746.0
87,55,80.25,28.25,746.0
87,56,80.5,28.25,725.0
87,57,80.75,28.25,725.0
87,58,81.0,28.25,725.0
87,59,81.25,28.25,689.0
87,107,93.25,28.25,38.0
87,108,93.5,28.25,37.0
87,109,93.75,28.25,37.0
87,110,94.0,28.25,53.0
87,111,94.25,28.25,53.0
87,112,94.5,28.25,55.0
87,113,94.75,28.25,49.0
87,114,95.0,28.25,49.0
87,115,95.25,28.25,52.0
87,116,95.5,28.25,34.0
87,117,95.75,28.25,42.0
87,118,96.0,28.25,42.0
87,119,96.25,28.25,42.0
87,120,96.5,28.25,29.0
87,121,96.75,28.25,29.0
87,122,97.0,28.25,29.0
87,123,97.25,28.25,29.0
88,23,72.25,28.5,555.0
88,24,72.5,28.5,555.0
88,25,72.75,28.5,555.0
88,26,73.0,28.5,555.0
88,27,73.25,28.5,555.0
88,28,73.5,28.5,555.0
88,29,73.75,28.5,555.0
88,30,74.0,28.5,555.0
88,31,74.25,28.5,558.0
88,32,74.5,28.5,558.0
88,33,74.75,28.5,558.0
88,34,75.0,28.5,558.0
88,35,75.25,28.5,558.0
88,36,75.5,28.5,558.0
88,37,75.75,28.5,215.0
88,38,76.0,28.5,216.0
88,39,76.25,28.5,216.0
88,40,76.5,28.5,221.0
88,41,76.75,28.5,221.0
88,42,77.0,28.5,219.0
88,43,77.25,28.5,175.0
88,44,77.5,28.5,708.0
88,45,77.75,28.5,699.0
88,46,78.0,28.5,699.0
88,47,78.25,28.5,684.0
88,48,78.5,28.5,744.0
88,49,78.75,28.5,744.0
88,50,79.0,28.5,742.0
88,51,79.25,28.5,694.0
88,52,79.5,28.5,694.0
88,53,79.75,28.5,694.0
88,54,80.0,28.5,738.0
88,55,80.25,28.5,738.0
88,56,80.5,28.5,725.0
88,57,80.75,28.5,725.0
88,108,93.5,28.5,53.0
88,109,93.75,28.5,53.0
88,110,94.0,28.5,53.0
88,111,94.25,28.5,48.0
88,112,94.5,28.5,48.0
88,113,94.75,28.5,49.0
88,114,95.0,28.5,49.0
88,115,95.25,28.5,52.0
88,116,95.5,28.5,42.0
88,117,95.75,28.5,32.0
88,118,96.0,28.5,32.0
88,119,96.25,28.5,32.0
89,24,72.5,28.75,555.0
89,25,72.75,28.75,555.0
89,26,73.0,28.75,547.0
89,27,73.25,28.75,555.0
89,28,73.5,28.75,555.0
89,29,73.75,28.75,555.0
89,30,74.0,28.75,555.0
89,31,74.25,28.75,558.0
89,32,74.5,28.75,558.0
89,33,74.75,28.75,558.0
89,34,75.0,28.75,558.0
89,35,75.25,28.75,558.0
89,36,75.5,28.75,558.0
89,37,75.75,28.75,215.0
89,38,76.0,28.75,215.0
89,39,76.25,28.75,215.0
89,40,76.5,28.75,232.0
89,41,76.75,28.75,221.0
89,42,77.0,28.75,172.0
89,43,77.25,28.75,171.0
89,44,77.5,28.75,709.0
89,45,77.75,28.75,714.0
89,46,78.0,28.75,714.0
89,47,78.25,28.75,684.0
89,48,78.5,28.75,744.0
89,49,78.75,28.75,736.0
89,50,79.0,28.75,742.0
89,51,79.25,28.75,742.0
89,52,79.5,28.75,694.0
89,53,79.75,28.75,738.0
89,54,80.0,28.75,766.0
89,55,80.25,28.75,738.0
89,110,94.0,28.75,48.0
89,111,94.25,28.75,48.0
89,112,94.5,28.75,49.0
89,113,94.75,28.75,52.0
89,114,95.0,28.75,52.0
89,115,95.25,28.75,52.0
89,116,95.5,28.75,32.0
89,117,95.75,28.75,32.0
89,118,96.0,28.75,32.0
89,119,96.25,28.75,32.0
89,120,96.5,28.75,32.0
90,26,73.0,29.0,547.0
90,27,73.25,29.0,547.0
90,28,73.5,29.0,555.0
90,29,73.75,29.0,555.0
90,30,74.0,29.0,565.0
90,31,74.25,29.0,567.0
90,32,74.5,29.0,567.0
90,33,74.75,29.0,567.0
90,34,75.0,29.0,567.0
90,35,75.25,29.0,567.0
90,36,75.5,29.0,567.0
90,37,75.75,29.0,220.0
90,38,76.0,29.0,215.0
90,39,76.25,29.0,232.0
90,40,76.5,29.0,232.0
90,41,76.75,29.0,234.0
90,42,77.0,29.0,234.0
90,43,77.25,29.0,688.0
90,44,77.5,29.0,734.0
90,45,77.75,29.0,734.0
90,46,78.0,29.0,734.0
90,47,78.25,29.0,684.0
90,48,78.5,29.0,684.0
90,49,78.75,29.0,736.0
90,50,79.0,29.0,742.0
90,51,79.25,29.0,742.0
90,52,79.5,29.0,766.0
90,53,79.75,29.0,766.0
90,54,80.0,29.0,766.0
90,111,94.25,29.0,48.0
90,112,94.5,29.0,52.0
90,113,94.75,29.0,52.0
90,114,95.0,29.0,52.0
90,115,95.25,29.0,32.0
90,116,95.5,29.0,32.0
90,117,95.75,29.0,32.0
90,118,96.0,29.0,32.0
91,27,73.25,29.25,547.0
91,28,73.5,29.25,547.0
91,29,73.75,29.25,565.0
91,30,74.0,29.25,565.0
91,31,74.25,29.25,567.0
91,32,74.5,29.25,567.0
91,33,74.75,29.25,567.0
91,34,75.0,29.25,567.0
91,35,75.25,29.25,567.0
91,36,75.5,29.25,220.0
91,37,75.75,29.25,220.0
91,38,76.0,29.25,220.0
91,39,76.25,29.25,222.0
91,40,76.5,29.25,222.0
91,41,76.75,29.25,234.0
91,42,77.0,29.25,230.0
91,43,77.25,29.25,688.0
91,44,77.5,29.25,737.0
91,45,77.75,29.25,737.0
91,46,78.0,29.25,734.0
91,47,78.25,29.25,697.0
91,48,78.5,29.25,697.0
91,49,78.75,29.25,736.0
91,50,79.0,29.25,766.0
91,51,79.25,29.25,761.0
91,52,79.5,29.25,761.0
91,53,79.75,29.25,761.0
91,54,80.0,29.25,758.0
91,55,80.25,29.25,758.0
91,113,94.75,29.25,52.0
91,117,95.75,29.25,32.0
91,118,96.0,29.25,32.0
92,27,73.25,29.5,547.0
92,28,73.5,29.5,547.0
92,29,73.75,29.5,565.0
92,30,74.0,29.5,567.0
92,31,74.25,29.5,567.0
92,32,74.5,29.5,567.0
92,33,74.75,29.5,233.0
92,34,75.0,29.5,233.0
92,35,75.25,29.5,233.0
92,36,75.5,29.5,218.0
92,37,75.75,29.5,218.0
92,38,76.0,29.5,222.0
92,39,76.25,29.5,222.0
92,40,76.5,29.5,222.0
92,41,76.75,29.5,224.0
92,42,77.0,29.5,224.0
92,43,77.25,29.5,747.0
92,44,77.5,29.5,737.0
92,45,77.75,29.5,737.0
92,46,78.0,29.5,697.0
92,47,78.25,29.5,697.0
92,48,78.5,29.5,697.0
92,49,78.75,29.5,762.0
92,50,79.0,29.5,761.0
92,51,79.25,29.5,761.0
92,52,79.5,29.5,755.0
92,53,79.75,29.5,755.0
92,54,80.0,29.5,755.0
92,55,80.25,29.5,763.0
93,28,73.5,29.75,565.0
93,29,73.75,29.75,565.0
93,30,74.0,29.75,565.0
93,31,74.25,29.75,567.0
93,32,74.5,29.75,233.0
93,33,74.75,29.75,233.0
93,34,75.0,29.75,233.0
93,35,75.25,29.75,535.0
93,36,75.5,29.75,218.0
93,37,75.75,29.75,218.0
93,38,76.0,29.75,540.0
93,39,76.25,29.75,223.0
93,40,76.5,29.75,223.0
93,41,76.75,29.75,224.0
93,42,77.0,29.75,224.0
93,43,77.25,29.75,743.0
93,44,77.5,29.75,743.0
93,45,77.75,29.75,743.0
93,46,78.0,29.75,760.0
93,47,78.25,29.75,760.0
93,48,78.5,29.75,762.0
93,49,78.75,29.75,762.0
93,50,79.0,29.75,762.0
93,51,79.25,29.75,755.0
93,52,79.5,29.75,755.0
93,53,79.75,29.75,756.0
93,54,80.0,29.75,763.0
93,55,80.25,29.75,763.0
94,29,73.75,30.0,565.0
94,30,74.0,30.0,527.0
94,31,74.25,30.0,527.0
94,32,74.5,30.0,543.0
94,33,74.75,30.0,524.0
94,34,75.0,30.0,524.0
94,35,75.25,30.0,524.0
94,36,75.5,30.0,535.0
94,37,75.75,30.0,540.0
94,38,76.0,30.0,540.0
94,39,76.25,30.0,223.0
94,40,76.5,30.0,225.0
94,41,76.75,30.0,225.0
94,42,77.0,30.0,225.0
94,43,77.25,30.0,235.0
94,44,77.5,30.0,743.0
94,45,77.75,30.0,743.0
94,46,78.0,30.0,760.0
94,47,78.25,30.0,762.0
94,48,78.5,30.0,762.0
94,49,78.75,30.0,762.0
94,50,79.0,30.0,762.0
94,51,79.25,30.0,757.0
94,52,79.5,30.0,756.0
94,53,79.75,30.0,756.0
94,54,80.0,30.0,756.0
94,55,80.25,30.0,763.0
94,56,80.5,30.0,763.0
95,30,74.0,30.25,527.0
95,31,74.25,30.25,527.0
95,32,74.5,30.25,543.0
95,33,74.75,30.25,524.0
95,34,75.0,30.25,524.0
95,35,75.25,30.25,524.0
95,36,75.5,30.25,523.0
95,37,75.75,30.25,540.0
95,38,76.0,30.25,540.0
95,39,76.25,30.25,538.0
95,40,76.5,30.25,538.0
95,41,76.75,30.25,214.0
95,42,77.0,30.25,214.0
95,43,77.25,30.25,235.0
95,44,77.5,30.25,235.0
95,45,77.75,30.25,743.0
95,46,78.0,30.25,759.0
95,47,78.25,30.25,759.0
95,48,78.5,30.25,765.0
95,49,78.75,30.25,765.0
95,50,79.0,30.25,764.0
95,51,79.25,30.25,757.0
95,52,79.5,30.25,757.0
95,53,79.75,30.25,757.0
95,54,80.0,30.25,756.0
95,55,80.25,30.25,763.0
95,56,80.5,30.25,763.0
95,57,80.75,30.25,763.0
95,58,81.0,30.25,763.0
96,30,74.0,30.5,527.0
96,31,74.25,30.5,527.0
96,32,74.5,30.5,543.0
96,33,74.75,30.5,525.0
96,34,75.0,30.5,536.0
96,35,75.25,30.5,524.0
96,36,75.5,30.5,523.0
96,37,75.75,30.5,540.0
96,38,76.0,30.5,534.0
96,39,76.25,30.5,538.0
96,40,76.5,30.5,538.0
96,41,76.75,30.5,538.0
96,42,77.0,30.5,229.0
96,43,77.25,30.5,245.0
96,44,77.5,30.5,245.0
96,45,77.75,30.5,245.0
96,46,78.0,30.5,765.0
96,47,78.25,30.5,765.0
96,48,78.5,30.5,765.0
96,49,78.75,30.5,765.0
96,50,79.0,30.5,764.0
96,51,79.25,30.5,757.0
96,52,79.5,30.5,757.0
96,53,79.75,30.5,757.0
96,54,80.0,30.5,757.0
96,55,80.25,30.5,763.0
97,32,74.5,30.75,525.0
97,33,74.75,30.75,525.0
97,34,75.0,30.75,536.0
97,35,75.25,30.75,536.0
97,36,75.5,30.75,533.0
97,37,75.75,30.75,533.0
97,38,76.0,30.75,533.0
97,39,76.25,30.75,533.0
97,40,76.5,30.75,539.0
97,41,76.75,30.75,129.0
97,42,77.0,30.75,229.0
97,43,77.25,30.75,245.0
97,44,77.5,30.75,245.0
97,45,77.75,30.75,759.0
97,46,78.0,30.75,759.0
97,47,78.25,30.75,767.0
97,48,78.5,30.75,767.0
97,49,78.75,30.75,767.0
97,50,79.0,30.75,765.0
97,51,79.25,30.75,767.0
97,52,79.5,30.75,757.0
97,53,79.75,30.75,757.0
97,54,80.0,30.75,757.0
98,33,74.75,31.0,528.0
98,34,75.0,31.0,528.0
98,35,75.25,31.0,536.0
98,36,75.5,31.0,531.0
98,37,75.75,31.0,533.0
98,38,76.0,31.0,533.0
98,39,76.25,31.0,533.0
98,40,76.5,31.0,542.0
98,41,76.75,31.0,246.0
98,42,77.0,31.0,246.0
98,43,77.25,31.0,244.0
98,44,77.5,31.0,244.0
98,45,77.75,31.0,244.0
98,46,78.0,31.0,767.0
98,47,78.25,31.0,767.0
98,48,78.5,31.0,767.0
98,49,78.75,31.0,767.0
98,50,79.0,31.0,767.0
98,51,79.25,31.0,767.0
98,52,79.5,31.0,757.0
98,53,79.75,31.0,757.0
99,33,74.75,31.25,544.0
99,34,75.0,31.25,544.0
99,35,75.25,31.25,532.0
99,36,75.5,31.25,531.0
99,38,76.0,31.25,530.0
99,39,76.25,31.25,530.0
99,40,76.5,31.25,539.0
99,41,76.75,31.25,236.0
99,42,77.0,31.25,246.0
99,43,77.25,31.25,244.0
99,44,77.5,31.25,244.0
99,45,77.75,31.25,244.0
99,46,78.0,31.25,244.0
99,47,78.25,31.25,244.0
99,48,78.5,31.25,240.0
99,49,78.75,31.25,240.0
99,50,79.0,31.25,767.0
99,51,79.25,31.25,767.0
100,33,74.75,31.5,544.0
100,34,75.0,31.5,544.0
100,35,75.25,31.5,544.0
100,36,75.5,31.5,532.0
100,37,75.75,31.5,530.0
100,38,76.0,31.5,530.0
100,39,76.25,31.5,247.0
100,40,76.5,31.5,238.0
100,41,76.75,31.5,236.0
100,42,77.0,31.5,243.0
100,43,77.25,31.5,243.0
100,44,77.5,31.5,241.0
100,45,77.75,31.5,244.0
100,46,78.0,31.5,240.0
100,47,78.25,31.5,240.0
100,48,78.5,31.5,240.0
101,33,74.75,31.75,522.0
101,34,75.0,31.75,522.0
101,35,75.25,31.75,529.0
101,36,75.5,31.75,529.0
101,37,75.75,31.75,530.0
101,38,76.0,31.75,247.0
101,39,76.25,31.75,239.0
101,40,76.5,31.75,238.0
101,41,76.75,31.75,243.0
101,42,77.0,31.75,243.0
101,43,77.25,31.75,241.0
101,44,77.5,31.75,241.0
101,45,77.75,31.75,241.0
101,46,78.0,31.75,240.0
101,47,78.25,31.75,240.0
101,48,78.5,31.75,240.0
102,34,75.0,32.0,529.0
102,35,75.25,32.0,529.0
102,36,75.5,32.0,529.0
102,37,75.75,32.0,530.0
102,38,76.0,32.0,239.0
102,39,76.25,32.0,239.0
102,40,76.5,32.0,239.0
102,41,76.75,32.0,243.0
102,42,77.0,32.0,241.0
102,43,77.25,32.0,241.0
102,44,77.5,32.0,241.0
102,45,77.75,32.0,241.0
102,46,78.0,32.0,242.0
102,47,78.25,32.0,242.0
102,48,78.5,32.0,240.0
102,49,78.75,32.0,240.0
103,36,75.5,32.25,537.0
103,37,75.75,32.25,239.0
103,38,76.0,32.25,239.0
103,39,76.25,32.25,239.0
103,40,76.5,32.25,237.0
103,41,76.75,32.25,237.0
103,42,77.0,32.25,239.0
103,43,77.25,32.25,241.0
103,44,77.5,32.25,242.0
103,45,77.75,32.25,242.0
103,46,78.0,32.25,242.0
103,47,78.25,32.25,242.0
103,48,78.5,32.25,242.0
104,33,74.75,32.5,254.0
104,34,75.0,32.5,266.0
104,35,75.25,32.5,255.0
104,36,75.5,32.5,255.0
104,37,75.75,32.5,255.0
104,38,76.0,32.5,237.0
104,39,76.25,32.5,237.0
104,40,76.5,32.5,237.0
104,41,76.75,32.5,237.0
104,42,77.0,32.5,242.0
104,43,77.25,32.5,242.0
104,44,77.5,32.5,242.0
104,45,77.75,32.5,242.0
104,46,78.0,32.5,242.0
104,47,78.25,32.5,242.0
104,50,79.0,32.5,340.0
105,33,74.75,32.75,254.0
105,34,75.0,32.75,254.0
105,35,75.25,32.75,269.0
105,36,75.5,32.75,255.0
105,37,75.75,32.75,255.0
105,38,76.0,32.75,237.0
105,39,76.25,32.75,237.0
105,40,76.5,32.75,242.0
105,41,76.75,32.75,242.0
105,42,77.0,32.75,242.0
105,43,77.25,32.75,242.0
105,44,77.5,32.75,242.0
105,45,77.75,32.75,242.0
105,46,78.0,32.75,340.0
105,47,78.25,32.75,340.0
105,48,78.5,32.75,340.0
105,49,78.75,32.75,340.0
105,50,79.0,32.75,340.0
105,51,79.25,32.75,340.0
105,52,79.5,32.75,340.0
106,30,74.0,33.0,259.0
106,31,74.25,33.0,259.0
106,32,74.5,33.0,254.0
106,33,74.75,33.0,254.0
106,34,75.0,33.0,269.0
106,35,75.25,33.0,269.0
106,36,75.5,33.0,252.0
106,37,75.75,33.0,252.0
106,38,76.0,33.0,252.0
106,39,76.25,33.0,237.0
106,40,76.5,33.0,237.0
106,41,76.75,33.0,237.0
106,42,77.0,33.0,339.0
106,43,77.25,33.0,339.0
106,44,77.5,33.0,340.0
106,45,77.75,33.0,340.0
106,46,78.0,33.0,340.0
106,47,78.25,33.0,340.0
106,48,78.5,33.0,340.0
106,49,78.75,33.0,340.0
106,50,79.0,33.0,340.0
106,51,79.25,33.0,340.0
107,29,73.75,33.25,259.0
107,30,74.0,33.25,259.0
107,31,74.25,33.25,263.0
107,32,74.5,33.25,263.0
107,33,74.75,33.25,265.0
107,34,75.0,33.25,264.0
107,35,75.25,33.25,264.0
107,36,75.5,33.25,252.0
107,37,75.75,33.25,256.0
107,38,76.0,33.25,256.0
107,39,76.25,33.25,256.0
107,40,76.5,33.25,256.0
107,41,76.75,33.25,256.0
107,42,77.0,33.25,339.0
107,43,77.25,33.25,339.0
107,44,77.5,33.25,340.0
107,45,77.75,33.25,340.0
107,46,78.0,33.25,340.0
107,47,78.25,33.25,340.0
107,48,78.5,33.25,340.0
107,49,78.75,33.25,340.0
107,50,79.0,33.25,340.0
107,51,79.25,33.25,340.0
108,29,73.75,33.5,259.0
108,30,74.0,33.5,259.0
108,31,74.25,33.5,263.0
108,32,74.5,33.5,263.0
108,33,74.75,33.5,257.0
108,34,75.0,33.5,265.0
108,35,75.25,33.5,248.0
108,36,75.5,33.5,256.0
108,37,75.75,33.5,256.0
108,38,76.0,33.5,256.0
108,39,76.25,33.5,256.0
108,40,76.5,33.5,256.0
108,41,76.75,33.5,339.0
108,42,77.0,33.5,339.0
108,43,77.25,33.5,339.0
108,44,77.5,33.5,340.0
108,45,77.75,33.5,340.0
108,46,78.0,33.5,340.0
108,47,78.25,33.5,340.0
108,48,78.5,33.5,340.0
108,49,78.75,33.5,340.0
109,29,73.75,33.75,262.0
109,30,74.0,33.75,262.0
109,31,74.25,33.75,262.0
109,32,74.5,33.75,249.0
109,33,74.75,33.75,267.0
109,34,75.0,33.75,257.0
109,35,75.25,33.75,248.0
109,36,75.5,33.75,256.0
109,37,75.75,33.75,256.0
109,38,76.0,33.75,256.0
109,39,76.25,33.75,256.0
109,40,76.5,33.75,339.0
109,41,76.75,33.75,339.0
109,42,77.0,33.75,340.0
109,43,77.25,33.75,340.0
109,44,77.5,33.75,340.0
109,45,77.75,33.75,340.0
109,46,78.0,33.75,340.0
109,47,78.25,33.75,340.0
109,48,78.5,33.75,340.0
109,49,78.75,33.75,340.0
109,50,79.0,33.75,340.0
110,29,73.75,34.0,262.0
110,30,74.0,34.0,260.0
110,31,74.25,34.0,262.0
110,32,74.5,34.0,249.0
110,33,74.75,34.0,249.0
110,34,75.0,34.0,261.0
110,35,75.25,34.0,248.0
110,36,75.5,34.0,256.0
110,37,75.75,34.0,256.0
110,38,76.0,34.0,339.0
110,39,76.25,34.0,339.0
110,40,76.5,34.0,339.0
110,41,76.75,34.0,340.0
110,42,77.0,34.0,340.0
110,43,77.25,34.0,340.0
110,44,77.5,34.0,340.0
110,45,77.75,34.0,340.0
110,46,78.0,34.0,340.0
110,47,78.25,34.0,340.0
110,48,78.5,34.0,340.0
110,49,78.75,34.0,340.0
111,28,73.5,34.25,260.0
111,29,73.75,34.25,260.0
111,30,74.0,34.25,251.0
111,31,74.25,34.25,251.0
111,32,74.5,34.25,251.0
111,33,74.75,34.25,253.0
111,34,75.0,34.25,253.0
111,35,75.25,34.25,253.0
111,36,75.5,34.25,339.0
111,37,75.75,34.25,339.0
111,38,76.0,34.25,339.0
111,39,76.25,34.25,339.0
111,40,76.5,34.25,339.0
111,41,76.75,34.25,340.0
111,42,77.0,34.25,340.0
111,43,77.25,34.25,340.0
111,44,77.5,34.25,340.0
111,45,77.75,34.25,340.0
111,46,78.0,34.25,340.0
111,47,78.25,34.25,340.0
111,48,78.5,34.25,340.0
111,49,78.75,34.25,340.0
111,50,79.0,34.25,340.0
111,51,79.25,34.25,340.0
111,52,79.5,34.25,340.0
112,28,73.5,34.5,260.0
112,29,73.75,34.5,260.0
112,30,74.0,34.5,258.0
112,31,74.25,34.5,258.0
112,32,74.5,34.5,258.0
112,33,74.75,34.5,250.0
112,34,75.0,34.5,250.0
112,35,75.25,34.5,250.0
112,36,75.5,34.5,340.0
112,37,75.75,34.5,339.0
112,38,76.0,34.5,339.0
112,39,76.25,34.5,339.0
112,40,76.5,34.5,339.0
112,41,76.75,34.5,340.0
112,42,77.0,34.5,340.0
112,43,77.25,34.5,340.0
112,44,77.5,34.5,340.0
112,45,77.75,34.5,340.0
112,46,78.0,34.5,340.0
112,47,78.25,34.5,340.0
112,48,78.5,34.5,340.0
112,49,78.75,34.5,340.0
112,50,79.0,34.5,340.0
112,51,79.25,34.5,340.0
112,52,79.5,34.5,340.0
112,53,79.75,34.5,340.0
113,29,73.75,34.75,260.0
113,30,74.0,34.75,260.0
113,31,74.25,34.75,260.0
113,32,74.5,34.75,258.0
113,33,74.75,34.75,250.0
113,34,75.0,34.75,250.0
113,35,75.25,34.75,250.0
113,36,75.5,34.75,340.0
113,37,75.75,34.75,340.0
113,38,76.0,34.75,340.0
113,39,76.25,34.75,340.0
113,40,76.5,34.75,340.0
113,41,76.75,34.75,340.0
113,42,77.0,34.75,340.0
113,43,77.25,34.75,340.0
113,44,77.5,34.75,340.0
113,45,77.75,34.75,340.0
113,46,78.0,34.75,340.0
113,47,78.25,34.75,340.0
113,48,78.5,34.75,340.0
113,49,78.75,34.75,340.0
113,50,79.0,34.75,340.0
113,51,79.25,34.75,340.0
113,52,79.5,34.75,340.0
113,53,79.75,34.75,340.0
113,54,80.0,34.75,340.0
114,31,74.25,35.0,260.0
114,32,74.5,35.0,260.0
114,33,74.75,35.0,340.0
114,34,75.0,35.0,340.0
114,35,75.25,35.0,340.0
114,36,75.5,35.0,340.0
114,37,75.75,35.0,340.0
114,38,76.0,35.0,340.0
114,39,76.25,35.0,340.0
114,40,76.5,35.0,340.0
114,41,76.75,35.0,340.0
114,42,77.0,35.0,340.0
114,43,77.25,35.0,340.0
114,44,77.5,35.0,340.0
114,45,77.75,35.0,340.0
114,46,78.0,35.0,340.0
114,47,78.25,35.0,340.0
114,48,78.5,35.0,340.0
114,49,78.75,35.0,340.0
114,50,79.0,35.0,340.0
114,51,79.25,35.0,340.0
114,52,79.5,35.0,340.0
114,53,79.75,35.0,340.0
114,54,80.0,35.0,340.0
115,29,73.75,35.25,340.0
115,30,74.0,35.25,340.0
115,31,74.25,35.25,340.0
115,32,74.5,35.25,340.0
115,33,74.75,35.25,340.0
115,34,75.0,35.25,340.0
115,35,75.25,35.25,340.0
115,36,75.5,35.25,340.0
115,37,75.75,35.25,340.0
115,38,76.0,35.25,340.0
115,39,76.25,35.25,340.0
115,40,76.5,35.25,340.0
115,41,76.75,35.25,340.0
115,42,77.0,35.25,340.0
115,43,77.25,35.25,340.0
115,44,77.5,35.25,340.0
115,45,77.75,35.25,340.0
115,46,78.0,35.25,340.0
115,47,78.25,35.25,340.0
115,48,78.5,35.25,340.0
115,49,78.75,35.25,340.0
115,50,79.0,35.25,340.0
115,51,79.25,35.25,340.0
115,52,79.5,35.25,340.0
115,53,79.75,35.25,340.0
115,54,80.0,35.25,340.0
115,55,80.25,35.25,340.0
116,30,74.0,35.5,340.0
116,31,74.25,35.5,340.0
116,32,74.5,35.5,340.0
116,33,74.75,35.5,340.0
116,34,75.0,35.5,340.0
116,35,75.25,35.5,340.0
116,36,75.5,35.5,340.0
116,37,75.75,35.5,340.0
116,38,76.0,35.5,340.0
116,39,76.25,35.5,340.0
116,40,76.5,35.5,340.0
116,41,76.75,35.5,340.0
116,42,77.0,35.5,340.0
116,43,77.25,35.5,340.0
116,45,77.75,35.5,340.0
116,46,78.0,35.5,340.0
116,47,78.25,35.5,340.0
116,48,78.5,35.5,340.0
116,49,78.75,35.5,340.0
116,50,79.0,35.5,340.0
116,51,79.25,35.5,340.0
116,52,79.5,35.5,340.0
116,53,79.75,35.5,340.0
116,54,80.0,35.5,340.0
116,55,80.25,35.5,340.0
117,27,73.25,35.75,340.0
117,28,73.5,35.75,340.0
117,29,73.75,35.75,340.0
117,30,74.0,35.75,340.0
117,31,74.25,35.75,340.0
117,32,74.5,35.75,340.0
117,33,74.75,35.75,340.0
117,34,75.0,35.75,340.0
117,35,75.25,35.75,340.0
117,36,75.5,35.75,340.0
117,37,75.75,35.75,340.0
117,38,76.0,35.75,340.0
117,39,76.25,35.75,340.0
117,40,76.5,35.75,340.0
117,41,76.75,35.75,340.0
117,42,77.0,35.75,340.0
117,48,78.5,35.75,340.0
117,49,78.75,35.75,340.0
117,50,79.0,35.75,340.0
117,51,79.25,35.75,340.0
117,52,79.5,35.75,340.0
117,53,79.75,35.75,340.0
117,54,80.0,35.75,340.0
118,25,72.75,36.0,340.0
118,26,73.0,36.0,340.0
118,27,73.25,36.0,340.0
118,28,73.5,36.0,340.0
118,29,73.75,36.0,340.0
118,30,74.0,36.0,340.0
118,31,74.25,36.0,340.0
118,32,74.5,36.0,340.0
118,33,74.75,36.0,340.0
118,34,75.0,36.0,340.0
118,35,75.25,36.0,340.0
118,36,75.5,36.0,340.0
118,37,75.75,36.0,340.0
118,38,76.0,36.0,340.0
118,39,76.25,36.0,340.0
118,40,76.5,36.0,340.0
118,41,76.75,36.0,340.0
119,25,72.75,36.25,340.0
119,26,73.0,36.25,340.0
119,27,73.25,36.25,340.0
119,28,73.5,36.25,340.0
119,29,73.75,36.25,340.0
119,30,74.0,36.25,340.0
119,31,74.25,36.25,340.0
119,32,74.5,36.25,340.0
119,33,74.75,36.25,340.0
119,34,75.0,36.25,340.0
119,35,75.25,36.25,340.0
119,36,75.5,36.25,340.0
119,37,75.75,36.25,340.0
119,38,76.0,36.25,340.0
119,39,76.25,36.25,340.0
120,26,73.0,36.5,340.0
120,27,73.25,36.5,340.0
120,28,73.5,36.5,340.0
120,29,73.75,36.5,340.0
120,30,74.0,36.5,340.0
120,31,74.25,36.5,340.0
120,32,74.5,36.5,340.0
120,33,74.75,36.5,340.0
120,34,75.0,36.5,340.0
120,35,75.25,36.5,340.0
120,36,75.5,36.5,340.0
120,37,75.75,36.5,340.0
121,30,74.0,36.75,340.0
121,31,74.25,36.75,340.0
121,32,74.5,36.75,340.0
121,33,74.75,36.75,340.0
121,34,75.0,36.75,340.0
121,35,75.25,36.75,340.0
121,36,75.5,36.75,340.0
122,33,74.75,37.0,340.0
122,35,75.25,37.0,340.0
84,109,93.75,27.5,44.0
79,102,92.0,26.25,74.0
77,94,90.0,25.75,86.0
56,25,72.75,20.5,164.0
57,18,71.0,20.75,165.0
89,43,77.25,28.75,166.0
88,43,77.25,28.5,167.0
89,43,77.25,28.75,168.0
88,43,77.25,28.5,169.0
89,42,77.0,28.75,170.0
89,43,77.25,28.75,173.0
88,43,77.25,28.5,174.0
88,42,77.0,28.5,176.0
89,42,77.0,28.75,177.0
64,14,70.0,22.5,213.0
87,43,77.25,28.25,217.0
110,33,74.75,34.0,268.0
17,29,73.75,10.75,341.0
50,25,72.75,19.0,414.0
51,26,73.0,19.25,415.0
73,109,93.75,24.75,437.0
73,107,93.25,24.75,438.0
72,110,94.0,24.5,447.0
78,109,93.75,26.0,473.0
78,110,94.0,26.0,479.0
78,113,94.75,26.0,483.0
21,36,75.5,11.75,519.0
41,63,82.25,16.75,521.0
97,40,76.5,30.75,526.0
97,41,76.75,30.75,541.0
83,89,88.75,27.25,595.0
84,87,88.25,27.5,596.0
44,48,78.5,17.5,642.0
64,87,88.25,22.5,779.0
